{"type":"FeatureCollection","features":[{"type":"Feature","properties":{"NAME":"Atakapa","ABBREVN":"Atakapa","wikipedia":null,"SUBJECTO":"Atakapa","BORDERPRECISION":1,"PARTOF":"Atakapa","polity_id":"ottoman_classical:atakapa","name":"Atakapa","ISO_A3":"ATAKAPA","ADM0_A3":"ATAKAPA","ADMIN":"Atakapa","fill_colour":"#8f36d3","border_precision":1},"geometry":{"type":"MultiPolygon","coordinates":[[[[-95.468153931033,31.216012334437504],[-95.12818202595109,31.009737245960842],[-94.70753882135823,30.754515526320215],[-93.46833442919147,30.600683256947796],[-93.12648494169717,30.498128410699504],[-92.45987844108333,30.583590782573072],[-91.98128915859135,30.233195057891454],[-92.0171061297012,29.824881587239233],[-92.22781082669141,29.80209120364551],[-91.97832962551954,29.625356279329104],[-92.11670395413282,29.541635118440432],[-92.45743471298215,29.565612806411934],[-92.64325424710157,29.57868918033008],[-93.0421876577461,29.692298494294924],[-93.44552322903516,29.76776846499805],[-94.06056996749841,29.699064750217232],[-94.1415300039375,29.690021120027346],[-94.42584702053907,29.54268606753711],[-94.60208603421094,29.54916914554004],[-94.79687210598829,29.563354097322268],[-94.85739609280469,29.783898912385744],[-95.0070314077461,29.758161149934573],[-95.05766006985547,29.675384126619143],[-94.84457870999219,29.346345506624026],[-95.17430086121617,29.105621625434086],[-95.26268951110048,29.36194871009861],[-95.5381592408435,29.473625627561997],[-95.82107409841741,29.644863567672523],[-95.77581846977785,30.002446653832813],[-95.97238192508706,30.839977898193798],[-96.21167656633305,31.16473491131336],[-95.468153931033,31.216012334437504]]]]}},{"type":"Feature","properties":{"NAME":"Cuba (Spain)","ABBREVN":"Cuba","wikipedia":null,"SUBJECTO":"Cuba (Spain)","BORDERPRECISION":1,"PARTOF":"Cuba (Spain)","polity_id":"ottoman_classical:cuba_spain","name":"Cuba (Spain)","ISO_A3":"CUBASPAIN","ADM0_A3":"CUBASPAIN","ADMIN":"Cuba (Spain)","fill_colour":"#267e3a","border_precision":1},"geometry":{"type":"MultiPolygon","coordinates":[[[[-82.17722794094922,22.365911088899416],[-82.04057022610547,22.38526877017383],[-81.66258713284375,22.506841264680666],[-81.73938461819532,22.621106706575198],[-81.87978073635938,22.67165144534473],[-82.0456056264961,22.69673880191211],[-82.33874985257032,22.68975218387012],[-82.56240555325391,22.70836027713184],[-82.85274216214063,22.637816987947268],[-83.38968369046094,22.223493181184573],[-83.55666824856641,22.210414491609377],[-83.85055252591016,22.209794603303713],[-83.94530197659375,22.15874060244922],[-84.03049942532422,21.955144487336916],[-84.20862289944532,21.827642045930666],[-84.35245987454297,21.80826147647266],[-84.70640274563672,21.769591890291018],[-84.58989426175,21.91581305117969],[-84.37717911282422,22.056123338655276],[-84.43468948880079,22.322982393220705],[-84.30804153958204,22.494884096101565],[-84.25643631497266,22.539485536531252],[-83.69038864651563,22.81403311343555],[-82.95926376858594,23.025355897859377],[-82.43556686917188,23.06459578128223],[-82.05677506008985,23.135327897981448],[-81.68569656887891,23.117036424592776],[-81.43114944973829,23.136655412629885],[-81.10255905667188,23.061061464265627],[-80.72121902981641,23.02372892947559],[-80.44970413723829,22.935313783601565],[-80.19896408596875,22.884994111970705],[-79.98462387600782,22.879092775300784],[-79.75995346585157,22.75878294558887],[-79.50222488919141,22.517778001741213],[-79.33041855374219,22.403718553499026],[-79.06898972073438,22.32799109073047],[-78.72328659573438,22.27787359805469],[-78.17056747952344,22.120128236726565],[-77.71176620999219,21.898629747346682],[-77.50780197659375,21.759212099031252],[-77.33981796780469,21.51166494937305],[-77.19125839749219,21.44841345401172],[-76.97576614895704,21.429809175447268],[-76.20890518704297,21.196246705964846],[-75.7509050039375,21.12094458194141],[-75.60392471829297,21.013194642976565],[-75.75852676907422,20.752248369172854],[-75.65366074124219,20.682548128083987],[-75.40194412747266,20.664010606721682],[-75.06188675442579,20.69652136416797],[-74.8390626577461,20.620719514802737],[-74.61082932034375,20.44957312198047],[-74.34484573880079,20.32301291079883],[-74.1733903555,20.189893327668948],[-74.27815720120313,20.15153845401172],[-74.71963974514844,20.11245497317676],[-75.2372331289375,19.933379732087893],[-75.51905533352735,19.907353959993166],[-75.9933595327461,20.001693330720705],[-76.39845749417188,20.019895158723635],[-76.81869217434766,19.936366640046877],[-77.24315353909375,19.884612642244143],[-77.46084305325391,19.87143477054004],[-77.66295334378125,19.902789674714846],[-77.5041017202461,20.07475432010059],[-77.17660995999219,20.355134569124026],[-77.09872910061719,20.533275209382815],[-77.20989700833204,20.647460542634768],[-77.29118057766797,20.70449598880176],[-77.57123276272657,20.767461381868166],[-77.88634201565625,20.766793809846682],[-78.15738388577344,20.81706579776172],[-78.45036026516797,20.969003282502932],[-78.51363083401563,21.30576666446094],[-78.62955185452344,21.547069154695315],[-78.72787949124219,21.61678846927051],[-78.90588852444532,21.629113756135744],[-79.35811325589063,21.609088502839846],[-79.7345475820625,21.671853624299807],[-80.01402756253125,21.77296408267383],[-80.4441651968086,21.994531236604494],[-80.77649399319532,22.101897798494143],[-81.0531739858711,22.133088670686526],[-81.5723390249336,22.16377218814258],[-81.7923097280586,22.207803331331057],[-82.17722794094922,22.365911088899416]]]]}},{"type":"Feature","properties":{"NAME":"Hispaniola (Spain)","ABBREVN":"Hispaniola (Spain)","wikipedia":null,"SUBJECTO":"Hispaniola (Spain)","BORDERPRECISION":1,"PARTOF":"Hispaniola (Spain)","polity_id":"ottoman_classical:hispaniola_spain","name":"Hispaniola (Spain)","ISO_A3":"HISPANIOLASP","ADM0_A3":"HISPANIOLASP","ADMIN":"Hispaniola (Spain)","fill_colour":"#316381","border_precision":1},"geometry":{"type":"MultiPolygon","coordinates":[[[[-77.42530533352735,17.831100069001955],[-77.73733994046094,17.932134233430666],[-77.84049698391797,18.05268820376758],[-78.05180832425,18.217500291780276],[-78.26112839260938,18.25519522281055],[-78.32486435452344,18.35040434451465],[-78.08641525784375,18.478032670930666],[-77.76949783841016,18.510497652009768],[-77.15585037747266,18.39738615603809],[-76.71915909329297,18.239417634919924],[-76.42635056057813,18.1192642077959],[-76.30068680325391,17.99240645022754],[-76.31858536282422,17.90338858218555],[-76.46769424954297,17.871293626741213],[-76.80554672757032,18.004052720979494],[-77.05025955716016,17.978101335481448],[-77.15228745022657,17.86346586795215],[-77.29082962551954,17.805966936067385],[-77.42530533352735,17.831100069001955]]],[[[-67.15195175686719,17.986524187043948],[-67.18456741848829,18.08180197329883],[-67.16167923489454,18.329742036775393],[-67.21057602444532,18.437686525300784],[-67.16099258938672,18.51406057925586],[-67.05517288723829,18.54607542605762],[-66.81060501614454,18.514813981965823],[-66.6288346914375,18.521562181428713],[-65.95150467434766,18.47215612979297],[-65.77500626126172,18.39626082034473],[-65.72408005276563,18.33280523867969],[-65.80848404446485,18.17372664065723],[-65.84002396145704,18.129159532502932],[-65.96735092678907,18.02719458194141],[-66.11842056790235,18.00780638308887],[-66.45086380520704,18.045222841218752],[-66.74635788479688,18.012820802644534],[-66.90559860745313,17.936208330110354],[-67.15195175686719,17.986524187043948]]],[[[-71.37389847317579,19.83353766055469],[-71.22025772610547,19.833875261262698],[-71.04739090481641,19.91051634402637],[-70.88160416165235,19.929931245759768],[-70.81868454495313,19.84108503909473],[-70.73888107815625,19.790402971223635],[-70.28918930569532,19.651521287874026],[-69.99339005032422,19.68393477054004],[-69.89751907864454,19.50615271182422],[-69.746632543,19.353932939485354],[-69.50909134426954,19.20824011416797],[-69.35819717923047,19.170419298127932],[-69.0687760976875,19.075702272371096],[-68.65684982815625,18.8731761798418],[-68.47713181057813,18.714660249666018],[-68.37292954007032,18.57504042239551],[-68.45882889309766,18.498578630403323],[-68.52344986477735,18.36497076602344],[-68.66471573391797,18.199407182649416],[-68.77203842678907,18.243671022371096],[-68.98589798489454,18.510177217439455],[-69.15604874173047,18.528874956086916],[-69.51068588772657,18.502696596101565],[-69.64012619534375,18.546914659456057],[-69.80801865139844,18.546546541169924],[-69.95595261135938,18.501741014436526],[-70.29922195950391,18.259479127839846],[-70.47737595120313,18.284516893342776],[-70.62097641507032,18.506677232698244],[-70.69551559964063,18.519239030793948],[-70.76542374173047,18.493663392976565],[-71.06150528469922,18.346831880525393],[-71.21652695217969,17.99692114444141],[-71.40075394192579,17.704131685212893],[-71.53066727200391,17.754708848909182],[-71.67702957669141,18.002502046541018],[-71.97817703762891,18.262244783357424],[-72.1782960561836,18.287250123933596],[-72.52073380032422,18.222953401521487],[-72.91549393216016,18.228465639070315],[-73.21522995510938,18.291394792512698],[-73.47379013577344,18.31626471133594],[-73.68713852444532,18.27130850406055],[-73.85703751126172,18.11204680056934],[-73.91776749173047,18.130984865144534],[-74.36476608792188,18.377919755891604],[-74.44179245510938,18.52395399661426],[-74.4240007070625,18.612981401399416],[-74.30322739163282,18.695867143586916],[-73.83023544827344,18.652387224153323],[-73.5463151601875,18.60214003177051],[-73.04026505032422,18.52694471927051],[-72.74589249173047,18.508500657991213],[-72.47153946438672,18.591725908235354],[-72.29777237454297,18.66201552005176],[-72.38686844387891,18.73174437137012],[-72.69836136380079,18.940839372590823],[-72.75935837307813,19.07419165225391],[-72.6764650014961,19.39217909427051],[-72.7671632436836,19.525476060823244],[-72.94463821926954,19.595008455232424],[-73.35536667385938,19.657699190095705],[-73.49257370510938,19.75275381656055],[-73.47450729885938,19.835433565095705],[-73.42115494290235,19.873681627229494],[-73.26623245755079,19.918500505403323],[-72.94038864651563,19.944619737581057],[-72.58875748196485,19.88816984744434],[-72.10268875637891,19.755714021638674],[-71.84328934231641,19.730846010164065],[-71.77705856839063,19.771005235627932],[-71.550587621125,19.89672239871387],[-71.37389847317579,19.83353766055469]]]]}},{"type":"Feature","properties":{"NAME":"Madagascar","ABBREVN":"Madagascar","wikipedia":null,"SUBJECTO":"Madagascar","BORDERPRECISION":1,"PARTOF":"Madagascar","polity_id":"ottoman_classical:madagascar","name":"Madagascar","ISO_A3":"MADAGASCAR","ADM0_A3":"MADAGASCAR","ADMIN":"Madagascar","fill_colour":"#38bbcc","border_precision":1},"geometry":{"type":"MultiPolygon","coordinates":[[[[44.67219832858203,-16.23558083920117],[44.91735366305468,-16.203270353361326],[45.196936640349605,-16.03742638973828],[45.277781519499996,-16.04996720699902],[45.43354705294726,-16.094116605802732],[45.55457213839648,-16.055725492521482],[45.73227218112109,-15.890102781339841],[46.142283472624996,-15.825677312895017],[46.28193953951953,-15.952485479398923],[46.41920379122851,-15.939479269071775],[46.46436217745898,-15.856765188261228],[46.387549433318355,-15.691685117765623],[46.73441985568164,-15.449427045866209],[46.92456725558398,-15.360046781583982],[47.06952575167773,-15.461425222440916],[47.24464324435351,-15.365706838651853],[47.1061277719414,-15.143568433805662],[47.19930556735156,-15.016262449308591],[47.426272425261715,-14.825099386259275],[47.52952102145312,-14.958347715421873],[47.63286879977343,-14.983552373930173],[47.88371947726367,-14.71608392147656],[47.8125486703789,-14.627255834623533],[47.69895842990039,-14.443191923185545],[47.74116424044726,-14.309638418241697],[47.8503904672539,-14.315760053678709],[47.97167113741992,-14.283718503996091],[48.04899123629687,-14.131030477567869],[47.91554549655078,-13.737275518461423],[47.94245818575976,-13.584690488859373],[48.05726531466601,-13.565369047208982],[48.10995009860156,-13.5970386639082],[48.22359755953906,-13.793814100309568],[48.349612269011715,-13.838030256315427],[48.43965056857226,-13.653529562040525],[48.75133803805468,-13.417710699125486],[48.8572378488457,-13.252239622160154],[48.91746428927539,-13.048741735502439],[48.993289026824215,-12.737159170194822],[48.93341735324023,-12.57840196041699],[48.93483260592578,-12.476709760709959],[49.176333460417965,-12.266468442960935],[49.33660033663867,-12.412291921659666],[49.541750940886715,-12.704198278471189],[49.8171873422539,-12.830713666959959],[49.880469355193355,-12.919562734647947],[49.97618773898242,-13.300679601713377],[50.10845092257617,-14.120246328397947],[50.15020278414843,-14.418864645048338],[50.25442031344531,-14.774549879118162],[50.43014815768359,-15.104658521696287],[50.50334075411914,-15.314229406400877],[50.486304316130855,-15.479520238920408],[50.45509627780078,-15.549497045561033],[50.42932799777148,-15.594039358183103],[50.18732360324023,-15.95683041958447],[50.08852294406054,-15.899843610807615],[50.00355819186328,-15.73477403072949],[49.753760370818355,-15.398466505094724],[49.62028411349414,-15.462312139555173],[49.59773925265429,-15.653023160978513],[49.68498137911914,-16.04688111691113],[49.86275008639453,-16.281658567472654],[49.89823821505664,-16.45954553036328],[49.76034072360156,-16.745846189542966],[49.42470839938281,-17.197809614225584],[49.404639277068355,-17.401228345915037],[49.42284301241992,-17.80159989742871],[49.34185317477343,-18.227621473356443],[49.02305892428515,-19.18165246395703],[48.65165618380664,-20.33920518307324],[48.087378534880855,-22.04376069454785],[47.49159530123828,-24.059830106779295],[47.25847915133593,-24.765831388517576],[47.17381194552539,-24.880415357633787],[46.945464167205074,-25.16691628841992],[46.85505965670703,-25.217951215788084],[46.23910048922656,-25.26373902706738],[45.78949645480273,-25.410877622648435],[45.576182398406246,-25.621076978727537],[45.21050551852343,-25.65998498348828],[45.0468130441582,-25.45058099178906],[44.95851806124804,-25.387203611417966],[44.71300033053515,-25.305088438078123],[44.54635146578906,-25.337219633146482],[44.425330195037105,-25.31205026058789],[44.03676131686328,-24.988716520353513],[43.989756617156246,-24.88077012447949],[43.980994257537105,-24.626556791349607],[43.93416503390429,-24.518610395475584],[43.72719100436328,-24.353788770719724],[43.67141250094531,-24.226787962003904],[43.67171386202929,-23.902649320646482],[43.8270750375664,-23.412924207731443],[43.7847280832207,-23.266834653898435],[43.65536788424609,-23.051014341398435],[43.37636474093554,-22.63212624935742],[43.291262659636715,-22.409847654386716],[43.32482818087695,-22.111067213102537],[43.5010252328789,-21.49418679623242],[43.60321715792773,-21.39863435177441],[43.81647399386523,-21.315555967374998],[44.161650690642574,-20.69830933956738],[44.47033599337695,-20.17013780026074],[44.51709655245898,-20.023853696867185],[44.5853872629082,-19.52796784786816],[44.53573897799609,-19.36917344479199],[44.410498652068355,-19.26775971798535],[44.25100997408984,-19.102844633146482],[44.28092864474414,-19.020157255216795],[44.39421752413867,-18.79112283138867],[44.15952971896289,-18.403913892790037],[44.10704329928515,-18.098968900724607],[44.07575896700976,-17.876581586881834],[43.971648249236324,-17.552675642057615],[43.98251632174609,-17.50180856136914],[44.215003046599605,-17.189880765958982],[44.378020319548824,-16.922611631437498],[44.45144942721484,-16.72541657833691],[44.45442870577929,-16.242399610563474],[44.67219832858203,-16.23558083920117]],[[48.01471769870798,-17.022773083871385],[47.48206828037989,-16.904406546465143],[46.6535025185362,-17.73297230830884],[45.2922873383644,-22.645183610667928],[45.52902041317688,-23.592115909917876],[46.00248656280186,-23.592115909917876],[47.18615193686429,-23.1186497602929],[48.488183848332966,-20.041119787730583],[48.488183848332966,-19.44928710069937],[48.01471769870798,-17.022773083871385]]]]}},{"type":"Feature","properties":{"NAME":"Maoris","ABBREVN":"Maoris","wikipedia":null,"SUBJECTO":"Maoris","BORDERPRECISION":1,"PARTOF":"Maoris","polity_id":"ottoman_classical:maoris","name":"Maoris","ISO_A3":"MAORIS","ADM0_A3":"MAORIS","ADMIN":"Maoris","fill_colour":"#702e61","border_precision":1},"geometry":{"type":"MultiPolygon","coordinates":[[[[175.3076887460625,-37.32097665218945],[175.6399641366875,-37.409691251798826],[175.64364150485156,-37.30753365902539],[175.5346937509453,-37.071548856779295],[175.55790236910937,-36.94383279232617],[175.66268447360156,-36.949993528410154],[175.8376722665703,-37.026234067960935],[176.00445083102343,-37.364254392667966],[176.12923720797656,-37.798233427091795],[176.34551528414843,-37.87444344906445],[177.134226832,-38.18585244564648],[177.36182692965625,-38.236507810636716],[177.5283918710625,-38.2042163982832],[177.84287551364062,-37.986385740324216],[178.2412824960625,-37.8322796001875],[178.4212904306328,-37.84468499569531],[178.5691633554375,-37.92103997616406],[178.59946731051562,-38.12538567928906],[178.58903029879687,-38.21484414486523],[178.40819838961718,-38.77115289120312],[178.28061965426562,-38.80336419491406],[177.93851760348437,-38.82961694149609],[177.9223890634453,-39.13648263363476],[177.86670974215625,-39.206924833341795],[177.67611220797656,-39.220096983],[177.34029677828906,-39.2271656170332],[177.14600661715625,-39.317058958097654],[177.02379897555468,-39.44519845394726],[177.04207900485156,-39.61780587582226],[177.1565656991875,-39.85422173885937],[177.15574172457812,-39.95016518978711],[177.0874739023125,-40.03991738705273],[176.79648879489062,-40.271404661222654],[176.3921614023125,-40.77924386410351],[176.01143935641406,-41.25534478573437],[175.67106154879687,-41.51956216244336],[175.36527541598437,-41.6616138592207],[175.21367934664843,-41.584759153410154],[175.00217727145312,-41.44375649838086],[174.89535048922656,-41.29614297299023],[174.9207258554375,-41.15472451595898],[175.05021193942187,-40.981033720060545],[175.18841079196093,-40.67895547299023],[175.36736587008593,-40.453941740080076],[175.3535871835625,-40.29998055843945],[175.23174575289843,-40.242481626554685],[174.88933852633593,-39.980301298185545],[174.69996169528125,-39.89754144100781],[174.43310073336718,-39.814922727628904],[173.99210647067187,-39.61115685848828],[173.85465529879687,-39.496334470792966],[173.80480483492968,-39.41970483212109],[173.84127334078906,-39.36209908871289],[174.02991774996875,-39.291370786710935],[174.6547346445,-38.983257688566404],[174.74863723239062,-38.75298348812695],[174.7134504648125,-38.439922727628904],[174.75260451754687,-38.29928246883984],[174.93065932711718,-38.10088387875195],[174.94512465914843,-37.92838326840039],[174.7280531259453,-37.552025236173826],[174.76465896090625,-37.29654351620312],[174.6941175790703,-37.156963743253904],[174.47855666598437,-36.86221734432812],[174.22005752047656,-36.557003416105466],[174.2657728525078,-36.48334924130078],[174.20066359957812,-36.3465503826582],[174.06983474215625,-36.1887249126875],[173.91857436617968,-36.10456506161328],[173.78803542575,-36.03091851620312],[173.84070876559375,-36.136124052091795],[174.06440261325,-36.367596067472654],[174.08654311617968,-36.43072930721875],[174.01047805270312,-36.43072930721875],[173.91562941989062,-36.30446282772656],[173.6789808603203,-36.020401395841795],[173.3993177743828,-35.67328683285351],[173.16649917086718,-35.420879758878904],[173.1666517587578,-35.368309415861326],[173.04619887789843,-35.25264398007031],[173.06441787203906,-35.18956033138867],[173.07012465914843,-35.1264690533125],[173.0484876962578,-35.04236642269726],[172.95980361422656,-34.863895811125],[172.7892103525078,-34.67496148495312],[172.6332044931328,-34.55950204281445],[172.7066908212578,-34.53851357845898],[172.79877761325,-34.580494321867185],[172.96030715426562,-34.55950204281445],[173.01917556246875,-34.51752129940625],[173.05665114840625,-34.64347115902539],[172.98963454684375,-34.72744408993359],[173.07316115817187,-34.863895811125],[173.15272048434375,-34.95835915951367],[173.22787002047656,-35.01083413509961],[173.3303480478203,-35.08442346005078],[173.3487806650078,-35.02133981136914],[173.46961501559375,-35.0318531170332],[173.70296767672656,-35.147503294035154],[173.89177993258593,-35.200069822355466],[174.01523879489062,-35.23161355404492],[174.07299331149218,-35.347278989835935],[174.06791213473437,-35.41037026791211],[174.1512708993828,-35.420879758878904],[174.2168684335625,-35.33676568417187],[174.30015090426562,-35.347278989835935],[174.29015639742968,-35.420879758878904],[174.3919172616875,-35.57863274960156],[174.50382522067187,-35.662769712492185],[174.6090345712578,-35.788982786222654],[174.52820876559375,-35.79950372128125],[174.49393752535937,-35.87312737850781],[174.53568557223437,-35.9467701092207],[174.42669204196093,-35.93625298885937],[174.34789565524218,-35.91520730404492],[174.41205886325,-35.96780434994336],[174.52514174899218,-36.051964201017576],[174.62888625582812,-36.15716592220898],[174.78687575778125,-36.28341714291211],[174.81548598727343,-36.38864175228711],[174.82378676852343,-36.48334924130078],[174.7063703866875,-36.46229974178906],[174.7495832773125,-36.53596154598828],[174.85726455172656,-36.69382134823437],[174.97265151461718,-36.77801553158398],[174.84105971774218,-36.78854028133984],[174.73946670016406,-36.78854028133984],[174.6471205087578,-36.76749078182812],[174.64481643160937,-36.83063928036328],[174.7823744150078,-36.893795408292966],[174.92827895602343,-36.96748010067578],[174.88741591891406,-37.06221429257031],[174.98006728610156,-37.08327142147656],[175.09905532321093,-37.072742857023435],[175.2007551523125,-37.072742857023435],[175.3009291025078,-37.13591042904492],[175.24932387789843,-37.16749230770703],[175.2351789804375,-37.23066369442578],[175.24663833102343,-37.29382745175],[175.3076887460625,-37.32097665218945]]],[[[172.06266311129687,-43.92314187435742],[172.02347854098437,-43.99422875790234],[171.77227309664843,-44.05283395199414],[171.6333723398125,-44.1822437420332],[171.4884291025078,-44.22773400692578],[171.37786391696093,-44.337749876066404],[171.06617263278125,-44.22857705502148],[170.9941664071953,-44.26746407894726],[171.06153396090625,-44.36422387508984],[171.25461867770312,-44.55120126156445],[171.1912336679375,-44.62887612728711],[171.20031264742968,-44.74518624691601],[171.1712141366875,-44.939205564542966],[171.07332900485156,-44.907059110685545],[170.6340589853203,-44.86267129330273],[170.82223037203906,-44.96576348690625],[171.02447036227343,-45.0754322185957],[170.8991957040703,-45.29618874935742],[170.70702651461718,-45.69900552181836],[170.61156753024218,-45.946060575529295],[170.42374709567187,-46.089432157560545],[170.120799097625,-46.2460865154707],[170.04410842379687,-46.35682336239453],[169.92734816989062,-46.4221119060957],[169.6662855478203,-46.526756681486326],[169.39930251559375,-46.70957223324414],[169.220164332,-46.71643105892773],[168.69964126071093,-46.600269712492185],[168.41733840426562,-46.65102807430859],[168.15406325778125,-46.45163384823437],[167.78841689547656,-46.380787290617185],[167.62049392184375,-46.35065118221875],[167.54754165133593,-46.21213570980664],[167.3375501962578,-46.168411649748045],[167.22912124117968,-46.23227731136914],[167.20162490328906,-46.307762540861326],[166.85045913180468,-46.35010568050976],[166.75408462008593,-46.275597013517576],[166.52276137789843,-46.232723630949216],[166.45696547946093,-46.10409966854687],[166.65128615817187,-46.06436196713086],[166.55108169039843,-45.96707574276562],[166.6990003915703,-45.914791502042966],[166.84391311129687,-45.91450921444531],[166.6402845712578,-45.69710198788281],[167.00948623141406,-45.816727079435545],[166.80066970309375,-45.55738107113476],[166.8552503915703,-45.49237100033398],[167.28119948825,-45.562923826261716],[167.318064722625,-45.50443307308789],[167.25492385348437,-45.42667428402539],[167.16430190524218,-45.329525388761716],[167.13749221285937,-45.19984856991406],[167.2647962900078,-45.06343499569531],[167.52096084078906,-44.952869810148435],[167.66862014254687,-44.78448907284375],[167.9208021493828,-44.61595193295117],[167.96671584567187,-44.480179227873045],[168.41573623141406,-44.220909513517576],[168.91375258883593,-44.09722939877148],[169.234568628875,-43.94812814144726],[169.47913649996875,-43.786278165861326],[169.64876845797656,-43.74075738339062],[169.9568586679375,-43.48210183529492],[169.98699477633593,-43.35950890926953],[170.20296767672656,-43.22367135433789],[170.3709211679375,-43.21688882259961],[170.7249250741875,-43.06791726498242],[171.02405837496875,-42.886883176847654],[171.0806379648125,-42.79011193661328],[171.07711318453906,-42.71282235531445],[171.19675734957812,-42.64817849545117],[171.39841750582812,-42.512535490080076],[171.349070582,-42.287289060636716],[171.3835707040703,-42.1906665935957],[171.45835402926562,-41.99285165218945],[171.5955305429375,-42.01406518368359],[171.62548354586718,-41.945667661710935],[171.88659194430468,-41.829368986173826],[172.08680251559375,-41.706776060148435],[172.14788344821093,-41.57805673031445],[172.20707229098437,-41.044536985441404],[172.43737319430468,-40.753101743742185],[172.60465529879687,-40.77401772884961],[172.76903823336718,-40.84837380795117],[172.78370192965625,-40.96485177425976],[172.93526748141406,-40.991695798917966],[173.01925185641406,-41.075027860685545],[173.12322524508593,-41.434673704191404],[173.26403335055468,-41.54367486385937],[173.70147231539843,-41.253555692716795],[173.8933363290703,-41.24032250790234],[174.0584974618828,-41.29139367489453],[174.15824416598437,-41.516155637785154],[174.06919387301562,-41.69592324642773],[174.20362380465625,-41.88905755428906],[174.2335462900078,-42.0112346783125],[173.95861342867968,-42.307823576017576],[173.84130385836718,-42.488338865324216],[173.62711623629687,-42.649769224210935],[173.23653701266406,-42.98557320980664],[172.9763899179375,-43.147232450529295],[172.84385207614062,-43.20552483944531],[172.73742202242968,-43.3217815533125],[172.56238845309375,-43.39307443050976],[172.44053176364062,-43.509415067716795],[172.62757399996875,-43.69229928402539],[172.82003310641406,-43.71357003597851],[173.00963881930468,-43.84380380062695],[172.88502028903125,-43.89441720394726],[172.6672621103203,-43.92633859066601],[172.44060805758593,-43.79330102352734],[172.22123244723437,-43.85181847958203],[172.06266311129687,-43.92314187435742]]]]}},{"type":"Feature","properties":{"NAME":"Portugal","ABBREVN":"Portugal","wikipedia":null,"SUBJECTO":"Portugal","BORDERPRECISION":1,"PARTOF":"Portugal","polity_id":"ottoman_classical:portugal","name":"Portugal","ISO_A3":"PORTUGAL","ADM0_A3":"PORTUGAL","ADMIN":"Portugal","fill_colour":"#daad25","border_precision":1},"geometry":{"type":"MultiPolygon","coordinates":[[[[-7.491503682526368,37.20815619082813],[-7.603436437042969,37.16297873111133],[-7.836042371186036,37.03225287051563],[-8.033637967499512,37.00878866763477],[-8.28023907223584,37.088580690339846],[-8.541073766144532,37.088580690339846],[-8.667059865387696,37.12144049258594],[-8.990849461945313,36.990008912996096],[-9.016643491181153,37.069800935701174],[-8.841511693390625,37.52514608950977],[-8.851028409394043,37.91018255801563],[-8.932785954865235,37.96184118838672],[-8.822993245514649,38.206073366121096],[-8.84730335751416,38.384566865876955],[-8.788920369538086,38.43598135562305],[-8.853651967438477,38.4996410235918],[-9.022322621735352,38.46102102847461],[-9.236570325287598,38.41744955630664],[-9.285158124359864,38.61946829409961],[-9.069152799042481,38.64295919986133],[-8.941892590912598,38.74191626162891],[-8.960826840790528,38.81846197696094],[-9.040849652680176,38.92018087954883],[-9.175754514130372,38.73223074527149],[-9.361637082489747,38.671145997957034],[-9.522397008332032,38.6899371966875],[-9.549007382782715,38.77451666446094],[-9.459762540253418,38.95307882876758],[-9.397706952484864,39.23036154361133],[-9.415269818695801,39.366675935701174],[-9.299269643219727,39.417735658601565],[-9.11792274990918,39.64403494449024],[-8.915585484894532,40.13814886660938],[-8.969669309052247,40.19001730533008],[-8.694069829376954,40.992171846345705],[-8.851777997406739,41.40782888980274],[-8.854754414948243,41.59685095401172],[-8.920735326203125,41.76702078433399],[-8.806055035980958,41.889178834871096],[-8.405047383698243,42.00213583560352],[-8.15726133862378,42.087039552644534],[-7.918560948761719,41.8891673907793],[-7.098435845764893,41.86795385928516],[-6.85951849499585,41.98491247744922],[-6.708704438599366,41.96004446597461],[-6.586079564484375,41.857921205476565],[-6.518426862152833,41.74909933658008],[-6.139497723969239,41.526439271882815],[-6.11153790036084,41.41746100039844],[-6.241148915680665,41.320479951814455],[-6.796627965363282,41.09282644839649],[-6.834448781403321,41.06053503604297],[-6.857170548828858,40.8615795001543],[-6.824864831360596,40.656566225007815],[-6.884172883423584,40.214034639314455],[-6.858675923737305,39.79192312808399],[-6.878323045166749,39.702395997957034],[-7.084203687104004,39.59907492251758],[-7.301257100495118,39.578712068513674],[-7.43099876919629,39.5205150470293],[-7.211435761841553,39.29820593448047],[-7.006874528321045,39.05031546206836],[-6.933383431824463,38.961349092439455],[-7.08942457714917,38.79450186343555],[-7.317340817841309,38.49962576480274],[-7.393876519593018,38.294986329988284],[-7.028099027069825,38.239581666902346],[-6.844775166901368,38.10021170230274],[-7.242514577301758,37.810897432283205],[-7.351443734558838,37.64443548770313],[-7.487998452576416,37.216353975251955],[-7.491503682526368,37.20815619082813]]]]}},{"type":"Feature","properties":{"NAME":"Malaysian Islamic states","ABBREVN":"Malaysian Islamic states","wikipedia":null,"SUBJECTO":"Malaysian Islamic states","BORDERPRECISION":1,"PARTOF":"Malaysian Islamic states","polity_id":"ottoman_classical:malaysian_islamic_states","name":"Malaysian Islamic states","ISO_A3":"MALAYSIANISL","ADM0_A3":"MALAYSIANISL","ADMIN":"Malaysian Islamic states","fill_colour":"#3a32a4","border_precision":1},"geometry":{"type":"MultiPolygon","coordinates":[[[[121.26308730563281,1.101677857354922],[121.59117415866015,0.860923193410677],[121.79239181002734,0.848638795331759],[122.180857691375,0.868553482011599],[122.39585402926562,0.79276081176166],[122.73288253268359,0.672761403039736],[122.99247268160937,0.774987183526797],[123.82620528658984,0.738667331651492],[124.15023330172656,0.796562574819369],[124.4321775766289,0.95603521914844],[124.5271482797539,1.08333321662311],[124.45688155612109,1.203904829934878],[124.54513839205859,1.331182442621035],[124.71951583346484,1.439590655282778],[124.85249618014453,1.624150954202456],[124.98246291598437,1.649851642564578],[125.01622298678515,1.541904054597659],[124.9832258554375,1.300364695504946],[124.93084243258593,1.160450540498537],[124.89410689791796,1.103187762216372],[124.85741713961718,1.045913063005251],[124.42142775973437,0.479422323421282],[124.23398116549609,0.301086150125307],[124.02541640719531,0.256151609138293],[123.47180465182421,0.153285957888407],[123.24890426119921,0.184571988896174],[122.98314193209765,0.374633483604235],[122.46555617770312,0.405279241517825],[121.9478254648125,0.378750823453707],[121.55244735201953,0.39695244284038],[121.08506301364062,0.376877628282351],[120.82631972750781,0.414438031629366],[120.52431777438281,0.40107762070064],[120.33727553805468,0.356190972045702],[120.14297011813281,0.19054914267425],[120.0261946054375,-0.016971983],[119.95679763278125,-0.14028224347468],[119.87274459323046,-0.464555867000776],[119.90378097018359,-0.680548943563657],[120.02179244479296,-0.90270958094235],[120.10934737643359,-0.985140778108793],[120.29080489596484,-1.086422003790098],[120.40746596774218,-1.175135292097288],[120.50657180270312,-1.448180831953245],[120.58729079684375,-1.51790825276013],[120.68838790377734,-1.536749996229368],[121.05537703951953,-1.548669613882261],[121.16762069186328,-1.427686013265806],[121.461131128875,-0.988569356485563],[121.63409713229296,-1.013609625383573],[121.77213576754687,-1.095924533888059],[121.99535659274218,-1.114498533292966],[122.15894607028125,-1.012472964807706],[122.45979598483203,-0.941913939996915],[122.73920730075,-0.877764619871336],[122.859568628875,-0.744048453851896],[122.98146346530078,-0.718368090673643],[123.19114974459765,-0.806881107374387],[123.25004104098437,-0.902080334707456],[123.21274856051562,-1.232609428449827],[123.00192550143359,-1.112321414037901],[122.75714400729296,-1.093783892675596],[122.5942869516289,-1.227595485731321],[122.41957381686328,-1.463097251936155],[122.22288802584765,-1.654172100111204],[121.74647048434375,-1.852209486051756],[121.65008071383593,-1.998589791341978],[121.58575728854296,-2.011434234663206],[121.47732070407031,-1.992600239797788],[121.26705459078906,-1.935861147924619],[121.25345138033984,-1.961313880964475],[121.26491073092578,-2.101103462263303],[121.36021712741015,-2.15809003262158],[121.66402724703906,-2.417983688398557],[121.87427047213671,-2.652677454038816],[122.25816634616015,-3.211096681638914],[122.2148924203789,-3.357360757871824],[122.14427474459765,-3.662573017164426],[122.19034865817187,-3.846769250913816],[122.39139846285937,-4.087840951963621],[122.64091018160937,-4.284319795652586],[122.66892531832812,-4.38594476132031],[122.64838698825,-4.513099111601072],[122.45239547213671,-4.488106168791013],[122.15899947604296,-4.514159120603757],[121.97351363619921,-4.648028291746336],[121.87277511080859,-4.95966473965283],[121.64871505221484,-4.947441972776609],[121.44132522067187,-4.865271486326414],[121.39284041842578,-4.789106287046629],[121.41649154147265,-4.496701158567625],[121.50799849948046,-4.235927976652341],[121.06832412203906,-3.855556406065183],[120.88079360446093,-3.716151393934446],[120.80245498141406,-3.595567382856565],[120.81849959811328,-3.487484134718137],[120.94636825045703,-3.309265054746824],[120.99899581393359,-3.048587001844602],[120.92468551119921,-2.826322235151487],[120.59280684908984,-2.801614440962034],[120.36663344821093,-2.897433914228635],[120.14419082125781,-3.075864233061033],[120.21621993502734,-3.234580434843259],[120.28029921969531,-3.653891004606443],[120.24955275973437,-3.882746137663084],[120.1433821054375,-4.397769846006589],[120.30685714205859,-4.804168142362791],[120.30215743502734,-4.943993486448484],[120.13268569430468,-5.230362333341795],[120.12441543063281,-5.332062639280515],[120.24806502780078,-5.58600751309033],[119.92161849459765,-5.662985242887693],[119.690867457,-5.771526731535154],[119.47684005221484,-5.803768075987058],[119.3667478891289,-5.65782729534741],[119.29458144625781,-5.422828115507322],[119.36497024020312,-5.276509679838377],[119.44623855075,-5.06660357861157],[119.47729781588671,-4.672496713682371],[119.50447371920703,-4.189417280241209],[119.44800857028125,-3.960755504652219],[119.461131128875,-3.808197893186765],[119.3652830453789,-3.630455411955076],[119.22566512545703,-3.573552764936643],[119.04976180514453,-3.650206007047849],[118.79143813571093,-3.663470186277586],[118.79641250094531,-3.479157842680173],[118.68360427340625,-2.901070751234251],[118.74261764010546,-2.761141456648069],[118.96372512301562,-2.525512136503416],[119.17457107028125,-2.175528682752805],[119.24707320651171,-1.959309853597837],[119.20736983737109,-1.546321786924558],[119.20475295504687,-1.43193618206616],[119.24367049655078,-1.228493012472349],[119.39629653414843,-0.904066480680662],[119.5972395273125,-0.878214098497587],[119.5781965585625,-0.490620143696027],[119.69212630709765,-0.016971983],[119.69748977145312,0.005301356331152],[119.91373733004687,0.539560459569735],[120.10897353610156,0.724265299752993],[120.23886397799609,0.78809043021564],[120.43191054782031,0.636000238374514],[120.5623045297539,0.776074849084658],[120.63552382907031,0.922386907056612],[120.76742843112109,1.138722024873537],[120.99067977389453,1.16463466735248],[121.26308730563281,1.101677857354922]]],[[[104.81258681735156,-2.155803360029417],[104.6098127695,-2.575665630384641],[104.67776015719531,-2.670844711347776],[104.99460891207812,-2.466801322981077],[105.36515334567187,-2.580394424482542],[105.44490340670703,-2.599284805341917],[105.56392959078906,-2.713410295530515],[105.62867263278125,-2.910283721967893],[105.942820582,-3.214655078932005],[105.71109298190234,-4.104884065672117],[105.69315627535937,-4.308285154386716],[105.7966795297539,-4.73388234524365],[105.78708938082812,-4.930913366361814],[105.79636672457812,-5.22959128765698],[105.79559615573046,-5.350346483274656],[105.72847274264453,-5.827141679807859],[105.6892805429375,-5.897135652586179],[105.64068892916796,-5.929026044889646],[105.47567275485156,-5.814985193296629],[105.30404189547656,-5.580207742735105],[105.18672469576953,-5.542331613584714],[105.0691404672539,-5.758665956541257],[105.0327864023125,-5.87949887661572],[104.5634031625664,-5.600874342008787],[104.46468642672656,-5.639219678922849],[104.6421614023125,-5.975669302030759],[104.56848433932421,-6.071165479704099],[104.47688582858203,-5.982384122892576],[103.87250045260546,-5.341800607725339],[103.52345565280078,-4.999372400327879],[103.06859115084765,-4.61267987637158],[102.4622297616875,-4.181821741148191],[102.28652480563281,-3.97884026913281],[102.19675734957812,-3.756602920576292],[102.1106672616875,-3.604252494856077],[101.65957168063281,-3.319250978513914],[101.34546187838671,-3.014891304060178],[100.81207564791796,-2.336048044248777],[100.778758082,-2.177243627592283],[100.79625228366015,-2.024697698637205],[100.65030196627734,-1.630999959989744],[100.27200606783984,-0.970915175958829],[99.9719953866875,-0.501324929281431],[99.69655135592578,-0.152409575864034],[99.53036788424609,-0.016971983],[99.4010496469414,0.088420264438433],[99.11331466158984,0.221247725204272],[98.99888137301562,0.557795010522646],[98.68911269625781,1.370494566873354],[98.71933272799609,1.478585921243472],[98.67103103121875,1.618280254319949],[98.60055068453906,1.707089506105227],[98.30258468112109,1.935200057939333],[97.98250106295703,2.112426124528689],[97.73999312838671,2.20721348376636],[97.59714797457812,2.251384101823611],[97.54329970797656,2.410120330766482],[97.50870040377734,2.740469060853762],[97.42767623385546,2.924561105684084],[97.25448897799609,3.140228115037722],[96.88595870455859,3.514327131227297],[96.72036269625781,3.704589210466189],[96.39438155612109,3.646694503740115],[96.11843398532031,3.951094470933718],[96.54407499474092,4.47212431818089],[96.60203078707812,5.07678660006885],[96.75271132907031,5.064410291627688],[96.99945357760546,5.109420381501955],[97.2037840219414,5.173398099855227],[97.38407424410937,5.180140577272219],[97.52933028658984,5.040668092683596],[97.94281295260546,4.520546041444582],[98.17378524264453,4.381262384370608],[98.19936660250781,4.311420045808596],[98.14550307711718,4.069854341462893],[98.6252928110039,3.657878957704348],[98.4899995417347,3.22673260810487],[98.6456735054942,2.759710716826364],[100.20241314308922,0.891623151712334],[101.13645692564624,-1.365649322800451],[101.75915278068425,-1.287812340920697],[103.31132033785937,-0.81817577032681],[103.38418868502734,-0.894272543474393],[103.74692824801562,-1.115909852071958],[104.12119582614062,-1.140521563574033],[104.22989181002734,-1.19111803917523],[104.29766372164843,-1.362546600385862],[104.35518935641406,-1.705587424322324],[104.35242751559375,-1.889892257734495],[104.47247603854296,-2.080278553053098],[104.56754592379687,-2.137265123411375],[104.81258681735156,-2.155803360029417]]],[[[105.93318465670703,-6.025983728452879],[106.02416518649218,-6.080723680540281],[106.30810073336718,-6.1309479847395],[106.52126601657031,-6.1099518909895],[106.62800887545703,-6.309376157804685],[106.86400130709765,-6.269573606535154],[106.93512252291796,-6.135954298063474],[106.94509414157031,-6.025983728452879],[107.06136611422656,-6.078479208036619],[107.33963302096484,-6.154148019834714],[107.52461532076953,-6.350759901090818],[107.67702773532031,-6.33036843685742],[107.76868728121875,-6.451916612669187],[107.96960738619921,-6.438776887937742],[108.17332747897265,-6.355717577024656],[108.30900100192187,-6.450752176328855],[108.4753904672539,-6.685549654051023],[108.55577376803515,-6.920526422544675],[108.95341018160937,-6.938729204221922],[109.16108993014453,-7.023108400388914],[109.38199141940234,-6.988648809477048],[110.02727797946093,-7.044451154752927],[110.24257186373828,-7.031283773466306],[110.39589217623828,-6.954677499815183],[110.49153426608203,-6.662121690794187],[110.61329177340625,-6.541098035856443],[110.81458571871875,-6.534306444212156],[110.91451552828906,-6.629429735227781],[111.04471877535937,-6.851591505094724],[111.32965377291796,-6.908178247495847],[111.56827834567187,-6.920361436887937],[111.91680434664843,-6.957741655393797],[112.27479079684375,-7.026889719053464],[112.40491012057421,-7.13464442638989],[112.53656295260546,-7.264518655821043],[112.50087264498828,-7.464936651273923],[112.62459090670703,-7.674394048734861],[112.67842391451953,-7.718775667234617],[113.07268813571093,-7.876816667600828],[113.26259139498828,-7.908177770658689],[113.55871108492968,-7.913900770231443],[113.76137832125781,-7.830829061552244],[113.94835952242968,-7.824078477903562],[114.23076919039843,-7.931510366483884],[114.25219253024218,-8.020443357511716],[114.13760665377734,-8.211366094633298],[114.0691633554375,-8.433954633756834],[114.32927993258593,-8.782966054960447],[114.10475448092578,-8.6881088390791],[113.74381545504687,-8.599913991972166],[113.47468856295703,-8.486092008634763],[113.07378676852343,-8.347123540922361],[112.83578017672656,-8.34763852505322],[112.57097915133593,-8.462617315336423],[112.4143553110039,-8.488374151273923],[112.09337905367968,-8.444576658292966],[111.4391355844414,-8.38243142513867],[110.77773574313281,-8.320307172819334],[110.41538527926562,-8.206685461088377],[110.03817275485156,-7.991411127134519],[109.54362014254687,-7.839940942808347],[109.03720382174609,-7.720286764188963],[108.61044600924609,-7.702139772459226],[108.36070540866015,-7.83614007382031],[108.1602278085625,-7.855642713590818],[107.72973159274218,-7.786660112425047],[107.36764052828906,-7.564995683714109],[107.20682052096484,-7.533564008756834],[106.48369887789843,-7.503360189481931],[106.3202391000664,-7.433792985960203],[106.34466842135546,-7.370187677427488],[106.54658797701953,-7.160022176786619],[106.3655271860039,-7.039659418150144],[106.11754897555468,-6.995707906767088],[105.8899641366875,-6.932635225340086],[105.75223067721484,-6.920232690855222],[105.18477920016406,-6.865668691679197],[105.14388564547656,-6.781699575468259],[105.28616622408984,-6.771202959104734],[105.46737960299609,-6.813187994047361],[105.6334715219414,-6.755237497373777],[105.6639891000664,-6.519298471494871],[105.6721678110039,-6.456322588010984],[105.81074813326953,-6.481571592374998],[105.79152968844531,-6.256896890684324],[105.89147475680468,-6.150919832273679],[105.93318465670703,-6.025983728452879]]],[[[125.99981978854296,-8.656074918791013],[126.40941146334765,-8.559843458219724],[126.6529035898125,-8.540258802458006],[127.04376510104296,-8.475847639127927],[127.09718612155078,-8.507518209501463],[127.14146712741015,-8.59640447048779],[127.03492263278125,-8.691975988432127],[126.87253859957812,-8.806733526273923],[126.14822677096484,-9.081591047331052],[125.53232863864062,-9.279951490446287],[125.21153548678515,-9.395053304716306],[124.93854049166796,-9.554545797392088],[124.4480696054375,-9.987807668729978],[124.15423873385546,-10.204543508573728],[123.95632461032031,-10.24310914425488],[123.70786574801562,-10.345344938322263],[123.49192336520312,-10.352161802335935],[123.60406020602343,-10.129458822294431],[123.61453536471484,-9.887912191435056],[123.66542342623828,-9.747970022245603],[123.96877578219531,-9.531214155241209],[124.61989882907031,-9.250147260709959],[124.91790297946093,-9.046112455412107],[125.07982161959765,-8.77246705441113],[125.28976729830859,-8.702098287626463],[125.99981978854296,-8.656074918791013]]],[[[127.79976943453906,1.897417865709109],[127.91808608492968,1.732464037851138],[127.98659804782031,1.573755584672732],[127.96258071383593,1.446609579042239],[127.85166457614062,1.268447004274172],[127.68892196139453,0.924957893804354],[127.71624282321093,0.7788660153902],[127.80199721774218,0.715509377435488],[127.84568313082812,0.779154144243044],[128.04166701754687,0.963846944288058],[128.10222915133593,1.199092708543581],[128.18233779391406,1.262813292459292],[128.54502395114062,1.447870336488528],[128.60857680758593,1.384465657190127],[128.58509353121875,1.270043812707705],[128.6319074960625,1.022326670602602],[128.47263625582812,0.926659069970889],[128.26258376559375,0.767338298276705],[128.18961623629687,0.627388440088076],[128.26124099215625,0.583066128209872],[128.46226027926562,0.526307068780703],[128.64156630953906,0.431374095395846],[128.63419631442187,0.367817424253268],[128.70582107028125,0.209110222772402],[128.39673903903125,0.278340481237215],[128.20275405367968,0.347818844035906],[128.03744033297656,0.366516731694979],[127.90069106539843,0.296321831659121],[127.864695582,0.099249944106383],[127.8867903085625,-0.016971983],[127.94561294039843,-0.326332218929487],[128.09920791110156,-0.60560516266461],[128.28150466403125,-0.80220989136334],[128.36971572360156,-0.929115451856809],[128.29943374117968,-1.024591006323057],[128.18279555758593,-0.9295159950697],[127.88390639742968,-0.637848056837278],[127.63631728610156,-0.307938195749479],[127.63526442965625,-0.130004316552835],[127.63065627535937,-0.016971983],[127.6274900766289,0.060609206572813],[127.44135573825,0.536802314237399],[127.52215865573046,0.784808121637148],[127.48679641207812,0.848269008115572],[127.42350295504687,0.981572769597811],[127.43973067721484,1.127760849908633],[127.56863692721484,1.52837248893146],[127.79976943453906,1.897417865709109]]],[[[121.27553084811328,-8.914146818205076],[121.105662378875,-9.028924383207517],[120.97090438326953,-9.05463258175488],[120.80924514254687,-9.02320233730908],[120.54856399020312,-8.934785284086423],[120.07785323580859,-8.916735090299802],[119.93528274020312,-8.936113752409177],[119.84039596041796,-8.682082571073728],[119.85252669772265,-8.574008382841306],[120.02511123141406,-8.484657682462888],[120.32754043063281,-8.395017065092283],[120.56500533541796,-8.388149656339841],[121.07881453951953,-8.571352399870115],[121.27935317477343,-8.717112936063963],[121.4314451547539,-8.723139204069334],[121.57821181735156,-8.5893482342207],[121.78684524020312,-8.582537092252927],[121.97980025729296,-8.550282873197752],[122.16588881930468,-8.634251989408689],[122.37597945651171,-8.58177224545117],[122.3435774179375,-8.482058919950681],[122.53314498385546,-8.39809075741406],[122.71499923190234,-8.293130315824705],[122.75696090182421,-8.224905408903318],[122.72278884371875,-8.172424711271482],[122.64020064791796,-8.182921804472166],[122.69243911227343,-8.093704618498045],[122.76436904391406,-8.098953641935545],[122.8632078500664,-8.140937246366697],[122.943064722625,-8.240650571867185],[122.94861129244921,-8.377099432035642],[122.69619277438281,-8.492555059477048],[122.71121505221484,-8.597515501066404],[122.31264022311328,-8.744461454435545],[122.05070022067187,-8.86797944454785],[121.89853194674609,-8.849420942350584],[121.6944074960625,-8.99586907772656],[121.46780684908984,-8.964582838102537],[121.27553084811328,-8.914146818205076]]],[[[129.57946303805468,-3.582920469328123],[129.48665908297656,-3.595832265897947],[129.03065017184375,-3.412512458845335],[128.91456130465625,-3.253879703565794],[128.65294936617968,-3.343426145597654],[128.5226087900078,-3.464457429929929],[128.37597182711718,-3.547393001600462],[128.29239943942187,-3.464953817411619],[128.15240004977343,-3.261883176847654],[128.04180434664843,-3.058756269499021],[128.15272048434375,-2.96954695133801],[128.28879836520312,-2.956538356825071],[128.41224196871875,-2.981694854780393],[128.90940383395312,-2.999676145597654],[129.16782668551562,-3.138942398115354],[129.31138137301562,-3.132275976225095],[129.55611709078906,-2.985571064039426],[129.7428236337578,-2.978808797880369],[129.98289016207812,-3.035491861387449],[130.36870864352343,-3.129982627912717],[130.59347060641406,-3.307437099500852],[130.7252455087578,-3.485103763624387],[130.8058119150078,-3.764567531629758],[130.7838392587578,-3.879009164854246],[130.6092787118828,-3.8476068153822],[130.29705337008593,-3.67669502644177],[129.91410354098437,-3.385179199262815],[129.78130629977343,-3.321906246229368],[129.59493545016406,-3.335030473753172],[129.56847670992968,-3.379573024793821],[129.57946303805468,-3.582920469328123]]],[[[117.94793990573046,-8.161929525419431],[118.02465346774218,-8.202969945951658],[118.04830459078906,-8.298379339262205],[118.13014510592578,-8.342568792387205],[118.2671385141289,-8.27738706020947],[118.41998580416796,-8.324619688078123],[118.46731093844531,-8.39284459499951],[118.46200087985156,-8.596083082243162],[118.54416182955859,-8.52929250149365],[118.61765578707812,-8.392351545377927],[118.76082900485156,-8.379335798307615],[118.86329177340625,-8.480809606596189],[118.8726072641289,-8.671463407560545],[118.95416549166796,-8.655246175810056],[118.98202804049609,-8.702477850004392],[118.97054580172656,-8.88098756222363],[118.82820418795703,-8.786445058866697],[118.68881514987109,-8.760206617399412],[118.62546828707812,-8.786445058866697],[118.6580305429375,-8.85624448208447],[118.27463820895312,-8.926982320829588],[118.21065810641406,-8.886158384367185],[118.25399306735156,-8.765452779813963],[118.21599868258593,-8.739213384672361],[118.07720473727343,-8.859918035551267],[117.97385695895312,-8.975375570341306],[117.84085372408984,-8.954382337614256],[117.55727675875781,-9.055645383878904],[117.27662948092578,-9.145239271208006],[117.11590102633593,-9.122319616361814],[116.97642043551562,-9.177661336942869],[116.8003416391289,-9.14625970272656],[116.75419143160937,-9.114581502958494],[116.6631574960625,-9.059344686552244],[116.634470972625,-8.933391012235838],[116.69891646823046,-8.815979398771482],[116.66269210299609,-8.702477850004392],[116.74954513033984,-8.650625623747068],[116.85340407809375,-8.599548734708982],[116.95838454684375,-8.52929250149365],[117.05932906588671,-8.560976423307615],[117.33397201022265,-8.56673375515576],[117.51381209811328,-8.613260664030271],[117.55415633639453,-8.739213384672361],[117.68509963473437,-8.788426794096189],[117.81717208346484,-8.813561834379392],[117.90240767916796,-8.697229780241209],[118.03313735446093,-8.691981710478025],[118.05590346774218,-8.608012594267088],[117.93772414645312,-8.54001084713574],[117.79683974703906,-8.49582139401074],[117.70542434176562,-8.438815511747556],[117.67735579928515,-8.362614072843748],[117.6909895273125,-8.267242826505857],[117.80621627291796,-8.178014196439939],[117.94793990573046,-8.161929525419431]]],[[[105.81182387789843,-2.382413543745237],[105.58349898776171,-2.204967178388792],[105.45276168307421,-2.160768665357786],[105.2517576547539,-2.173908866926389],[105.1996565195,-2.110476411863523],[105.32142165621875,-1.817892469450193],[105.42667678317187,-1.709628261610227],[105.65572646578906,-1.956973589941221],[105.72237685641406,-1.747112430616575],[105.86343673190234,-1.626060642286497],[105.89634231051562,-1.803927220388609],[106.03653243502734,-2.203994430586057],[106.32863906344531,-2.571952022596555],[106.6427488656914,-2.711081422849851],[106.52344802340625,-2.79394880680676],[106.47066024264453,-2.921170391126829],[106.5526609750664,-3.175201572462278],[106.16431716403125,-2.998099960371214],[105.99474624117968,-2.890428461118894],[105.9024153085625,-2.725398220106321],[105.88230422457812,-2.560203470274168],[105.81182387789843,-2.382413543745237]]],[[[119.25387099703906,-9.82740155605908],[119.03172591647265,-9.770682729765134],[118.90040877780078,-9.681976713224607],[118.94903090914843,-9.58653012661572],[119.1162596078789,-9.522610105558591],[119.56256392916796,-9.508944906278806],[119.78872970065234,-9.457600988432127],[119.94579604586718,-9.590743459745603],[120.46243575533984,-9.926486410185056],[120.58129409274218,-10.097849287077146],[120.52504256686328,-10.244148649259763],[120.41421035250781,-10.352451719328123],[120.27981093844531,-10.378160871549802],[120.18238357028125,-10.34658757595654],[119.76977065524218,-10.074174322172361],[119.40983108004687,-9.871551908537107],[119.25387099703906,-9.82740155605908]]],[[[126.04566482028125,-3.425329126402097],[126.1111326547539,-3.298079885526853],[126.38226607760546,-3.253013052030759],[126.72658828219531,-3.233194030805784],[126.83733657321093,-3.290152706190305],[126.95238021334765,-3.429722703977781],[127.09376052340625,-3.518387712522703],[127.14246657809375,-3.619965471311765],[127.11218551119921,-3.721727050825315],[127.05604079684375,-3.747262634321409],[126.6604719491875,-3.875229515119749],[126.47194961032031,-3.850217260404783],[126.15001204928515,-3.628476537748533],[126.04566482028125,-3.425329126402097]]],[[[114.51071456393359,-8.45207253841992],[114.45750716647265,-8.331433691068845],[114.64503768405078,-8.331021703764158],[114.87628463229296,-8.247906126066404],[115.0843992563164,-8.2347339764082],[115.50045302828906,-8.469005979582029],[115.34816268405078,-8.545598424955564],[115.2437010141289,-8.590313352628904],[115.07236007174609,-8.781361974760252],[114.89562514742968,-8.654628194853025],[114.51071456393359,-8.45207253841992]]],[[[114.16662124117968,4.511172853425784],[114.45025924166796,4.562621675447268],[114.74521163424609,4.984381280854983],[114.85397628268359,5.015870653108401],[114.82273391207812,4.895166479066653],[114.87784865817187,4.855816923097414],[114.96151259860156,4.876515947297854],[115.03689864596484,4.895166479066653],[115.12111190280078,4.830928407625002],[115.15932754000781,4.838081441835207],[115.36143020114062,4.875920377687258],[115.4339094491875,5.003149591401858],[115.41776565035937,5.111135087922854],[115.2030516000664,5.275868974641604],[115.29166701754687,5.453975282625002],[115.4878416391289,5.48615988345508],[115.71728042086718,5.467606626466555],[115.78708938082812,5.740099035218996],[115.97079757174609,5.881146512941164],[116.09869674166796,6.09745367617969],[116.33777907809375,6.358475290254397],[116.56179336032031,6.822775445894045],[116.5956297250664,6.899092756227297],[116.7405271860039,6.689739786104006],[116.88901809176562,6.645576559022707],[117.03112319430468,6.836500249818606],[117.16805556735156,6.614415727571291],[117.32570937594531,6.487681470826907],[117.50709060153125,6.39277084918384],[117.54088881930468,6.240357480958743],[117.45925429782031,6.081332288698],[117.3535871835625,5.877785764650149],[117.37006667575,5.788860403016848],[117.65428451022265,5.846658788636965],[117.86653426608203,5.90430649371509],[117.91826919039843,5.802756868318362],[117.76156142672656,5.580031000093264],[118.09537795504687,5.625234209016604],[118.25600722750781,5.663704000428957],[118.3770246835625,5.638547502473635],[118.84297469576953,5.34092815966968],[118.99796584567187,5.277723394349856],[119.04260543307421,5.169805131868166],[118.97141555270312,5.0489254817522],[118.88132766207812,4.978847585634036],[118.68284133395312,4.914877019838137],[118.41559127291796,4.901593290284914],[118.10842421969531,4.939047418550295],[117.94840529879687,4.798915945009036],[117.99183181246875,4.684646688417239],[118.39120772799609,4.374171338990969],[118.31868270358203,4.234229646638674],[118.11238387545703,4.1448407992876],[117.82211593112109,4.099734865144534],[117.58916762789843,4.048401914552493],[117.55868819674609,3.980721078828616],[117.54050734957812,3.940269790605349],[117.68385604342578,3.629244171098513],[117.58021834811328,3.565474830583376],[117.33471206149218,3.545888744310183],[117.07397750338671,3.507199846223635],[117.16311171969531,3.40572627635364],[117.21508315524218,3.272402368501467],[117.13904097994921,3.170576892808718],[117.23602584323046,3.075473390535159],[117.34200576266406,3.024877153352541],[117.58774093112109,2.650510631517214],[117.82918837985156,2.314259611085696],[117.84828475436328,2.22534617038135],[117.6963606210625,1.900947533563418],[117.73006728610156,1.799350224450869],[117.91282180270312,1.590053401902956],[118.24725631198046,1.387442909196658],[118.5172605844414,1.165625892595095],[118.76522353610156,0.823025427774233],[118.55611709078906,0.746316216901583],[118.21828750094531,0.75829192252521],[117.85968306979296,0.865542970613284],[117.70828536471484,0.820732377485079],[117.53428939303515,0.610662959531588],[117.37497237643359,0.197262354210658],[117.33888534030078,-0.016971983],[117.31821731051562,-0.13965517280932],[117.37765029391406,-0.431837983413892],[117.42981246432421,-0.622370518728452],[117.37029555758593,-1.003784157320219],[117.25522139987109,-1.00403193382855],[117.04563430270312,-0.934580959364133],[116.57888320407031,-1.367720283552366],[116.38421157321093,-1.660468496366697],[116.04627517184375,-1.934458293005186],[116.24550155123828,-2.105623163267332],[116.27270034274218,-2.283497489973264],[116.34913161715625,-2.416793264433103],[116.04077437838671,-2.442873872801023],[116.24452498873828,-2.702999271436887],[116.2482176156914,-2.798310674711423],[116.20198348483203,-2.900100149198728],[115.95590499362109,-3.199323333784299],[115.86336806735156,-3.377465166135984],[115.80630782565234,-3.536469854398923],[115.56814101657031,-3.803909935041624],[114.98581222018359,-4.078456319853025],[114.71241286715625,-4.206153310819822],[114.58087447604296,-4.295410074278074],[114.49362472018359,-4.155785001798826],[114.50462630709765,-3.965103305860715],[114.3562498422539,-3.603159584089475],[114.21847060641406,-3.431875862165647],[114.09949782809375,-3.349512495084959],[113.97059920748828,-3.362500585600095],[113.7444563241875,-3.598138727232175],[113.60839370211718,-3.611134685560422],[113.46075728854296,-3.382671751066404],[113.32001021823046,-3.294006742521482],[113.12349990328906,-3.243590511366087],[112.94931319674609,-3.040595687910276],[112.79538253268359,-2.971020854994016],[112.63836196383593,-3.333612121626096],[112.57773116549609,-3.42271725086804],[112.40625289401171,-3.448501743360715],[112.24562362155078,-3.398008979841428],[112.04686263522265,-3.45563641934033],[111.90337661227343,-3.614832796140867],[111.739451441375,-3.646959222837644],[111.7133055063164,-3.399166025205808],[111.72859481295703,-3.259319700285154],[111.58721450289843,-2.795695461317258],[111.43599227389453,-2.973974622770506],[110.79682448825,-3.172363914533811],[110.65250686129687,-2.98837510494824],[110.3650617929375,-2.995357669874387],[110.23842910250781,-3.065532125517088],[110.10230544528125,-3.078540958448606],[110.07638839205859,-2.786260999723631],[110.06593612155078,-2.493952907606321],[109.94623092135546,-1.858707822843748],[109.94090560397265,-1.642648614927488],[109.78280166110156,-1.306190170332151],[109.59978774508593,-1.122298039480405],[109.24452498873828,-0.932415403410154],[109.17891982516406,-0.869010366483884],[109.42858413180468,-0.709605909868436],[109.18953231295703,-0.538537539526182],[109.07335952242968,-0.405348338171201],[109.1577635141289,-0.074725050463634],[109.12417891940234,-0.016971983],[108.99905684908984,0.198187835530085],[109.93203587805812,0.191090314794574],[110.34764388522265,0.851918242887301],[110.54860213717578,0.726002536729617],[110.81756118258593,1.244261227563662],[110.9683103891289,1.225523196176333],[111.11990645846484,1.270334206537051],[110.89339736422656,1.51130922885303],[110.96976760348437,1.759294830278201],[111.13379958590625,2.032884918168826],[111.37182906588671,2.598927341417117],[111.63454726657031,2.72022708506946],[112.30133346041796,2.874169908479494],[112.75924972018359,3.008589826539797],[112.95166305026171,3.155150733903689],[113.18754104098437,3.614647708848757],[113.42307570895312,3.759805522874636],[113.81483748873828,4.262612424806399],[113.91349318942187,4.358137212709231],[114.02327254733203,4.42452772708301],[114.07372573336718,4.455024801210207],[114.16662124117968,4.511172853425784]]]]}},{"type":"Feature","properties":{"NAME":"Hausa States","ABBREVN":"Hausa States","wikipedia":null,"SUBJECTO":"Hausa States","BORDERPRECISION":1,"PARTOF":"Hausa States","polity_id":"ottoman_classical:hausa_states","name":"Hausa States","ISO_A3":"HAUSASTATES","ADM0_A3":"HAUSASTATES","ADMIN":"Hausa States","fill_colour":"#2ad5aa","border_precision":1},"geometry":{"type":"MultiPolygon","coordinates":[[[[9.24836439707811,13.28658186752308],[10.06134464962783,12.17797243222801],[10.726510310804873,11.29108488399195],[10.839514746751234,10.577395203356538],[10.367754790017862,9.515935300706456],[9.424234876551125,9.044175343973091],[8.71659494145107,9.044175343973091],[7.18337508206762,11.049155160089907],[4.666112064525134,11.512806771050965],[3.557502629230058,12.17797243222801],[3.779224516289073,13.656118345954777],[6.957238230801622,14.24737671144548],[9.24836439707811,13.28658186752308]]]]}},{"type":"Feature","properties":{"NAME":"Papal States","ABBREVN":"Papal States","wikipedia":null,"SUBJECTO":"Papal States","BORDERPRECISION":1,"PARTOF":"Papal States","polity_id":"ottoman_classical:papal_states","name":"Papal States","ISO_A3":"PAPALSTATES","ADM0_A3":"PAPALSTATES","ADMIN":"Papal States","fill_colour":"#3b7d68","border_precision":1},"geometry":{"type":"MultiPolygon","coordinates":[[[[12.37776521272152,44.73152979882409],[12.273584398833496,44.67263754458789],[12.280731234160644,44.55012472720508],[12.34507659396289,44.30104025454883],[12.508117008152919,44.131458089893975],[12.697230372039062,43.934756837800784],[13.600871119109375,43.53480490298633],[13.731556925383789,43.37416037173633],[13.791634592620117,43.12334402652149],[13.915090593901855,42.87276419253711],[14.076401988875073,42.6337763953921],[13.995834610879957,42.6134316006679],[13.929417804058488,42.53041059214106],[13.829792593826284,42.5636189955518],[13.829792593826284,42.48059798702496],[13.763375787004811,42.463993785319595],[13.71356318188871,42.39757697849812],[13.630542173361873,42.53041059214106],[13.547521164835034,42.430785381908855],[13.414687551192095,42.36436857508738],[13.464500156308198,42.231534961444446],[13.414687551192095,42.19832655803371],[13.580729568245768,42.09870134780151],[13.580729568245768,42.048888742685406],[13.630542173361873,42.01568033927467],[13.630542173361873,41.93265933074783],[13.564125366540402,41.86624252392636],[13.597333769951138,41.79982571710489],[13.64714637506724,41.750013111988785],[13.64714637506724,41.79982571710489],[13.863000997237016,41.750013111988785],[13.863000997237016,41.783221515399525],[13.929417804058488,41.750013111988785],[13.879605198942386,41.66699210346195],[13.879605198942386,41.63378370005122],[13.929417804058488,41.63378370005122],[13.96262620746922,41.517554288113644],[13.96262620746922,41.46774168299754],[14.029043014290693,41.40132487617607],[13.995834610879957,41.35151227105997],[13.97923040917459,41.334908069354604],[13.813188392120914,41.318303867649234],[13.760507236170481,41.20669841632788],[13.498390230742675,41.301864229158205],[13.271446261016113,41.31423910708789],[12.97677710970996,41.371375642732424],[12.641516718474609,41.53109701724414],[12.394848856536132,41.72954901309375],[11.963433298674804,42.00474127383594],[11.960132972376597,42.00737273955097],[12.019934607941227,42.09870134780151],[12.003330406235861,42.248139163149816],[12.06974721305733,42.29795176826592],[12.053143011351963,42.53041059214106],[12.129717682746126,42.596046024764625],[12.169372423289534,42.630035802373264],[12.152768221584168,42.696452609194736],[12.185976624994902,42.912307231364515],[12.169372423289534,42.912307231364515],[12.152768221584168,43.06174504671282],[12.219185028405636,43.2277870637665],[12.302206036932475,43.2775996688826],[12.302206036932475,43.344016475704066],[12.219185028405636,43.344016475704066],[12.119559818173432,43.47685008934701],[12.102955616468066,43.60968370298995],[12.119559818173432,43.74251731663289],[12.219185028405636,43.8919551319812],[12.169372423289534,43.8919551319812],[12.086351414762698,43.842142526865096],[12.036538809646595,43.92516353539193],[12.053143011351963,44.07460135074024],[12.053143011351963,44.10780975415097],[12.086351414762698,44.17422656097244],[12.019934607941227,44.17422656097244],[11.936913599414389,44.09120555244561],[11.887100994298287,44.25724756949928],[11.903705196003656,44.32366437632075],[11.853892590887554,44.35687277973149],[11.80407998577145,44.34026857802612],[11.73766317894998,44.35687277973149],[11.687850573833877,44.25724756949928],[11.704454775539245,44.224039166088545],[11.555016960190937,44.19083076267781],[11.571621161896305,44.224039166088545],[11.455391749958732,44.27385177120465],[11.289349732905057,44.224039166088545],[11.322558136315791,44.15762235926707],[11.201986087009125,44.142550853103735],[11.139911917556748,44.34026857802612],[11.289349732905057,44.37347698143685],[11.289349732905057,44.456497989963694],[11.173120320967485,44.605935805312],[11.256141329494323,44.78858202407104],[11.33916233802116,44.85499883089251],[11.169817827810615,45.067184016221326],[11.239537127788955,45.07085345306229],[11.604829565307039,44.904811436008615],[11.770871582360714,45.07085345306229],[11.887100994298287,45.087457654767654],[11.970122002825125,45.03764504965155],[12.053143011351963,45.02104084794619],[12.036538809646595,45.137270259883756],[12.1361640198788,45.104061856473024],[12.37776521272152,44.73152979882409]]]]}},{"type":"Feature","properties":{"NAME":"Expansionist Kingdom of Merina","ABBREVN":"Merina","wikipedia":null,"SUBJECTO":"Expansionist Kingdom of Merina","BORDERPRECISION":1,"PARTOF":"Expansionist Kingdom of Merina","polity_id":"ottoman_classical:expansionist_kingdom_of_merina","name":"Expansionist Kingdom of Merina","ISO_A3":"EXPANSIONIST","ADM0_A3":"EXPANSIONIST","ADMIN":"Expansionist Kingdom of Merina","fill_colour":"#7d4231","border_precision":1},"geometry":{"type":"MultiPolygon","coordinates":[[[[48.01471769870798,-17.022773083871385],[48.488183848332966,-19.44928710069937],[48.488183848332966,-20.041119787730583],[47.18615193686429,-23.1186497602929],[46.00248656280186,-23.592115909917876],[45.52902041317688,-23.592115909917876],[45.2922873383644,-22.645183610667928],[46.6535025185362,-17.73297230830884],[47.48206828037989,-16.904406546465143],[48.01471769870798,-17.022773083871385]]]]}},{"type":"Feature","properties":{"NAME":"Mossi States","ABBREVN":"Mossi States","wikipedia":null,"SUBJECTO":"Mossi States","BORDERPRECISION":1,"PARTOF":"Mossi States","polity_id":"ottoman_classical:mossi_states","name":"Mossi States","ISO_A3":"MOSSISTATES","ADM0_A3":"MOSSISTATES","ADMIN":"Mossi States","fill_colour":"#3b2975","border_precision":1},"geometry":{"type":"MultiPolygon","coordinates":[[[[-3.833226939403772,12.695323502032377],[-3.020246686854049,13.656118345954777],[-1.68991536449996,13.803932937327449],[-0.063954859400518,13.28658186752308],[0.083859731972161,11.73452865810998],[-1.172564294695594,10.84764110987392],[-3.168061278226727,10.921548405560255],[-3.833226939403772,12.695323502032377]]]]}},{"type":"Feature","properties":{"NAME":"Wadai","ABBREVN":"Wadai","wikipedia":null,"SUBJECTO":"Wadai","BORDERPRECISION":1,"PARTOF":"Wadai","polity_id":"ottoman_classical:wadai","name":"Wadai","ISO_A3":"WADAI","ADM0_A3":"WADAI","ADMIN":"Wadai","fill_colour":"#845d39","border_precision":1},"geometry":{"type":"MultiPolygon","coordinates":[[[[21.541861125204445,16.597052251274338],[22.326869693208767,15.328961487575047],[22.80995188890374,13.758944351566388],[22.628796065518124,13.215476881409547],[20.024865091429753,12.636825553834356],[19.84503280216252,13.223421354539367],[19.463429408216985,13.258777579537515],[19.367991244577077,13.396632704795163],[19.790688165810174,14.966649840803818],[20.515311459352628,16.476281702350597],[21.541861125204445,16.597052251274338]]]]}},{"type":"Feature","properties":{"NAME":"Darfur","ABBREVN":"Darfur","wikipedia":null,"SUBJECTO":"Darfur","BORDERPRECISION":1,"PARTOF":"Darfur","polity_id":"ottoman_classical:darfur","name":"Darfur","ISO_A3":"DARFUR","ADM0_A3":"DARFUR","ADMIN":"Darfur","fill_colour":"#66d15c","border_precision":1},"geometry":{"type":"MultiPolygon","coordinates":[[[[22.689181339979996,15.328961487575047],[23.111878261213096,16.597052251274338],[27.45961802246783,18.167069387282993],[29.15040570740022,17.92552828943551],[29.99579954986642,14.24202654726136],[29.09002043293835,13.155091606947678],[24.31958375045052,12.792779960176453],[23.17226353567497,13.577788528180776],[22.689181339979996,15.328961487575047]]]]}},{"type":"Feature","properties":{"NAME":"Lunda","ABBREVN":"Lunda","wikipedia":null,"SUBJECTO":"Lunda","BORDERPRECISION":1,"PARTOF":"Lunda","polity_id":"ottoman_classical:lunda","name":"Lunda","ISO_A3":"LUNDA","ADM0_A3":"LUNDA","ADMIN":"Lunda","fill_colour":"#355eac","border_precision":1},"geometry":{"type":"MultiPolygon","coordinates":[[[[23.50438254521526,-10.334780158720244],[23.021300349520292,-10.817862354415217],[18.250863667032462,-11.119788726724574],[17.465855099028133,-8.16091027809288],[17.888552020261233,-7.375901710088554],[21.330512664587896,-6.711663691007971],[23.625153094139,-6.772048965469839],[23.262841447367776,-9.670542139639663],[23.50438254521526,-10.334780158720244]]]]}},{"type":"Feature","properties":{"NAME":"Luba","ABBREVN":"Luba","wikipedia":null,"SUBJECTO":"Luba","BORDERPRECISION":1,"PARTOF":"Luba","polity_id":"ottoman_classical:luba","name":"Luba","ISO_A3":"LUBA","ADM0_A3":"LUBA","ADMIN":"Luba","fill_colour":"#36832f","border_precision":1},"geometry":{"type":"MultiPolygon","coordinates":[[[[25.3159407790714,-6.530507867622358],[25.980178798151982,-5.141646554999316],[29.19755608186222,-5.315558840605276],[29.22607421875,-5.371386718750003],[29.371972656250023,-5.616406250000011],[29.37060546875,-5.630273437500009],[29.341601562500017,-5.634667968750009],[29.3330078125,-5.661914062500003],[29.340722656250023,-5.746386718750003],[29.34003906250001,-5.766210937500006],[29.32958984375,-5.798535156250011],[29.21435546875,-5.892285156250011],[29.189550781250006,-5.9150390625],[29.183691406250006,-5.9578125],[29.193164062500017,-6.037988281250009],[29.215234375000023,-6.088476562500006],[29.249609375,-6.108984375],[29.26972656250001,-6.131445312500006],[29.289453125000023,-6.175585937500003],[29.311328125000017,-6.191113281250011],[29.42402343750001,-6.491308593750006],[29.436328125000017,-6.509082031250003],[29.453710937500006,-6.516894531250003],[29.476171875,-6.5146484375],[29.48388671875,-6.53759765625],[29.479882812500023,-6.633007812500011],[29.51123046875,-6.719921875000011],[29.536523437500023,-6.754199218750003],[29.61591796875001,-6.822265625],[29.751757812500017,-6.995312500000011],[29.835839843750023,-7.06328125],[29.928320312500006,-7.094921875000011],[30.012988281250017,-7.145214843750011],[30.089648437500017,-7.214160156250003],[30.147070312500006,-7.29921875],[30.207617187500006,-7.473925781250003],[30.213671875000017,-7.557519531250009],[30.20429687500001,-7.586523437500006],[30.221484375000017,-7.66953125],[30.265039062500023,-7.767871093750003],[30.27734375,-7.848339843750011],[30.29443359375,-7.87255859375],[30.367480468750017,-7.90283203125],[30.39609375,-7.928417968750011],[30.441992187500006,-7.99658203125],[30.468164062500023,-8.02099609375],[30.499414062500023,-8.033007812500003],[30.5322265625,-8.064355468750009],[30.566796875000023,-8.115039062500003],[30.58056640625,-8.180957031250003],[30.57343750000001,-8.262304687500006],[30.549121093750017,-8.312597656250006],[30.507714843750023,-8.331738281250011],[30.478125,-8.35498046875],[30.460546875,-8.38232421875],[30.447656250000023,-8.449121093750009],[30.464453125,-8.498144531250006],[30.494531250000023,-8.507031250000011],[30.542773437500017,-8.50390625],[30.567675781250017,-8.513867187500011],[30.569140625000017,-8.537207031250006],[30.55976562500001,-8.55615234375],[30.5341796875,-8.57890625],[30.55488281250001,-8.579785156250011],[30.62031250000001,-8.543652343750011],[30.654296875,-8.5068359375],[30.671679687500017,-8.502734375],[30.681445312500017,-8.5140625],[30.71113281250001,-8.53369140625],[30.798632812500017,-8.56591796875],[30.806054687500023,-8.578320312500011],[30.971484375000017,-8.745312500000011],[30.9986484321756,-8.767442291753097],[30.358111196637648,-9.247845218406562],[29.271176256323965,-9.187459943944692],[28.727708786167124,-9.730927414101533],[28.00308549262467,-9.791312688563403],[27.338847473544085,-9.610156865177789],[26.372683082154143,-10.274394884258374],[25.64805978861169,-9.972468511949018],[25.466903965226077,-10.395165433182118],[23.50438254521526,-10.334780158720244],[23.262841447367776,-9.670542139639663],[23.625153094139,-6.772048965469839],[25.3159407790714,-6.530507867622358]]],[[[29.91939348703638,-6.457926155972186],[29.820410156250006,-6.370019531250009],[29.747949218750023,-6.287695312500006],[29.722070312500023,-6.244140625],[29.717382812500006,-6.196191406250009],[29.72871093750001,-6.095410156250011],[29.72978619755898,-6.091787941808934],[29.91939348703638,-6.457926155972186]]]]}},{"type":"Feature","properties":{"NAME":"Congo","ABBREVN":"Congo","wikipedia":null,"SUBJECTO":"Congo","BORDERPRECISION":1,"PARTOF":"Congo","polity_id":"ottoman_classical:congo","name":"Congo","ISO_A3":"CONGO","ADM0_A3":"CONGO","ADMIN":"Congo","fill_colour":"#98435e","border_precision":1},"geometry":{"type":"MultiPolygon","coordinates":[[[[13.023100692056023,-7.605400402203144],[12.968592676726562,-7.514751829191404],[12.877001795378906,-7.051051534696775],[12.795710596648437,-6.860588945432859],[12.671483072844726,-6.695635236784177],[12.37169078311084,-6.257806695982175],[12.800672820350691,-5.955501836387665],[13.214955701272544,-6.133051642497026],[13.274138969975663,-5.7779520302783],[14.102704731819365,-4.949386268434598],[14.576170881444337,-4.771836462325236],[15.04963703106931,-6.014685105090788],[14.990453762366187,-7.198350479153216],[14.872087224959945,-7.375900285262578],[14.398621075334972,-7.198350479153216],[14.102704731819365,-7.375900285262578],[14.090261310061491,-7.705547240341755],[14.325253312570736,-8.234279245987556],[14.266505311943424,-8.939255253515292],[14.329051675258405,-9.368144601960868],[13.08375838717578,-9.287485517545896],[13.145863566008789,-9.0649341717207],[13.360171351042968,-8.892893232389646],[13.431432756987792,-8.822829641386228],[13.479528460112792,-8.632091917082029],[13.476829561797363,-8.416032232328611],[13.387093576995117,-8.155678190275388],[13.167040857878906,-7.844777502104002],[13.023100692056023,-7.605400402203144]]]]}},{"type":"Feature","properties":{"NAME":"Sardinia","ABBREVN":"Sardinia","wikipedia":null,"SUBJECTO":"Sardinia","BORDERPRECISION":1,"PARTOF":"Sardinia","polity_id":"ottoman_classical:sardinia","name":"Sardinia","ISO_A3":"SARDINIA","ADM0_A3":"SARDINIA","ADMIN":"Sardinia","fill_colour":"#903787","border_precision":1},"geometry":{"type":"MultiPolygon","coordinates":[[[[8.819559130278808,38.976913057283205],[8.696099314299804,38.99581106753711],[8.582376513091308,39.06576880069141],[8.417174372283203,39.212203584626955],[8.374221834746582,39.307845674470705],[8.465033564177734,39.639937959626955],[8.508480105010253,39.946475587800784],[8.487975153533203,40.20879705996875],[8.428189310637695,40.464854799226565],[8.201552424041015,40.66299780459766],[8.159486803618652,40.7846752032793],[8.240707430449707,40.85533865542774],[8.405552897063476,40.86208304019336],[8.766072306243164,40.8628002032793],[8.918423685637695,40.94002493472461],[9.306203875151855,41.18444784732227],[9.59085181674121,40.902911745027346],[9.793739351836425,40.56368216128711],[9.787847551909667,40.44195517154102],[9.69572356661914,40.31368979068164],[9.630800280181152,40.09585531802539],[9.698009523955566,39.69349630923633],[9.648338350859863,39.45721396060352],[9.478920015898925,39.14415701480274],[9.29627517184375,39.23312338443164],[9.062541994658691,39.21989019961719],[8.998516115752441,39.175094209626955],[8.931367907134277,39.05370291324024],[8.819559130278808,38.976913057283205]]]]}},{"type":"Feature","properties":{"NAME":"Naples","ABBREVN":"Naples","wikipedia":null,"SUBJECTO":"Naples","BORDERPRECISION":1,"PARTOF":"Naples","polity_id":"ottoman_classical:naples","name":"Naples","ISO_A3":"NAPLES","ADM0_A3":"NAPLES","ADMIN":"Naples","fill_colour":"#3962a7","border_precision":1},"geometry":{"type":"MultiPolygon","coordinates":[[[[14.076401988875073,42.6337763953921],[14.092769655791503,42.60952719302539],[14.404933008757812,42.35311087222461],[14.519309076873046,42.22970160098438],[14.719955477324707,42.141761384919924],[14.738527330962402,42.047156892732424],[14.922405275908691,41.97177084536914],[15.44860557040332,41.856727205232424],[16.012843165007812,41.90432318301563],[16.187411341277343,41.84086187930469],[16.19841483554004,41.745669923738284],[15.98914626559375,41.634646974519534],[15.87325385531543,41.50214346499805],[15.991044077483398,41.40614279361133],[16.420268091765625,41.278724275544924],[16.945963892546875,41.093814454988284],[17.31927207430957,40.92925222964649],[18.03391936740039,40.59665258975391],[18.05994132479785,40.513534151033205],[18.383612665740234,40.307750307039065],[18.5226488443291,40.09413107486133],[18.43367866000293,39.89840658755664],[18.36491874179004,39.746722780183596],[18.160130533782226,39.87313421817188],[18.01706794222949,39.947894655183596],[17.967745813933593,40.16689261050586],[17.849604639617187,40.24349554629688],[17.619149241057617,40.2878375873125],[17.40165046176074,40.29192694278125],[17.204171213713867,40.39794119449024],[17.24280265292285,40.49576147647266],[17.084080729094726,40.52511175723438],[16.948712381926757,40.481090150789065],[16.844130549041015,40.363135896638674],[16.727564844695312,40.183604799226565],[16.604413065520507,40.089908204988284],[16.623852762786132,39.96775396914844],[16.535006556121093,39.83156546206836],[16.53210166415332,39.697513185457034],[16.87398627719043,39.543651185945315],[17.149069819060546,39.42180212588672],[17.10741904696582,39.28047140689258],[17.120997461882812,39.08602102847461],[17.180712732878906,39.02220877261524],[17.09468940219043,38.915023408845705],[16.79769996127246,38.92585714908008],[16.613329920378906,38.82732733340625],[16.522202524749023,38.72502478213672],[16.572001490203125,38.45711859317188],[16.33069327792285,38.320743165925784],[16.052943262664062,37.93117483706836],[15.785237345305664,37.909705720857424],[15.710227045623046,37.94143637271289],[15.62747577151416,38.00421103091602],[15.626577410308105,38.23308142276172],[15.790868792144042,38.296397767976565],[15.933466944304687,38.53991659732227],[15.827300104705078,38.62273367495899],[15.989846262541992,38.73476370425586],[16.152209314910156,38.70126684756641],[16.212225946990234,38.77795370669727],[16.17720893344043,38.93099173159961],[16.082562479583007,39.01247366519336],[15.989552530852539,39.4283519610918],[15.824671778289062,39.660628877595705],[15.757021936980468,39.93362768741016],[15.666200670806152,40.091861329988284],[15.51592448672412,40.06594809146289],[15.432033571807128,39.988971315339846],[15.027263674346191,40.212195955232424],[14.898671183196289,40.241458497957034],[14.99232009371875,40.37221869082813],[14.951005014983398,40.55147894473438],[14.74331763705371,40.70481451602344],[14.33412745913623,40.593604646638674],[14.349769625273925,40.64252432437305],[14.494590792266113,40.72996100039844],[14.370310816375,40.85147055240039],[14.239995989409667,40.852943025544924],[14.05087378939746,40.76751288028125],[13.94187835177539,40.99803503604297],[13.852500948516113,41.09095724673633],[13.797006640044433,41.19344671817188],[13.760507236170481,41.20669841632788],[13.813188392120914,41.318303867649234],[13.97923040917459,41.334908069354604],[13.995834610879957,41.35151227105997],[14.029043014290693,41.40132487617607],[13.96262620746922,41.46774168299754],[13.96262620746922,41.517554288113644],[13.929417804058488,41.63378370005122],[13.879605198942386,41.63378370005122],[13.879605198942386,41.66699210346195],[13.929417804058488,41.750013111988785],[13.863000997237016,41.783221515399525],[13.863000997237016,41.750013111988785],[13.64714637506724,41.79982571710489],[13.64714637506724,41.750013111988785],[13.597333769951138,41.79982571710489],[13.564125366540402,41.86624252392636],[13.630542173361873,41.93265933074783],[13.630542173361873,42.01568033927467],[13.580729568245768,42.048888742685406],[13.580729568245768,42.09870134780151],[13.414687551192095,42.19832655803371],[13.464500156308198,42.231534961444446],[13.414687551192095,42.36436857508738],[13.547521164835034,42.430785381908855],[13.630542173361873,42.53041059214106],[13.71356318188871,42.39757697849812],[13.763375787004811,42.463993785319595],[13.829792593826284,42.48059798702496],[13.829792593826284,42.5636189955518],[13.929417804058488,42.53041059214106],[13.995834610879957,42.6134316006679],[14.076401988875073,42.6337763953921]]]]}},{"type":"Feature","properties":{"NAME":"Sicily","ABBREVN":"Sicily","wikipedia":null,"SUBJECTO":"Sicily","BORDERPRECISION":1,"PARTOF":"Sicily","polity_id":"ottoman_classical:sicily","name":"Sicily","ISO_A3":"SICILY","ADM0_A3":"SICILY","ADMIN":"Sicily","fill_colour":"#257e43","border_precision":1},"geometry":{"type":"MultiPolygon","coordinates":[[[[14.942398104277832,36.738563142732424],[14.622022661772949,36.776141725496096],[14.21591285189746,37.0493236407793],[13.868404421416503,37.15695150943164],[13.01156714877246,37.52489431949024],[12.636879000273925,37.581500612214846],[12.532035860625488,37.63867148013477],[12.454147371855957,37.766009889558596],[12.516644510833007,37.91916998477344],[12.664325747100097,38.07249792666797],[12.782839808074218,38.11737783999805],[13.06595233401416,38.066932283357424],[13.322475466338378,38.22051199527149],[13.627963099089843,38.02980764956836],[13.80953029116748,37.966415010408205],[14.134472879973632,37.973453126863284],[14.765865358916503,38.0576129779375],[15.386741671172363,38.20554693789844],[15.453687700835449,38.16741522403125],[15.472892794219238,38.110057435945315],[15.422523531523925,38.05257376284961],[15.181032213774902,37.68228109927539],[15.112180742827636,37.45903357119922],[15.116248163787109,37.286944948152346],[15.301346811858398,37.057899080232424],[15.220631632415039,37.000377260164065],[15.027343782988769,36.74511679263477],[14.942398104277832,36.738563142732424]]]]}},{"type":"Feature","properties":{"NAME":"Đại Việt","ABBREVN":"Đại Việt","wikipedia":null,"SUBJECTO":"Đại Việt","BORDERPRECISION":1,"PARTOF":"Đại Việt","polity_id":"ottoman_classical:i_vi_t","name":"Đại Việt","ISO_A3":"IVIT","ADM0_A3":"IVIT","ADMIN":"Đại Việt","fill_colour":"#32518b","border_precision":1},"geometry":{"type":"MultiPolygon","coordinates":[[[[101.96785262545703,22.533715806916994],[102.18545058688281,22.636575303987307],[102.41698745211718,22.695058427766604],[102.5703611703789,22.689601503328127],[102.83884719332812,22.513383470491213],[102.985056910125,22.469791017488284],[103.24778274020312,22.655440889314455],[103.39727309664843,22.707110963777346],[104.11500075778125,22.730329118684573],[104.47811416110156,22.78323134036426],[104.63144210299609,22.85396345706348],[104.94455245455859,23.103391252473635],[105.17943099459765,23.25078161807422],[105.31343368014453,23.296004854158205],[105.59397414645312,23.037318788484377],[105.94114211520312,22.9314037189043],[106.23813918551562,22.90773542971973],[106.58803084811328,22.928811632112307],[106.694529566375,22.834197603181643],[106.71983626803515,22.662929140046877],[106.5073957773125,22.325194917634768],[106.55055526217578,22.09053763003711],[106.67344191989062,21.92616995425586],[107.09811690768359,21.649287782625002],[107.37752822360156,21.574723802522463],[107.78662398776171,21.526309572175784],[107.87561324557421,21.462068162874026],[107.78977492770312,21.402537904695315],[107.41781142672656,21.185786806062502],[107.46579268893359,20.976270280793948],[107.3743391366875,20.88079222293262],[106.80704024752734,20.905006013826174],[106.74624923190234,20.815949998811526],[106.77157119235156,20.638139329866213],[106.64429000338671,20.466365419343752],[106.38092330416796,20.11008795352344],[106.28142837008593,20.046357713655276],[106.0416746469414,19.937850557283205],[105.96486953219531,19.880523286775393],[105.84338668307421,19.702409349397463],[105.70696547946093,19.282880388215823],[105.53258040866015,18.84421118350391],[105.65331557711718,18.742835603669924],[105.86413100680468,18.489196382478518],[106.36444381198046,18.007497392610354],[106.375193628875,17.899535737947268],[106.39383986910937,17.66453894229297],[106.43306258639453,17.55027922244434],[106.62225631198046,17.32835539431934],[107.11497024020312,16.95461042971973],[107.69201949557421,16.37142714114551],[107.80916884860156,16.28274305911426],[108.09534743746875,16.2515884265459],[108.23614791354296,16.080380998567385],[108.36306289157031,15.623269639924807],[108.49894240817187,15.363107286409182],[108.78612044772265,15.090558610872073],[108.91776565035937,14.792262636140627],[109.07114699801562,14.170025430635256],[109.30712417086718,12.906332574800295],[109.17454055270312,12.709093652681155],[109.0684309335625,12.48651274295215],[109.09094527682421,12.118089281038088],[109.04842666110156,11.933768831208987],[109.07335189303515,11.635222040132327],[109.06130507907031,11.590727411226077],[108.89730361422656,11.342598520234866],[108.69589522799609,11.145221315339846],[108.58152297457812,11.087793909028811],[108.35281661471484,11.042831026033205],[108.16427901705859,10.966188989595217],[107.93872359713671,10.806869111970705],[107.67287734469531,10.526755891755862],[107.41204360446093,10.367358766511721],[107.26571944674609,10.347982011750979],[107.03562453707812,10.436424814180178],[106.85380080660937,10.575815759614748],[107.38450149020312,12.354075990632815],[107.48226455172656,12.583323083833498],[107.45781997164843,13.065914712861819],[107.4802961679375,13.256602846101565],[107.51459029635546,13.421952806428713],[107.30970290621875,13.878046594575686],[107.29674819430468,14.176478944734377],[107.39329055270312,14.583531938508791],[107.46341231783984,14.996761880830569],[107.43399337252734,15.256977640107912],[107.33807662448046,15.45328577609424],[107.09975722750781,15.667821489290041],[107.06714156588671,15.79464491458301],[107.16857436617968,15.992103181794924],[107.10751632174609,16.169568620637698],[106.94634536227343,16.30833014102344],[106.63819411715625,16.484338365510744],[106.42635634860156,16.718055330232424],[106.16977218112109,17.129317842439455],[105.41265395602343,18.083745561555666],[105.09863570651171,18.431155763582034],[104.81215957125781,18.721570573762698],[104.52772048434375,18.935790620759768],[103.9719953866875,19.269073091462893],[103.89931014498828,19.313087068513674],[103.88008407076953,19.535207353547854],[104.00476363619921,19.70102270694141],[104.1445799203789,19.746285997346682],[104.3584699960625,19.715789400056643],[104.48754409274218,19.7419448718584],[104.60505965670703,19.825173936799807],[104.71968368014453,19.97187765689258],[104.71581557711718,20.200439058259768],[104.32407668551562,20.63627775760059],[104.12909224948046,20.939910493806643],[104.01119521578906,20.977319322541994],[103.83613875826953,20.900102220491213],[103.60706618746875,20.68288382144336],[103.47791579684375,20.65673216433887],[103.26622298678515,20.744395814851565],[102.99293807467578,20.939632020906252],[102.84287551364062,21.249883256868166],[102.69068435153125,21.668059907869143],[102.44640639742968,21.939666353181643],[102.17058852633593,22.198381029084963],[101.96785262545703,22.533715806916994]]]]}},{"type":"Feature","properties":{"NAME":"Cambodia","ABBREVN":"Cambodia","wikipedia":null,"SUBJECTO":"Cambodia","BORDERPRECISION":1,"PARTOF":"Cambodia","polity_id":"ottoman_classical:cambodia","name":"Cambodia","ISO_A3":"CAMBODIA","ADM0_A3":"CAMBODIA","ADMIN":"Cambodia","fill_colour":"#892985","border_precision":1},"geometry":{"type":"MultiPolygon","coordinates":[[[[106.7043943735039,10.448421083406252],[106.72699264010546,10.226109109834475],[106.7486067148125,10.067325197175784],[106.65627578219531,9.743097864106936],[106.48202804049609,9.552120767549319],[106.33506301364062,9.520029626802248],[106.22927382907031,9.55157621951465],[106.11839583834765,9.335317216829104],[105.92659285983203,9.188765130952639],[105.69075301608203,9.124719224885744],[105.50307754000781,9.029017053560061],[105.29658797701953,8.774433694795412],[105.2084226938164,8.653525911287112],[105.0256834360039,8.51970537753467],[104.90707686862109,8.474970422700686],[104.7424803110039,8.493669115022463],[104.77762130221484,8.881320558503909],[104.82237533053515,9.4722972735918],[104.89044478854296,9.694809518770022],[104.98728469332812,9.822088800386233],[104.97852614840625,9.980911813691897],[104.76486495455859,10.177400194124026],[104.4278059335625,10.284679017976565],[104.38717940768359,10.314412675813479],[104.27201369723437,10.39871271701221],[104.16030410250781,10.519180856660647],[104.00306228121875,10.537899576143069],[103.83095076998828,10.473997674897952],[103.73876479586718,10.492859445527834],[103.60692122897265,10.473509393647952],[103.52486709078906,10.524168573335452],[103.58845809420703,10.66408022494678],[103.67030623873828,10.765905939058108],[103.65232375582812,10.880223833040041],[103.52488997897265,11.05784185977344],[103.40011886080859,11.038512788728518],[103.19204238375781,10.904642663911623],[103.03959182223437,10.897970758394045],[102.96258834323046,11.367944322541994],[102.67077926119921,12.03772410006885],[102.73594954928515,12.116983972505373],[103.65654406918522,12.846401845542832],[105.01560168467714,13.406013804863036],[106.06073290081963,13.342657450517313],[107.4802961679375,13.256602846101565],[107.45781997164843,13.065914712861819],[107.48226455172656,12.583323083833498],[107.38450149020312,12.354075990632815],[106.85380080660937,10.575815759614748],[106.77315810641406,10.639172159150881],[106.7043943735039,10.448421083406252]]]]}},{"type":"Feature","properties":{"NAME":"Oman","ABBREVN":"Oman","wikipedia":null,"SUBJECTO":"Oman","BORDERPRECISION":1,"PARTOF":"Oman","polity_id":"ottoman_classical:oman","name":"Oman","ISO_A3":"OMAN","ADM0_A3":"OMAN","ADMIN":"Oman","fill_colour":"#2b7a91","border_precision":1},"geometry":{"type":"MultiPolygon","coordinates":[[[[57.396296877665264,23.837040823040553],[57.45101455172656,23.80522307010059],[57.90421584567187,23.57111319156055],[58.080718073455074,23.501605592683596],[58.20529464205859,23.495515428499026],[58.46465590914843,23.508771501497073],[58.62849334200976,23.458295427278323],[59.021636042205074,23.020764909700198],[59.2543211313164,22.7290054187334],[59.46142104586718,22.53886564822559],[59.82569030245898,22.37445219607715],[59.837283167449215,22.279178224519534],[59.5356932016289,21.80205114932422],[59.2588491769707,21.477447114900393],[58.86135390719531,21.11447676272754],[58.774060503887554,20.941229844264516],[58.18030483547615,21.849213133895084],[57.62096561207203,22.704566093210317],[57.396296877665264,23.837040823040553]]]]}},{"type":"Feature","properties":{"NAME":"Astrakhan Khanate","ABBREVN":"Astrakhan Khanate","wikipedia":null,"SUBJECTO":"Nogai Horde","BORDERPRECISION":1,"PARTOF":"Astrakhan Khanate","polity_id":"ottoman_classical:astrakhan_khanate","name":"Astrakhan Khanate","ISO_A3":"ASTRAKHANKHA","ADM0_A3":"ASTRAKHANKHA","ADMIN":"Astrakhan Khanate","fill_colour":"#36d936","border_precision":1},"geometry":{"type":"MultiPolygon","coordinates":[[[[46.80997756442187,44.53633078189258],[46.84594634493945,44.44641073794727],[46.99880507907031,44.356490694001955],[47.142676386443355,44.3385082110918],[47.223601374236324,44.20362814517383],[47.33150771578906,44.185645662263674],[47.43940642794726,44.03278311343555],[47.56529525241015,43.84395559878711],[47.53831771334765,43.67311056704883],[47.49336150607226,43.58319052310352],[47.19483867485455,43.37586314463319],[47.24856164173707,42.78491050892555],[48.22371258025433,41.4711466998491],[48.20107177218554,41.463599763826174],[48.06278518160937,41.31467779727344],[47.98832610568164,41.218944154695315],[47.81812957247851,41.197669588044924],[47.61601928195117,41.261493287996096],[47.35008529147265,41.30404242129688],[47.35008529147265,41.442325197175784],[47.22243789157031,41.56997641177539],[47.169253382292965,41.56997641177539],[47.12670424899218,41.62316092105274],[46.91395858248828,41.75080832095508],[46.850134882537105,41.83590658755664],[46.76503661593554,41.83590658755664],[46.66929915866015,41.81463202090625],[46.658659967986324,41.88909491153125],[46.55577758273242,41.878455720857424],[46.49910262545703,41.96355398745899],[46.392729792205074,41.995467744783205],[46.28635695895312,41.98482855410938],[46.15870955905078,42.00610312075977],[46.041697535124996,42.04865225406055],[45.91405013522265,42.12311514468555],[45.75448897799609,42.25076254458789],[45.8076773019707,42.389049135164065],[45.86086181124804,42.47414740176563],[45.8076773019707,42.5379711017168],[45.64811614474414,42.54860647769336],[45.47791961154101,42.54860647769336],[45.38218596896289,42.62306936831836],[45.29708388766406,42.676253877595705],[45.20135024508593,42.676253877595705],[45.13752654513476,42.71880301089649],[45.03115371188281,42.771991334871096],[44.9779653879082,42.771991334871096],[44.93541625460742,42.74007757754688],[44.871592554656246,42.66561850161914],[44.78649428805468,42.729442201570315],[44.6694822641289,42.76135214419727],[44.509924921599605,42.76135214419727],[44.414187464324215,42.729442201570315],[44.37163833102343,42.686893068269534],[44.2971792550957,42.612430177644534],[44.169531855193355,42.612430177644534],[44.052519831267574,42.55924566836719],[43.95678618868945,42.59115561099414],[42.87842467745898,41.54550512881641],[42.69377807101367,41.5637164935625],[42.35151961764453,41.40158041568164],[42.25010970553515,41.368968568757815],[42.02903655490039,41.39981039615039],[41.48396209200976,41.436542116121096],[41.52111342867968,41.46583517642383],[41.666113886443355,41.72915228457813],[41.6804685922539,41.793338380769534],[41.65183547457812,42.120643220857424],[41.502722773162105,42.608478151277346],[41.40974334200976,42.78824194522266],[41.12255385836718,43.019088350251955],[40.969336542693355,43.07665976138477],[40.55709365328906,43.14658697696094],[40.251616510955074,43.268184267],[40.09806350192187,43.37755163760547],[39.458689722624996,43.832931123689455],[38.92371276339648,44.21186026187305],[38.5560903879082,44.38509710879688],[38.27700332125781,44.42320593448047],[38.10918334445117,44.49377401919727],[37.880373987761715,44.71894796939258],[37.774050745574215,44.74454077334766],[37.62174514254687,44.67330893130664],[37.47389129122851,44.692359529451174],[39.6334383482084,45.68862870814717],[40.382918650869385,45.438801940593514],[40.63274541842304,46.68793577836182],[42.25661940752185,46.81284916213865],[43.38083986151332,46.1882822432545],[43.88049339662065,44.81423502170936],[44.75488708305846,44.439494870378866],[46.87292006930468,44.68019827456836],[46.80997756442187,44.53633078189258]]]]}},{"type":"Feature","properties":{"NAME":"Britany","ABBREVN":"Britany","wikipedia":null,"SUBJECTO":"Britany","BORDERPRECISION":1,"PARTOF":"Britany","polity_id":"ottoman_classical:britany","name":"Britany","ISO_A3":"BRITANY","ADM0_A3":"BRITANY","ADMIN":"Britany","fill_colour":"#874b36","border_precision":1},"geometry":{"type":"MultiPolygon","coordinates":[[[[-1.999109269065851,48.67695685862887],[-1.75196905427781,48.17821145459153],[-2.010361521016347,47.745650369834415],[-2.575529757440609,47.32396831560688],[-2.576483931931275,47.324866853669924],[-2.465543475540894,47.49438437075977],[-2.613652196320313,47.572249971345705],[-2.842474189194458,47.49190481753711],[-3.062696423920411,47.60393866153125],[-3.433526244553345,47.71681173892383],[-3.711868014725464,47.79814871402149],[-3.858102050217408,47.79180868716602],[-3.954837766083497,47.90433844180469],[-4.364373650940674,47.82931097598438],[-4.390935388001221,47.94184836001758],[-4.510127511414307,47.99813040347461],[-4.675397363098877,48.01689489932422],[-4.700306382569092,48.06380423159961],[-4.312866177948731,48.10133322329883],[-4.350984063538331,48.204566560701174],[-4.587968316468018,48.25149496646289],[-4.388901677521485,48.298438631013674],[-4.350201573761719,48.390506349519534],[-4.473793950470704,48.382937990144534],[-4.592021432312745,48.392318330720705],[-4.779634442719239,48.354774080232424],[-4.761963334473389,48.55200155825977],[-4.625704255493897,48.546668611482424],[-4.488299336823243,48.61226614566211],[-4.251477208527344,48.65191229434375],[-3.998872962387818,48.73053701968555],[-3.902217355164307,48.64596136660938],[-3.821306434067505,48.721149049714846],[-3.607873406800049,48.692950807527346],[-3.557670083435791,48.810077272371096],[-3.435057845505494,48.83645971866016],[-3.091225352677125,48.87155111880664],[-2.914459433945435,48.70678671450977],[-2.79053541699292,48.58958014102344],[-2.636378016861695,48.55200155825977],[-2.342885461243409,48.67414816470508],[-2.200072136315125,48.598983369783205],[-2.07596763649823,48.65615805240039],[-1.999109269065851,48.67695685862887]]]]}},{"type":"Feature","properties":{"NAME":"Venice","ABBREVN":"Venice","wikipedia":null,"SUBJECTO":"Venice","BORDERPRECISION":1,"PARTOF":"Venice","polity_id":"ottoman_classical:venice","name":"Venice","ISO_A3":"VENICE","ADM0_A3":"VENICE","ADMIN":"Venice","fill_colour":"#772c3f","border_precision":1},"geometry":{"type":"MultiPolygon","coordinates":[[[[9.568924281182554,46.03811619187675],[10.1951467234354,46.14563208029098],[10.558315868167236,46.49986167086014],[10.558315868167236,46.312877109259034],[10.457058518260423,46.21161975935222],[10.524563418198298,45.73908545978709],[10.65957321807405,45.806590359724964],[10.7945830179498,45.63782810988028],[10.929592817825549,45.84034280969391],[11.165859967608114,45.73908545978709],[11.233364867545989,46.00910505953859],[11.3346222174528,46.00910505953859],[11.570889367235365,45.975352609569654],[11.570889367235365,46.245372209321154],[11.908413866924741,46.414134459165844],[11.739651617080053,46.751658958855224],[12.074753794280273,46.92750509829883],[12.217808756438476,46.88431891055469],[12.328428349573102,46.967498804640286],[12.407154703364085,46.96407591969285],[12.697675849654708,46.9514445655063],[13.291682697612078,47.06382423944418],[13.516442045487839,46.99960728290825],[13.58065900202377,46.83906489156842],[13.709092915095635,46.83906489156842],[13.725147154229617,46.646414021960624],[13.6211014123833,46.420882783845705],[13.606337580291015,46.13213690371875],[13.500387806353855,45.940027500065376],[13.367695841399414,45.69448813052539],[13.156165155974609,45.72652395816211],[13.10460856875537,45.58238562198047],[12.898650202361328,45.55837210269336],[12.448155436125976,45.39428671450977],[12.48321250399707,45.46231421084766],[12.279743227568847,45.40228994937305],[12.251417193022949,45.29028280825977],[12.180371317473632,45.27027853579883],[12.176189455596191,45.21429022403125],[12.312513384429199,45.178294740632815],[12.322136911956054,45.0423656329668],[12.408988031951171,44.9890094623125],[12.523090395537597,44.88275106997852],[12.47604468783496,44.787086091951174],[12.37776521272152,44.73152979882409],[12.1361640198788,45.104061856473024],[12.036538809646595,45.137270259883756],[12.053143011351963,45.02104084794619],[11.970122002825125,45.03764504965155],[11.887100994298287,45.087457654767654],[11.770871582360714,45.07085345306229],[11.604829565307039,44.904811436008615],[11.239537127788955,45.07085345306229],[11.169817827810615,45.067184016221326],[10.856080977908093,45.05067155043698],[10.824432085154767,45.353124882053535],[10.67499426980646,45.353124882053535],[10.506080949104131,45.36516062784453],[10.376652918577285,45.3743828896956],[9.997694467681434,45.40138518626623],[9.92205692089939,45.666116600003384],[9.846419374117344,45.70393537339441],[9.506050413598146,45.514841506439296],[9.695144280553256,45.779572920176456],[9.58168796038019,45.89302924034952],[9.568924281182554,46.03811619187675]]]]}},{"type":"Feature","properties":{"NAME":"Benin","ABBREVN":"Benin","wikipedia":null,"SUBJECTO":"Benin","BORDERPRECISION":1,"PARTOF":"Benin","polity_id":"ottoman_classical:benin","name":"Benin","ISO_A3":"BENIN","ADM0_A3":"BENIN","ADMIN":"Benin","fill_colour":"#31387c","border_precision":1},"geometry":{"type":"MultiPolygon","coordinates":[[[[5.383361372557861,5.610234342531008],[5.152887854186279,5.6415129527605],[5.095240149108154,5.755762659028811],[4.886312040892822,6.003147207216067],[4.634121450988037,6.212299905732912],[4.360316309539062,6.326093278840823],[4.072063479033691,6.439846120790286],[3.94949725588916,6.579388700441164],[4.82339239621597,7.929541061182515],[5.337624153817803,8.724019928789726],[6.878752839963379,8.642907892676803],[7.36542505664093,7.912899567660475],[7.36542505664093,6.939555134305373],[6.899720429156793,6.127803964274134],[5.383361372557861,5.610234342531008]]]]}},{"type":"Feature","properties":{"NAME":"Hadramaut","ABBREVN":"Hadramaut","wikipedia":null,"SUBJECTO":"Hadramaut","BORDERPRECISION":1,"PARTOF":"Hadramaut","polity_id":"ottoman_classical:hadramaut","name":"Hadramaut","ISO_A3":"HADRAMAUT","ADM0_A3":"HADRAMAUT","ADMIN":"Hadramaut","fill_colour":"#5d499c","border_precision":1},"geometry":{"type":"MultiPolygon","coordinates":[[[[46.659412505469874,15.424765841731508],[47.837586523826076,16.42168231880214],[50.511135257788226,17.14671248394442],[51.59900174758798,15.378753642226663],[51.312563929167965,15.246890626863284],[50.29111770114062,14.958784662202639],[49.71286300143359,14.773288331941409],[49.33384993991015,14.632695756868166],[49.17317870577929,14.498915277437014],[48.9603872629082,14.218897424653811],[48.76460174044726,14.097749315217776],[48.536746058074215,14.046437822297854],[48.270144495574215,14.077626787141604],[48.03616622408984,14.045357309297366],[47.662295374480465,13.847587190583987],[47.36957457980273,13.669052682832522],[46.939394983855465,13.490221582368655],[46.87773410632187,13.473871601441703],[46.711331972911935,13.935677293016287],[46.335271204734354,14.096846193663826],[46.659412505469874,15.424765841731508]]]]}},{"type":"Feature","properties":{"NAME":"Mahra","ABBREVN":"Mahra","wikipedia":null,"SUBJECTO":"Mahra","BORDERPRECISION":1,"PARTOF":"Mahra","polity_id":"ottoman_classical:mahra","name":"Mahra","ISO_A3":"MAHRA","ADM0_A3":"MAHRA","ADMIN":"Mahra","fill_colour":"#2a8d7a","border_precision":1},"geometry":{"type":"MultiPolygon","coordinates":[[[[50.511135257788226,17.14671248394442],[53.95502854221405,19.729632447263786],[55.38948729952929,17.80974157901172],[55.290408167449215,17.676099382356448],[55.2344351144707,17.447261415437502],[55.23563674410937,17.288434587434573],[55.19483855685351,17.148564897493166],[54.910613092986324,16.97005995364551],[54.756079706755855,16.95067175479297],[54.40687468966601,17.04522093387012],[54.084258112517574,17.01911886783008],[53.681250605193355,16.897540651277346],[53.33573440035937,16.763379655793948],[53.20845321139453,16.718633256868166],[53.02094939669726,16.65376814456348],[52.894324335662105,16.60995253177051],[52.65216735324023,16.488719545320315],[52.356596979705074,16.233945451692385],[52.23764327487109,16.10025557132129],[52.16285613497851,15.871372781709475],[52.135169062224605,15.687059961274905],[51.95041182955859,15.540526948884768],[51.59900174758798,15.378753642226663],[50.511135257788226,17.14671248394442]]]]}},{"type":"Feature","properties":{"NAME":"Gharra","ABBREVN":"Gharra","wikipedia":null,"SUBJECTO":"Gharra","BORDERPRECISION":1,"PARTOF":"Gharra","polity_id":"ottoman_classical:gharra","name":"Gharra","ISO_A3":"GHARRA","ADM0_A3":"GHARRA","ADMIN":"Gharra","fill_colour":"#7a642a","border_precision":1},"geometry":{"type":"MultiPolygon","coordinates":[[[[53.95502854221405,19.729632447263786],[56.94577797342595,20.635920153691636],[58.18030483547615,21.849213133895084],[58.774060503887554,20.941229844264516],[58.51204970797656,20.421229921296877],[58.403086695281246,20.357472978547854],[58.15044692477343,20.39505537600879],[58.0443716379082,20.43295057864551],[57.93127349337695,20.400937639192385],[57.80608275851367,20.171960435823244],[57.77755263766406,19.66999014468555],[57.77842620333789,19.3142104968584],[57.83862975558398,19.034806810334963],[57.65703490695117,18.970885835603518],[57.18620971163867,18.938108049348635],[56.90431121310351,18.81680067630176],[56.73888686617968,18.689376436189455],[56.60859969576953,18.466741167024416],[56.54936126193164,18.218829713777346],[56.45755294283984,18.091561876252932],[56.25759032687304,17.97677382083301],[56.01284316500781,17.93178518863086],[55.88154509982226,17.931510530427737],[55.70811751803515,17.95018347354297],[55.561072382537105,17.937171541169924],[55.38948729952929,17.80974157901172],[53.95502854221405,19.729632447263786]]]]}},{"type":"Feature","properties":{"NAME":"Inca Empire","ABBREVN":"Incas","wikipedia":null,"SUBJECTO":"Inca Empire","BORDERPRECISION":1,"PARTOF":"Inca Empire","polity_id":"ottoman_classical:inca_empire","name":"Inca Empire","ISO_A3":"INCAEMPIRE","ADM0_A3":"INCAEMPIRE","ADMIN":"Inca Empire","fill_colour":"#ceb727","border_precision":1},"geometry":{"type":"MultiPolygon","coordinates":[[[[-67.00362839996394,-15.7854260563725],[-66.6934585993106,-17.205973084076422],[-66.54293786209772,-18.267023785590155],[-66.54293786209772,-19.765984390912124],[-67.91698508364286,-22.014425298895077],[-67.6671583160892,-23.76321267177071],[-67.91698508364286,-26.261480347307323],[-71.41326809467435,-32.728882234513435],[-71.40336319485547,-32.64457742123242],[-71.44536301175,-32.54304925350781],[-71.5198487905586,-32.181175626798826],[-71.65150162258985,-31.241445936247068],[-71.69539352932813,-30.85409013180371],[-71.68157669583204,-30.60000077633496],[-71.49606796780469,-30.34556046871777],[-71.32951065579297,-30.10385362057324],[-71.23666092434766,-29.849592603727537],[-71.23363968411329,-29.519295133634763],[-71.38621231594922,-29.28459206966992],[-71.43014999905469,-29.100479520841795],[-71.29720016995313,-28.668276227995115],[-71.19901749173047,-28.244963087125974],[-71.14201065579297,-27.994638837858396],[-70.93462082425,-27.727417387052732],[-70.85741135159375,-27.314379133268552],[-70.84899998023421,-27.280671044895715],[-70.74798294583204,-26.875851072355466],[-70.69128128567579,-26.513653196378904],[-70.65462967434766,-26.259478010221677],[-70.68299576321485,-25.77041283993359],[-70.49319168606641,-25.471443571134763],[-70.3981446889961,-25.24891320614453],[-70.49769302883985,-24.829849638029295],[-70.51942917385938,-24.455095686002927],[-70.45283981839063,-24.34695664791699],[-70.46275040188672,-23.934050001188474],[-70.35946365872266,-23.660654462858396],[-70.41524979153516,-23.527374662443357],[-70.5796403555,-23.489599622770506],[-70.55272385159375,-23.343433774992185],[-70.57323929348829,-23.16559449581738],[-70.4730729726875,-23.07644311337109],[-70.29201218167188,-22.987125791593748],[-70.23022934475782,-22.796404279752927],[-70.23394485989454,-22.42795030026074],[-70.20114278946988,-22.217460822211553],[-70.19234940091016,-22.161034025236326],[-70.11063095608594,-21.74793664364453],[-70.11244675198438,-20.6933521404707],[-70.18984695950391,-19.75962869076367],[-70.20851608792188,-19.06719819454785],[-70.29601761380079,-18.629028715177732],[-70.36356827298047,-18.45498315243359],[-70.4539308218086,-18.2227768078291],[-70.58412643948438,-18.083280958219724],[-71.2240495351875,-17.805118955656248],[-71.36520096341016,-17.69742051510449],[-71.47015854397657,-17.392696775480466],[-71.611866918,-17.22145501522656],[-71.86322495022657,-17.120342649503904],[-72.08997818508985,-16.993765272184568],[-72.30994888821485,-16.879755415006834],[-72.58723923245313,-16.74070779232617],[-72.98006149807813,-16.53188554195996],[-73.28297897854688,-16.367351926847654],[-73.67259689846875,-16.19666139034863],[-74.04964157620313,-16.044990934416013],[-74.62142654934766,-15.665019430204588],[-75.2309083608711,-15.221601881071287],[-75.78529068508985,-14.727239049955564],[-76.05259415188672,-14.410147108122068],[-76.24178024807813,-14.105595983549314],[-76.2382096914375,-13.9086259975874],[-76.23803421536329,-13.502021230741697],[-76.359181371125,-13.229079641386228],[-76.71058365383985,-12.759679235502439],[-77.33550735989454,-11.509389318510252],[-77.4639405874336,-11.388950742765623],[-77.67389389553907,-11.29409734158154],[-77.70724960842969,-11.256047643705564],[-77.68253799954297,-11.014555372282224],[-77.69160934964063,-10.836669363065916],[-77.75874802151563,-10.65892068295117],[-78.30214401760938,-9.668905653043943],[-78.75094315091016,-8.786702550932127],[-79.06024643460157,-8.215522207304197],[-79.67460342923047,-7.352711595579343],[-79.79706284085157,-7.194126524015623],[-80.06590744534375,-6.756278909727293],[-80.27396866360547,-6.566111959501463],[-80.61159225979688,-6.369872011228757],[-81.02270218411329,-6.205557741209226],[-81.29700943508985,-6.040935911222654],[-81.24355789700391,-5.964570917173582],[-81.16232010403516,-5.913574136778074],[-80.88809677639844,-5.90026942638989],[-80.82338425198438,-5.715860761686521],[-80.87624832669141,-5.588887132688718],[-81.14286514798047,-5.195517458006101],[-81.30149551907422,-4.998885549589353],[-81.41761490383985,-4.675080694242673],[-81.41332718411329,-4.567058004423338],[-81.30361649075391,-4.331714548155027],[-81.04177567044141,-4.051563180967527],[-80.58289810696485,-3.656617797895628],[-80.37157150784375,-3.567196287199216],[-80.22890945950391,-3.471247114225584],[-80.14415451565625,-3.414210237547117],[-80.02521225491407,-3.274164356275755],[-79.76177689114454,-2.797014869734006],[-79.74477097073438,-2.676250852628904],[-79.83896347561719,-2.346026577039915],[-79.81301590481641,-2.170478500410276],[-80.02785965481641,-2.448112644239622],[-80.35725876370313,-2.728416360899168],[-80.50732895413282,-2.684253610655027],[-80.77762314358594,-2.538698591276365],[-80.96104904690625,-2.354813732191282],[-80.78616043606641,-2.22734371571179],[-80.74118515530469,-2.119224466367918],[-80.81634232083204,-1.858862794920164],[-80.81377884426954,-1.661865867658811],[-80.75389572659375,-1.452044643446165],[-80.80300613919141,-1.325063265844541],[-80.96610733548047,-1.033107079549985],[-80.87936111966016,-0.956666149183469],[-80.66320511380079,-0.86723629383679],[-80.33884903469922,-0.66318116335507],[-80.48226639309766,-0.485572792574125],[-80.48215958157422,-0.383899874969678],[-80.403126683625,-0.224856026455122],[-80.17984482327344,-0.016971983],[-80.1089601186836,0.049028903261465],[-80.04623886624219,0.430440627054018],[-80.09817215481641,0.633673213437838],[-80.13487717190625,0.716208599523348],[-80.08556076565625,0.817998133615298],[-79.77687546292188,0.863141022638125],[-79.37601181546094,1.016531787828249],[-79.19764420071485,1.124947510675234],[-78.98431107083204,1.296987973169131],[-78.94347855130079,1.380803190187258],[-78.92853256741407,1.411497674897952],[-78.9811296133125,1.551179490999026],[-79.06246658841016,1.678105674699587],[-79.01388260403516,1.773532710984988],[-78.78475662747266,1.824865661577029],[-78.5752687124336,1.774477444604678],[-78.49182602444532,1.920829616502566],[-78.64825150051954,2.174676977113528],[-78.60953232327344,2.365407787278933],[-78.46819778958204,2.467397294954104],[-78.07328506985547,2.493669830278201],[-77.98651596585157,2.474799953416628],[-77.94148993056844,-1.724464599665186],[-78.5616013224577,-2.128662113961151],[-78.39231762535397,-2.912757309929439],[-77.92672331976947,-3.10164348977513],[-77.88516689942037,-6.977321235497577],[-74.28756765626122,-12.645921515632779],[-70.52024877574033,-13.743517451082983],[-69.6018889310102,-14.22980964606285],[-69.27241573917452,-15.218229221569857],[-67.00362839996394,-15.7854260563725]]]]}},{"type":"Feature","properties":{"NAME":"Karankawa","ABBREVN":"Karankawa","wikipedia":null,"SUBJECTO":"Karankawa","BORDERPRECISION":1,"PARTOF":"Karankawa","polity_id":"ottoman_classical:karankawa","name":"Karankawa","ISO_A3":"KARANKAWA","ADM0_A3":"KARANKAWA","ADMIN":"Karankawa","fill_colour":"#51326c","border_precision":1},"geometry":{"type":"MultiPolygon","coordinates":[[[[-98.17373449297943,28.24517953546474],[-98.08709181784742,28.297165140543946],[-97.65257554481695,28.557874904362205],[-97.53611169623842,28.691465789496394],[-97.52748910202521,28.681722971125645],[-97.39944119856662,28.848234889767028],[-95.82107409841741,29.644863567672523],[-95.5381592408435,29.473625627561997],[-95.26268951110048,29.36194871009861],[-95.17430086121617,29.105621625434086],[-95.2391862539375,29.05825003238086],[-95.60276505032422,28.79865988345508],[-96.01456924954297,28.65605505557422],[-96.20308395901563,28.636594377473635],[-96.38913437405469,28.661634050325198],[-96.71655746975782,28.71180685611133],[-96.77357956448438,28.62267454715137],[-96.57712265530469,28.425990663484377],[-96.68452927151563,28.24772986026172],[-96.71434059392224,28.22960513970934],[-96.83145615139844,28.15840109439258],[-97.11536881008985,28.10694845767383],[-97.44714829007032,27.98544653506641],[-97.5456153245701,27.922974720486824],[-97.83125861275838,28.014380572707072],[-98.17373449297943,28.24517953546474]]]]}},{"type":"Feature","properties":{"NAME":"Mayas","ABBREVN":"Mayas","wikipedia":null,"SUBJECTO":"Mayas","BORDERPRECISION":1,"PARTOF":"Mayas","polity_id":"ottoman_classical:mayas","name":"Mayas","ISO_A3":"MAYAS","ADM0_A3":"MAYAS","ADMIN":"Mayas","fill_colour":"#32854b","border_precision":1},"geometry":{"type":"MultiPolygon","coordinates":[[[[-90,19.75351484866504],[-90,19.94667585940723],[-90,20.161298356965823],[-90,20.6763931140459],[-90,20.991174303010744],[-90,21.141408525422854],[-90,21.160729967073244],[-89.86282822171094,21.249875627473635],[-89.54745956936719,21.2950511798418],[-89.05808731594922,21.397792421296877],[-88.60106369534375,21.564044557527346],[-88.33372208157422,21.59004171939258],[-88.10938736477735,21.565087877229494],[-87.59693619290235,21.483537279084963],[-87.37093063870313,21.570655427888674],[-87.20057388821485,21.528873048738284],[-86.92158981839063,21.30062635989551],[-86.90023514309766,21.167178712800784],[-86.93589493313672,20.97639998050098],[-87.06995865383985,20.80448492617969],[-87.3133058218086,20.581485353425784],[-87.50814529934766,20.390227876619143],[-87.65071579495313,20.189910493806643],[-87.65972610989454,19.87513693423633],[-87.773976293,19.741412721589846],[-87.85821243801954,19.58231123538379],[-87.78857895413282,19.512536607698244],[-87.63708969632032,19.574662767366213],[-87.68220993557813,19.281348787263674],[-87.80035873928907,18.74336203189258],[-87.84949204007032,18.488984666780276],[-87.87709518948438,18.380864702180666],[-88.03013321438672,18.62128408999805],[-88.10500809231641,18.824548326448244],[-88.13767715969922,18.894399248079104],[-88.31140610257032,18.74146994204883],[-88.32046219387891,18.49439962954883],[-88.399220433625,18.30902823062305],[-88.12371536770704,18.387090288118166],[-88.11193558255079,18.19392927737598],[-88.30037399807813,17.635434709504885],[-90,19.38150557132129],[-90,19.75351484866504]]]]}},{"type":"Feature","properties":{"NAME":"Senegal","ABBREVN":"Senegal","wikipedia":null,"SUBJECTO":"Senegal","BORDERPRECISION":1,"PARTOF":"Senegal","polity_id":"ottoman_classical:senegal","name":"Senegal","ISO_A3":"SENEGAL","ADM0_A3":"SENEGAL","ADMIN":"Senegal","fill_colour":"#9e613d","border_precision":1},"geometry":{"type":"MultiPolygon","coordinates":[[[[-16.87041946926953,14.363524995759768],[-17.05006500759961,14.58556231112842],[-17.220538106354493,14.725009523347659],[-17.433180776032227,14.807168565706057],[-17.190234151276368,14.960203729585452],[-16.86476990261914,15.297714792207522],[-16.600319829376954,15.749488435701174],[-16.45005508938672,16.118390642122073],[-12.970049013192575,15.301143277149983],[-10.78025157739771,13.95357562435315],[-10.948697533997315,11.426886275359074],[-13.281672444733399,9.274683557466311],[-13.625553098114747,9.623440347627444],[-13.680051770600098,9.915645204500002],[-14.058002438935059,10.080054841951174],[-14.466443028839844,10.333368860200686],[-14.591384854706543,10.466548524812502],[-14.550901379975098,10.644569002107424],[-14.574861493500489,10.784330926851077],[-14.820922818573731,10.8028579577959],[-14.966219869049805,10.847027383760256],[-15.01801106015088,10.916822038606448],[-14.991490331085938,11.056686960176272],[-15.008295026215333,11.101744256929202],[-15.029396024140137,11.158286653474612],[-15.116153684052247,11.15809591861133],[-15.341422048004883,11.221154771760744],[-15.415780034455079,11.33538969607715],[-15.361260381134766,11.519795976594729],[-15.212972608002442,11.71711691470508],[-15.098965611847657,11.812678895906252],[-15.158031430634278,11.87610300631885],[-15.325388875397461,11.926575265840334],[-15.549581494721192,11.919748865083498],[-15.736251798065918,11.843088708833498],[-15.80859657803418,11.842920862153811],[-16.086015668305176,11.969427667573733],[-16.24787231961133,12.102531991914553],[-16.27898880520703,12.210499368623537],[-16.42452904263379,12.248307786897463],[-16.56660553494336,12.309811197236819],[-16.570601430329102,12.311540208772463],[-16.695794072541016,12.412958703950686],[-16.772099461945313,12.597077928499026],[-16.725502934845704,12.787829004243655],[-16.768208470734375,13.035399042085452],[-16.77634903469922,13.12452658267383],[-16.775572743805665,13.145343385652346],[-16.767117467316407,13.359675966218752],[-16.689412084015625,13.448810182527346],[-16.494280782135743,13.474656663850588],[-16.45235344448926,13.544649682954592],[-16.455103841217774,13.571074090913577],[-16.45826050320508,13.60141047091846],[-16.470890965851563,13.722545228914065],[-16.640429463776368,13.842927537874026],[-16.671059575470704,13.91275843234424],[-16.696700063141602,14.07793291659717],[-16.87041946926953,14.363524995759768]]]]}},{"type":"Feature","properties":{"NAME":"Oyo","ABBREVN":"Oyo","wikipedia":null,"SUBJECTO":"Oyo","BORDERPRECISION":1,"PARTOF":"Oyo","polity_id":"ottoman_classical:oyo","name":"Oyo","ISO_A3":"OYO","ADM0_A3":"OYO","ADMIN":"Oyo","fill_colour":"#b541d8","border_precision":1},"geometry":{"type":"MultiPolygon","coordinates":[[[[2.417590853752497,9.048468073241429],[2.823151034317121,10.184036578822377],[4.039831576011,10.265148614935306],[4.643357697256906,9.8117383412022],[5.337624153817803,8.724019928789726],[4.82339239621597,7.929541061182515],[3.369208776969106,8.057967143366966],[2.417590853752497,9.048468073241429]]]]}},{"type":"Feature","properties":{"NAME":"Akan","ABBREVN":"Akan","wikipedia":null,"SUBJECTO":"Akan","BORDERPRECISION":1,"PARTOF":"Akan","polity_id":"ottoman_classical:akan","name":"Akan","ISO_A3":"AKAN","ADM0_A3":"AKAN","ADMIN":"Akan","fill_colour":"#9d4364","border_precision":1},"geometry":{"type":"MultiPolygon","coordinates":[[[[1.165727171508056,6.066323839143557],[0.939379486647827,5.759484849885744],[0.802637848464233,5.714715085939211],[0.536134216395599,5.720493398622317],[0.089773598519546,5.655979238466067],[-0.11885101029517,5.572919450715823],[-0.203663793,5.528644166902346],[-0.300653104314346,5.478011885646904],[-0.502442446312809,5.966210700950271],[-1.172564294695594,7.300090916929681],[-1.172564294695594,8.18697846516574],[-0.824188270176836,8.426723832580265],[-0.783642578124983,8.36572265625],[-0.801367187499977,8.334375],[-0.795117187499983,8.315478515624989],[-0.753515624999977,8.296875],[-0.724267578124994,8.2802734375],[-0.675585937499989,8.238671875],[-0.621386718749989,8.191064453124994],[-0.6,8.172949218749991],[-0.603808593749989,8.15859375],[-0.655371093749977,8.14208984375],[-0.721044921874977,8.134619140624991],[-0.747753906249983,8.134521484375],[-0.760546874999989,8.1181640625],[-0.755615234375,8.101953125],[-0.692919921874989,8.109570312499997],[-0.642871093749989,8.106152343749997],[-0.642773437499983,8.086816406249994],[-0.624365234374977,8.084912109374997],[-0.590869140624989,8.100292968749997],[-0.561425781249994,8.134130859374991],[-0.542871093749994,8.153564453125],[-0.525683593749989,8.127880859374997],[-0.526562499999983,8.062402343749994],[-0.498242187499983,8.056884765625],[-0.44580078125,8.091064453125],[-0.415429687499994,8.078808593749997],[-0.37939453125,8.048144531249989],[-0.394433593749994,7.999902343749994],[-0.416796874999989,7.972265625],[-0.384472656249983,7.979833984374991],[-0.350537109374983,8.001953125],[-0.34375,8.038134765624989],[-0.315185546875,8.039990234374997],[-0.284716796874989,8.015234375],[-0.223779296874994,7.977148437499991],[-0.1923828125,7.955224609374994],[-0.186132812499977,7.926953125],[-0.169824218749994,7.889550781249994],[-0.152441406249977,7.840869140624989],[-0.152148437499989,7.813281249999989],[-0.159375,7.79443359375],[-0.157275390624989,7.778564453125],[-0.133984374999983,7.76708984375],[-0.100341796875,7.75546875],[-0.09765625,7.746435546874991],[-0.12548828125,7.740087890624991],[-0.161474609374977,7.721386718749997],[-0.210400390624983,7.7140625],[-0.253808593749994,7.720117187499994],[-0.255712890624977,7.706005859374997],[-0.261962890625,7.684228515624994],[-0.294384765624983,7.6671875],[-0.356640624999983,7.664355468749989],[-0.421533203124994,7.648828125],[-0.482666015625,7.624560546874989],[-0.54345703125,7.599902343749989],[-0.611328125,7.567041015624994],[-0.653710937499994,7.55126953125],[-0.603320312499989,7.553613281249994],[-0.531152343749994,7.576220703124989],[-0.498046875,7.596630859374997],[-0.474560546874983,7.589111328125],[-0.431835937499983,7.593652343749994],[-0.335839843749994,7.617578125],[-0.242285156249977,7.638574218749994],[-0.181982421874977,7.646582031249991],[-0.109960937499977,7.644580078124989],[-0.063769531249989,7.641406249999989],[-0.017773437499983,7.591894531249991],[0.011816406250006,7.542578125],[-0.02685546875,7.5458984375],[-0.071386718749977,7.548730468749994],[-0.104931640624983,7.551171875],[-0.134082031249989,7.553369140624994],[-0.168554687499977,7.549902343749991],[-0.207910156249994,7.54638671875],[-0.232226562499989,7.531933593749997],[-0.242431640625,7.516552734374997],[-0.206835937499989,7.512353515624994],[-0.157031249999989,7.509863281249991],[-0.136425781249983,7.495556640624997],[-0.128125,7.471533203124991],[-0.106542968749977,7.458056640624989],[-0.065820312499994,7.4443359375],[-0.058349609375,7.465625],[-0.062939453124983,7.507617187499989],[-0.002392578124983,7.500341796874991],[0.045605468750011,7.4775390625],[0.04736328125,7.460058593749991],[0.050585937500017,7.448828125],[0.050146484375006,7.432324218749997],[0.067529296875023,7.392773437499997],[0.10205078125,7.3427734375],[0.134667968750023,7.313427734374997],[0.156054687500017,7.308886718749989],[0.172460937500006,7.303857421874994],[0.183886718750017,7.286669921874989],[0.183886718750017,7.266162109374989],[0.173925781250006,7.252392578124997],[0.160449218750017,7.251806640624991],[0.153027343750011,7.2412109375],[0.141503906250023,7.222460937499989],[0.1181640625,7.203173828124989],[0.098681640625017,7.192822265624997],[0.083251953125,7.193701171874991],[0.063232421875,7.195361328124989],[0.034765625,7.200244140624989],[0.0146484375,7.210693359375],[0.00732421875,7.209375],[0.010205078125011,7.186816406249989],[0.027636718750017,7.176318359374989],[0.045117187500011,7.163916015624991],[0.06591796875,7.151220703124991],[0.084570312500006,7.147070312499991],[0.085546875,7.121240234374994],[0.097558593750023,7.079980468749994],[0.100976562500023,7.052929687499997],[0.092968750000011,7.037011718749994],[0.087939453125017,7.022802734374991],[0.098876953125,7.004150390625],[0.123242187500011,6.983154296875],[0.120312500000011,6.971240234374989],[0.086621093750011,6.973925781249989],[0.041650390625023,6.946484375],[0.058984375000023,6.914013671874997],[0.103710937500011,6.909619140624997],[0.111718750000023,6.896630859374994],[0.076708984375017,6.869677734374989],[0.030419921875023,6.849658203124989],[0.012304687500006,6.844824218749991],[-0.011474609375,6.852929687499994],[-0.041943359374983,6.847265625],[-0.066308593749994,6.825244140624989],[-0.071337890624989,6.809423828124991],[-0.067138671875,6.788964843749994],[-0.049365234374989,6.768847656249989],[-0.022851562499994,6.748046875],[-0.017480468749994,6.732714843749989],[-0.025537109374994,6.7203125],[-0.041308593749989,6.676855468749991],[-0.056933593749989,6.629980468749991],[-0.096484374999989,6.628613281249997],[-0.143652343749977,6.648046875],[-0.163330078125,6.685644531249991],[-0.175097656249989,6.72412109375],[-0.194042968749983,6.741259765624989],[-0.228466796874983,6.733984375],[-0.270751953125,6.722460937499989],[-0.305419921875,6.7171875],[-0.335302734374977,6.716210937499994],[-0.367773437499977,6.772705078125],[-0.393359374999989,6.828125],[-0.405957031249983,6.816455078124989],[-0.409277343749977,6.765625],[-0.418652343749983,6.731005859374989],[-0.442187499999989,6.726660156249991],[-0.466650390624977,6.72265625],[-0.490576171874977,6.73671875],[-0.517822265625,6.793798828124991],[-0.550830078124989,6.810839843749989],[-0.57958984375,6.784716796874989],[-0.615966796875,6.807324218749997],[-0.659863281249983,6.835839843749994],[-0.683740234374994,6.834423828124997],[-0.673730468749994,6.801513671875],[-0.633642578124977,6.753320312499994],[-0.55029296875,6.71728515625],[-0.427636718749994,6.667919921874997],[-0.323779296874989,6.621875],[-0.255273437499994,6.585498046874989],[-0.1748046875,6.53271484375],[-0.099316406249983,6.489941406249997],[-0.059912109374977,6.45166015625],[-0.033447265625,6.408203125],[-0.010986328125,6.37939453125],[0.041113281250006,6.405175781249994],[0.073291015625017,6.404052734375],[0.080957031250023,6.352636718749991],[0.103320312500017,6.338183593749989],[0.138085937500023,6.365966796875],[0.132910156250006,6.449560546874991],[0.140429687500017,6.505322265624997],[0.146679687500011,6.53828125],[0.150781250000023,6.570214843749994],[0.153710937500023,6.597021484374991],[0.152050781250011,6.610644531249989],[0.159960937500017,6.618066406249994],[0.171875,6.614648437499994],[0.191992187500006,6.607470703124989],[0.229687500000011,6.615869140624994],[0.275976562500006,6.648339843749994],[0.30859375,6.697851562499991],[0.316992187500006,6.738330078124989],[0.298730468750023,6.718603515624991],[0.271875,6.674511718749997],[0.25390625,6.672900390624989],[0.237109375000017,6.768310546875],[0.240039062500017,6.896337890624991],[0.263476562500017,6.948339843749991],[0.272851562500023,7.001171875],[0.28125,7.04736328125],[0.2998046875,7.0712890625],[0.30517578125,7.098974609374991],[0.28857421875,7.106347656249994],[0.271386718750023,7.137548828124991],[0.275781250000023,7.172314453124997],[0.279296875,7.182177734374989],[0.280664062500023,7.200585937499994],[0.279394531250006,7.217871093749991],[0.271582031250006,7.234326171874997],[0.275683593750017,7.257910156249991],[0.29375,7.277929687499991],[0.29248046875,7.303125],[0.27734375,7.329785156249997],[0.276757812500023,7.339306640624997],[0.2763671875,7.353076171874989],[0.287207031250006,7.381689453124991],[0.295312500000023,7.415722656249997],[0.296972656250006,7.45263671875],[0.301855468750006,7.47021484375],[0.3134765625,7.505615234375],[0.320117187500017,7.54248046875],[0.285253906250006,7.5146484375],[0.249804687500017,7.490771484374989],[0.2421875,7.510693359374997],[0.228906250000023,7.536376953125],[0.228320312500017,7.556396484375],[0.240429687500011,7.577880859375],[0.258984375000011,7.581445312499994],[0.28173828125,7.575390625],[0.280957031250011,7.616503906249989],[0.279199218750023,7.699023437499989],[0.277539062500011,7.762353515624994],[0.247851562500017,7.802929687499997],[0.237011718750011,7.833544921874989],[0.247753906250011,7.849267578124994],[0.252148437500011,7.862744140624997],[0.251171875000011,7.875585937499991],[0.257519531250011,7.904980468749997],[0.22119140625,7.882519531249997],[0.167773437500017,7.86328125],[0.145800781250017,7.894189453124994],[0.123925781250023,7.913183593749991],[0.108496093750006,7.938720703125],[0.121191406250006,7.972021484374991],[0.1455078125,8.020654296874994],[0.161035156250023,8.0595703125],[0.197851562500006,8.079345703125],[0.240234375,8.088037109374994],[0.266796875000011,8.094335937499991],[0.267773437500011,8.106152343749997],[0.231054687500006,8.125439453124997],[0.200976562500017,8.165771484375],[0.18359375,8.205615234374989],[0.190039062500006,8.251025390624989],[0.217089843750017,8.295996093749991],[0.214257812500023,8.314208984375],[0.242382812500011,8.321972656249997],[0.284082031250023,8.326855468749997],[0.293554687500006,8.334423828124997],[0.27978515625,8.340722656249994],[0.260546875000017,8.355175781249997],[0.242089843750023,8.379101562499997],[0.178125,8.399267578124991],[0.114648437500023,8.415673828124994],[0.102636718750006,8.433789062499997],[0.112890625,8.457373046874991],[0.121484375000023,8.518359374999989],[0.124146983015475,8.542967026497706],[0.55201402315522,8.237347712112173],[1.176365408507568,6.084084115937991],[1.165727171508056,6.066323839143557]]],[[[-0.745778554651586,8.480683820450949],[-0.015770229635258,8.642907892676801],[0.094711114805464,8.563992646647714],[0.085498046875017,8.547998046874994],[0.090625,8.499951171874997],[0.092675781250023,8.460546875],[0.08056640625,8.429101562499994],[0.091992187500011,8.403125],[0.160742187500006,8.380957031249991],[0.217382812500006,8.36328125],[0.198046875000017,8.338183593749989],[0.169238281250017,8.289111328124989],[0.13671875,8.253613281249997],[0.105273437500017,8.241992187499989],[0.123339843750017,8.2099609375],[0.151757812500023,8.161035156249994],[0.165136718750006,8.115234375],[0.170312500000023,8.086328125],[0.15380859375,8.078027343749994],[0.129296875000023,8.08642578125],[0.099023437500023,8.09296875],[0.070019531250011,8.080957031249994],[0.061572265625017,8.040820312499989],[0.078710937500006,8.003271484374991],[0.073437500000011,7.969384765624994],[0.059179687500006,7.919677734375],[0.05615234375,7.885644531249994],[0.057910156250017,7.862548828125],[0.070166015625006,7.821142578124991],[0.054638671875011,7.7921875],[0.018994140625011,7.788671875],[0.001660156250011,7.793017578124989],[-0.024023437499977,7.792578125],[-0.052343749999977,7.811474609374997],[-0.081835937499989,7.876367187499994],[-0.103222656249983,7.975732421874994],[-0.127880859374983,8.011181640624997],[-0.190185546875,8.052587890624991],[-0.262548828124977,8.1083984375],[-0.308398437499989,8.142480468749994],[-0.330371093749989,8.1578125],[-0.320849609374989,8.17724609375],[-0.256591796875,8.184912109374991],[-0.192529296874994,8.186181640624994],[-0.201953124999989,8.213085937499997],[-0.245361328125,8.2451171875],[-0.285546875,8.253125],[-0.31787109375,8.244042968749994],[-0.355126953124994,8.242724609374989],[-0.393603515624989,8.221484374999989],[-0.448535156249989,8.20947265625],[-0.484667968749989,8.20947265625],[-0.526611328125,8.232373046874997],[-0.554394531249983,8.250830078124991],[-0.565722656249989,8.274804687499994],[-0.594335937499977,8.288378906249989],[-0.626562499999977,8.329248046874994],[-0.659960937499989,8.356640625],[-0.72109375,8.402148437499989],[-0.774715337644697,8.460770108880066],[-0.745778554651586,8.480683820450949]]],[[[0.089550781250011,6.658642578124997],[0.048730468750023,6.694677734374991],[0.011474609375,6.717529296875],[0.017480468750023,6.778759765624997],[0.061914062500023,6.8076171875],[0.11474609375,6.795605468749997],[0.1591796875,6.766748046874994],[0.180761718750006,6.725927734374991],[0.13037109375,6.679101562499994],[0.089550781250011,6.658642578124997]]]]}},{"type":"Feature","properties":{"NAME":"Songhai","ABBREVN":"Songhai","wikipedia":null,"SUBJECTO":"Songhai","BORDERPRECISION":1,"PARTOF":"Songhai","polity_id":"ottoman_classical:songhai","name":"Songhai","ISO_A3":"SONGHAI","ADM0_A3":"SONGHAI","ADMIN":"Songhai","fill_colour":"#b23444","border_precision":1},"geometry":{"type":"MultiPolygon","coordinates":[[[[-0.063954859400518,13.28658186752308],[-1.68991536449996,13.803932937327449],[-3.020246686854049,13.656118345954777],[-5.68090933156223,12.62141620634604],[-6.493889584111951,12.769230797718713],[-7.45468442803435,14.025654824386464],[-7.45468442803435,15.13426425968154],[-5.902631218621245,17.79492690438972],[-3.537597756658419,21.268569801647622],[-1.468193477440945,21.564198984392974],[-0.507398633518548,20.972940618902264],[1.192469167267234,17.055853947526334],[3.409688037857382,14.099562120072807],[3.557502629230058,13.28658186752308],[2.74452237668034,12.473601614973362],[1.931542124130615,12.325787023600682],[-0.063954859400518,13.28658186752308]]]]}},{"type":"Feature","properties":{"NAME":"Mwenemutapa","ABBREVN":"Mwenemutapa","wikipedia":null,"SUBJECTO":"Mwenemutapa","BORDERPRECISION":1,"PARTOF":"Mwenemutapa","polity_id":"ottoman_classical:mwenemutapa","name":"Mwenemutapa","ISO_A3":"MWENEMUTAPA","ADM0_A3":"MWENEMUTAPA","ADMIN":"Mwenemutapa","fill_colour":"#6e8529","border_precision":1},"geometry":{"type":"MultiPolygon","coordinates":[[[[34.37684493043314,-20.26733037407451],[34.524659521805816,-21.302032513683248],[34.08121574768779,-21.745476287801274],[32.898699016706374,-21.819383583487618],[32.23353335552933,-22.336734653291984],[31.051016624547916,-22.336734653291984],[30.238036371998195,-21.967198174860293],[30.459758259057214,-21.080310626624232],[31.346645807293275,-19.971701191329156],[31.494460398665947,-19.232628234465775],[30.903202033175244,-18.271833390543378],[30.755387441802565,-17.015409363875627],[31.71618228572496,-16.498058294071257],[32.676977129647355,-16.793687476816608],[34.746381408864835,-18.93699905172042],[34.746381408864835,-19.30653553015211],[34.3029376347468,-19.89779389564282],[34.37684493043314,-20.26733037407451]]]]}},{"type":"Feature","properties":{"NAME":"Oromo","ABBREVN":"Oromo","wikipedia":null,"SUBJECTO":"Oromo","BORDERPRECISION":1,"PARTOF":"Oromo","polity_id":"ottoman_classical:oromo","name":"Oromo","ISO_A3":"OROMO","ADM0_A3":"OROMO","ADMIN":"Oromo","fill_colour":"#3d2a92","border_precision":1},"geometry":{"type":"MultiPolygon","coordinates":[[[[42.82216299760866,4.590923769728338],[42.82388028257523,3.818743902276914],[42.82388028257523,2.959062511162713],[42.3320118699864,1.772554785900411],[38.410802849008434,1.037328094467039],[36.45019833851943,2.63031925923935],[36.08258499280275,5.693763806878394],[40.557447524183246,6.163329514406552],[41.96419889146104,5.694412391980624],[42.82216299760866,4.590923769728338]]]]}},{"type":"Feature","properties":{"NAME":"Adal","ABBREVN":"Adal","wikipedia":null,"SUBJECTO":"Adal","BORDERPRECISION":1,"PARTOF":"Adal","polity_id":"ottoman_classical:adal","name":"Adal","ISO_A3":"ADAL","ADM0_A3":"ADAL","ADMIN":"Adal","fill_colour":"#7637a9","border_precision":1},"geometry":{"type":"MultiPolygon","coordinates":[[[[50.0808706613457,11.476436220125002],[48.37273289794871,8.74237368774915],[46.10630013955672,7.413775174209022],[43.605408819951776,7.335622320471369],[42.354963160149296,7.804539442897298],[41.807893183985726,8.586067980273842],[41.41890225123191,10.56233347746883],[41.18267035408448,12.337404959681262],[41.70525649508593,13.930100999788088],[41.76108840426562,13.885752283052248],[42.07897857150195,13.86101397128467],[42.35708144625781,13.467672906831545],[42.36641982516406,13.359677873567385],[42.35496428927539,13.270696245149416],[42.40844253024218,13.175496660188479],[42.63643935641406,13.093382440522952],[43.0480223031914,12.702313981965823],[43.33047774752734,12.434074006990237],[43.458682093230465,12.224659524873537],[43.474822077361324,12.097622476533694],[43.42193129977343,12.046670518831057],[43.25913909396289,11.96371515841846],[43.06184676608203,11.918821893647952],[42.80995849093554,11.778485856965823],[42.55533126315234,11.568253122285647],[42.668772730437496,11.511313043550295],[42.95914748629687,11.53735788913135],[43.10357192477343,11.53131254763965],[43.29847625216601,11.475552164033694],[43.36809447726367,11.45563467593555],[43.788584742156246,10.941863618806643],[44.05242446383593,10.662847124055666],[44.1615476938164,10.491522394136233],[44.28083709200976,10.396465860322756],[44.448210749236324,10.428605638459963],[44.63609603366015,10.429005227998537],[44.8451528879082,10.416754327729983],[45.012576136199215,10.448878847078127],[45.27015975436328,10.57016047091846],[45.64631560763476,10.761600099519534],[45.909365686980465,10.832064233735842],[46.08827880343554,10.787970148042483],[46.43031218966601,10.667977891877932],[46.677344355193355,10.700275979951662],[46.92915633639453,10.846961580232424],[47.27975753268359,11.101879678682131],[47.39071181735156,11.159307084993166],[47.59234145602343,11.140673242524905],[47.80731872042773,11.096666894868655],[47.996157679167965,11.116128526643557],[48.442511908161165,11.2964660873048],[48.53374389132617,11.333325944856448],[48.66335204562304,11.320887170747561],[48.9702749582207,11.232596956208987],[49.30350020846484,11.246025644258303],[49.64723494967578,11.329372011140627],[50.0808706613457,11.476436220125002]]]]}},{"type":"Feature","properties":{"NAME":"Ethiopia","ABBREVN":"Ethiopia","wikipedia":null,"SUBJECTO":"Ethiopia","BORDERPRECISION":1,"PARTOF":"Ethiopia","polity_id":"ottoman_classical:ethiopia","name":"Ethiopia","ISO_A3":"ETHIOPIA","ADM0_A3":"ETHIOPIA","ADMIN":"Ethiopia","fill_colour":"#a7e240","border_precision":1},"geometry":{"type":"MultiPolygon","coordinates":[[[[40.38988402804492,14.905787073091311],[40.630530390349605,14.925351701692385],[40.739138636199215,14.919243417695803],[41.341250452605465,14.34232386203174],[41.70525649508593,13.930100999788088],[41.18267035408448,12.337404959681262],[41.41890225123191,10.56233347746883],[41.807893183985726,8.586067980273842],[40.71375323165856,7.960845150372602],[39.072543303167805,7.491928027946678],[37.307962811858374,7.899443881178513],[36.462341722311876,8.547458998102522],[35.96004721089719,14.761559667889983],[36.08258499280275,16.109475268851163],[38.04318950329174,16.232013050756727],[39.7964468332207,15.088771425203127],[39.88854125460742,15.184274278596682],[39.85619262179492,15.400236688569827],[39.89788344821093,15.501986108735842],[40.03721145114062,15.387916170076174],[40.21745208224414,15.0833173617876],[40.38988402804492,14.905787073091311]]]]}},{"type":"Feature","properties":{"NAME":"Islamic city-states","ABBREVN":"Islamic city-states","wikipedia":null,"SUBJECTO":"Islamic city-states","BORDERPRECISION":1,"PARTOF":"Islamic city-states","polity_id":"ottoman_classical:islamic_city_states","name":"Islamic city-states","ISO_A3":"ISLAMICCITYS","ADM0_A3":"ISLAMICCITYS","ADMIN":"Islamic city-states","fill_colour":"#20cf29","border_precision":1},"geometry":{"type":"MultiPolygon","coordinates":[[[[44.300696405974605,1.290809474901003],[43.724307093230465,0.800251446679873],[43.09933541465706,0.170020864273781],[42.941233667937496,0.010588750258727],[42.91478255709765,-0.016971983],[42.440066370574215,-0.511580146833616],[41.884184870330074,-1.218156971021848],[41.60732177218554,-1.593676365896421],[41.65220168551562,-1.75245300678845],[41.609892878142574,-1.876740492864805],[41.339324030486324,-2.051799453779417],[41.08860686740039,-2.128604806944089],[40.91536620577929,-2.078140176817136],[40.87686446627734,-2.427730955167966],[40.74980834445117,-2.593229211851316],[40.44850448092578,-2.644726194425779],[40.27134231051562,-2.8166910782301],[40.23169616183398,-3.032834209486204],[40.23441604098437,-3.191706575437742],[40.07403090914843,-3.471666492506223],[39.64013198336718,-4.082672037168699],[39.681399378386715,-4.324065603300291],[39.52981093844531,-4.616719163938718],[39.417368921843746,-4.731353200956541],[39.2672720285332,-4.776162542387205],[39.22912124117968,-4.844893850370603],[39.12246993502734,-5.037020601316648],[38.93381026705859,-5.634787000700193],[38.87236693820117,-6.092471040769773],[38.92152694186328,-6.340208925291257],[39.22087768038867,-6.784406580015379],[39.56642821749804,-7.044216074033933],[39.55541900118945,-7.171341337248045],[39.437205347624996,-7.330470003172117],[39.27012542208789,-7.801093496366697],[39.28673461398242,-7.877326406522947],[39.42430022677539,-7.896092332884031],[39.47772887667773,-7.997649110838132],[39.40043166598437,-8.309211172147947],[39.39182952365039,-8.73501531033154],[39.57677367648242,-9.541707433744627],[39.65761474093554,-9.795738615080076],[39.83821776827929,-10.00506440548535],[40.20878509005664,-10.252111829801756],[40.38686660250781,-10.372475065275388],[40.46619323214648,-10.475255407377439],[40.52401259860156,-10.550122655912595],[40.619517359343746,-10.7659896984541],[40.53641036471484,-11.026734746977048],[40.40044311007617,-11.230388082548338],[39.24819753268498,-11.144871908987994],[38.23752179308735,-9.291966386392343],[37.73218392328853,-4.575479601603398],[39.41664348928457,-1.375006426210909],[42.78556262127668,1.320128879382771],[44.300696405974605,1.290809474901003]]]]}},{"type":"Feature","properties":{"NAME":"Safavid Empire","ABBREVN":"Safavid Empi","wikipedia":null,"SUBJECTO":"Safavid Empire","BORDERPRECISION":1,"PARTOF":"Safavid Empire","polity_id":"ottoman_classical:safavid_empire","name":"Safavid Empire","ISO_A3":"SAFAVIDEMPIR","ADM0_A3":"SAFAVIDEMPIR","ADMIN":"Safavid Empire","fill_colour":"#53cd51","border_precision":1},"geometry":{"type":"MultiPolygon","coordinates":[[[[56.42968510584468,38.20979337469626],[58.61948254163954,39.05202315769429],[60.97772593403401,39.22046911429389],[62.66218550003006,39.22046911429389],[64.3466450660261,37.87290146149705],[64.68353697922532,36.52533380870022],[65.52576676222336,34.84087424270416],[64.19105482794018,32.87058519685756],[61.98840167363164,29.619049588116404],[60.479590448943355,25.29820593448047],[60.29817870577929,25.32323607058887],[59.65458587130664,25.321876131013674],[59.302092585173824,25.34019621463184],[59.03145888766406,25.307866655305666],[58.81800750216601,25.478932939485354],[58.74442580660937,25.535960756257815],[58.36867812594531,25.54787977786426],[58.10963729342578,25.54732283206348],[57.900454554167965,25.540891252473635],[57.805090937224605,25.64833029361133],[57.464880976287105,25.70479353518848],[57.32798293551562,25.787087999299807],[57.254771265593746,25.793286882356448],[57.24507049044726,26.018462739900393],[57.112402948943355,26.076190553621096],[57.06634047946093,26.30746801944141],[56.93497756442187,26.464543901399416],[56.929087671843746,26.75186689944629],[56.79043105563281,26.97391279788379],[56.68355086764453,26.96835669131641],[56.66781905612109,27.049895845369143],[56.43094924410937,27.106566987947268],[56.06776717623828,27.11216887088184],[55.89973357638476,27.10480459781055],[55.80531981906054,27.005092225984377],[55.65757277926562,26.996945939973635],[55.42489913424609,26.96310766787891],[55.34008696993945,26.79935225100879],[55.09812835177539,26.73744162173633],[54.92553237399218,26.53802641482715],[54.75987533053515,26.41062506289844],[54.6460562082207,26.39131888003711],[54.064944300261715,26.70138319583301],[53.63393691500781,26.74793966861133],[53.380679163542965,26.909589372590823],[52.89083388766406,27.052323900178713],[52.77987197360156,27.187848649934573],[52.63377669772265,27.314601503328127],[52.41038802584765,27.580957017854494],[51.961550745574215,27.776948533967776],[51.698863062468746,27.81452139468555],[51.611304316130855,27.82704123111133],[51.350134882537105,28.0361343249834],[51.08225921115039,28.512019716218752],[50.796755823699215,29.01329382510547],[50.702456507292965,29.133781038240237],[50.704722437468746,29.40060766787891],[50.359839472380855,29.74293478579883],[50.1323728891289,30.06642874331836],[49.71784881075976,30.002053819612307],[49.51097396334765,30.020675264314455],[49.45236495455859,30.07772596927051],[49.47792328981614,30.0528471823046],[49.55710308687251,34.255944236249405],[50.4693731329615,36.74823225777081],[50.25221160372851,36.894786439851565],[50.56095412692187,36.68642767520313],[51.4170408578789,36.455691896394534],[51.79552367648242,36.432349763826174],[51.993052515593746,36.45890387149219],[52.60216430148242,36.576881013826174],[53.139014277068355,36.64352758975391],[53.79965499362109,36.67903860659961],[53.98448852023242,36.78191336245899],[54.06743911227343,36.94152411075],[54.008704218474605,37.34868963809375],[54.015112909880855,37.34832724185352],[53.98521712741015,37.51772650332813],[53.92775252780078,37.82421835513477],[53.87986281832812,38.02535589785938],[53.937327417937496,38.15944632144336],[56.42968510584468,38.20979337469626]]]]}},{"type":"Feature","properties":{"NAME":"Mughal Empire","ABBREVN":"MughalEmpire","wikipedia":null,"SUBJECTO":"Mughal Empire","BORDERPRECISION":1,"PARTOF":"Mughal Empire","polity_id":"ottoman_classical:mughal_empire","name":"Mughal Empire","ISO_A3":"MUGHALEMPIRE","ADM0_A3":"MUGHALEMPIRE","ADMIN":"Mughal Empire","fill_colour":"#68d855","border_precision":1},"geometry":{"type":"MultiPolygon","coordinates":[[[[69.64597762361677,28.10553990510186],[69.06313185081505,28.10303597871996],[68.56587483433958,29.102557864434658],[69.56846972061388,29.95594150131562],[70.2422535470123,31.13506319751285],[70.2422535470123,33.49330658990733],[69.56846972061388,33.83019850310654],[68.72623993761584,32.651076806909295],[67.378672284819,32.31418489371009],[64.19105482794018,32.87058519685756],[65.52576676222336,34.84087424270416],[64.68353697922532,36.52533380870022],[66.33588980061525,36.307380725406425],[69.23157780741465,37.367563591698236],[69.89885480118284,37.78461171280335],[70.57914546021149,38.20979337469626],[71.25292928660991,38.04134741809666],[71.5657266349665,36.91041485158471],[73.80860288146245,38.031852974832695],[75.24566308931769,38.031852974832695],[77.26429212972629,36.843848494346396],[79.3294463680683,35.62846298322298],[79.61945564591836,34.13698669713698],[80.17496274207845,31.573107791782736],[81.448679957,30.40275152774219],[81.57261184176562,30.372994981721682],[81.65574935397265,30.454833589509768],[82.14168075045703,30.36555441470508],[82.20093825778125,30.090262971833987],[82.59117415866015,29.97121962161426],[82.91757491549609,29.703366838411135],[83.12975600680468,29.606641374543948],[83.19741347750781,29.666164003328127],[83.40201095065234,29.539681993440432],[83.69781020602343,29.182548128083987],[83.8358422446004,25.980616925564952],[78.95090950321186,23.95926544636969],[78.27712567681345,24.296157359568895],[77.77178780701463,25.64372501236574],[75.75043632781937,25.81217096896534],[75.41354441462016,26.991292665162582],[75.75043632781937,28.17041436135981],[75.29563224500043,28.94526576171799],[72.93738885260596,28.94526576171799],[70.7475914168111,28.10303597871996],[69.64597762361677,28.10553990510186]]]]}},{"type":"Feature","properties":{"NAME":"Rajputana","ABBREVN":"Rajputana","wikipedia":null,"SUBJECTO":"Rajputana","BORDERPRECISION":1,"PARTOF":"Rajputana","polity_id":"ottoman_classical:rajputana","name":"Rajputana","ISO_A3":"RAJPUTANA","ADM0_A3":"RAJPUTANA","ADMIN":"Rajputana","fill_colour":"#577033","border_precision":1},"geometry":{"type":"MultiPolygon","coordinates":[[[[75.75043632781937,25.81217096896534],[72.71840910902648,23.453927576570877],[69.01259806383516,24.63304927276811],[68.81512932417279,25.77916466665867],[69.64597762361677,28.10553990510186],[70.7475914168111,28.10303597871996],[72.93738885260596,28.94526576171799],[75.29563224500043,28.94526576171799],[75.75043632781937,28.17041436135981],[75.41354441462016,26.991292665162582],[75.75043632781937,25.81217096896534]]]]}},{"type":"Feature","properties":{"NAME":"Vijayanagara","ABBREVN":"Vijayanagara","wikipedia":null,"SUBJECTO":"Vijayanagara","BORDERPRECISION":1,"PARTOF":"Vijayanagara","polity_id":"ottoman_classical:vijayanagara","name":"Vijayanagara","ISO_A3":"VIJAYANAGARA","ADM0_A3":"VIJAYANAGARA","ADMIN":"Vijayanagara","fill_colour":"#8a3343","border_precision":1},"geometry":{"type":"MultiPolygon","coordinates":[[[[74.03218368014453,15.058832727388186],[73.84143355807421,15.390475831941409],[73.57273391207812,16.037927232698244],[73.50805146588435,16.243956660049577],[73.4942371633562,16.287958595761864],[74.37585859327099,16.31164199916177],[75.06687344327455,15.966134574159993],[76.10339571827987,15.966134574159993],[76.90957970995069,16.31164199916177],[77.2245824615065,16.31164199916177],[77.48542541828698,16.31164199916177],[77.92243661540213,16.245599858221798],[79.43194022866344,16.017480187525738],[80.45975783785937,15.773146234468264],[80.3002195688164,15.64574297519092],[80.16343215426562,15.391318880037112],[80.0894041391289,15.175155244783205],[80.08706954440234,14.946433626130862],[80.16166213473437,14.254099451020998],[80.16971877535937,13.89198549838428],[80.07589248141406,13.669416986421389],[80.17812636813281,13.52351626010303],[80.2018366912248,13.491685502285232],[80.31988051852343,13.333213411287112],[80.31345656832812,13.104481302217287],[80.22375777682421,12.831091485933108],[79.92280868014453,12.106162630037112],[79.86674412719772,11.969091013849939],[79.76935103854296,11.730975709871096],[79.72527965820734,11.515919075722639],[79.71073440035937,11.444942079500002],[79.73182967623828,11.152719102815432],[79.82626632174609,10.358728013948244],[79.78994277438281,10.250633798555178],[79.50091842135546,10.250013910249514],[79.30626967867968,10.255945764497561],[79.2224836679375,10.192222200349612],[79.07228377780078,9.759851060823244],[78.92660811862109,9.492679201082034],[78.93772414645312,9.435519777253909],[79.15964797457812,9.277156434968752],[78.79764846285937,9.130231462434573],[78.66012862643359,9.123585306123537],[78.31383803805468,8.995764337495608],[78.18113234957812,8.81121214480762],[78.13577559908984,8.499774537996096],[78.06494430026171,8.385257326082034],[77.89976027926562,8.257814966157717],[77.84802767512738,8.232693772744899],[77.73392654400604,8.177286614507493],[77.66318038424609,8.142932496980471],[77.61860946139453,8.117421709016604],[77.58883956393359,8.09830530734424],[77.48439315280078,8.028187356904787],[77.41947463473437,8.028042398408694],[77.34137252291796,8.053283296541018],[76.70353225192187,8.706356607393069],[76.66238692721484,8.884175859407229],[76.53785994967578,9.11899908633594],[76.46720982073163,9.41012571747114],[76.38528731783984,9.747702203706545],[76.29400169973896,9.984946143636972],[76.24837566157197,10.103524527432205],[76.07506087741015,10.553955636934084],[75.65175155123828,11.423489175752444],[75.59069678092534,11.517517622081254],[75.21094039401171,12.102367959932131],[74.9617414804375,12.876961313203616],[74.77759773639653,13.527907138893337],[74.73362258395312,13.683358751252932],[74.70298936209612,13.75127050916374],[74.421436349163,14.375454283976262],[74.40150741061328,14.419635377839846],[74.37707415187178,14.461922598887266],[74.15313195022648,14.849504684560506],[74.03218368014453,15.058832727388186]]]]}},{"type":"Feature","properties":{"NAME":"Orissa","ABBREVN":"Orissa","wikipedia":null,"SUBJECTO":"Orissa","BORDERPRECISION":1,"PARTOF":"Orissa","polity_id":"ottoman_classical:orissa","name":"Orissa","ISO_A3":"ORISSA","ADM0_A3":"ORISSA","ADMIN":"Orissa","fill_colour":"#41a49e","border_precision":1},"geometry":{"type":"MultiPolygon","coordinates":[[[[81.69327796555476,17.88610582194069],[83.68731388422034,19.29854793099549],[84.68433184355314,20.212481060383883],[85.37910750826953,19.60537489505176],[85.1132078500664,19.442306123689455],[84.90661910494921,19.18141134829883],[84.65877059420703,18.933131776765627],[84.32450759163295,18.53029366639126],[84.26272872408984,18.455840669587893],[83.98768142184375,18.20749434085254],[83.68471816500781,18.08344992251758],[83.3813963266289,17.71067961306934],[83.0769758554375,17.500392518953127],[82.84608708480512,17.383410614907284],[82.74959090670703,17.33451994510059],[82.54642013033984,17.226087175325198],[82.35399917086718,17.085914216951174],[82.3230553009172,17.004105065534894],[81.49183577016703,17.214631837314954],[81.69327796555476,17.88610582194069]]]]}},{"type":"Feature","properties":{"NAME":"Bengal","ABBREVN":"Bengal","wikipedia":null,"SUBJECTO":"Bengal","BORDERPRECISION":1,"PARTOF":"Bengal","polity_id":"ottoman_classical:bengal","name":"Bengal","ISO_A3":"BENGAL","ADM0_A3":"BENGAL","ADMIN":"Bengal","fill_colour":"#77b82e","border_precision":1},"geometry":{"type":"MultiPolygon","coordinates":[[[[84.68433184355314,20.212481060383883],[86.42911327238554,21.54183833949428],[87.17687674188514,24.865231537270272],[89.91867613005033,24.865231537270272],[90,22.96055182071094],[90,22.922177873567385],[90,22.68076094241504],[90,22.325391374543948],[90,22.134809099153323],[90,22.05844648929004],[90,22.0199046954668],[90,21.930253587678713],[89.90268996676562,22.107825838044924],[89.86968520602343,22.13322790713672],[89.796336207,21.832069002107424],[89.67017653903125,21.719838701204104],[89.57895186862109,21.70058210940723],[89.4566145273125,21.94171293826465],[89.23388198336718,21.65538176150684],[89.07225326022265,21.77433928103809],[88.99476912936328,21.62947615237598],[89.02553847750781,21.546960435823244],[88.88093856295703,21.51488646121387],[88.7234602304375,21.53995283694629],[88.65697768649218,21.857440553621096],[88.56759932955859,21.89536627383594],[88.45388320407031,21.73631437869434],[88.37705520114062,21.577336870149416],[88.29957107028125,21.551770769075198],[88.24792769869921,21.596122346833987],[88.12160781344531,21.86265143008594],[88.05304244479296,21.93874128909473],[87.86748794039843,21.696960054353518],[87.64071944674609,21.563081346467776],[87.19423964938281,21.384255968049807],[86.93719771823046,21.288428865388674],[86.81869796237109,21.186534486726565],[86.7961912485039,21.13566931338672],[86.84421065768359,20.875316225007815],[86.92611220797656,20.69125898929004],[86.77521041354296,20.46860083194141],[86.63785079440234,20.31910666079883],[86.63238051852343,20.20364721866016],[86.38562301119921,20.01674421878223],[86.11916640719531,19.806542955354494],[85.90894607028125,19.723508439973635],[85.71477797946093,19.697682939485354],[85.37910750826953,19.60537489505176],[84.68433184355314,20.212481060383883]]]]}},{"type":"Feature","properties":{"NAME":"Tibet","ABBREVN":"Tibet","wikipedia":null,"SUBJECTO":"Tibet","BORDERPRECISION":1,"PARTOF":"Tibet","polity_id":"ottoman_classical:tibet","name":"Tibet","ISO_A3":"TIBET","ADM0_A3":"TIBET","ADMIN":"Tibet","fill_colour":"#33713a","border_precision":1},"geometry":{"type":"MultiPolygon","coordinates":[[[[88.21383956393359,27.865617357209963],[88.19726088961718,27.87575491519336],[87.90232375582812,27.947461687043948],[87.74962142428515,27.820973955110354],[87.5965071054375,27.873056016877932],[87.21436599215625,27.843293748811526],[87.07065871676562,28.006982408479494],[86.78721145114062,28.133468233064455],[86.60393813571093,28.133468233064455],[86.56804946383593,27.984662614778323],[86.44574264010546,27.947461687043948],[86.13785079440234,28.11858519168262],[86.14223769625781,27.954904161409182],[86.03566268405078,27.910255037263674],[85.97204879244921,28.11858519168262],[85.72918990573046,28.341794572786135],[85.56481460055468,28.312036119416994],[85.14416793307421,28.341794572786135],[85.13804915866015,28.46083792300586],[85.21659377535937,28.639407716707034],[85.06985000094531,28.646850191072268],[84.92027572116015,28.535241685823244],[84.26696303805468,28.937020860627932],[84.29831222018359,29.06350477786426],[84.21853927096484,29.234632097200198],[84.08839705905078,29.309030137971682],[83.76889327487109,29.25694616885547],[83.69781020602343,29.182548128083987],[83.40201095065234,29.539681993440432],[83.19741347750781,29.666164003328127],[83.12975600680468,29.606641374543948],[82.91757491549609,29.703366838411135],[82.59117415866015,29.97121962161426],[82.20093825778125,30.090262971833987],[82.14168075045703,30.36555441470508],[81.65574935397265,30.454833589509768],[81.57261184176562,30.372994981721682],[81.448679957,30.40275152774219],[80.17496274207845,31.573107791782736],[79.61945564591836,34.13698669713698],[79.3294463680683,35.62846298322298],[80.13166779602547,36.882204808548515],[84.47416517596388,36.882204808548515],[89.61626516787001,36.882204808548515],[99.24456856050006,38.75038307876033],[100.39421672678424,37.74444093326165],[101.68757091385396,36.307380725406425],[102.40610101778157,33.720672351267005],[100.6816287683553,28.690961623773696],[98.63722518405078,27.478742204622073],[98.57173446139453,27.54182966800098],[98.34509566744921,27.527837358430666],[98.21602157076953,27.546138368562502],[98.11807540377734,27.68520125003223],[98.00866225680468,28.090755067781252],[97.82999709567187,28.28646048159961],[97.60302260836718,28.41209562869434],[97.47846511325,28.392329774812502],[97.34068587741015,28.23923262210254],[97.34041884860156,28.18211515994434],[95.4781149584116,27.908897522880622],[94.83714523207304,27.56704700216672],[94.32436945100218,26.88334596073892],[92.40146027198651,26.58422675511426],[91.54683397020176,26.2851075494896],[91.41420306904953,27.939370245213055],[88.83857334077314,28.437879224879456],[88.21383956393359,27.865617357209963]]]]}},{"type":"Feature","properties":{"NAME":"Islamic and Hindu states","ABBREVN":"Islamic and Hindu states","wikipedia":null,"SUBJECTO":"Islamic and Hindu states","BORDERPRECISION":1,"PARTOF":"Islamic and Hindu states","polity_id":"ottoman_classical:islamic_and_hindu_states","name":"Islamic and Hindu states","ISO_A3":"ISLAMICANDHI","ADM0_A3":"ISLAMICANDHI","ADMIN":"Islamic and Hindu states","fill_colour":"#2e9464","border_precision":1},"geometry":{"type":"MultiPolygon","coordinates":[[[[94.15768192640465,24.273382053608508],[94.21835804184681,21.36092851238422],[92.82709792575,20.424287401155276],[92.662791285125,20.404885850862307],[92.40335372408984,20.613961778596682],[92.17629531344531,20.886634431794924],[92.12366774996875,20.996430955842776],[92.06685927828906,21.115090928987307],[91.94604781588671,21.362578950837893],[91.84590438326953,21.908670030549807],[91.57107070407031,22.543313585237307],[91.41017440280078,22.720834337190432],[91.08137801608203,22.561330400422854],[90,22.560958467439455],[90,22.599036775544924],[90,22.6940933093584],[90,22.96055182071094],[89.91867613005033,24.865231537270272],[87.17687674188514,24.865231537270272],[86.42911327238554,21.54183833949428],[84.68433184355314,20.212481060383883],[83.68731388422034,19.29854793099549],[81.69327796555476,17.88610582194069],[81.49183577016703,17.214631837314954],[79.9555400983786,17.603736467699896],[79.32813168496313,17.23299513249984],[78.86745511829409,18.269517407505173],[79.21296254329586,18.84536311584146],[78.75228597662682,19.19087054084324],[78.53339335239603,19.12351896415684],[78.57282758004725,20.438284063905545],[76.09256220492745,21.046963981675567],[76.9282456403432,23.89692302722776],[73.71308028726574,22.945315502172253],[74.27144928500712,21.905666264880928],[73.48528545488139,19.906576034685543],[72.78919259567658,19.883197979639608],[72.85335067233203,19.244680009797854],[72.78251174410937,19.94968756289844],[72.75949386080859,20.057649217561526],[72.86443618258593,20.311982713655276],[73.10968306979296,20.687320314363284],[73.1128645273125,20.827090822175784],[72.93113234957812,20.95375784488086],[72.76573470553515,21.150355897859377],[72.71466353854296,21.436120592073244],[72.6659422250664,21.848943315461916],[72.69562056979296,22.128535829500002],[72.31904891451953,22.11503180117969],[72.2329817148125,22.01955183596973],[72.12713912448046,21.8287425860918],[72.13103774508593,21.746179185823244],[72.25569442233203,21.632083497957034],[72.28899672946093,21.549569688752932],[72.25619796237109,21.352563463166994],[72.12086013278125,21.155339799836916],[71.89442733248828,20.989677034333987],[71.52892592867968,20.823730073884768],[71.30259231051562,20.772426210359377],[71.02444747408984,20.657476030305666],[70.8550520273125,20.650762163118166],[70.467478785125,20.77700003238086],[70.20994857272265,20.94797857852344],[69.75222304782031,21.398070894197268],[69.12606337985156,21.9685073718584],[68.89417556246875,22.285655580476565],[69.0142317148125,22.30496748538379],[69.49224379977343,22.248809419587893],[69.76916793307421,22.287507615999026],[69.96852401217578,22.351457200959963],[70.17620376071093,22.478955827668948],[70.41056350192187,22.752622209504885],[70.38064864596484,22.860560975984377],[70.31022170504687,22.828643403962893],[70.0459471078789,22.777261339143557],[69.66488936862109,22.789163194612307],[69.39181807955859,22.83940466494922],[69.10719588717578,22.898904405549807],[68.88241103610156,22.997148118928713],[68.79081252535937,23.028724275544924],[68.37294295748828,23.326415620759768],[68.07217696627734,23.675187669709963],[68.04699996432421,23.764070115999026],[67.69232467135546,23.81415518374805],[67.48602584323046,23.92806013675098],[67.31589034518359,24.092885576204104],[67.20423415621875,24.588166795686526],[67.15359786471484,24.65159185977344],[66.99953750094531,24.714782319978518],[66.70171645602343,24.75227888675098],[66.65421584567187,24.783935152009768],[66.64811233004687,24.90462454409961],[66.70050338229296,25.114379487947268],[66.62050918063281,25.31748541446094],[66.43233016451953,25.488610826448244],[66.30008986910937,25.494687639192385],[65.76880172213671,25.309339128450198],[65.21567061862109,25.270059190706057],[64.85119155367968,25.20576437564258],[64.4249754281914,25.17311628909473],[64.23826125582812,25.210826478914065],[64.12006667575,25.312226854280276],[64.05922225436328,25.40103491397266],[63.650332483855465,25.336646638826174],[63.40352538546679,25.164601884797854],[63.01806167086718,25.157439790681643],[62.44957259616015,25.1625991687334],[62.13830092867968,25.104774080232424],[61.81326583346484,25.05325659366016],[61.56996444186328,25.03957136721973],[61.34399321993945,25.026860795930666],[60.85827544650195,25.095714174226565],[60.75223067721484,25.18442877383594],[60.479590448943355,25.29820593448047],[61.98840167363164,29.619049588116404],[64.19105482794018,32.87058519685756],[67.378672284819,32.31418489371009],[68.72623993761584,32.651076806909295],[69.56846972061388,33.83019850310654],[70.2422535470123,33.49330658990733],[70.2422535470123,31.13506319751285],[69.56846972061388,29.95594150131562],[68.56587483433958,29.102557864434658],[69.06313185081505,28.10303597871996],[69.64597762361677,28.10553990510186],[68.81512932417279,25.77916466665867],[69.01259806383516,24.63304927276811],[72.71840910902648,23.453927576570877],[75.75043632781937,25.81217096896534],[77.77178780701463,25.64372501236574],[78.27712567681345,24.296157359568895],[78.95090950321186,23.95926544636969],[83.8358422446004,25.980616925564952],[83.69781020602343,29.182548128083987],[83.76889327487109,29.25694616885547],[84.08839705905078,29.309030137971682],[84.21853927096484,29.234632097200198],[84.29831222018359,29.06350477786426],[84.26696303805468,28.937020860627932],[84.92027572116015,28.535241685823244],[85.06985000094531,28.646850191072268],[85.21659377535937,28.639407716707034],[85.13804915866015,28.46083792300586],[85.14416793307421,28.341794572786135],[85.56481460055468,28.312036119416994],[85.72918990573046,28.341794572786135],[85.97204879244921,28.11858519168262],[86.03566268405078,27.910255037263674],[86.14223769625781,27.954904161409182],[86.13785079440234,28.11858519168262],[86.44574264010546,27.947461687043948],[86.56804946383593,27.984662614778323],[86.60393813571093,28.133468233064455],[86.78721145114062,28.133468233064455],[87.07065871676562,28.006982408479494],[87.21436599215625,27.843293748811526],[87.5965071054375,27.873056016877932],[87.74962142428515,27.820973955110354],[87.90232375582812,27.947461687043948],[88.19726088961718,27.87575491519336],[88.21383956393359,27.865617357209963],[88.83857334077314,28.437879224879456],[91.41420306904953,27.939370245213055],[91.54683397020176,26.2851075494896],[92.0340178859286,25.42622824700979],[92.7014551557925,25.729608824220655],[93.49024465654074,25.122847669798922],[94.15768192640465,24.273382053608508]]]]}},{"type":"Feature","properties":{"NAME":"Burmese kingdoms","ABBREVN":"Burmese kingdoms","wikipedia":null,"SUBJECTO":"Burmese kingdoms","BORDERPRECISION":1,"PARTOF":"Burmese kingdoms","polity_id":"ottoman_classical:burmese_kingdoms","name":"Burmese kingdoms","ISO_A3":"BURMESEKINGD","ADM0_A3":"BURMESEKINGD","ADMIN":"Burmese kingdoms","fill_colour":"#29856f","border_precision":1},"geometry":{"type":"MultiPolygon","coordinates":[[[[94.21835804184681,21.36092851238422],[95.06782365803723,21.482280743268568],[96.038641505112,22.149718013132464],[96.22066985143852,24.576762630819367],[96.58472654409155,24.455410399935026],[97.19148769851327,24.394734284492856],[97.31283992939761,23.423916437418086],[97.85892496837717,22.57445082122767],[97.89481980471271,20.96024452988348],[98.01566604098437,19.748574815706057],[97.85290053805468,19.563476167634768],[97.78882125338671,19.39800413699512],[97.77231887301562,19.02960928531055],[97.72088149508593,18.80069502444629],[97.75005629977343,18.616712175325198],[97.73522332064702,18.575473584926502],[97.71114638766406,18.508534990266604],[97.63807967623828,18.50810583682422],[97.37346938571093,18.44939573855762],[96.94878323674459,18.994560010139487],[94.94647142715289,18.50915108660211],[94.46485427340625,17.26426275821094],[94.46530891062856,17.64281138984915],[94.46533492526171,17.664472185090823],[94.4204588266289,18.140813432649416],[94.24740889987109,18.578780733064455],[94.05371383151171,19.061149202302737],[93.96558669528125,19.19435652346973],[93.8390379281914,18.95269163699512],[93.69466689547656,19.009553514436526],[93.45794204196093,19.174213014558596],[93.67500594576953,19.250913225129885],[93.81499770602343,19.257560335115237],[93.74783614596484,19.473397813752932],[93.72381881198046,19.594037614778323],[93.41599563082812,19.942758165315432],[93.33432296237109,20.025172792390627],[93.2484846445,20.03769262881641],[93.06563094576953,19.99283369632129],[92.89442733248828,20.1131664142168],[92.93328383883593,20.31016882510547],[92.92148116549609,20.37367209048633],[92.82709792575,20.424287401155276],[94.21835804184681,21.36092851238422]]]]}},{"type":"Feature","properties":{"NAME":"Pegu","ABBREVN":"Pegu","wikipedia":null,"SUBJECTO":"Pegu","BORDERPRECISION":1,"PARTOF":"Pegu","polity_id":"ottoman_classical:pegu","name":"Pegu","ISO_A3":"PEGU","ADM0_A3":"PEGU","ADMIN":"Pegu","fill_colour":"#573885","border_precision":1},"geometry":{"type":"MultiPolygon","coordinates":[[[[94.46485427340625,17.26426275821094],[94.94647142715289,18.50915108660211],[96.94878323674459,18.994560010139487],[97.37346938571093,18.44939573855762],[97.70602706393359,18.051280580476565],[97.73726180514453,17.968904100374026],[97.78759292086718,17.575469575837893],[98.18432118450437,15.21445736037203],[98.1370344491875,15.189550958589358],[98.21724227389453,15.018537126497073],[98.48691848239062,14.372261606172366],[98.40265344005401,13.266404191028473],[98.19888595065234,13.644810281709475],[97.97914412936328,14.235167108491702],[97.82298568209765,14.61600836367969],[97.74229720553515,15.009702287629885],[97.66407302340625,15.790937028840823],[97.61144545992968,16.095754228547854],[97.59611037692187,16.34982069583301],[97.57322219332812,16.4450698718584],[97.41847518405078,16.482848726228518],[97.35199264010546,16.527171693757815],[97.21499160250781,16.93980749698047],[96.9830808969414,17.244233690217776],[96.88161757907031,17.345660768464846],[96.77038100680468,17.332707963899416],[96.73407271823046,16.88796003909473],[96.66289809664843,16.69722708316211],[96.46924880465625,16.512576662019534],[96.20389846285937,16.384957872346682],[95.7137937875664,16.15521391482715],[95.55232528170703,15.875349603608889],[95.41820052584765,15.741652093843264],[95.32981399020312,15.677930437043948],[95.2229719491875,15.804764352754397],[95.22019484957812,16.00168951602344],[95.12479690035937,15.995128236726565],[94.97264388522265,15.835991464570803],[94.82800582369921,15.842039667085452],[94.75341323336718,15.937169633821291],[94.81964400729296,16.15965422244434],[94.81927779635546,16.21047171206836],[94.5397215219414,16.133636079744143],[94.4155989023125,16.076203905061526],[94.30408767184375,15.94890459628467],[94.1443586679375,16.0057388171709],[94.1433592172539,16.21537932010059],[94.39200118502734,16.90835913272266],[94.46485427340625,17.26426275821094]]]]}},{"type":"Feature","properties":{"NAME":"Laos","ABBREVN":"Laos","wikipedia":null,"SUBJECTO":"Laos","BORDERPRECISION":1,"PARTOF":"Laos","polity_id":"ottoman_classical:laos","name":"Laos","ISO_A3":"LAOS","ADM0_A3":"LAOS","ADMIN":"Laos","fill_colour":"#814f32","border_precision":1},"geometry":{"type":"MultiPolygon","coordinates":[[[[98.56204132121646,21.115484933091512],[98.58703835368324,22.57445082122767],[98.98499587496875,23.151317201570315],[99.23398879489062,23.184506975129885],[99.46892837008593,23.14143332095508],[99.4835691781914,23.0208755359209],[100.38736470304471,22.455771468882674],[101.55436233004687,22.2836929187334],[101.66243270358203,22.392257295564455],[101.96785262545703,22.533715806916994],[102.17058852633593,22.198381029084963],[102.44640639742968,21.939666353181643],[102.69068435153125,21.668059907869143],[102.84287551364062,21.249883256868166],[102.99293807467578,20.939632020906252],[103.26622298678515,20.744395814851565],[103.47791579684375,20.65673216433887],[103.60706618746875,20.68288382144336],[103.83613875826953,20.900102220491213],[104.01119521578906,20.977319322541994],[104.12909224948046,20.939910493806643],[104.32407668551562,20.63627775760059],[104.71581557711718,20.200439058259768],[104.71968368014453,19.97187765689258],[104.60505965670703,19.825173936799807],[104.48754409274218,19.7419448718584],[104.3584699960625,19.715789400056643],[104.1445799203789,19.746285997346682],[104.00476363619921,19.70102270694141],[103.46150341098749,19.049293441162284],[102.2983157917659,19.464717590884284],[100.53379422605458,20.00554939901827],[100.435252222625,20.03575285525684],[100.43059829196093,20.226214967683596],[100.37747481783984,20.302108369783205],[100.244822535125,20.383876405671877],[100.00115493258593,20.458650194124026],[99.9653807016289,20.420341096833987],[98.56204132121646,21.115484933091512]]]]}},{"type":"Feature","properties":{"NAME":"Shan states","ABBREVN":"Shan states","wikipedia":null,"SUBJECTO":"Shan states","BORDERPRECISION":1,"PARTOF":"Shan states","polity_id":"ottoman_classical:shan_states","name":"Shan states","ISO_A3":"SHANSTATES","ADM0_A3":"SHANSTATES","ADMIN":"Shan states","fill_colour":"#8e5d2e","border_precision":1},"geometry":{"type":"MultiPolygon","coordinates":[[[[97.89481980471271,20.96024452988348],[97.85892496837717,22.57445082122767],[97.31283992939761,23.423916437418086],[97.19148769851327,24.394734284492856],[96.58472654409155,24.455410399935026],[96.22066985143852,24.576762630819367],[96.038641505112,22.149718013132464],[95.06782365803723,21.482280743268568],[94.21835804184681,21.36092851238422],[94.15768192640465,24.273382053608508],[93.49024465654074,25.122847669798922],[92.7014551557925,25.729608824220655],[92.0340178859286,25.42622824700979],[91.54683397020176,26.2851075494896],[92.40146027198651,26.58422675511426],[94.32436945100218,26.88334596073892],[94.83714523207304,27.56704700216672],[95.4781149584116,27.908897522880622],[97.34041884860156,28.18211515994434],[97.34068587741015,28.23923262210254],[97.47846511325,28.392329774812502],[97.60302260836718,28.41209562869434],[97.82999709567187,28.28646048159961],[98.00866225680468,28.090755067781252],[98.11807540377734,27.68520125003223],[98.21602157076953,27.546138368562502],[97.98027719926152,26.154341632315855],[98.52636223824106,24.15202982272416],[98.8939695688164,23.296832643464846],[98.98499587496875,23.151317201570315],[98.58703835368324,22.57445082122767],[98.56204132121646,21.115484933091512],[97.89481980471271,20.96024452988348]]]]}},{"type":"Feature","properties":{"NAME":"Ming Chinese Empire","ABBREVN":"Ming Empire","wikipedia":null,"SUBJECTO":"Ming Chinese Empire","BORDERPRECISION":1,"PARTOF":"Ming Chinese Empire","polity_id":"ottoman_classical:ming_chinese_empire","name":"Ming Chinese Empire","ISO_A3":"MINGCHINESEE","ADM0_A3":"MINGCHINESEE","ADMIN":"Ming Chinese Empire","fill_colour":"#b1dd2c","border_precision":1},"geometry":{"type":"MultiPolygon","coordinates":[[[[114.04645232096415,22.340010093386088],[114.03066888501186,22.310145709772186],[114.0220597381288,22.22848381751031],[113.98905800841044,22.214536782914898],[113.95462142087821,22.233796608668168],[113.9316636958567,22.205902209429425],[113.90368396848679,22.2185217914642],[113.86709509423379,22.197267104726578],[113.83624565123614,22.21387260381799],[113.85848594735072,22.257701676364103],[113.901531681766,22.290896387977877],[113.94959941852974,22.30284455512718],[114.04645232096415,22.340010093386088]]],[[[114.08447605303098,22.52833971316831],[114.16626294842006,22.560807313317255],[114.21863525862533,22.550869063263487],[114.30903130089744,22.553519333285553],[114.3578164665681,22.505143896261984],[114.41305849240106,22.436859356255123],[114.39799248535569,22.396403140806775],[114.32911931029123,22.272308319943782],[114.25881127741292,22.221842545443078],[114.26311585085445,22.204407710086702],[114.23119026449645,22.22234065175855],[114.21630361467781,22.192285071974666],[114.20715639611458,22.221842545443078],[114.13397864760857,22.171690795428585],[114.09882463116942,22.21652930133975],[114.1275217874463,22.254381772049186],[114.1158635677088,22.27844929429774],[114.15334922809546,22.298696001772115],[114.16070287439139,22.31379614394487],[114.14402265230547,22.331383261411904],[114.10241177570404,22.32872874421721],[114.08662833975177,22.36057961538022],[114.0077111599904,22.371858386454452],[113.94672970290206,22.36588738615924],[113.92538619292115,22.36721429724379],[113.90135232453927,22.406518299261425],[113.98116629043429,22.468685465865477],[114.0421477475226,22.498515805121187],[114.02923402719802,22.508457822712955],[114.08447605303098,22.52833971316831]]],[[[98.8939695688164,23.296832643464846],[98.52636223824106,24.15202982272416],[97.98027719926152,26.154341632315855],[98.21602157076953,27.546138368562502],[98.34509566744921,27.527837358430666],[98.57173446139453,27.54182966800098],[98.63722518405078,27.478742204622073],[100.6816287683553,28.690961623773696],[102.40610101778157,33.720672351267005],[101.68757091385396,36.307380725406425],[100.39421672678424,37.74444093326165],[99.24456856050006,38.75038307876033],[99.38827458128559,39.75632522425898],[100.53792274756977,40.33114930740107],[102.11868897621052,39.75632522425898],[103.55574918406575,39.90003124504451],[107.71305379618983,43.254934552739094],[120.38680943883438,46.42337346340023],[127.58098302158292,56.61544897429181],[128.17105724849816,56.71957972021803],[128.83686902140826,56.645600634339125],[129.20676445080278,56.86753789197583],[130.3904298248652,56.05376794730791],[130.90828342601753,55.239998002639986],[130.53838799662302,53.90837445681975],[131.13022068365424,53.90837445681975],[132.01796971420106,52.42879273924172],[132.38786514359558,52.35481365336282],[133.12765600238458,52.650729996878425],[133.4235723459002,52.650729996878425],[134.2373422905681,53.46449994154634],[134.6812168058415,52.94664634039403],[135.27304949287273,53.020625426272936],[136.16079852341954,53.020625426272936],[137.23923781832812,53.45651587100391],[137.9793958993828,53.464583955720705],[138.2340345712578,53.57158621402149],[138.40946486910937,53.80512198062305],[138.41680434664843,54.09191092105274],[138.76041701754687,54.08589132876758],[139.0516615243828,54.08645971866016],[139.37804702242968,54.080394350007815],[139.80591872653125,53.96114691348438],[140.10245803317187,53.80170401187305],[140.32129958590625,53.535647951082034],[140.70232680758593,53.2768627032793],[140.89365676364062,53.197433076814455],[141.12119582614062,53.051631532625],[141.0896711679375,52.98512228579883],[140.8281965585625,52.82524832339649],[141.03197768649218,52.72607382388477],[141.09054091891406,52.586864076570315],[140.93949416598437,52.26177176089649],[141.16062453707812,52.209205232576174],[141.25706008395312,52.10346182437305],[141.12632277926562,51.871619783357424],[140.96988967379687,51.69279821963672],[140.73028090914843,51.441302858308596],[140.40453628024218,50.82738455386524],[140.32349685153125,50.51783712954883],[140.34884170016406,50.41921957583789],[140.45699599703906,50.103988252595705],[140.37220290621875,49.691279970125],[140.32822707614062,49.35787924380664],[140.14658645114062,48.72439535708789],[140.08100417575,48.50260504336719],[139.21370986422656,47.81061514468555],[139.04668715914843,47.615150056794924],[138.9492903085625,47.322425447419924],[138.68499282321093,47.13351400943164],[138.35157302340625,46.87316092105274],[138.24288466891406,46.710704408601565],[137.98462966403125,46.269290529207034],[137.72051528414843,45.996680818513674],[137.29691604098437,45.64631613345508],[136.49410537203906,44.96602972598438],[136.2850599618828,44.75304373355274],[136.17924025973437,44.54676779361133],[136.03397658785937,44.39840658755664],[135.69280532321093,44.22396811099414],[135.41475966891406,44.03683050723438],[135.15606215914843,43.72116430850391],[134.9624281259453,43.51504477115039],[134.56858352145312,43.21221502871875],[134.1389417978203,42.99295385928516],[133.31200698336718,42.77939184756641],[132.95279983004687,42.669540010408205],[132.82735732516406,42.86189993472461],[132.594431910125,42.899974428132815],[132.48473647555468,42.88049276919727],[132.33309462985156,42.96368368716602],[132.1817884775078,43.19463690371875],[131.88309768160937,43.071979127839846],[131.67460158785937,43.02660330386524],[131.86515334567187,43.290381990388674],[131.58420852145312,43.21272238345508],[131.35679152926562,42.99385031314258],[131.06461623629687,42.74924048037891],[130.46761611422656,42.298785768464846],[130.43509963473437,42.27675970645313],[130.35991958102343,42.45350607486133],[130.22588637789843,42.65130194278125],[129.9656019540703,42.957393251375],[129.85425857028125,42.956790529207034],[129.74045852145312,42.89849432559375],[129.5681867929375,42.73739584536914],[129.46447280367968,42.416610322908205],[129.03454116305468,42.17738302798633],[128.75553420504687,42.060645662263674],[128.51363662203906,42.05294378848438],[128.3099623056328,42.07742270083789],[128.16028884371875,42.13420446963672],[127.98404983004687,42.10763891787891],[127.86077407321093,41.99816855044727],[127.84928420504687,41.844546876863284],[128.07813552340625,41.50039251895313],[128.09849074801562,41.44936331363086],[127.86146071871875,41.37772711367969],[127.42280868014453,41.35615500064258],[127.19430068453906,41.42522390933399],[126.97237685641406,41.539107881501955],[126.84932998141406,41.71752890200977],[126.64752486666796,41.710025392488284],[126.47417739352343,41.651507936433596],[126.16551497897265,41.189437471345705],[125.87949660739062,40.945026002839846],[125.41501143893359,40.69969900699024],[124.72513106783984,40.42769964785938],[124.49109939059375,40.27958258242969],[124.30433181246875,40.08068045230274],[124.13388350924609,39.843143068269534],[124.1040754648125,39.884784303621096],[123.91652968844531,39.80788382144336],[123.36642745455859,39.74938925357227],[123.03905776461718,39.67220266909961],[122.02749160250781,39.25575979800586],[121.74316695651171,39.08944662661914],[121.48840621432421,38.878604494050784],[121.2164793344414,38.75695761294727],[121.06533339938281,38.750281892732424],[121.12369826754687,38.865123353914065],[121.51177504977343,39.171859346345705],[121.66015151461718,39.33151587100391],[121.44896224459765,39.38210257144336],[121.28217605075,39.349891267732424],[121.21334365328906,39.4836383685625],[121.23940566500781,39.55383261294727],[121.66813186129687,39.905406557039065],[121.7889891000664,40.07807882876758],[122.03651717623828,40.26403769107227],[122.10791305026171,40.35372122378711],[122.08235457858203,40.488013826326174],[121.75361922701953,40.73695334048633],[121.42673018893359,40.86432608218555],[121.36801436862109,40.8706127032793],[121.0852766366875,40.85723455996875],[121.01060775241015,40.85068091006641],[120.78842452487109,40.683814607576174],[120.27274611910937,40.151771150544924],[120.11272719821093,40.08110388369922],[119.82381728610156,40.04216345401172],[119.54778579196093,39.93304403872852],[119.38549331149218,39.84343298526172],[119.21067336520312,39.63902624698047],[119.14941695651171,39.45397909732227],[119.09059432467578,39.33910330386524],[118.97764113864062,39.22413595767383],[118.78126815280078,39.166358552888674],[118.55933669528125,39.172286592439455],[118.41243270358203,39.050880037263674],[118.27459243258593,38.999610506013674],[118.06992629489062,39.254188142732424],[117.91011336764453,39.26024206729297],[117.75288680514453,39.20253714175586],[117.57505324801562,38.91533621402149],[117.4395017953789,38.60277136416797],[117.47903731783984,38.44991644473438],[117.58946517428515,38.28448065371875],[117.84067061862109,38.16392096133594],[118.20027450045703,38.04361303897266],[118.74464705905078,38.06383474917774],[118.87524703463671,37.94942816348438],[118.8672590585625,37.707374177888674],[118.81164840182421,37.44613226504688],[118.83700087985156,37.20421560855274],[118.95460036715625,37.07711752505664],[119.28440383395312,37.04596670718555],[119.59885695895312,37.11661871524219],[119.94069961032031,37.3529125079668],[120.16939071139453,37.57625540347461],[120.41806319674609,37.67865713687305],[120.65811446627734,37.73646505923633],[120.7874021860039,37.70487555117969],[121.18977645358203,37.42548330874805],[121.43434432467578,37.336837373689455],[121.8948469491875,37.37596472354297],[122.05756667575,37.363563142732424],[122.26948836764453,37.30032309146289],[122.39285567721484,37.300574861482424],[122.28126815280078,36.982005678132815],[122.25558761080859,36.73369177432422],[121.98012832125781,36.822249971345705],[121.84669784030078,36.86017569156055],[121.60988143405078,36.83422812075977],[120.85548690280078,36.584449373201174],[120.53731063326953,36.386519990876955],[120.50483230075,36.05556830020313],[120.26971724948046,35.98509558291797],[120.20366958102343,36.035865388826174],[120.19649032076953,36.15673788638477],[120.13933852633593,36.194800935701174],[119.91377547701953,36.143443666414065],[119.97557357272265,35.933597169832034],[119.90734389742968,35.76805838199024],[119.68883040866015,35.54497107119922],[119.06016066989062,35.0412670001543],[119.0032453866875,34.939471803621096],[119.02086165866015,34.691932283357424],[119.29992202242968,34.59093054385547],[119.62047866305468,34.36938437075977],[119.97359755953906,34.13522299380664],[120.14943221530078,33.894332490876955],[120.3402815195,33.33605536075],[120.64058974703906,33.04462393374805],[120.71938613375781,32.84798391909961],[120.66086104830859,32.54311712832813],[120.73830703219531,32.46073492617969],[121.05076125582812,32.328048311189455],[121.23053267916796,32.06176718325977],[121.48366836032031,31.948009096101565],[121.60595992526171,31.827626787141604],[121.64503768405078,31.688027940706057],[121.62330916842578,31.618154130891604],[121.26826766451953,31.45233877749805],[121.30788711032031,31.420663438752932],[121.49887374362109,31.28138693423633],[121.64023116549609,30.92612036319141],[121.63186934908984,30.792768083528323],[121.56893447360156,30.710101686433596],[121.32843306979296,30.690547548250002],[121.0354719491875,30.594703279451174],[120.60866836032031,30.346181474641604],[120.22693160494921,30.25015028567676],[119.94366744479296,30.1162181720293],[120.26755050143359,30.021649919465823],[120.43786147555468,29.99661024661426],[120.86273482760546,30.187980256990237],[121.08252242526171,30.213830553010744],[121.15524581393359,30.18857916446094],[121.39126876315234,29.92239721866016],[121.5652342172539,29.846555314973635],[121.77031997164843,29.834281526521487],[121.77436355075,29.76445349307422],[121.67039016207812,29.624536119416994],[121.49843886813281,29.522582612947268],[121.36191085299609,29.414350114778323],[121.41146377047656,29.344604097322268],[121.55819991549609,29.357616029695315],[121.64916518649218,29.319707475618166],[121.56675246676562,29.173480592683596],[121.43251326998828,28.836659990266604],[121.34583571871875,28.54437979312305],[121.35852340182421,28.385663591340823],[121.25970748385546,28.182250581697268],[121.16591170748828,28.124896608308596],[121.00856307467578,28.276980958894534],[120.94237807711718,28.213330827668948],[120.68650344332812,27.86989554019336],[120.50590041598437,27.590104661897463],[120.40887740573046,27.310491167024416],[120.35180953463671,27.177013002351565],[120.08409408053515,26.985940538362307],[119.97135451754687,26.788837037996096],[119.85703566989062,26.706031404451174],[119.60071090182421,26.692800126985354],[119.428904566375,26.590831361726565],[119.55488875826953,26.2672134265459],[119.43603042086718,26.038339220002932],[119.47034743746875,25.77168234439258],[119.42860701998828,25.65092619510059],[119.33538344821093,25.530067048982424],[119.09585860690234,25.440650545076174],[119.02366927584765,25.313485704377932],[118.94535354098437,25.135495744661135],[118.81294539889453,24.84941443057422],[118.53120711764453,24.69003637881641],[118.3456297250664,24.467338167146487],[118.12423995455859,24.530391298250002],[117.92490676364062,24.56172712893848],[117.86126235446093,24.510774217561526],[117.796092066375,24.42171438784961],[117.84909347018359,24.047095857576174],[117.7532453866875,23.98338469119434],[117.40589431246875,23.690473161653323],[117.24540236910937,23.632972322419924],[116.96271041354296,23.556155763582034],[116.70913222750781,23.34602316470508],[116.45205977877734,23.250201784089846],[116.40389541110156,23.19928701968555],[116.4002180429375,22.983321748689455],[116.34061721285937,22.9133315906084],[116.08469680270312,22.88737829776172],[115.86004928073046,22.83609541507129],[115.70670608004687,22.638873659089846],[115.54251388033984,22.695684038118166],[115.30879500826953,22.771407686189455],[115.18552688082812,22.745751939729494],[115.04353621920703,22.599364839509768],[114.84781173190234,22.510015092805666],[114.55874923190234,22.464948259309573],[114.53746322116015,22.674502931550784],[114.30387404879687,22.64860113711719],[113.98913863619921,22.55266722293262],[113.845164332,22.463439546541018],[113.71678451022265,22.482215486482424],[113.53598311862109,22.704146944001955],[113.4625730844414,22.77385290713672],[113.37662032565234,22.646646104768557],[113.41929152926562,22.570508562043948],[113.39908889254687,22.47519262881641],[113.37770369967578,22.16390760989551],[113.28367904147265,22.030330263093752],[113.09672072848437,21.979121767],[112.87131026705859,22.061215959504885],[112.81556228121875,21.934060655549807],[112.81533339938281,21.826074205354494],[112.74952224215625,21.756068788484377],[112.47251418551562,21.73007734866504],[112.30786422213671,21.678912721589846],[112.03952315768359,21.65928991885547],[111.83120254000781,21.754121385530276],[111.73399642428515,21.709455095247073],[111.53608230075,21.493072114900393],[111.43422225436328,21.461099229768557],[111.08559707125781,21.479402147249026],[110.74959853610156,21.37706335635547],[110.56641677340625,21.23057707400684],[110.36344436129687,21.24285276980762],[110.23882583102343,21.280696474031252],[110.23382094821093,21.25528486819629],[110.20257094821093,21.096425615266604],[110.07242873629687,20.91828878970508],[110.0772199960625,20.867482744172854],[110.29317000826953,20.582110963777346],[110.41411879977343,20.52519568057422],[110.43365767916796,20.436297975496096],[110.2712889047539,20.315265260652346],[109.92825606783984,20.244672380403323],[109.7115965219414,20.56816252322559],[109.60293105563281,20.879180513337893],[109.60814956149218,21.057046495393557],[109.78676131686328,21.406783662751955],[109.77981856783984,21.482984147981448],[109.51607802828906,21.596772752717776],[109.41431716403125,21.56479414554004],[109.32187941989062,21.43120153994922],[109.11740401705859,21.39900930972461],[108.8130369516289,21.493642412141604],[108.55499556979296,21.823396287874026],[108.46664718112109,21.785104356721682],[108.45892623385546,21.708860002473635],[108.38727096041796,21.530852876619143],[108.2659406991875,21.47342451663379],[108.11670211276171,21.498511873201174],[107.90002730807421,21.4790054187334],[107.87561324557421,21.462068162874026],[107.78662398776171,21.526309572175784],[107.37752822360156,21.574723802522463],[107.09811690768359,21.649287782625002],[106.67344191989062,21.92616995425586],[106.55055526217578,22.09053763003711],[106.5073957773125,22.325194917634768],[106.71983626803515,22.662929140046877],[106.694529566375,22.834197603181643],[106.58803084811328,22.928811632112307],[106.23813918551562,22.90773542971973],[105.94114211520312,22.9314037189043],[105.59397414645312,23.037318788484377],[105.31343368014453,23.296004854158205],[105.17943099459765,23.25078161807422],[104.94455245455859,23.103391252473635],[104.63144210299609,22.85396345706348],[104.47811416110156,22.78323134036426],[104.11500075778125,22.730329118684573],[103.39727309664843,22.707110963777346],[103.24778274020312,22.655440889314455],[102.985056910125,22.469791017488284],[102.83884719332812,22.513383470491213],[102.5703611703789,22.689601503328127],[102.41698745211718,22.695058427766604],[102.18545058688281,22.636575303987307],[101.96785262545703,22.533715806916994],[101.66243270358203,22.392257295564455],[101.55436233004687,22.2836929187334],[100.38736470304471,22.455771468882674],[99.4835691781914,23.0208755359209],[99.46892837008593,23.14143332095508],[99.23398879489062,23.184506975129885],[98.98499587496875,23.151317201570315],[98.8939695688164,23.296832643464846]]]]}},{"type":"Feature","properties":{"NAME":"central Asian khanates","ABBREVN":"central Asian khanates","wikipedia":null,"SUBJECTO":"central Asian khanates","BORDERPRECISION":1,"PARTOF":"central Asian khanates","polity_id":"ottoman_classical:central_asian_khanates","name":"central Asian khanates","ISO_A3":"CENTRALASIAN","ADM0_A3":"CENTRALASIAN","ADMIN":"central Asian khanates","fill_colour":"#8a4bd8","border_precision":1},"geometry":{"type":"MultiPolygon","coordinates":[[[[55.424868616667965,73.55293615908985],[54.99362472018359,73.53622778506642],[54.66363051852343,73.47199591250782],[54.47870543917773,73.51936682315235],[54.01755050143359,73.73358496280079],[54.34921554049609,73.86993750186329],[54.89357665499804,74.06292303653126],[55.18793395480273,74.10351904483204],[55.88524154147265,74.10480841250782],[55.94557479342578,74.26536139102345],[55.618506464568355,74.41746100039845],[55.775942835417965,74.53853186221485],[55.96450332125781,74.60336645694142],[56.26875594576953,74.61199530215626],[56.6520262094414,74.69341620059376],[56.53924087008593,74.7658878192461],[56.30263808688281,74.87056311221485],[56.99497893771289,75.27312811465626],[57.22605422457812,75.3313175067461],[57.32729629000781,75.2984805926836],[57.7286978097832,75.29101141543751],[58.17005828341601,75.53156622500782],[58.5585317941582,75.68162878604298],[59.01763061007617,75.79893072696095],[59.45592788180468,75.86640509219532],[60.042971644011715,75.9175220355547],[60.61674025973437,75.89358862491017],[60.948985132781246,75.9609790668047],[61.302588495818355,76.23785742373829],[61.42554381808398,76.22968634219532],[61.81874755343554,76.28919561953907],[62.59329513033984,76.16482885928517],[62.805266413298824,76.18198736758595],[63.67331984957812,76.32630499453907],[64.10461715182421,76.34393652530079],[65.08725264987109,76.45518835635548],[65.92605880221484,76.50735815616017],[66.2732649179375,76.76152380557423],[66.44234755953906,76.82964666934376],[67.57229903658984,76.89120825381642],[68.4567137094414,76.92682226748829],[68.66830733737109,76.86778601260548],[68.86719039401171,76.76642187686329],[68.93684676608203,76.60583838076954],[68.5714598031914,76.39442022891407],[68.328318628875,76.31829413028126],[67.72246840914843,76.17451819033985],[66.54819014987109,75.97989233584767],[64.60047439059375,75.75954779239063],[63.61646941622851,75.63308294864063],[62.66149428805468,75.49864538760548],[61.83259490450976,75.35651739688282],[60.88701919039843,75.24749334903126],[60.463328394499996,75.15610846133595],[60.333655390349605,75.03255804629688],[60.6233511300957,74.93528326602345],[60.4335203500664,74.83779486270313],[60.00877288302539,74.67541082950001],[59.77162078341601,74.65884741397267],[58.85056594332812,74.68941839785938],[58.65640548190234,74.60839422793751],[58.60250380953906,74.50352057071095],[58.88194564303515,74.39136084170704],[58.73313430270312,74.28661688418751],[58.19052413424609,74.08507879825001],[58.009348902312496,74.14886816592579],[57.67119887789843,74.18831213565235],[57.404734644499996,74.05159338565235],[57.79941848239062,73.92428930850392],[57.8228140207207,73.78055151553517],[57.330393824187496,73.4849048480547],[56.96043685397265,73.35708960147267],[56.69509032687304,73.42014654727345],[56.2649526925957,73.51473578067188],[55.75743392428515,73.5774341449297],[55.424868616667965,73.55293615908985]]]]}},{"type":"Feature","properties":{"NAME":"Saylan","ABBREVN":"Saylan","wikipedia":null,"SUBJECTO":"Saylan","BORDERPRECISION":1,"PARTOF":"Saylan","polity_id":"ottoman_classical:saylan","name":"Saylan","ISO_A3":"SAYLAN","ADM0_A3":"SAYLAN","ADMIN":"Saylan","fill_colour":"#68288a","border_precision":1},"geometry":{"type":"MultiPolygon","coordinates":[[[[80.56289962252734,5.931666456178469],[80.34107497653125,5.969314657167239],[80.22215560397265,6.058007322267336],[80.12766555270312,6.216660104707522],[80.0167723031914,6.49599989505176],[79.85409072360156,7.061153493837161],[79.83872512301562,7.353393636659426],[79.84073165377734,7.696509443239016],[79.83217147311328,8.103148065522952],[79.72417739352343,8.416576944307131],[79.80870345553515,8.647491060212893],[79.6746321054375,8.804930292085452],[79.70579055270312,8.930883966401858],[79.89601424655078,8.92038782687549],[80.05261519869921,9.113884530977053],[80.07652572116015,9.279133401826662],[80.17807296237109,9.445190034822268],[80.10958388766406,9.686597429231448],[80.34759810885546,9.47033079715137],[80.66241744479296,9.29945620150928],[80.7676267953789,9.121781907991213],[81.01491836032031,8.772848688081545],[81.09344008883593,8.626881204561037],[81.04907515963671,8.47429522128467],[81.06007674655078,8.410785280183596],[81.32613662203906,8.25886782260303],[81.4459715219414,7.928720079377932],[81.8048582406914,7.313169561342043],[81.86616805514453,7.084561429933352],[81.77901748141406,6.753964982942385],[81.59991744479296,6.448580347017092],[81.43387893160937,6.270314298585696],[81.2026853891289,6.079191289857668],[80.85180190524218,5.951348863557619],[80.56289962252734,5.931666456178469]]]]}},{"type":"Feature","properties":{"NAME":"Aceh","ABBREVN":"Aceh","wikipedia":null,"SUBJECTO":"Aceh","BORDERPRECISION":1,"PARTOF":"Aceh","polity_id":"ottoman_classical:aceh","name":"Aceh","ISO_A3":"ACEH","ADM0_A3":"ACEH","ADMIN":"Aceh","fill_colour":"#a5743b","border_precision":1},"geometry":{"type":"MultiPolygon","coordinates":[[[[96.11843398532031,3.951094470933718],[95.82762435397265,4.223691068605227],[95.56092360934375,4.534462533906741],[95.3081541391289,4.959623895601077],[95.20507338961718,5.245321355775637],[95.19055465182421,5.410494409517092],[95.21608260592578,5.499504648164553],[95.28316024264453,5.55048569293384],[95.46405318698046,5.569940172151369],[95.6277342172539,5.525817476228518],[95.74045089205859,5.468877874330325],[96.02468398532031,5.215323530153078],[96.18733504733203,5.14578827472095],[96.60203078707812,5.07678660006885],[96.54407499474092,4.47212431818089],[96.11843398532031,3.951094470933718]]]]}},{"type":"Feature","properties":{"NAME":"Malacca","ABBREVN":"Malacca","wikipedia":null,"SUBJECTO":"Malacca","BORDERPRECISION":1,"PARTOF":"Malacca","polity_id":"ottoman_classical:malacca","name":"Malacca","ISO_A3":"MALACCA","ADM0_A3":"MALACCA","ADMIN":"Malacca","fill_colour":"#913b5c","border_precision":1},"geometry":{"type":"MultiPolygon","coordinates":[[[[103.71359542330859,-0.016971983],[103.68662551364062,-0.1183407977068],[103.50074294528125,-0.315737046285825],[103.40866378268359,-0.500223256632047],[103.2376203866875,-0.659467495962339],[103.31132033785937,-0.81817577032681],[101.75915278068425,-1.287812340920697],[101.13645692564624,-1.365649322800451],[100.20241314308922,0.891623151712334],[98.6456735054942,2.759710716826364],[98.4899995417347,3.22673260810487],[98.6252928110039,3.657878957704348],[98.96240523776171,3.436213813737673],[99.49126723727343,3.126008592561526],[99.7959471078789,2.980528198198122],[99.85836318453906,2.904411159471316],[99.87222579440234,2.637564025834841],[99.86316207369921,2.56764467807178],[100.12141707858203,2.542796693757815],[100.45648482760546,2.117784582093996],[100.73194411715625,1.870563827470583],[100.8543196054375,1.877182088807864],[100.85605910739062,1.966142974809451],[100.8006086679375,2.0676923617876],[100.83172133883593,2.175784192994875],[101.05975631198046,2.080969177202029],[101.27575210055468,1.719237886384768],[101.47430709323046,1.548094235376162],[101.67528060397265,1.523109518007082],[101.86814406832812,1.434568367914004],[102.00979903658984,1.269662819818301],[102.13589004000781,0.939505957082552],[102.27828505953906,0.742825351671023],[102.47178176364062,0.622509859517855],[102.7016096445,0.565819166616244],[103.04658797701953,0.528438948110384],[103.24048903903125,0.458958230928225],[103.46307662448046,0.287862710670275],[103.72215560397265,0.015183419004721],[103.71359542330859,-0.016971983]]],[[[103.33394155595983,3.393729771446281],[103.33925155123828,3.312262617067141],[103.30775741061328,3.026256643251223],[103.35107711276171,2.803951345399661],[103.43956283053515,2.632579170182986],[103.67808822116015,2.410706363633913],[103.83044722994921,2.169566951707644],[104.14766982516406,1.445869527772707],[104.17563918551562,1.388738475755495],[104.01071456393359,1.420148454622073],[103.60840133151171,1.444692216829104],[103.42773726901171,1.380763731912417],[103.34908584078906,1.41236587615375],[103.11473372897265,1.608834467843813],[102.71689895114062,1.881211601213259],[102.44667342623828,2.033130012468142],[101.89264205416796,2.336937271074099],[101.43380263766406,2.666369996980471],[101.33639815768359,2.780523143724245],[101.26427749117968,3.225161157563967],[101.836989762564,3.460243553744125],[103.33394155595983,3.393729771446281]]],[[[108.99905684908984,0.198187835530085],[108.84097579440234,0.331290803865237],[108.870310816375,0.541057251409335],[108.81431106051562,0.807816825822634],[108.89605239352343,1.100297294572634],[108.95550063571093,1.259293399766726],[109.14623549899218,1.520239554361147],[109.28236678561328,1.882722817376894],[109.42594436129687,1.870326720193667],[109.5175047250664,1.820520602182192],[109.55395797213671,1.800703965143008],[109.72311690768359,1.616803489640994],[109.90182021578906,1.553646527246279],[110.28948501071093,1.516362391427798],[110.47523024996875,1.440501533464236],[110.81756118258593,1.244261227563662],[110.54860213717578,0.726002536729617],[110.34764388522265,0.851918242887301],[109.93203587805812,0.191090314794574],[108.99905684908984,0.198187835530085]]]]}},{"type":"Feature","properties":{"NAME":"Scotland","ABBREVN":"Scotland","wikipedia":null,"SUBJECTO":"Scotland","BORDERPRECISION":1,"PARTOF":"Scotland","polity_id":"ottoman_classical:scotland","name":"Scotland","ISO_A3":"SCOTLAND","ADM0_A3":"SCOTLAND","ADMIN":"Scotland","fill_colour":"#c4a227","border_precision":1},"geometry":{"type":"MultiPolygon","coordinates":[[[[-1.949628927163613,55.56249304373739],[-2.125036571133325,55.522014356667455],[-2.118047687691988,55.284392319662],[-2.362658608138783,55.186547951483284],[-2.851880449032374,54.93494814759515],[-3.187976071504315,54.84865332560911],[-3.308701720627564,54.88473471255664],[-3.576675858887452,54.924483858064455],[-3.907677379044312,54.789668642],[-4.121606316956299,54.762435518220705],[-4.460701909455079,54.862403474763674],[-4.50027367154004,54.77510794253711],[-4.599911656769532,54.687755189851565],[-4.902518239411133,54.734115205720705],[-5.111419167908448,54.7940746173418],[-5.066654172333497,54.94846685977344],[-4.909992661865967,55.11034353824024],[-4.638357129486817,55.42791327090625],[-4.770515408905762,55.488421998933596],[-4.907764401825684,55.66387137027149],[-4.895102467926758,55.772105775789065],[-4.758425202759522,55.819713197664065],[-4.623294320496338,55.907962404207034],[-4.710717168244141,56.13130911441211],[-4.848367181214112,56.09715994449024],[-5.134628739746827,55.893428407625],[-5.333552804383057,55.879520021394534],[-5.570167508515137,55.75051840396289],[-5.633057561310547,55.93986090274219],[-5.497018781098145,56.17727240176563],[-5.300114598664063,56.428660951570315],[-5.270704236420411,56.544147096589846],[-5.45825478115918,56.63214071841602],[-5.546579804810303,56.6523509845293],[-5.644504037293213,56.51628454776172],[-5.821677174958008,56.400497041658205],[-6.043546166809815,56.47476538272266],[-5.908959832581299,56.73325689883594],[-5.665934529694336,56.937842927888674],[-5.62528940716626,56.99921377749805],[-5.726338830384034,57.258006654695315],[-5.56160065213086,57.299258790925784],[-5.460639920624512,57.38814505191211],[-5.762965646179932,57.61977728457813],[-5.568463769348877,57.777389131501955],[-5.229971375855225,57.70964392276172],[-5.055585351380127,57.75101812930469],[-5.345933404358643,58.09274252505664],[-4.907128301056641,58.168963991121096],[-5.112714734467286,58.39491995425586],[-4.925559487732666,58.56695517154102],[-4.509851899536866,58.40292700381641],[-4.138885226639527,58.44481619449024],[-3.83054801503064,58.50719030948047],[-3.440544810684937,58.528548799470705],[-3.165008988770264,58.522201143220705],[-3.02838965931775,58.405746065095705],[-3.166374650391358,58.27510794253711],[-3.943202701004761,57.958419404939455],[-4.150455680283326,57.834815584138674],[-4.248504605683106,57.636329256013674],[-4.148425546082276,57.55452688784961],[-3.795819249542969,57.54153021426563],[-3.400818553360718,57.57644613833789],[-3.092637029083985,57.57702597232227],[-2.853980508240479,57.543319307283205],[-2.150362935456055,57.571979127839846],[-1.944626775177735,57.40166052432422],[-2.107808676155823,57.210330568269534],[-2.203161802681702,57.06481131167774],[-2.158947673233765,57.014319978669924],[-2.413140502365845,56.71725424380664],[-2.514751401337403,56.66733893008594],[-2.667135920914429,56.47100027652149],[-2.980528798493165,56.35358389468555],[-3.152406897934693,56.33681830020313],[-2.949428286942261,56.25300558658008],[-2.720856156739014,56.17819174380664],[-2.772860255631226,56.17131384463672],[-2.895339455994385,56.08550222964649],[-3.169811215790528,56.06210669131641],[-3.293507066162842,55.973914705232424],[-3.894964661988038,55.98506888003711],[-3.713039603623169,55.88469656558399],[-3.577178683670777,55.88469656558399],[-3.355851378830689,55.842689119294924],[-3.161462273987549,55.84568365664844],[-2.927901473435181,55.94603308291797],[-2.742131438645142,55.95718725772266],[-2.540346112641114,55.88469656558399],[-2.245011058243531,55.81096609683399],[-1.949628927163613,55.56249304373739]]]]}},{"type":"Feature","properties":{"NAME":"England and Ireland","ABBREVN":"England and Ireland","wikipedia":null,"SUBJECTO":"England and Ireland","BORDERPRECISION":1,"PARTOF":"England and Ireland","polity_id":"ottoman_classical:england_and_ireland","name":"England and Ireland","ISO_A3":"ENGLANDANDIR","ADM0_A3":"ENGLANDANDIR","ADMIN":"England and Ireland","fill_colour":"#d12967","border_precision":1},"geometry":{"type":"MultiPolygon","coordinates":[[[[-5.698169675263184,55.330726228669924],[-5.755679574402588,55.47726782412891],[-5.68865725079419,55.62812002749805],[-5.517836537750977,55.66802176089649],[-5.482397046479004,55.442699037507815],[-5.620342221649903,55.32952078433399],[-5.698169675263184,55.330726228669924]]]]}},{"type":"Feature","properties":{"NAME":"Habsburg Netherlands","ABBREVN":"Habsburg Netherlands","wikipedia":null,"SUBJECTO":"Habsburg Netherlands","BORDERPRECISION":1,"PARTOF":"Habsburg Netherlands","polity_id":"ottoman_classical:habsburg_netherlands","name":"Habsburg Netherlands","ISO_A3":"HABSBURGNETH","ADM0_A3":"HABSBURGNETH","ADMIN":"Habsburg Netherlands","fill_colour":"#56429e","border_precision":1},"geometry":{"type":"MultiPolygon","coordinates":[[[[5.541243985644642,52.248179102062885],[5.946186580143359,51.50421480054198],[6.161084081794847,49.932069920039],[5.698878313039287,49.391190828942065],[5.361129202599225,49.69675577726925],[4.25521547314937,49.88723560955358],[3.820330011313015,50.039445521196306],[3.482680234946868,49.920460407672934],[2.907273158895701,49.94347669071498],[2.677110328475234,50.1506232380934],[2.400914931970674,50.196655804177496],[2.14773581850816,50.058558105925215],[1.986621837213834,50.08157438896726],[1.986621837213834,50.21967208721954],[1.825507855919507,50.24268837026159],[1.796177011925293,50.92141446442835],[1.823555264083129,50.93456228824024],[2.030328068343383,51.006656251863284],[2.442595991698486,51.04803045840625],[2.522131952849609,51.09112127871875],[2.995262178984863,51.313479982332034],[3.213605198470336,51.35356863589649],[3.472019943801147,51.31439169497852],[3.681297096816284,51.3214183673418],[3.775046858397705,51.38774450869922],[3.743475946990234,51.460452638582034],[3.520320448485595,51.57913549991016],[3.878135714141113,51.79172857852344],[4.264411482421142,52.07089193911914],[4.387240442839843,52.230365358308596],[4.641012701598388,52.75569876284961],[4.718774351683837,52.80241736026172],[5.008403811064941,52.85619314761524],[5.173285517302734,52.743419252351565],[5.234628233519775,52.62285193057422],[5.108244452086669,52.5315013751543],[5.006087812987548,52.55688437075977],[5.035744223204834,52.333716951326174],[4.949828180876953,52.27794607730274],[5.473186525908691,52.17660482974414],[5.541243985644642,52.248179102062885]]]]}},{"type":"Feature","properties":{"NAME":"England and Ireland","ABBREVN":"England and Ireland","wikipedia":null,"SUBJECTO":"England and Ireland","BORDERPRECISION":1,"PARTOF":"England and Ireland","polity_id":"ottoman_classical:england_and_ireland","name":"England and Ireland","ISO_A3":"ENGLANDAND2","ADM0_A3":"ENGLANDAND2","ADMIN":"England and Ireland","fill_colour":"#d12967","border_precision":1},"geometry":{"type":"MultiPolygon","coordinates":[[[[-7.427515473755616,55.06380423159961],[-7.225492921265381,55.104190431550784],[-6.99682375470044,55.17202337832813],[-6.645197835358399,55.2064281329668],[-6.454310384186524,55.18654974551563],[-6.279264417084473,55.139693819001955],[-6.116521325501221,55.16022451968555],[-6.018187966736573,55.093001924470705],[-5.784886327179688,54.73741873355274],[-5.763683762940186,54.656993471101565],[-5.799925771149415,54.52288778872852],[-5.661512818726319,54.32224615664844],[-5.731388535889405,54.174869142488284],[-5.912154164704102,54.02737768741016],[-6.071708169373291,53.973590455964846],[-6.206393208893555,53.95674856753711],[-6.343146768006104,53.93964346499805],[-6.443396058472413,53.89937933535938],[-6.334980454834717,53.78598364444141],[-6.172213521393555,53.43919714541797],[-6.043061223419922,52.89308889956836],[-6.070682969483155,52.766604982332034],[-6.232112851532715,52.61333426089649],[-6.340896096619385,52.42706259341602],[-6.405971017273682,52.21443899722461],[-6.489150014313477,52.19435843081836],[-6.616821256073731,52.22066458316211],[-6.893897023590821,52.206649385408205],[-6.961679425629395,52.111201845125],[-7.372407880219239,52.092113100007815],[-7.750648942383545,52.03270681949024],[-7.86164948025586,51.96809347720508],[-8.15881392041089,51.839644990876955],[-8.565231290253418,51.61545141787891],[-8.84775730648877,51.59982260318164],[-9.243309941681641,51.47262915225391],[-9.819109883698243,51.434554658845705],[-9.795244183930176,51.604632936433596],[-9.835420575531739,51.80326422305469],[-10.216907468231934,51.75834997744922],[-10.294031110199708,51.97762640567188],[-9.96377464810254,52.092113100007815],[-10.497328725250977,52.10165365786914],[-10.469237294586915,52.206649385408205],[-9.890640225800293,52.19443091006641],[-9.801606145294922,52.241084657625],[-9.784003224762696,52.3407054767168],[-9.735718694123047,52.48028143496875],[-9.503988233002442,52.54054983706836],[-9.192634549530762,52.55445822329883],[-9.134288754853028,52.68089636416797],[-9.615690198334473,52.636634431794924],[-9.441564526947754,52.83327826114063],[-9.525756802948731,52.90455587954883],[-9.309349980744141,53.11526831241016],[-8.9969987539375,53.12044485659961],[-8.923582997711915,53.16057547183399],[-9.001670804413575,53.30037649722461],[-9.158159222992676,53.2206989154375],[-9.297359433563965,53.279803834871096],[-9.440665212067383,53.26620825381641],[-9.616703954132813,53.34587820620899],[-9.802919354828614,53.34535177798633],[-9.884814229401368,53.29739721866016],[-10.159825292023438,53.374122224763674],[-10.02107330838086,53.51185568423633],[-10.151425328644532,53.575641237214846],[-9.80959984341504,53.63241537661914],[-9.872389760407227,53.767718873933596],[-9.696483579071778,53.8734203204668],[-9.912850346955079,53.96955832095508],[-10.178537335785645,53.9118724689043],[-10.159675565155762,54.13307150454883],[-9.988787618073243,54.25371512027149],[-9.891974416168946,54.32558401675586],[-9.4742936758125,54.241309724763674],[-9.32290550747754,54.275069795564455],[-9.08584496060254,54.258189760164065],[-8.590084996613282,54.20284994693164],[-8.686731305512208,54.364112459138674],[-8.30057999173047,54.48934897036914],[-8.21147915402295,54.6339183673418],[-8.829358067902344,54.6339183673418],[-8.760042157562989,54.701427064851565],[-8.50373932400586,54.749644838289065],[-8.476253476532715,54.87985190005664],[-8.345380750092286,55.09528311343555],[-8.11831804791333,55.176631532625],[-7.756225076111573,55.25272711367969],[-7.657281365784424,55.1168285235918],[-7.497830834778565,55.04973944278125],[-7.427515473755616,55.06380423159961]]],[[[-3.187976071504315,54.84865332560911],[-2.851880449032374,54.93494814759515],[-2.362658608138783,55.186547951483284],[-2.118047687691988,55.284392319662],[-2.125036571133325,55.522014356667455],[-1.949628927163613,55.56249304373739],[-1.94199546852948,55.55607184024219],[-1.719010558518189,55.4537425860918],[-1.665979829224366,55.379588685945315],[-1.695988979729432,55.27250250430469],[-1.555618610771912,54.92161139102344],[-1.388892021569031,54.68048056216602],[-1.192056861313599,54.595355592683596],[-0.870595899018067,54.54716833682422],[-0.604803499373215,54.30016287417774],[-0.295500930937546,54.03316839785938],[-0.234880952703374,53.79938467593555],[-0.319215585085171,53.57891424746875],[-0.203663793,53.52328451724414],[0.081015858260375,53.3862262591875],[0.174518886414749,53.29305990786914],[0.267848494855148,53.12666281314258],[0.250867608395797,53.04005392642383],[0.00550119897483,52.786666475251955],[0.326831850615722,52.707477174714846],[0.504670116511566,52.847510896638674],[0.741839024630767,52.901195131257815],[1.012664351073486,52.88841589541797],[1.375926766005737,52.809241853669924],[1.585714611617309,52.650043092683596],[1.691691670027954,52.311420045808596],[1.656872067061645,52.21178396792774],[1.511889729109985,52.02575644107227],[1.031286153403503,51.812720857576174],[0.68621805628894,51.56038626284961],[0.254172805157882,51.453597627595705],[0.804253611174804,51.37826880069141],[1.030067357627136,51.35884817691211],[1.189365777579528,51.40547140689258],[1.364680680838806,51.35290487857227],[1.334964427558166,51.12069662661914],[0.886016640273315,50.981891237214846],[0.888346943465454,50.89267309756641],[0.672568890658599,50.930667482332034],[0.191810223666412,50.73128470034961],[-0.203663793,50.79532965274219],[-0.335705709251183,50.816714845613284],[-0.839040127190369,50.72180136294727],[-1.103359904679078,50.816714845613284],[-1.372512188347596,50.766273103669924],[-2.085358705910462,50.702823244050784],[-2.023685899170655,50.570010744050784],[-2.431994643601197,50.64588888736133],[-2.550505128296631,50.570010744050784],[-2.960618939789551,50.72180136294727],[-3.110884395035523,50.65736349673633],[-3.521466937454957,50.61743124575977],[-3.563183036240357,50.361434541658205],[-3.715036120804566,50.219337068513674],[-3.88174339810254,50.200397096589846],[-4.00423809567334,50.314063631013674],[-4.242629018219727,50.39146002383594],[-4.303295102509278,50.32354315371875],[-4.540565457733887,50.35795172305469],[-4.967033830078858,50.21224554629688],[-5.282338586243409,49.963824830964846],[-5.429218259247559,50.06785162539844],[-5.777813401612061,50.13411673159961],[-5.237766232880372,50.34629400821094],[-5.016647305878418,50.56051977725391],[-4.815270390900391,50.60416754336719],[-4.604564633759278,50.77874716372852],[-4.551536527069825,50.99715765567188],[-4.442557301911133,50.96866186709766],[-4.277284589203614,51.063670717195315],[-4.280993905457276,51.18723639102344],[-3.825231519135254,51.234778963044924],[-3.482996192368287,51.181109987214846],[-3.066043343933838,51.177737794832034],[-3.033148970993775,51.32989462466602],[-2.894663300904053,51.39384802432422],[-2.750154700669068,51.644027315095705],[-3.172751632126587,51.46690710635547],[-3.499117579849976,51.45965536685352],[-4.159330811890381,51.67681463809375],[-4.998957600983399,51.70170172305469],[-5.178603139313477,51.787471376375],[-5.248757806214112,51.860213838533205],[-5.061464276703614,52.00643499942188],[-4.619082894715088,52.093516908601565],[-4.294657674225586,52.200320802644534],[-4.123608317765015,52.37326391787891],[-4.09387489834668,52.74550970645313],[-4.14754601994397,52.83189734073047],[-4.468318429383057,52.81130179019336],[-4.621350255402344,52.83098181338672],[-4.491883244904297,52.990977846101565],[-4.317542043122071,53.09120901675586],[-3.956724610718506,53.205150209382815],[-3.329535689743775,53.233016572908205],[-2.914475407990235,53.26714285464649],[-3.056740966233033,53.513614259675784],[-2.979541268738526,53.82085379214649],[-2.865320411118287,54.02827414126758],[-2.885938134583252,54.16866644473438],[-3.261474337967652,54.14118155093555],[-3.479265180023926,54.274600587800784],[-3.569233384522217,54.41502722354297],[-3.430405822190064,54.64308127017383],[-3.152525153549927,54.838058076814455],[-3.187976071504315,54.84865332560911]]]]}},{"type":"Feature","properties":{"NAME":"Prussia","ABBREVN":"Prussia","wikipedia":null,"SUBJECTO":"Prussia","BORDERPRECISION":1,"PARTOF":"Prussia","polity_id":"ottoman_classical:prussia","name":"Prussia","ISO_A3":"PRUSSIA","ADM0_A3":"PRUSSIA","ADMIN":"Prussia","fill_colour":"#327138","border_precision":1},"geometry":{"type":"MultiPolygon","coordinates":[[[[21.007927489577856,55.81651861781673],[21.961705650591032,55.033057985555914],[22.798674867549455,54.73898772013809],[22.391500653894006,54.03774324106482],[22.82129565719698,53.562706658466794],[20.33300879596923,52.97456612763114],[19.88059300301873,53.24601560340144],[18.794795099937534,53.31387797234402],[18.885278258527634,53.58532744811431],[18.342379306987034,53.96988087212224],[18.665211937776398,54.25812429246989],[18.673077616301757,54.25514181704883],[18.96497634371875,54.227584444001955],[19.255003962126953,54.27719458194141],[19.733597788420898,54.46117361636524],[19.757716211882812,54.45917471499805],[19.317608866301757,54.271678529695315],[19.232062372771484,54.22207220645313],[19.230307612029296,54.166968904451174],[19.328099283782226,54.16145285220508],[19.456822428313476,54.216563783601565],[19.570403223245147,54.25508398112746],[19.733119043914062,54.31026800723438],[19.914581807330855,54.394662508616506],[19.977538141814453,54.42394217105274],[20.188645395842773,54.521976076082034],[20.32671264132617,54.56400641055469],[20.19423201998828,54.57504614444141],[20.005703959075195,54.54745825381641],[19.938118967620117,54.608172975496096],[19.881810221282226,54.52537878604297],[19.833247217742187,54.53089865298633],[19.86316970309375,54.75173147769336],[19.9425707193291,54.849856935457034],[20.127097162810546,54.84564169497852],[20.79715064486621,54.817977510408205],[20.985203775969726,54.81164129825],[21.137343439666015,54.84545858950977],[21.191943201628906,54.959579072908205],[21.11334517916797,55.089244447664065],[21.22385314425586,55.11144980044727],[21.193121943083984,55.16635092349414],[21.162322077361328,55.22138174624805],[21.143034967986328,55.25583990664844],[21.20093253573535,55.26139410586719],[21.216296228972656,55.343665681794924],[21.01845076998828,55.634009920076174],[21.01481536349414,55.69705542178516],[21.007927489577856,55.81651861781673]]]]}},{"type":"Feature","properties":{"NAME":"Watassid Morocco","ABBREVN":"Morocco","wikipedia":null,"SUBJECTO":"Watassid Morocco","BORDERPRECISION":1,"PARTOF":"Watassid Morocco","polity_id":"ottoman_classical:watassid_morocco","name":"Watassid Morocco","ISO_A3":"WATASSIDMORO","ADM0_A3":"WATASSIDMORO","ADMIN":"Watassid Morocco","fill_colour":"#7b2f2d","border_precision":1},"geometry":{"type":"MultiPolygon","coordinates":[[[[-2.400884799793385,32.253922810498246],[-3.758132178644884,31.733644648605175],[-4.368893499128058,30.625225955876452],[-6.766697201765705,29.6751527906804],[-7.357020190931985,29.346120304915587],[-9.526433538763753,28.136939094648703],[-10.995675489647164,28.647979773216846],[-10.856226888092774,28.7512279376543],[-10.339312520416993,29.14631613345508],[-9.869588818939942,29.642983995393557],[-9.662592854889649,29.954816423372073],[-9.60267445126416,30.183719240144534],[-9.625043836029786,30.40610083194141],[-9.817042317780274,30.75522192569141],[-9.857763257416504,31.060189805940432],[-9.813266721161622,31.289060197786135],[-9.635323491486329,31.575402818635744],[-9.317557301911133,31.96371801944141],[-9.222252812775391,32.25624807925586],[-9.250766721161622,32.421424470857424],[-9.218686070832032,32.580360017732424],[-8.640263524445313,33.12173422427539],[-8.314414945038575,33.33848150821094],[-7.902406182678956,33.48548849673633],[-7.33262058773877,33.69637259097461],[-7.004007783325928,33.874984346345705],[-6.752974477204102,34.12335165591602],[-6.51147219220044,34.45429953189258],[-6.472049931118028,34.530940244894],[-6.302049127014893,34.86143835635547],[-5.928758588227051,35.72785910220508],[-5.807887044342774,35.78541525454883],[-5.56500002423169,35.862342439607424],[-5.479359116944092,35.80520590396289],[-5.171789613159913,35.42376288028125],[-5.109631505402344,35.37931402774219],[-4.592977490814942,35.151187501863284],[-4.295350995453614,35.15178640933399],[-4.027887788208741,35.13323553653125],[-3.440804210099,35.166278444246096],[-3.205772366913575,35.26860769839649],[-3.00902816334607,35.38997992129688],[-2.829877105149048,35.14205893130664],[-2.714807000550049,35.09774359317188],[-2.35566278973462,35.05391653628711],[-2.325944383331985,35.053977160631526],[-2.192973938378113,35.05424841494922],[-2.076577034386414,34.82567556949024],[-1.823284712227601,34.69997366519336],[-1.738150325211304,34.60509451480274],[-1.663989510926026,34.205054841951174],[-1.673919525536316,33.829951845125],[-1.68113121071698,33.257815919832034],[-1.610150661858338,33.04845007510547],[-1.340927687081116,32.694007478669924],[-1.112570431622284,32.54910620303516],[-1.081275251301545,32.45392569156055],[-1.066134393604055,32.450299832737755],[-1.156741369179512,32.2086812312032],[-1.861856708627918,32.23432178900132],[-2.400884799793385,32.253922810498246]]]]}},{"type":"Feature","properties":{"NAME":"Holy Roman Empire","ABBREVN":"Holy Roman E","wikipedia":null,"SUBJECTO":"Holy Roman Empire","BORDERPRECISION":1,"PARTOF":"Holy Roman Empire","polity_id":"ottoman_classical:holy_roman_empire","name":"Holy Roman Empire","ISO_A3":"HOLYROMANEMP","ADM0_A3":"HOLYROMANEMP","ADMIN":"Holy Roman Empire","fill_colour":"#44d5a9","border_precision":1},"geometry":{"type":"MultiPolygon","coordinates":[[[[14.069946322051269,53.917769990876955],[14.17416766604541,53.90676077456836],[14.205406221953613,53.81320532412891],[14.145425829497558,53.826453767732424],[14.068350824919921,53.84347494693164],[14.028717074004394,53.865481935457034],[13.827770266143066,53.8297191485918],[13.777402910796386,53.94862326236133],[13.778410944548828,54.04440649600391],[14.069946322051269,53.917769990876955]]],[[[9.432161364165527,42.79413565249805],[9.405494722930175,42.58059652896289],[9.458552393523437,42.55605658145313],[9.486711535063964,42.4063793048418],[9.45250895938037,42.04830511660938],[9.35745624026416,41.90121039004688],[9.30453875979541,41.575267396882815],[9.173024210540039,41.34990652652149],[9.038939509001953,41.36949881167774],[9.01326850375293,41.457679353669924],[8.828752550688964,41.49197729678516],[8.726921114531738,41.56056936831836],[8.85464862307666,41.65367849917774],[8.823254618254882,41.68797644229297],[8.62692645510791,41.73208960147266],[8.74244979342578,41.8815990314043],[8.692829165068847,41.913463197664065],[8.561865839568359,41.8815990314043],[8.537932428923828,41.94778021426563],[8.589588198271972,41.957591615632815],[8.668312105742675,42.02868612857227],[8.626454386321289,42.09734304995899],[8.510698351470214,42.13412436099414],[8.51724627932666,42.20770224185352],[8.628421816436035,42.26165731997852],[8.500446352568847,42.359778963044924],[8.60930064639209,42.48734625430469],[8.879002604094726,42.624766908601565],[9.000392946807128,42.63458975406055],[9.018427881804687,42.69103964419727],[9.149460825530273,42.710670076326174],[9.237692865935546,42.664039216951174],[9.280391726104003,42.727855287507815],[9.270520243254882,42.882510744050784],[9.303189310637695,42.983192048982424],[9.367051157561523,42.988101564363284],[9.414238962737304,42.90952643008594],[9.432161364165527,42.79413565249805]]],[[[14.472936663237792,53.87677725406055],[14.459070238677246,53.81871374698047],[14.33385947665332,53.8297191485918],[14.24789527377246,53.815963350251955],[14.22724154910205,53.90951117129688],[14.305262598601562,53.91501959414844],[14.424838099089843,53.91501959414844],[14.472936663237792,53.87677725406055]]]]}},{"type":"Feature","properties":{"NAME":"Florence","ABBREVN":"Florence","wikipedia":null,"SUBJECTO":"Florence","BORDERPRECISION":1,"PARTOF":"Florence","polity_id":"ottoman_classical:florence","name":"Florence","ISO_A3":"FLORENCE","ADM0_A3":"FLORENCE","ADMIN":"Florence","fill_colour":"#29cf20","border_precision":1},"geometry":{"type":"MultiPolygon","coordinates":[[[[9.704930487702685,44.45989039537691],[9.904824768460184,44.57094277357552],[10.278067797644345,44.40128685121908],[10.506080949104131,45.36516062784453],[10.67499426980646,45.353124882053535],[10.824432085154767,45.353124882053535],[10.856080977908093,45.05067155043698],[11.169817827810615,45.067184016221326],[11.33916233802116,44.85499883089251],[11.256141329494323,44.78858202407104],[11.173120320967485,44.605935805312],[11.289349732905057,44.456497989963694],[11.289349732905057,44.37347698143685],[11.139911917556748,44.34026857802612],[11.201986087009125,44.142550853103735],[11.322558136315791,44.15762235926707],[11.289349732905057,44.224039166088545],[11.455391749958732,44.27385177120465],[11.571621161896305,44.224039166088545],[11.555016960190937,44.19083076267781],[11.704454775539245,44.224039166088545],[11.687850573833877,44.25724756949928],[11.73766317894998,44.35687277973149],[11.80407998577145,44.34026857802612],[11.853892590887554,44.35687277973149],[11.903705196003656,44.32366437632075],[11.887100994298287,44.25724756949928],[11.936913599414389,44.09120555244561],[12.019934607941227,44.17422656097244],[12.086351414762698,44.17422656097244],[12.053143011351963,44.10780975415097],[12.053143011351963,44.07460135074024],[12.036538809646595,43.92516353539193],[12.086351414762698,43.842142526865096],[12.169372423289534,43.8919551319812],[12.219185028405636,43.8919551319812],[12.119559818173432,43.74251731663289],[12.102955616468066,43.60968370298995],[12.119559818173432,43.47685008934701],[12.219185028405636,43.344016475704066],[12.302206036932475,43.344016475704066],[12.302206036932475,43.2775996688826],[12.219185028405636,43.2277870637665],[12.152768221584168,43.06174504671282],[12.169372423289534,42.912307231364515],[12.185976624994902,42.912307231364515],[12.152768221584168,42.696452609194736],[12.169372423289534,42.630035802373264],[12.129717682746126,42.596046024764625],[12.053143011351963,42.53041059214106],[12.06974721305733,42.29795176826592],[12.003330406235861,42.248139163149816],[12.019934607941227,42.09870134780151],[11.960132972376597,42.00737273955097],[11.497365030852539,42.376353822664065],[11.104763063994628,42.549083314851565],[10.742755922881347,42.850509248689455],[10.487745318022949,43.235938631013674],[10.337910145884042,43.596202827939074],[10.292479548064453,43.70543631167774],[10.261382708001271,43.74523947476491],[10.155236147769687,43.88110436777192],[10.136747393218261,43.904769502595705],[9.979301314180319,44.04716711784334],[10.068825493404743,44.24859652109829],[9.704930487702685,44.45989039537691]]]]}},{"type":"Feature","properties":{"NAME":"Genoa","ABBREVN":"Genoa","wikipedia":null,"SUBJECTO":"Genoa","BORDERPRECISION":1,"PARTOF":"Genoa","polity_id":"ottoman_classical:genoa","name":"Genoa","ISO_A3":"GENOA","ADM0_A3":"GENOA","ADMIN":"Genoa","fill_colour":"#458230","border_precision":1},"geometry":{"type":"MultiPolygon","coordinates":[[[[7.831705844574838,43.925279245911796],[7.689120325652343,43.88704641909961],[7.552810225096923,43.867450319246096],[7.467525371397153,43.81083423022823],[7.467204739803061,43.92040421701032],[7.634168826796484,44.035994738775],[7.672699000718043,43.98141032571946],[7.704807478986009,44.061681521389374],[7.688753239852026,44.238278151863184],[7.718259848089018,44.217850500006804],[7.642745803707689,44.412597246042864],[8.242196729367102,44.604873958046824],[8.222889433595261,44.67391216717037],[9.19226989456315,44.75756428816761],[9.704930487702685,44.45989039537691],[10.068825493404743,44.24859652109829],[9.979301314180319,44.04716711784334],[9.909300837126953,44.110477052644534],[9.825498048980155,44.152548314253266],[9.691935572234375,44.219600282625],[9.157044443694335,44.37323721499805],[8.896585497466308,44.43718679995899],[8.671724352446777,44.417403779939455],[8.186360392180664,44.12639959903125],[8.089567661878178,44.05082949636362],[7.97952655276416,43.964915834382815],[7.831705844574838,43.925279245911796]]]]}},{"type":"Feature","properties":{"NAME":"Navaho","ABBREVN":"Navaho","wikipedia":null,"SUBJECTO":"Navaho","BORDERPRECISION":1,"PARTOF":"Navaho","polity_id":"ottoman_classical:navaho","name":"Navaho","ISO_A3":"NAVAHO","ADM0_A3":"NAVAHO","ADMIN":"Navaho","fill_colour":"#2e6276","border_precision":1},"geometry":{"type":"MultiPolygon","coordinates":[[[[-108.79826502035553,36.78544974919829],[-108.03155966048958,36.611856082813546],[-107.38058341154678,36.91564499898685],[-106.45475052416147,37.190501637429364],[-106.37952291603027,37.1815459697947],[-104.63201702712165,36.97350955444843],[-105.26852713719904,36.45272855529419],[-106.0641647747958,36.32253330550564],[-106.69219817067298,35.97711562049256],[-107.04786221764269,35.59922636223587],[-106.9911350816951,35.372317818445595],[-106.9899976621811,35.367768140389536],[-107.24544169877444,35.1125438131931],[-107.41292028844592,35.11577274764437],[-108.43994431355743,35.29908109653326],[-108.88277359210669,35.37031438641379],[-109.08235861905847,35.29908109653326],[-109.37691057497133,35.049513085350846],[-109.37691057497135,35.04951308535084],[-109.37691057497135,35.04951308535083],[-109.45658054459304,34.87548238788366],[-109.34905148439545,34.71918386852224],[-109.34905148439545,34.71918386852223],[-109.3459620954442,34.6825525423859],[-109.27564760291358,33.84882355952302],[-110.01342068504874,34.456401391869626],[-110.05950582530336,34.471242369239754],[-110.79368672929346,34.70767350781284],[-110.86692287810708,34.73125803031214],[-110.97231024601234,34.97077477555137],[-111.18504437368276,35.45426142934775],[-111.18517793314578,35.45456497358191],[-110.38954029554903,35.165242196274],[-109.88322543526019,35.584760223370466],[-110.461870989876,36.23573647231326],[-110.33844886137375,37.17374464893033],[-110.31720960122205,37.335163026083315],[-109.8687592963948,37.089238665371596],[-109.33351215837516,37.190501637429364],[-108.79826502035553,36.78544974919829]]]]}},{"type":"Feature","properties":{"NAME":"Shawnee","ABBREVN":"Shawnee","wikipedia":null,"SUBJECTO":"Shawnee","BORDERPRECISION":1,"PARTOF":"Shawnee","polity_id":"ottoman_classical:shawnee","name":"Shawnee","ISO_A3":"SHAWNEE","ADM0_A3":"SHAWNEE","ADMIN":"Shawnee","fill_colour":"#633776","border_precision":1},"geometry":{"type":"MultiPolygon","coordinates":[[[[-88.03692742013858,37.528227917447914],[-87.77847249779614,38.364405607379354],[-87.55042403690575,38.698876683351926],[-86.07571065648122,39.200583297310786],[-84.69221666041284,39.24619298948887],[-83.0958774341801,38.95733160569437],[-82.06205774481032,38.3339991459273],[-81.84921251464596,37.54343114817394],[-81.87694142117128,37.363193255759306],[-81.879618976098,37.345789148735605],[-83.25282200860906,36.668996225569444],[-84.00807127774166,36.2967662286398],[-85.23953296654977,35.68863699959876],[-86.66863665479623,35.09571100128373],[-86.69253429627324,35.11211833722317],[-87.68725311343998,35.79505961468094],[-87.96091126650846,36.87448899622879],[-88.32578880393308,37.011318072763025],[-88.37139849611115,37.08733422639315],[-88.43221141901526,37.37619561018765],[-88.03692742013858,37.528227917447914]]]]}},{"type":"Feature","properties":{"NAME":"Chtimacha","ABBREVN":"Chtimacha","wikipedia":null,"SUBJECTO":"Chtimacha","BORDERPRECISION":1,"PARTOF":"Chtimacha","polity_id":"ottoman_classical:chtimacha","name":"Chtimacha","ISO_A3":"CHTIMACHA","ADM0_A3":"CHTIMACHA","ADMIN":"Chtimacha","fill_colour":"#e14947","border_precision":1},"geometry":{"type":"MultiPolygon","coordinates":[[[[-91.98128915859135,30.233195057891454],[-91.18373730678027,29.85632625098658],[-90.37202184181092,29.85632625098658],[-89.5233210054048,29.97556521147339],[-89.38001724758985,29.873363100007815],[-89.68600174466016,29.705651842073244],[-89.67696854153516,29.591218553499026],[-89.55886551419141,29.432508073762698],[-89.2916993764961,29.367013536409182],[-89.18898483792188,29.26924666018848],[-89.03152939358594,29.11900671573047],[-89.27151962796094,29.057983003572268],[-89.49815079251172,29.09566267581348],[-89.62234970608594,29.284345231965823],[-89.97789475003125,29.406213365510744],[-90,29.501367174104494],[-90,29.373748384431643],[-90,29.32567747683887],[-90,29.30435713382129],[-90,29.23948820681934],[-90,29.222343049958987],[-90,29.141584001497073],[-90,29.11900671573047],[-90,29.108672700837893],[-91.24035355130079,29.320912919954104],[-91.42898270169141,29.54306562991504],[-91.95100876370313,29.832030855134768],[-92.0171061297012,29.824881587239233],[-91.98128915859135,30.233195057891454]]]]}},{"type":"Feature","properties":{"NAME":"Delaware","ABBREVN":"Delaware","wikipedia":null,"SUBJECTO":"Delaware","BORDERPRECISION":1,"PARTOF":"Delaware","polity_id":"ottoman_classical:delaware","name":"Delaware","ISO_A3":"DELAWARE","ADM0_A3":"DELAWARE","ADMIN":"Delaware","fill_colour":"#d63d70","border_precision":1},"geometry":{"type":"MultiPolygon","coordinates":[[[[-75.82640418392005,40.68039149061503],[-75.71631242185228,41.48105885110785],[-75.36569066714866,42.0612543737722],[-75.29596205759356,42.176638620535996],[-75.09079104646726,42.44686385470232],[-74.60377647545405,42.64449295598307],[-74.22969281945839,42.32687475749619],[-74.15205281538383,42.0586638343295],[-74.03912190036627,41.70575472489964],[-73.74267824844519,41.50106744143032],[-73.78397079983594,40.88204916568164],[-73.92799850979688,40.85818823428516],[-73.9929933218086,40.78066977115039],[-74.0071534780586,40.79855307193164],[-73.86869522610547,41.13857992740039],[-73.85807510891797,41.18631323428516],[-73.88995834866407,41.174380861238284],[-74.07444473782422,40.726993165925784],[-74.11007401028516,40.762775026277346],[-74.29292770901563,40.631595216707034],[-74.23124110314882,40.54190620136975],[-74.233887,40.535553],[-74.236389,40.518326],[-74.23555,40.51332900000011],[-74.232498,40.508888],[-74.220001,40.51166500000011],[-74.21235141289209,40.514441605201],[-74.19452377835157,40.4885211810625],[-73.94569107571485,40.44679983706836],[-74.15280624905469,39.765235506013674],[-74.28892227688672,39.57218512149219],[-74.40558334866407,39.613772951082034],[-74.3861589101875,39.500918947175784],[-74.41391464749219,39.41776617617969],[-74.52055832425,39.352435670808596],[-74.7284669546211,39.126773439363284],[-74.86010452786329,38.99021490664844],[-74.93534561673047,38.978335939363284],[-74.96902176419141,39.031776033357424],[-74.889210668,39.17131384463672],[-74.93995377102735,39.25147970767383],[-75.13318344632032,39.24554403872852],[-75.33439346829297,39.399947725251955],[-75.40105911770704,39.42370565982227],[-75.54908463040235,39.66722448916797],[-75.40727707425,39.783057771638674],[-75.33945938626172,39.892963014558596],[-75.4610108999336,39.839496217683596],[-75.62382217923047,39.673167787507815],[-75.40381332913282,39.293048463777346],[-75.38875290432813,39.13271673770313],[-75.21487900296094,38.8714671954668],[-75.088673558625,38.841781221345705],[-75.04757940649903,38.53801769144153],[-75.26640738702886,38.53396532143172],[-75.6533720181108,38.77236317450899],[-75.79848375476654,39.40463574136609],[-75.85812088528516,39.435584627107424],[-76.00565811673047,39.46231421084766],[-75.9401368764961,39.646434389070315],[-75.82640418392005,40.68039149061503]]]]}},{"type":"Feature","properties":{"NAME":"Comanche","ABBREVN":"Comanche","wikipedia":null,"SUBJECTO":"Comanche","BORDERPRECISION":1,"PARTOF":"Comanche","polity_id":"ottoman_classical:comanche","name":"Comanche","ISO_A3":"COMANCHE","ADM0_A3":"COMANCHE","ADMIN":"Comanche","fill_colour":"#29d6c2","border_precision":1},"geometry":{"type":"MultiPolygon","coordinates":[[[[-98.4232320892691,29.693838468595573],[-99.77549945382123,30.775652360237263],[-100.1060536984895,31.040095755971887],[-100.10605369848952,31.040095755971898],[-100.10605369849013,31.04009575597215],[-100.30418200680661,31.123415811274594],[-100.31618064658045,31.126857850667506],[-103.36652056635405,32.38635304334822],[-103.61894380773711,32.78602317553807],[-103.63697885503144,32.908661497139505],[-103.82929650888966,34.2164215433754],[-103.82929650888967,34.21642154337541],[-103.82929650888967,34.21642154337542],[-104.35517826177104,34.88955018706358],[-104.16749087011537,35.39004989814536],[-103.30341475600828,35.92027842271107],[-103.30341475600721,35.920278422712215],[-101.68369895713364,37.62413530204674],[-101.2664930690788,35.945675101031995],[-100.54779437090987,34.76333856637205],[-99.68534829618442,33.9429630318771],[-99.45396032491661,32.23910615254144],[-98.39775028351852,31.382930596052717],[-97.47856133021726,31.104075520332106],[-97.43457439385213,30.955954675510878],[-97.75010344558095,30.21972022147695],[-98.4232320892691,29.693838468595573]]]]}},{"type":"Feature","properties":{"NAME":"Pawnee","ABBREVN":"Pawnee","wikipedia":null,"SUBJECTO":"Pawnee","BORDERPRECISION":1,"PARTOF":"Pawnee","polity_id":"ottoman_classical:pawnee","name":"Pawnee","ISO_A3":"PAWNEE","ADM0_A3":"PAWNEE","ADMIN":"Pawnee","fill_colour":"#709b3b","border_precision":1},"geometry":{"type":"MultiPolygon","coordinates":[[[[-101.3702397745189,42.25340895843346],[-101.05626648966626,42.41722110705221],[-100.87425299120095,42.76304675413627],[-100.87425299120095,42.76304675413628],[-100.85559165206374,42.761573490520185],[-99.83677604994878,42.6811406798269],[-98.9813126071619,42.48092583151508],[-98.29306568372365,42.317467187198496],[-98.25325861330072,42.308013007973045],[-97.92563431606318,42.0349927602751],[-97.5343052943628,42.007690735505314],[-97.197580322202,41.36154281595351],[-96.72344406498415,41.19156944072448],[-96.71524455126897,41.188629992411485],[-96.81535197542487,40.80640164563436],[-97.0155668237367,40.35136789947112],[-97.04301635036605,40.249412514847855],[-97.07927154819956,40.11475035146624],[-97.33409044605098,39.75982402945891],[-97.60711069374892,39.31389095821894],[-97.77092284236768,38.922561936518555],[-97.80732554206074,38.77695113774632],[-98.63548696007783,38.83155518728591],[-99.51825242763452,38.767850462823056],[-99.84587672487204,39.8144280789985],[-100.20080304687937,40.469676673473565],[-100.7104408425822,41.01571716886945],[-101.26720334204992,41.14143773326539],[-101.39299146182705,41.716469137960836],[-101.59320631013888,41.98948938565877],[-101.50444420621756,42.146530031058056],[-101.47489753613644,42.19880490889387],[-101.3702397745189,42.25340895843346]]]]}},{"type":"Feature","properties":{"NAME":"Cheyenne","ABBREVN":"Cheyenne","wikipedia":null,"SUBJECTO":"Cheyenne","BORDERPRECISION":1,"PARTOF":"Cheyenne","polity_id":"ottoman_classical:cheyenne","name":"Cheyenne","ISO_A3":"CHEYENNE","ADM0_A3":"CHEYENNE","ADMIN":"Cheyenne","fill_colour":"#863283","border_precision":1},"geometry":{"type":"MultiPolygon","coordinates":[[[[-102.75489813958657,44.89648797030734],[-102.31309106938245,44.485150353220746],[-102.22930007330926,44.16522109548673],[-102.22930007330952,44.16522109548633],[-102.88439331533581,43.266372228520034],[-102.88439331533606,43.266372228519735],[-102.95294958485049,42.98452978718262],[-103.4785476511278,42.611278986492934],[-104.16411034627212,41.971420471024906],[-104.83443831485768,42.23802818580325],[-105.42859265064943,42.900738791109426],[-105.97704280676489,43.31207640819602],[-105.43621001392881,43.75388347840014],[-105.1162807561948,44.43182881026508],[-104.90299458437211,44.713671251602186],[-104.55259587352057,45.07168732573311],[-104.55259587352045,45.07168732573317],[-104.55259587352057,45.07168732573309],[-104.30687484388636,45.19740506182504],[-104.22504925250718,45.239269317879504],[-104.09358870504302,45.25451112048405],[-103.69945118622987,45.300208224114535],[-103.21955729962883,45.193565138203205],[-102.85654233084581,44.96147360078456],[-102.75489813958657,44.89648797030734]]]]}},{"type":"Feature","properties":{"NAME":"Alabama","ABBREVN":"Alabama","wikipedia":null,"SUBJECTO":"Alabama","BORDERPRECISION":1,"PARTOF":"Alabama","polity_id":"ottoman_classical:alabama","name":"Alabama","ISO_A3":"ALABAMA","ADM0_A3":"ALABAMA","ADMIN":"Alabama","fill_colour":"#4449cf","border_precision":1},"geometry":{"type":"MultiPolygon","coordinates":[[[[-85.64361530277716,32.402010203916575],[-85.66759102771346,32.11430150468117],[-85.82409479865697,31.863895471171546],[-86.44386920517982,31.861856909342407],[-87.32191604831701,31.86655234700624],[-87.28195650675653,32.10630959636907],[-87.15408597376302,32.41799402054076],[-87.20203742363559,32.65775126990359],[-87.16207788207511,32.95345187745109],[-87.16207788207511,32.95345187745107],[-86.10714598487864,32.913492335890616],[-85.66759102771346,32.76164607796082],[-85.64361530277716,32.402010203916575]]]]}},{"type":"Feature","properties":{"NAME":"Tunica","ABBREVN":"Tunica","wikipedia":null,"SUBJECTO":"Tunica","BORDERPRECISION":1,"PARTOF":"Tunica","polity_id":"ottoman_classical:tunica","name":"Tunica","ISO_A3":"TUNICA","ADM0_A3":"TUNICA","ADMIN":"Tunica","fill_colour":"#51419b","border_precision":1},"geometry":{"type":"MultiPolygon","coordinates":[[[[-89.94912539975513,32.98198745731575],[-89.95060900762762,32.957507927419755],[-89.97350313269683,32.57975486377784],[-89.97396748256884,32.57209309088975],[-90.3962828904017,32.50998788385551],[-90.40870393180853,32.05040935180212],[-91.43710893598558,31.95596399427565],[-91.62596598967966,31.93861997914048],[-91.62596598967967,32.957145374502055],[-90.76271555917886,32.969934269768736],[-89.94912539975513,32.98198745731575]]]]}},{"type":"Feature","properties":{"NAME":"Apalachee","ABBREVN":"Apalachee","wikipedia":null,"SUBJECTO":"Apalachee","BORDERPRECISION":1,"PARTOF":"Apalachee","polity_id":"ottoman_classical:apalachee","name":"Apalachee","ISO_A3":"APALACHEE","ADM0_A3":"APALACHEE","ADMIN":"Apalachee","fill_colour":"#dd3184","border_precision":1},"geometry":{"type":"MultiPolygon","coordinates":[[[[-83.73586072216315,30.375271813319944],[-83.84666948531954,30.012065311862894],[-83.8861817983711,30.048348985627932],[-84.12382217923047,30.124150834993166],[-84.31742569485547,30.091956697419924],[-84.55865189114454,29.957938753083987],[-84.76381393948438,29.79855879397754],[-85.30477615872266,29.66390760989551],[-85.07528994140802,30.311448369704713],[-85.06384630872633,30.34373884313003],[-83.73586072216315,30.375271813319944]]]]}},{"type":"Feature","properties":{"NAME":"Crow","ABBREVN":"Crow","wikipedia":null,"SUBJECTO":"Crow","BORDERPRECISION":1,"PARTOF":"Crow","polity_id":"ottoman_classical:crow","name":"Crow","ISO_A3":"CROW","ADM0_A3":"CROW","ADMIN":"Crow","fill_colour":"#b06b36","border_precision":1},"geometry":{"type":"MultiPolygon","coordinates":[[[[-103.99452189315808,47.63631055461429],[-104.5369739366403,47.134040143982624],[-104.69770046804243,46.16968095556982],[-104.50372036759292,45.636343057738905],[-104.34879666320707,45.21038862926994],[-104.55259587352057,45.07168732573311],[-104.90299458437211,44.713671251602186],[-105.1162807561948,44.43182881026508],[-105.43621001392881,43.75388347840014],[-105.97704280676489,43.31207640819602],[-106.82274071672225,43.7149455836229],[-106.99952413142263,43.83530875958912],[-107.1797746038992,43.95803248553062],[-107.30900255904729,43.97698591895234],[-107.74950953024543,44.0415936080614],[-109.02571576526098,44.48978508345376],[-110.27913260322268,44.74806491673072],[-110.96281451483816,45.0671164754846],[-111.54866886905845,45.506684013536],[-110.1762472023935,46.77965483479044],[-110.16240253571502,46.79249626475309],[-107.81177701395879,47.194312593258424],[-106.28487496563851,47.91758198456803],[-106.18901899358839,47.90581019852679],[-105.00726225460369,47.760682177949725],[-103.99452189315808,47.63631055461429]]],[[[-107.38305730771286,43.98784728208995],[-107.45362958867018,43.998197883297024],[-107.30900255904729,43.97698591895234],[-107.38305730771286,43.98784728208995]]]]}},{"type":"Feature","properties":{"NAME":"Wichita","ABBREVN":"Wichita","wikipedia":null,"SUBJECTO":"Wichita","BORDERPRECISION":1,"PARTOF":"Wichita","polity_id":"ottoman_classical:wichita","name":"Wichita","ISO_A3":"WICHITA","ADM0_A3":"WICHITA","ADMIN":"Wichita","fill_colour":"#9a4271","border_precision":1},"geometry":{"type":"MultiPolygon","coordinates":[[[[-96.00166222547477,35.193949964234356],[-95.45428003980099,35.13198216962977],[-95.3510003821267,34.04754576404964],[-95.35417857886513,34.014174698296095],[-95.39231224519642,33.61377120181758],[-95.7641190128239,33.48983561260842],[-96.1462537462188,33.32458816032954],[-96.60068423998571,32.71523818005117],[-96.82789948686917,32.35375937819113],[-96.95183507607834,31.94064074749393],[-97.30298591217095,31.455226356424724],[-97.47856133021726,31.104075520332106],[-98.39775028351852,31.382930596052717],[-99.45396032491661,32.23910615254144],[-99.68534829618442,33.9429630318771],[-99.45120279179638,34.77050336776973],[-98.95546043495973,34.99771861465319],[-97.50954522751955,34.88411099121146],[-96.77625965803202,34.87378302544403],[-96.00166222547477,35.193949964234356]]]]}},{"type":"Feature","properties":{"NAME":"Illinnois","ABBREVN":"Illinnois","wikipedia":null,"SUBJECTO":"Illinnois","BORDERPRECISION":1,"PARTOF":"Illinnois","polity_id":"ottoman_classical:illinnois","name":"Illinnois","ISO_A3":"ILLINNOIS","ADM0_A3":"ILLINNOIS","ADMIN":"Illinnois","fill_colour":"#8b9d43","border_precision":1},"geometry":{"type":"MultiPolygon","coordinates":[[[[-88.03692742013858,37.528227917447914],[-88.43221141901526,37.37619561018765],[-88.37139849611115,37.08733422639315],[-88.85522652809098,37.139193068656],[-89.09208651530243,36.94674432904671],[-89.10356147122943,36.94822815955451],[-90.80932142258536,37.16880056705743],[-90.80696324825423,37.1752545178584],[-90.52805018777178,37.93859552549461],[-91.62352762862469,38.45672674751964],[-91.62603616572511,38.46949748184911],[-91.78636886983254,39.28573670275967],[-92.21567759665328,40.085139159598285],[-92.8374350630833,40.30719539760901],[-92.79554917088191,40.33667065508406],[-92.7955491708819,40.33667065508406],[-92.0380326062447,40.86973786723616],[-91.68274262542755,41.20282222425226],[-91.32745264461039,41.53590658126835],[-91.32745264461039,41.535906581268364],[-91.3676375931531,42.10820997720949],[-92.45253758386472,42.69059901892412],[-91.81597636823398,43.119907745744854],[-91.13500390500108,43.93411395178418],[-91.04080274460885,43.84312419458713],[-89.83227397533817,42.6757952697234],[-89.22532025810885,42.8682440093327],[-89.10477071021725,42.89056799968299],[-88.82561902968955,42.94226275533627],[-87.79131591812559,42.82891446913748],[-87.776588275,42.659959375],[-87.814878425,42.416051325],[-87.783217775,42.2036053],[-87.681606325,42.0226213],[-87.605119975,41.876819625],[-87.553758725,41.766200275],[-87.477093875,41.6853882],[-87.38195518498446,41.63779965808821],[-87.37485160801948,41.62472907647264],[-87.74494533803735,40.33680289601044],[-87.77455283643879,39.35975544876325],[-87.77847249779614,38.364405607379354],[-88.03692742013858,37.528227917447914]]]]}},{"type":"Feature","properties":{"NAME":"Ninticoy","ABBREVN":"Ninticoy","wikipedia":null,"SUBJECTO":"Ninticoy","BORDERPRECISION":1,"PARTOF":"Ninticoy","polity_id":"ottoman_classical:ninticoy","name":"Ninticoy","ISO_A3":"NINTICOY","ADM0_A3":"NINTICOY","ADMIN":"Ninticoy","fill_colour":"#294f7a","border_precision":1},"geometry":{"type":"MultiPolygon","coordinates":[[[[-75.85812088528516,39.435584627107424],[-75.79848375476654,39.40463574136609],[-75.6533720181108,38.77236317450899],[-75.26640738702886,38.53396532143172],[-75.04757940649903,38.53801769144153],[-75.04209610501172,38.49748571963672],[-75.08736893216016,38.39065130801563],[-75.15538498440625,38.28679236026172],[-75.2114991811836,38.2927203998125],[-75.43080612698438,37.993045412019534],[-75.608693089875,37.634105287507815],[-75.59338089505079,37.61037405581836],[-75.65202042141797,37.55105551333789],[-75.70007034817579,37.607406221345705],[-75.86852737942579,37.28118094058399],[-75.85658737698438,37.22483404727344],[-75.9580812124336,37.207049928621096],[-76.01990219632032,37.325660310701174],[-75.8661393789375,37.714191041902346],[-75.7783937124336,37.84471472354297],[-75.66752335110547,37.898109041169924],[-75.63995834866407,38.00490912051563],[-75.68165298977735,38.031612001375],[-75.85003372708204,37.97821005435352],[-75.74840256253125,38.15029486270313],[-75.84652420559766,38.132491670564455],[-75.92593094387891,38.174029909089846],[-75.92030808010938,38.260081850007815],[-75.81136032620313,38.27788504214649],[-75.84592911282422,38.42625769229297],[-76.043507543,38.2927203998125],[-76.15186783352735,38.38471182437305],[-76.22267624417188,38.360972963289065],[-76.32606216946485,38.53903540225391],[-76.16627213040235,38.61619146914844],[-76.00526138821485,38.63994558902149],[-76.00764938870313,38.66665609927539],[-76.27932449856641,38.809127412751955],[-76.3209962514961,38.73492010684375],[-76.35347458401563,38.73492010684375],[-76.305226293,38.88037069888477],[-76.26513382473829,38.889285646394534],[-76.17062851467969,38.81804236026172],[-76.11170670071485,38.84475668521289],[-76.15563675442579,38.94567831607227],[-76.31461044827344,38.97536810489063],[-76.34393784085157,39.02583273501758],[-76.30100723782422,39.076312623933596],[-76.14951798001172,39.067401491121096],[-76.06256577053907,39.1950641498125],[-76.18874832669141,39.17428167910938],[-76.26009079495313,39.20100363345508],[-76.15147110501172,39.36728247256641],[-75.85812088528516,39.435584627107424]]]]}},{"type":"Feature","properties":{"NAME":"Wappynger","ABBREVN":"Wappynger","wikipedia":null,"SUBJECTO":"Wappynger","BORDERPRECISION":1,"PARTOF":"Wappynger","polity_id":"ottoman_classical:wappynger","name":"Wappynger","ISO_A3":"WAPPYNGER","ADM0_A3":"WAPPYNGER","ADMIN":"Wappynger","fill_colour":"#2e7b28","border_precision":1},"geometry":{"type":"MultiPolygon","coordinates":[[[[-73.74267824844519,41.50106744143032],[-73.41446562490108,41.65323690903661],[-73.16893510202843,41.87148626270119],[-73.0816353605626,42.177035357831606],[-72.48690587182661,41.90967989959249],[-72.54692444408437,41.66960561056145],[-72.42702868683881,41.33389749027386],[-72.8544435171211,41.29373510928516],[-73.38648697415235,41.13857992740039],[-73.74050613919141,40.97749289126758],[-73.78397079983594,40.88204916568164],[-73.74267824844519,41.50106744143032]]]]}},{"type":"Feature","properties":{"NAME":"Mahicacn","ABBREVN":"Mahicacn","wikipedia":null,"SUBJECTO":"Mahicacn","BORDERPRECISION":1,"PARTOF":"Mahicacn","polity_id":"ottoman_classical:mahicacn","name":"Mahicacn","ISO_A3":"MAHICACN","ADM0_A3":"MAHICACN","ADMIN":"Mahicacn","fill_colour":"#db5182","border_precision":1},"geometry":{"type":"MultiPolygon","coordinates":[[[[-73.31082952708826,43.812776137303196],[-73.20007339535418,44.298872493247174],[-73.10777661890913,44.65575336216806],[-72.40016799949701,44.39116926969223],[-72.6339864998245,44.11427894035705],[-72.71397703941021,43.94199162432628],[-72.65859897354318,43.69586688713946],[-72.51707724966077,43.5789576369757],[-72.79396757899593,43.148239346898784],[-73.04624543461243,42.625224280376784],[-73.0816353605626,42.177035357831606],[-73.16893510202843,41.87148626270119],[-73.41446562490108,41.65323690903661],[-73.74267824844519,41.50106744143032],[-74.03912190036627,41.70575472489964],[-74.15205281538383,42.0586638343295],[-74.22969281945839,42.32687475749619],[-74.60377647545405,42.64449295598307],[-73.66155727757948,43.27130171549219],[-73.31082952708826,43.812776137303196]]]]}},{"type":"Feature","properties":{"NAME":"Pocumtuk","ABBREVN":"Pocumtuk","wikipedia":null,"SUBJECTO":"Pocumtuk","BORDERPRECISION":1,"PARTOF":"Pocumtuk","polity_id":"ottoman_classical:pocumtuk","name":"Pocumtuk","ISO_A3":"POCUMTUK","ADM0_A3":"POCUMTUK","ADMIN":"Pocumtuk","fill_colour":"#25accb","border_precision":1},"geometry":{"type":"MultiPolygon","coordinates":[[[[-72.20942132817723,43.28360795235153],[-72.10481831487283,42.89596149128229],[-71.99406218313877,42.63137739880646],[-72.12327767016184,42.51446814864272],[-72.33863681520032,42.20681222715919],[-72.48690587182661,41.90967989959249],[-73.0816353605626,42.177035357831606],[-73.04624543461243,42.625224280376784],[-72.79396757899593,43.148239346898784],[-72.51707724966077,43.5789576369757],[-72.51707724966076,43.578957636975694],[-72.33250321808545,43.401766566663426],[-72.20942132817723,43.28360795235153]]]]}},{"type":"Feature","properties":{"NAME":"Abnaki","ABBREVN":"Abnaki","wikipedia":null,"SUBJECTO":"Abnaki","BORDERPRECISION":1,"PARTOF":"Abnaki","polity_id":"ottoman_classical:abnaki","name":"Abnaki","ISO_A3":"ABNAKI","ADM0_A3":"ABNAKI","ADMIN":"Abnaki","fill_colour":"#d73c97","border_precision":1},"geometry":{"type":"MultiPolygon","coordinates":[[[[-71.2335950245947,45.32694315699413],[-71.23359502459472,45.32694315699413],[-70.62125686603001,45.57705310908395],[-70.336648989514,46.2152647109683],[-69.22409092676966,47.465814471417374],[-69.06885026685184,47.38819414145846],[-69.06885026685184,47.21570451932756],[-68.47376107050022,47.26745140596683],[-68.25814904283658,47.32782277371265],[-67.8441739497224,47.060463859409744],[-67.90454531746823,45.67192240125595],[-67.4991947054606,45.60292655240359],[-67.56819055431296,45.283820751461406],[-67.43882333771478,45.2062004215025],[-67.08720566012,44.96939188225045],[-67.15028091946485,44.90330847354297],[-67.01581284085157,44.921310029939455],[-66.93893906155469,44.87928732486133],[-67.1688737539375,44.71121557803516],[-67.3977784780586,44.669200502351565],[-67.5316667226875,44.723224245027346],[-67.53729721585157,44.609195314363284],[-67.59958359280469,44.57918509097461],[-67.63406082669141,44.627200685457034],[-67.7382096914375,44.66320379825],[-67.86269089260938,44.603187166169924],[-67.90804764309766,44.47718771548633],[-67.98495956936719,44.48318823428516],[-68.05237289944532,44.411197267488284],[-68.13103958645704,44.56719168277149],[-68.46655746975782,44.44119223208789],[-68.55826279202344,44.48318823428516],[-68.5043458608711,44.29723318667774],[-68.80406662503125,44.39320334048633],[-68.71458908596875,44.609195314363284],[-68.7816667226875,44.627200685457034],[-68.94546219387891,44.39320334048633],[-69.09474655667188,44.141307435945315],[-69.24886795559766,43.99142035098438],[-69.39454361477735,44.093333803132815],[-69.50658127346875,43.895511232332034],[-69.66226669827344,43.93148001284961],[-69.60751053372266,44.069354616121096],[-69.75374313870313,43.955447755769534],[-69.67974564114454,43.883521638826174],[-69.82613083401563,43.75168188662891],[-69.96925064602735,43.811595521882815],[-69.92203995266797,43.91349371524219],[-70.21647354641797,43.79962118716602],[-70.18727585354688,43.63783224673633],[-70.30587479153516,43.619857393220705],[-70.37820908108594,43.452132783845705],[-70.5363282827461,43.40421637149219],[-71.19909710016854,44.498992970765784],[-71.2335950245947,45.32694315699413]]]]}},{"type":"Feature","properties":{"NAME":"Masachuset","ABBREVN":"Masachuset","wikipedia":null,"SUBJECTO":"Masachuset","BORDERPRECISION":1,"PARTOF":"Masachuset","polity_id":"ottoman_classical:masachuset","name":"Masachuset","ISO_A3":"MASACHUSET","ADM0_A3":"MASACHUSET","ADMIN":"Masachuset","fill_colour":"#9a2d4f","border_precision":1},"geometry":{"type":"MultiPolygon","coordinates":[[[[-71.73578517747991,41.95148729649232],[-71.26911802502143,42.58286050275967],[-70.89326212952885,42.52622468289092],[-71.02380081692579,42.42878683658008],[-71.05438705960157,42.357032381013674],[-70.90261551419141,42.34508093448047],[-70.775929418,42.30322226138477],[-70.53360889268718,42.01861389107465],[-71.73578517747991,41.95148729649232]]]]}},{"type":"Feature","properties":{"NAME":"Susquehanna","ABBREVN":"Susquehanna","wikipedia":null,"SUBJECTO":"Susquehanna","BORDERPRECISION":1,"PARTOF":"Susquehanna","polity_id":"ottoman_classical:susquehanna","name":"Susquehanna","ISO_A3":"SUSQUEHANNA","ADM0_A3":"SUSQUEHANNA","ADMIN":"Susquehanna","fill_colour":"#2d358b","border_precision":1},"geometry":{"type":"MultiPolygon","coordinates":[[[[-76.34232382940431,39.448404368339894],[-77.79947159048069,39.936951058410585],[-78.78951038504476,40.66010983009217],[-78.13373214942634,42.4034624171451],[-77.2789643579866,42.24150641455651],[-76.01930656007538,42.18752108036032],[-75.36569066714866,42.0612543737722],[-75.71631242185228,41.48105885110785],[-75.82640418392005,40.68039149061503],[-75.9401368764961,39.646434389070315],[-76.06598373928907,39.60485800357227],[-76.10903641262891,39.54546316714649],[-76.0595216421211,39.50982245059375],[-76.20135971585157,39.42370565982227],[-76.2172364858711,39.524669252351565],[-76.25909134426954,39.500918947175784],[-76.23598953762891,39.399947725251955],[-76.27235123196485,39.361346803621096],[-76.29522415676954,39.4326129779375],[-76.33887955227735,39.46231421084766],[-76.34232382940431,39.448404368339894]]]]}},{"type":"Feature","properties":{"NAME":"Arapaho","ABBREVN":"Arapaho","wikipedia":null,"SUBJECTO":"Arapaho","BORDERPRECISION":1,"PARTOF":"Arapaho","polity_id":"ottoman_classical:arapaho","name":"Arapaho","ISO_A3":"ARAPAHO","ADM0_A3":"ARAPAHO","ADMIN":"Arapaho","fill_colour":"#2eb835","border_precision":1},"geometry":{"type":"MultiPolygon","coordinates":[[[[-106.52596767334906,42.12193885650528],[-106.82274071672225,43.7149455836229],[-105.97704280676489,43.31207640819602],[-105.42859265064943,42.900738791109426],[-104.83443831485768,42.23802818580325],[-104.16411034627212,41.971420471024906],[-103.89952786797612,41.87183432199134],[-103.19657549266424,41.607250210215824],[-103.19657549266026,41.607250210214865],[-101.26558201290135,41.134025942871894],[-100.7104408425822,41.01571716886945],[-100.20080304687937,40.469676673473565],[-99.84587672487204,39.8144280789985],[-99.51825242763452,38.767850462823056],[-99.56158692824505,38.53520235267573],[-100.18886371591032,38.39044617090683],[-101.68369895713364,37.62413530204674],[-102.87489508873333,36.3799436463387],[-102.87489508873333,37.602329181276104],[-102.87489508873334,37.602329181276104],[-102.87489508873334,37.60232918127612],[-104.16161670445695,37.77925340343811],[-104.25812082563621,39.82192396839933],[-105.11691384120113,40.86078648722786],[-105.25533007782201,41.02822548314022],[-106.52596767334906,42.12193885650528]]]]}},{"type":"Feature","properties":{"NAME":"Kiowa","ABBREVN":"Kiowa","wikipedia":null,"SUBJECTO":"Kiowa","BORDERPRECISION":1,"PARTOF":"Kiowa","polity_id":"ottoman_classical:kiowa","name":"Kiowa","ISO_A3":"KIOWA","ADM0_A3":"KIOWA","ADMIN":"Kiowa","fill_colour":"#577c31","border_precision":1},"geometry":{"type":"MultiPolygon","coordinates":[[[[-96.58604319188419,37.248480736952146],[-96.74688339384964,36.685540030073064],[-97.40632822190798,35.57574263651146],[-97.50954522751955,34.88411099121146],[-98.95546043495973,34.99771861465319],[-99.45120279179638,34.77050336776973],[-99.68534829618442,33.9429630318771],[-100.54779437090987,34.76333856637205],[-101.2664930690788,35.945675101031995],[-101.68369895713364,37.62413530204674],[-100.18886371591032,38.39044617090683],[-99.56158692824505,38.53520235267573],[-99.51825242763452,38.767850462823056],[-98.63548696007783,38.83155518728591],[-97.80732554206074,38.77695113774632],[-97.16036999789416,38.29405296871114],[-97.052479777584,38.21352194874485],[-96.58604319188419,37.248480736952146]]]]}},{"type":"Feature","properties":{"NAME":"Tonkawa","ABBREVN":"Tonkawa","wikipedia":null,"SUBJECTO":"Tonkawa","BORDERPRECISION":1,"PARTOF":"Tonkawa","polity_id":"ottoman_classical:tonkawa","name":"Tonkawa","ISO_A3":"TONKAWA","ADM0_A3":"TONKAWA","ADMIN":"Tonkawa","fill_colour":"#50dc92","border_precision":1},"geometry":{"type":"MultiPolygon","coordinates":[[[[-96.1462537462188,33.32458816032954],[-95.39231224519642,33.61377120181758],[-95.39231224519641,33.61377120181757],[-95.39231224519641,33.613771201817556],[-95.23369683820317,33.536897703447096],[-95.00187432029,33.42454412890564],[-94.60160367678951,32.66541014985298],[-94.51842330596445,32.50765427415028],[-94.51842330596469,32.50765427415016],[-95.226076736333,32.275378205851744],[-95.52700214619526,32.00753253519285],[-95.52700214619534,32.00753253519281],[-95.52700214619534,32.007532535192716],[-95.56051180331148,31.669641073064707],[-95.46815393103302,31.216012334437615],[-95.468153931033,31.216012334437504],[-96.21167656633305,31.16473491131336],[-95.97238192508706,30.839977898193798],[-95.77581846977785,30.002446653832813],[-95.82107409841741,29.644863567672523],[-97.39944119856662,28.848234889767028],[-97.52748910202521,28.681722971125645],[-97.53611169623842,28.691465789496398],[-98.4232320892691,29.693838468595573],[-97.75010344558095,30.21972022147695],[-97.43457439385213,30.955954675510878],[-97.47856133021726,31.104075520332106],[-97.30298591217095,31.455226356424724],[-96.95183507607834,31.94064074749393],[-96.82789948686917,32.35375937819113],[-96.1462537462188,33.32458816032954]]]]}},{"type":"Feature","properties":{"NAME":"Hopie","ABBREVN":"Hopie","wikipedia":null,"SUBJECTO":"Hopie","BORDERPRECISION":1,"PARTOF":"Hopie","polity_id":"ottoman_classical:hopie","name":"Hopie","ISO_A3":"HOPIE","ADM0_A3":"HOPIE","ADMIN":"Hopie","fill_colour":"#5ba437","border_precision":1},"geometry":{"type":"MultiPolygon","coordinates":[[[[-111.18517793314578,35.45456497358191],[-111.17776884588511,35.47616956878699],[-110.99483948273611,36.009584104601146],[-110.461870989876,36.23573647231326],[-109.88322543526019,35.584760223370466],[-110.38954029554903,35.165242196274],[-111.18517793314578,35.45456497358191]]]]}},{"type":"Feature","properties":{"NAME":"Yavapai","ABBREVN":"Yavapai","wikipedia":null,"SUBJECTO":"Yavapai","BORDERPRECISION":1,"PARTOF":"Yavapai","polity_id":"ottoman_classical:yavapai","name":"Yavapai","ISO_A3":"YAVAPAI","ADM0_A3":"YAVAPAI","ADMIN":"Yavapai","fill_colour":"#b345c9","border_precision":1},"geometry":{"type":"MultiPolygon","coordinates":[[[[-113.94056630351002,34.352099932466515],[-114.17031658479603,34.844421963793636],[-114.14388094761765,34.83250731041746],[-113.58773551439226,34.5818502137525],[-113.15285105338664,34.721341455961856],[-112.82463636583523,35.15622591696747],[-112.82366979110384,35.15620091934511],[-111.87281377193614,35.13160981540112],[-111.87765434603523,35.1052555786394],[-111.9466620766352,34.72954682315064],[-111.80717083442585,34.4177428699768],[-111.54498681112962,34.3967681481131],[-111.39690247498659,34.38492140122165],[-111.28900801897555,33.91112400743407],[-111.20817902964453,33.55617931515434],[-111.23190012067445,33.55347201672158],[-111.77041978920226,33.49201053281351],[-112.71796659238102,33.38386660418985],[-112.72617195956981,33.145910955715074],[-112.77398072180549,33.13685626589771],[-113.80928042848947,32.940776775995445],[-113.82810539749218,32.949600980215465],[-114.33442392857172,33.186937791659],[-113.94056630351002,34.352099932466494],[-113.94056630351002,34.352099932466515]]]]}},{"type":"Feature","properties":{"NAME":"Serano","ABBREVN":"Serano","wikipedia":null,"SUBJECTO":"Serano","BORDERPRECISION":1,"PARTOF":"Serano","polity_id":"ottoman_classical:serano","name":"Serano","ISO_A3":"SERANO","ADM0_A3":"SERANO","ADMIN":"Serano","fill_colour":"#8f4596","border_precision":1},"geometry":{"type":"MultiPolygon","coordinates":[[[[-116.45591776805551,35.19549307523165],[-116.21343770258828,34.710532944297185],[-115.49334538695831,34.592966851949434],[-115.23616955994761,34.012484270982426],[-116.21645474762597,34.100009734168],[-116.88209485281607,34.15944188641712],[-116.88209485281607,34.15944188641711],[-116.8820948528161,34.15944188641711],[-117.3824020846737,34.37985696059214],[-117.93284180317411,34.62235837503638],[-118.59956791263996,34.597891361844965],[-118.73376080729315,34.592966851949434],[-119.04237179970599,35.21753671754685],[-119.04237179970598,35.21753671754685],[-118.40310617256507,35.46001678301408],[-118.21211177339877,35.386436973499194],[-117.50666471841352,35.114666386742556],[-116.58083174117499,35.75393201388344],[-116.58083174117499,35.75393201388345],[-116.58083174117499,35.75393201388346],[-116.1326110140992,35.46001678301409],[-116.45591776805551,35.19549307523165]]]]}},{"type":"Feature","properties":{"NAME":"Riro","ABBREVN":"Riro","wikipedia":null,"SUBJECTO":"Riro","BORDERPRECISION":1,"PARTOF":"Riro","polity_id":"ottoman_classical:riro","name":"Riro","ISO_A3":"RIRO","ADM0_A3":"RIRO","ADMIN":"Riro","fill_colour":"#3a887c","border_precision":1},"geometry":{"type":"MultiPolygon","coordinates":[[[[-106.50274603096994,34.544748501125014],[-106.06428326225239,34.48468510815],[-106.58683478113495,33.98015260715994],[-106.98925951406751,33.25338555216235],[-107.12835368727279,33.2154507776518],[-107.31960817543005,33.16329046269983],[-107.37366522910754,33.50565180265738],[-107.07935460353,34.44864707236501],[-106.90391155146594,34.602728829065995],[-106.8451073709275,34.77298939443004],[-106.50274603096994,34.544748501125014]]]]}},{"type":"Feature","properties":{"NAME":"Arikara","ABBREVN":"Arikara","wikipedia":null,"SUBJECTO":"Arikara","BORDERPRECISION":1,"PARTOF":"Arikara","polity_id":"ottoman_classical:arikara","name":"Arikara","ISO_A3":"ARIKARA","ADM0_A3":"ARIKARA","ADMIN":"Arikara","fill_colour":"#cd3c98","border_precision":1},"geometry":{"type":"MultiPolygon","coordinates":[[[[-100.21154955147935,46.35436180219013],[-99.97856675919758,44.78775337132995],[-100.63352571947837,44.74710074620907],[-101.1434807206064,44.71544836682872],[-100.99887071160393,45.55097286328746],[-101.27202295083084,46.3463279128011],[-100.21154955147935,46.35436180219013]]]]}},{"type":"Feature","properties":{"NAME":"Miwok","ABBREVN":"Miwok","wikipedia":null,"SUBJECTO":"Miwok","BORDERPRECISION":1,"PARTOF":"Miwok","polity_id":"ottoman_classical:miwok","name":"Miwok","ISO_A3":"MIWOK","ADM0_A3":"MIWOK","ADMIN":"Miwok","fill_colour":"#85933e","border_precision":1},"geometry":{"type":"MultiPolygon","coordinates":[[[[-121.93564812151612,38.1792131838537],[-121.54583260690501,38.36988381600044],[-121.51170459443503,38.69836593602398],[-121.30693651961516,38.70263193758273],[-120.96992239647412,38.88607000460886],[-120.95089598915344,38.88587974053566],[-120.11672208472464,38.87753800149137],[-120.10759009682138,38.86992801157198],[-119.50241786026503,38.36561781444169],[-119.48006136673843,38.31560986839534],[-119.34030980103263,38.00300768194816],[-119.36647919471261,37.96795938684105],[-119.61181839475704,37.63938010106726],[-119.7024616473571,37.61811095538051],[-119.72159327554938,37.49236017143466],[-119.81810197561234,37.36310744813607],[-120.27326420200916,37.769933862880116],[-120.78221832788924,38.224839763003025],[-121.17469047129399,38.13525373026933],[-121.82312270822358,37.87929363674449],[-121.93830475030977,38.177913745856806],[-121.93564812151612,38.1792131838537]]]]}},{"type":"Feature","properties":{"NAME":"Yankton","ABBREVN":"Yankton","wikipedia":null,"SUBJECTO":"Yankton","BORDERPRECISION":1,"PARTOF":"Yankton","polity_id":"ottoman_classical:yankton","name":"Yankton","ISO_A3":"YANKTON","ADM0_A3":"YANKTON","ADMIN":"Yankton","fill_colour":"#3642c4","border_precision":1},"geometry":{"type":"MultiPolygon","coordinates":[[[[-97.27177505614297,42.903406197590826],[-97.96661346409373,42.71811595547062],[-98.01161688271095,42.75679076834481],[-99.44893540105534,43.991986370047],[-99.88899972609082,44.200437892432234],[-99.86174262489138,44.3276376980296],[-99.81951588529571,44.52469581614258],[-97.28335569627548,44.397308774684944],[-95.82585473678712,44.51207262976276],[-95.81261439944639,44.51311517601007],[-94.58506654540005,44.21201853256474],[-94.66613102632765,43.78353484766178],[-93.99445389864192,43.2508254015662],[-94.02634638165107,42.62892198288778],[-94.10857724046207,42.42694610043102],[-94.35300899002289,42.27834758087121],[-94.65676516992386,42.093683687078666],[-95.7349062652959,41.972131707373215],[-95.75314102884744,41.97007588034031],[-96.0980311547033,41.93732970651684],[-96.34532384554197,42.47492251268786],[-97.27177505614297,42.903406197590826]]]]}},{"type":"Feature","properties":{"NAME":"Kwakwaka'wakw","ABBREVN":"Kwakwaka'wakw","wikipedia":"https://en.wikipedia.org/wiki/Kwakwaka%CA%BCwakw","SUBJECTO":"Kwakwaka'wakw","BORDERPRECISION":1,"PARTOF":"Kwakwaka'wakw","polity_id":"ottoman_classical:kwakwaka_wakw","name":"Kwakwaka'wakw","ISO_A3":"KWAKWAKAWAKW","ADM0_A3":"KWAKWAKAWAKW","ADMIN":"Kwakwaka'wakw","fill_colour":"#3ba09d","border_precision":1},"geometry":{"type":"MultiPolygon","coordinates":[[[[-125.45960709133985,49.16794928164844],[-125.64537521878125,49.056224428132815],[-125.77978226223829,49.08870657534961],[-125.96683975735547,49.17351111026172],[-125.89224716702344,49.376826845125],[-126.1115235952461,49.527217470125],[-126.23254105130079,49.53353842349414],[-126.56312271633985,49.572249971345705],[-126.66481491604688,49.69015463443164],[-126.52219864407422,49.82167013736133],[-126.96117111721875,50.05743368716602],[-127.21158310452344,50.004230104402346],[-127.38545700589063,50.05001028628711],[-127.76865097561719,50.28005941958789],[-128.34309860745313,50.66847189517383],[-128.44160934964063,50.774024568513674],[-128.43282028714063,50.826915346101565],[-127.99969955960157,50.88066443057422],[-127.84801956692579,50.86110647769336],[-126.95737930813672,50.59188803286914],[-126.51589676419141,50.50029715152149],[-125.71859451809766,50.409427247957034],[-125.54543777981641,50.29098471255664],[-125.26749893704297,50.054149232820315],[-125.07566544094922,49.76541479678516],[-124.88077255764844,49.57552679629688],[-124.71793076077344,49.49057348819141],[-124.0036134389961,49.249427400544924],[-123.86136337796094,49.157970033601565],[-123.64536758938672,48.817855440095705],[-123.59341904202344,48.634723268464846],[-123.7190675405586,48.47748526187305],[-123.90202042141797,48.47059591861133],[-124.49255081692579,48.60025366397266],[-125.09776779690625,48.79537924380664],[-125.19605728665235,48.873736940339846],[-125.16861435452344,48.95890387149219],[-124.99902817288282,49.16885336490039],[-125.45960709133985,49.16794928164844]]]]}},{"type":"Feature","properties":{"NAME":"T'atsaot'ine","ABBREVN":"Yellowknives","wikipedia":null,"SUBJECTO":"T'atsaot'ine","BORDERPRECISION":1,"PARTOF":"T'atsaot'ine","polity_id":"ottoman_classical:t_atsaot_ine","name":"T'atsaot'ine","ISO_A3":"TATSAOTINE","ADM0_A3":"TATSAOTINE","ADMIN":"T'atsaot'ine","fill_colour":"#79602a","border_precision":1},"geometry":{"type":"MultiPolygon","coordinates":[[[[-123.05067917385938,69.86033209414845],[-122.8352784780586,69.89112433047657],[-122.32606216946485,69.88448675723438],[-121.63505264798047,69.764278017],[-120.84985825100782,69.5686450824297],[-120.22155472317579,69.41844519229298],[-119.27894302883985,69.2615161761797],[-118.81795212307813,69.16424139590626],[-118.53954788723829,69.13460119815235],[-117.83234116116407,69.00779303164845],[-117.32801529446485,68.97860296817188],[-116.8131837514961,68.91183050723438],[-116.32002731839063,68.89770849795704],[-115.68983170071485,68.93648871035938],[-115.2851075796211,68.89208563418751],[-114.83145615139844,68.76513250918751],[-114.38960739651563,68.60825689883595],[-114.1945085195625,68.49615057559376],[-114.10867020169141,68.34652289004688],[-114.34469315091016,68.28620489688282],[-114.76537033596875,68.30038794131642],[-115.0200929311836,68.27746924014454],[-115.40214249173047,68.2169376239336],[-115.56165787258985,67.89568670840626],[-114.06628891507032,67.73464544864063],[-113.28976151028516,67.69891699405079],[-112.50253006497266,67.69295843692188],[-112.11188217678907,67.72342260928517],[-111.779835668,67.74637182803517],[-111.35673233548047,67.82159002871876],[-110.95406052151563,67.87451513858204],[-110.53196426907422,67.92000921817188],[-110.13336655178907,67.90583380313282],[-109.48879715481641,67.69111975283985],[-108.83538528958204,67.61059912295704],[-108.64619919339063,67.55892523379688],[-108.095021214875,67.35959967227345],[-108.10113235989454,67.21882208438282],[-108.32774063626172,67.18139227481251],[-108.48516556301954,67.07013281436329],[-108.34801956692579,67.00387152285938],[-107.527638402375,66.56298407168751],[-107.60024735012891,66.73958929629688],[-107.61107346096875,66.87971838565235],[-107.40584274807813,66.9022403583086],[-107.12817856350782,66.96184118838673],[-107.15620895901563,67.04304083438282],[-107.59381577053907,67.33831366153126],[-107.65141006985547,67.42718084903126],[-107.71651932278516,67.627559267],[-107.66202255764844,67.96261938662892],[-107.50445267239454,67.97784002871876],[-106.62961288967969,68.03915747256642],[-106.21191879788282,68.1070972308672],[-106.11858841458204,68.24175604434376],[-105.91195389309766,68.33936651797657],[-105.63597580471875,68.35485418887501],[-105.14194199124219,68.22861822696095],[-104.45434280911329,68.10291632266407],[-104.01886459866407,68.0738941058672],[-103.58273788967969,68.11950262637501],[-103.30746170559766,67.9335132464922],[-103.1961183218086,67.89646490664845],[-102.76308914700391,67.80044897647267],[-102.21799179592969,67.74194677920704],[-101.91296860257032,67.70532568545704],[-101.39744278469922,67.70627935977345],[-101.00199600735547,67.7963062152422],[-100.21192642727735,67.80522497744923],[-99.36766525784375,67.79192694278126],[-98.88602921048047,67.81515081973438],[-98.35487839260938,67.93530615420704],[-97.92310806790235,67.72021826358204],[-97.49550339260938,67.58721502871876],[-97.26068588772657,67.59509619326954],[-97.15115829983594,67.73652227969532],[-97.15858933010938,67.96737249942188],[-97.4581803945625,68.07123144717579],[-97.78757950344922,68.13031347842579],[-98.40710922757032,68.15903051944142],[-98.36706253567579,68.36095007510548],[-97.83035751858594,68.39937170596485],[-97.57178970852735,68.3699146136797],[-97.21004959622266,68.2733569964922],[-96.81831833401563,68.18440588565235],[-96.43210312405469,68.16273077578907],[-96.20792862454297,68.07355078311329],[-96.16805740872266,67.99158819766407],[-96.21100327053907,67.93185003848438],[-96.34024521389844,67.54482611270313],[-96.25960251370313,67.31505163760548],[-96.1227540639961,67.24123724551563],[-96.04299637356641,67.21179541201954],[-95.68652054348829,67.16807135196095],[-95.25865646878125,67.02838476748829],[-95.29073044339063,67.27984198184376],[-95.50044724026563,67.72474249453907],[-95.4387941030586,67.94077643008595],[-95.32254501858594,68.06028326602345],[-95.00205704251172,68.05342444033985],[-94.63704391995313,68.06901892276173],[-94.08401199856641,68.4513126239336],[-93.86266037503125,68.47417791934376],[-93.6468019155586,68.47459753604298],[-93.41411301175,68.54245337100392],[-93.3992433218086,68.6024585589922],[-93.46689316311719,68.76744421573048],[-93.63582321682813,68.92499121280079],[-93.77388474026563,68.92471655459767],[-94.13840958157422,68.84133490176563],[-94.58306595364454,68.87808569522267],[-94.34251114407422,69.11190374942188],[-93.97977158108594,69.14272650332813],[-93.78439804592969,69.21850927920704],[-93.52708145657422,69.21897467227345],[-93.1942643789375,69.03869970889454],[-92.98549362698438,68.96380957217579],[-92.95613571682813,69.08434637637501],[-92.99247452298047,69.51457556338673],[-93.32716080227735,69.48372992129688],[-93.73071762600782,69.49808081241017],[-94.03673264065625,69.55047949405079],[-94.42320725003125,69.69365271182423],[-94.74957748928907,69.6551700458086],[-95.30957504788282,69.7374683246172],[-95.69698807278516,69.84295233340626],[-96.12698074856641,69.94084509463673],[-96.42262741604688,70.09300573916798],[-96.46397110501172,70.15418585391407],[-96.47408768216016,70.2998462543047],[-96.32550522366407,70.36152990908985],[-95.94667526760938,70.5698657855547],[-96.16534134426954,70.66958960147267],[-96.69965073147657,70.83835943789845],[-96.65924545803907,70.93118628116017],[-96.39831253567579,71.20278509707813],[-96.13158890286329,71.33528479190235],[-95.95746323147657,71.35116156192188],[-95.49297806301954,71.2355151996172],[-95.43042465725782,71.25116308780079],[-95.35268112698438,71.40671118350392],[-95.67177292385938,71.5696216449297],[-95.76205154934766,71.69424780459767],[-95.65868851223829,71.71004828067188],[-95.41064926663282,71.85898932071095],[-95.24577042141797,71.87495001407032],[-94.41721054592969,71.88431128116017],[-94.16578384915235,71.84570654483204],[-93.83813950100782,71.76034887881642],[-93.2711686758125,71.55854376407032],[-93.07691666165235,71.41099890323048],[-92.98890396633985,71.24022253604298],[-93.09945389309766,70.96879919619923],[-92.53204056301954,70.73039587588673],[-92.16814896145704,70.50767859073048],[-91.65772720852735,70.28584631533985],[-91.82776352444532,70.13225897403126],[-92.27079483548047,70.11611517520313],[-92.48423477688672,69.99328955264454],[-92.6712159780586,69.74241217227345],[-92.45926376858594,69.71245153994923],[-91.97731491604688,69.60731085391407],[-91.61507889309766,69.58525427432423],[-91.44098373928907,69.64616736026173],[-91.17245193997266,69.64666327090626],[-90,69.48896368594532],[-90,69.32998236270313],[-90,69.23138769717579],[-90,69.1635928973711],[-90,68.95337256045704],[-90,68.68316992373829],[-90,68.36909826846485],[-89.73558517971875,68.53431280703907],[-89.44108292141797,69.04570349307423],[-89.14040848294141,69.23469122500782],[-88.90501877346875,69.22760351748829],[-88.57613846341016,69.10004767032032],[-88.09737106839063,68.85258825869923],[-87.88440414944532,68.68025549502735],[-87.79025742092969,68.47801550479298],[-87.86149307766797,68.28335150332813],[-88.01305100003125,68.26810034366017],[-88.37113663235547,68.31228979678517],[-88.4619874624336,68.17760809512501],[-88.48145767727735,67.99102362246876],[-88.32388016262891,67.81254919619923],[-87.80835434475782,67.51626165957813],[-87.53399368801954,67.29434546084767],[-87.32540604153516,67.16891058535938],[-87.05794235745313,67.24338873477345],[-86.65454575100782,67.31820257754688],[-86.48843857327344,67.37778814883595],[-86.39503189602735,67.67486151309376],[-86.05096146145704,67.85401495547657],[-85.78174301663282,68.04082830996876],[-85.66953751126172,68.33979376407032],[-85.50632950344922,68.67721136660938],[-85.39984604397657,68.75995977969532],[-84.77272507229688,68.72358282657032],[-84.6245851186836,68.75390966983204],[-84.56435104885938,68.98704870791798],[-85.00759598294141,69.13682898135548],[-85.42065140286329,69.29444464297657],[-85.38107010403516,69.69533880801563],[-85.11336990872266,69.81714972110157],[-84.75945755520704,69.80261572451954],[-84.57021805325391,69.83332403750782],[-84.31351944485547,69.8262134418047],[-82.75667282620313,69.54878576846485],[-82.16050430813672,69.24770697207813],[-81.93275925198438,69.24814184756642],[-81.68396469632032,69.27876623721485],[-81.47992416897657,69.18864782901173],[-81.36990829983594,68.72242315860157],[-81.58302780667188,68.60200079532032],[-81.77710434475782,68.55667456241017],[-81.88645645657422,68.57896002383595],[-82.20959183255079,68.8185001239336],[-82.32784744778516,68.81827124209767],[-82.68726822415235,68.69747503848438],[-82.6317872671211,68.55508001895313],[-82.4929933218086,68.3232837543047],[-82.1782960561836,67.99535711856251],[-81.79372879544141,67.75780066104298],[-81.29496475735547,67.49872931094532],[-81.2843522695625,67.35788305850392],[-81.4992189077461,67.06891211123829],[-81.69673630276563,66.98728521914845],[-82.32999130764844,66.63962133975392],[-82.63348099270704,66.60227545352345],[-83.13871475735547,66.37349279971485],[-83.48195358792188,66.4977222308672],[-84.22640701809766,66.93088873477345],[-84.49036881008985,67.04853399844532],[-84.71385666409375,67.07027777285938],[-85.02158829251172,66.94414099307423],[-84.40770432034375,66.7093692645586],[-83.74045273342969,66.30630835147267],[-84.05871292630079,66.27637060733204],[-84.36998459378125,66.31246527285938],[-84.94954391995313,66.27470739932423],[-85.11850449124219,66.33306463809376],[-85.38676163235547,66.61182745547657],[-85.90318008938672,66.61822851748829],[-86.73898788967969,66.56513556094532],[-86.85313889065625,66.46201666446095],[-86.57687088528516,66.35237463565235],[-85.98714920559766,66.16278418155079],[-86.05865952053907,66.07476385684376],[-86.33370682278516,65.9278980121172],[-87.25401016751172,65.43011816592579],[-87.54983994046094,65.34953650088673],[-87.78694626370313,65.34908636660938],[-88.17352768460157,65.45750006289845],[-88.54085251370313,65.67544897647267],[-88.64201065579297,65.71173437686329],[-89.17739578762891,65.81294592471485],[-89.50872513333204,65.92924841494923],[-89.77756973782422,65.97996100039845],[-90,65.9735523089922],[-90,65.9715991839922],[-90,65.89311560244923],[-90,65.76792486758595],[-89.69237228909375,65.67328222842579],[-88.90442368069532,65.32516058535938],[-88.17144485989454,65.13038214297657],[-87.61630722561719,65.07339056582813],[-87.15728470364454,65.0595889911211],[-87.4352311758125,64.56887396426563],[-87.99178787747266,64.25168188662892],[-88.37706467190625,64.05732306094532],[-88.70445725003125,63.985065065339846],[-89.07741257229688,63.96287115664844],[-89.49484726467969,64.01940497012501],[-89.97269150296094,64.19054754825001],[-89.99451157132032,64.03280218692188],[-90,63.90385778994922],[-89.8615235952461,63.64665564151172],[-89.87039658108594,63.57521780581836],[-90,63.561351381257815],[-90,63.609088502839846],[-91.58617111721875,63.79354437442188],[-91.98384567776563,63.828563295320315],[-93.31687637844922,63.97362097354297],[-92.35104080716016,63.584834657625],[-91.64173599758985,63.514747224763674],[-91.02674576321485,63.39461477847461],[-90,63.302386842683596],[-90,63.18154486270313],[-90,63.09612616153125],[-90,62.94618948550586],[-91.41749283352735,62.852889619783205],[-92.0603761343086,62.8872142657793],[-92.29017349758985,62.91521032901172],[-92.45530411282422,62.794105134919924],[-91.89085861721875,62.603553377107424],[-92.10219284573438,62.411822877839846],[-92.57919022122266,62.26934012027149],[-93.23328873196485,61.971297822908205],[-93.42261978665235,61.85803183169727],[-93.32457443753125,61.541141115144534],[-93.46560379544141,61.435348115876955],[-93.87430283108594,61.34319265933399],[-94.01383682766797,61.21648748965625],[-94.25195023098829,60.92843588443164],[-94.37603470364454,60.79513510318164],[-94.4843034414375,60.49420889468555],[-94.60756393948438,60.249705873445315],[-94.75318619290235,59.94999273867969],[-94.74057321101562,59.85598193569289],[-107.51282838068006,58.89569747249361],[-123.07813818797997,69.83523760141962],[-123.05067917385938,69.86033209414845]]],[[[-71.87857529202344,63.80190237613086],[-72.38791367092969,63.858172975496096],[-72.72998520413282,64.01499518008595],[-73.14795395413282,64.34406622500782],[-73.16355606594922,64.57397039981251],[-73.6656007436836,64.60179480166798],[-74.25550552883985,64.76624640078907],[-74.55905624905469,64.78008612246876],[-74.4312028555,64.43503912539845],[-74.50111862698438,64.39181860537892],[-74.68512436428907,64.39863928408985],[-75.45184799710157,64.5481143817461],[-75.59100815335157,64.5334659442461],[-75.73706528225782,64.39667852969532],[-75.93552872219922,64.26706274600392],[-76.52609726467969,64.23010595889454],[-77.13303085842969,64.3078800067461],[-77.73748489895704,64.39293249698048],[-78.10336777249219,64.50722845645313],[-78.12671371975782,64.65100439639454],[-78.03855606594922,64.83122595401173],[-77.86662003079297,64.99017675967579],[-77.38702103176954,65.06357153506642],[-77.30074783841016,65.14354284854298],[-77.35837265530469,65.37593420596485],[-77.265919652375,65.3906436786211],[-76.65509506741407,65.34089239688282],[-76.02154251614454,65.2621036395586],[-75.78904434719922,65.1971851214922],[-75.35587021389844,64.91551550479298],[-75.33303543606641,65.08917578311329],[-75.40231796780469,65.17612036319142],[-75.3676042226875,65.26336248965626],[-75.10431381741407,65.27838476748829],[-74.66482254544141,65.32281836123829],[-74.37125870266797,65.39608343692188],[-74.07912918606641,65.44756659121876],[-73.84737106839063,65.41888006778126],[-73.49424454251172,65.40500219912892],[-73.41992661038282,65.52888067813282],[-73.93200394192579,65.89995916934376],[-74.27988907376172,66.0602222308672],[-74.33333298245313,66.1626392230547],[-74.25811478176954,66.23606451602345],[-73.99428268948438,66.26588018985157],[-73.67012497464063,66.37652929873829],[-73.0359620718086,66.64232214541798],[-72.87354752102735,66.88572271914845],[-72.52695938626172,67.09307440371876],[-72.30491348782422,67.26360663028126],[-72.35401627102735,67.5303150043047],[-72.75854202786329,67.90864904971485],[-72.94171616116407,68.13196142764454],[-73.18491837063672,68.29580267520313],[-73.37102982083204,68.29544409366017],[-73.9370851186836,68.44398077578907],[-74.40533920803907,68.66039618106251],[-74.51526352444532,68.87041815371876],[-74.75226303616407,69.04297979922657],[-74.95113846341016,68.95230444522267],[-75.19905563870313,68.86163672061329],[-75.57037064114454,68.86846502871876],[-75.70226761380079,68.81561621280079],[-75.9815187124336,68.80757483096485],[-76.54644485989454,68.73144873233204],[-76.64257523098829,69.03191717715626],[-76.17831894436719,69.05538519473438],[-75.62469955960157,69.1016040668047],[-75.5516862539375,69.22233923526173],[-76.27321335354688,69.50035437198048],[-76.971486058625,69.80196722598438],[-77.36704727688672,69.80879553408985],[-77.62225052395704,69.89180334658985],[-77.69864365139844,70.13574560733204],[-78.00343796292188,70.28839453311329],[-78.20575424710157,70.31102331729298],[-78.61879440823438,70.44847448916798],[-78.92800613919141,70.60174139590626],[-79.10110184231641,70.65532263369923],[-79.37588974514844,70.58551367373829],[-79.74046799221875,70.66953619571095],[-80.27011581936719,70.77648504825001],[-80.48997208157422,70.81468542666798],[-80.66049667874219,70.7526050433672],[-80.4223146108711,70.61433752627735],[-80.21841141262891,70.59160955996876],[-78.94103714505079,70.27132757754688],[-78.74377914944532,70.14908178897267],[-78.71291824856641,70.01144751162892],[-78.94031998196485,69.91211279483204],[-79.24144455471875,69.88117560000782],[-79.48502060452344,69.89590033145313],[-79.82562729397657,69.91806372256642],[-80.19363113919141,70.03159674258595],[-80.71258255520704,70.15307196231251],[-81.01278397122266,70.18313177676563],[-81.15784927883985,70.10628088565235],[-81.13795181790235,70.01452215762501],[-80.94608780423047,69.90837439151173],[-80.82937332669141,69.71139105410938],[-81.59563919583204,69.96033819766407],[-81.8072023061836,69.98272284121876],[-81.9857682851875,69.92922552676563],[-82.26922318020704,69.86035498233204],[-82.61401840725782,69.95842321963673],[-82.9261979726875,70.01121100039845],[-83.31288620510938,69.95712622256642],[-83.97604843655469,70.03979834170704],[-84.87373825589063,70.11462744326954],[-85.46806046048047,70.09821661563282],[-85.98391434231641,70.11257513614063],[-86.37189194241407,70.19607122989063],[-86.37334915676954,70.46471747012501],[-86.5369386343086,70.5336109027422],[-86.94351669827344,70.5559497699297],[-87.12148758450391,70.40182837100392],[-87.40170761624219,70.36290320010548],[-87.94801041165235,70.38491400332813],[-88.432179418,70.4608341083086],[-89.0185060171211,70.67528112979298],[-89.20502182522657,70.84467657657032],[-89.14980789700391,70.96847113223438],[-88.75948807278516,71.0001407489336],[-88.25040146389844,70.9701343402422],[-87.70470902005079,70.92475470157032],[-87.30907150784375,70.93323095889454],[-87.16879745999219,71.0185962543047],[-87.58923813382032,71.22703131289845],[-87.94921585598829,71.35059698672657],[-88.35641953030469,71.39648779483204],[-88.85416885891797,71.45000036807423],[-89.19248673001172,71.43380316348438],[-89.43504807034375,71.44115027041798],[-89.99718185940625,71.54128607364063],[-89.94577499905469,71.72854956241017],[-89.8140382436836,71.97903784366017],[-89.66103073635938,72.04202612491017],[-89.37052628079297,72.06609686465626],[-89.33408829251172,72.16812475772267],[-89.82086655178907,72.34799536319142],[-89.84069534817579,72.4266544208086],[-89.63864609280469,72.78225287051563],[-89.10018631497266,73.19565161319142],[-88.84568497219922,73.32347448916798],[-88.43248459378125,73.46773108096485],[-88.09924789944532,73.63606604190235],[-87.90911575833204,73.65243109317188],[-87.74258896389844,73.73274572940235],[-87.42840286770704,73.73333319278126],[-87.21197220364454,73.78979834170704],[-86.89243790188672,73.83047064395313],[-86.24622818508985,73.87976416201954],[-85.63981339016797,73.86487921328907],[-85.25420853176954,73.77745398135548],[-85.66801926175,73.60064276309376],[-86.03497787991407,73.38448675723438],[-86.66202255764844,73.09690435977345],[-86.85536667385938,72.85866888614063],[-86.77941605130079,72.69270666690235],[-86.21417709866407,72.44921454043751],[-86.41395279446485,72.31502112002735],[-86.44830795803907,72.13428076358204],[-86.33253952542188,71.99340399356251],[-85.94468399563672,71.74386938662892],[-85.24308487454297,71.46454962344532],[-85.28621384182813,71.41001471133595],[-85.85851761380079,71.26132544131642],[-85.8910417226875,71.12166937442188],[-85.45937820950391,71.1069751605547],[-84.78257462063672,71.06174810977345],[-84.48840805569532,71.34930761905079],[-84.53479477444532,71.53593786807423],[-84.68887039700391,71.66037329287892],[-85.01463791409375,71.7065845355547],[-85.20471664944532,71.76867254825001],[-85.60245987454297,72.01044806094532],[-85.55708786526563,72.08105810733204],[-85.32933517971875,72.1913257464922],[-85.11649033108594,72.27814825625782],[-84.66581436673047,72.22400244326954],[-84.28931900540235,72.25612982364063],[-84.8311280874336,72.46757849307423],[-85.1472901968086,72.48272284121876],[-85.50441452542188,72.60823401065235],[-85.52945419827344,72.69505652041798],[-85.50572678128125,72.94040258975392],[-85.10701462307813,73.08395727725392],[-84.56403061428907,73.04527624698048],[-83.88481613675,73.07036169619923],[-84.30760666409375,73.19668158145313],[-84.86234756985547,73.35480841250782],[-84.50545975247266,73.49106176944142],[-83.92613693753125,73.57995184512501],[-83.45605942288282,73.6367603168047],[-82.69679733792188,73.78223761172657],[-82.19520279446485,73.77515753360157],[-81.9064454702461,73.75168188662892],[-81.53178116360547,73.68835791201954],[-81.1798829702461,73.47333105655079],[-80.48866745510938,73.0370059833086],[-80.46250626126172,72.97363623233204],[-80.72470566311719,72.66456183047657],[-81.0436296133125,72.38013800235157],[-81.02679916897657,72.05034216494923],[-80.86314865628125,72.01147039981251],[-80.57043167630079,71.99636419864063],[-80.08084579983594,72.13838537783985],[-79.95325180569532,72.34285315127735],[-79.68542954007032,72.38270147891407],[-79.32958694973829,72.36761053653126],[-79.12538620510938,72.28935583682423],[-79.1281022695625,72.1715503558672],[-79.05625626126172,71.96002539248829],[-78.66254135647657,71.87471350283985],[-78.57442947903516,71.92962225528126],[-78.66637131253125,72.31380804629688],[-78.56825729885938,72.36905249209767],[-78.3633546499336,72.58214148135548],[-77.89602371731641,72.70142706485157],[-77.45512100735547,72.7259708270586],[-77.11871048489454,72.71080359073048],[-76.67750259915235,72.63264044375782],[-76.14996811428907,72.57049902530079],[-75.63189407864454,72.61091192813282],[-75.32202621975782,72.54841955752735],[-75.17511459866407,72.43048437686329],[-74.89579483548047,72.28155096621876],[-74.63760849514844,72.19563635440235],[-74.31274887600782,72.03939398379688],[-74.31251999417188,71.95327337832813],[-74.55149551907422,71.91369970889454],[-74.7694825796211,71.78821142764454],[-75.13748642483594,71.67045935244923],[-75.20393845120313,71.56898077578907],[-75.0015382436836,71.45260962100392],[-74.80947586575391,71.42185553164845],[-74.40550705471875,71.60943945498829],[-74.11193558255079,71.68795355410938],[-73.88599869290235,71.66498907657032],[-73.67181870022657,71.55626257510548],[-73.50741287747266,71.3465762958086],[-73.27524277249219,71.16077002139454],[-73.12122818508985,71.26964911075001],[-72.53455826321485,71.62851294131642],[-71.66396805325391,71.51330145450001],[-71.2525148061836,71.35079535098438],[-71.2754640249336,71.31968268008595],[-71.56268021145704,71.16398962588673],[-71.8815202383125,70.93118628116017],[-71.3563737539375,70.95534857364063],[-71.15183731594922,71.03308447451954],[-70.66658493557813,71.08045538516407],[-70.65164658108594,70.76364477725392],[-70.2928971914375,70.61790808291798],[-70.05768295803907,70.64914282412892],[-69.68381973782422,70.74232061953907],[-69.09158798733594,70.78199347110157],[-68.72420212307813,70.68246039004688],[-68.46938797512891,70.55974157901173],[-68.54205795803907,70.4903980121172],[-68.74963089505079,70.39014776797657],[-69.59112259426954,70.19687231631642],[-69.69810196438672,70.07418402285938],[-69.46268173733594,69.96011694522267],[-69.2578858999336,69.99093969912892],[-68.92173477688672,70.06799658389454],[-68.36594101467969,70.12256964297657],[-68.18324753323438,70.25313147158985],[-68.020802464875,70.29944952578907],[-67.80499741116407,70.26916082950001],[-67.57548233548047,70.18530615420704],[-67.33066269436719,70.0327335223711],[-67.04430100003125,69.79770239444142],[-67.50281998196485,69.79684027285938],[-68.04297348538282,69.7730899676836],[-68.2338380483711,69.71212347598438],[-68.20718094387891,69.59102972598438],[-68.03990646878125,69.53081091494923],[-67.43982407132032,69.50169714541798],[-67.01748367825391,69.4193530902422],[-66.77281662503125,69.3216739520586],[-66.6681413320625,69.18608435244923],[-66.83469864407422,69.17071112246876],[-67.171193089875,69.17010840030079],[-67.62610336819532,69.20692022891407],[-68.0199479726875,69.30424841494923],[-68.39073654690625,69.33374365420704],[-68.5331544546211,69.25049170108204],[-67.9796876577461,68.98788031192188],[-68.07704636135938,68.89747198672657],[-68.77549454251172,68.84355505557423],[-68.66534897366407,68.71612890811329],[-68.46889969387891,68.64146765323048],[-68.22118851223829,68.62696417422657],[-67.62220474758985,68.46326788516407],[-67.03155991116407,68.30730017276173],[-66.92033096829297,68.22531469912892],[-66.90283676663282,68.09846075625782],[-66.74474045315625,67.92732580752735],[-66.40713974514844,68.02482946963673],[-66.16580673733594,68.00291021914845],[-65.5299806264961,67.87005194278126],[-65.39576431790235,67.90005835147267],[-65.10330673733594,67.96766241641407],[-64.82885452786329,67.95325811953907],[-64.49024673977735,67.78271063418751],[-64.1021127370918,67.56798895450001],[-63.93301102200391,67.41257055850392],[-64.24091049710157,67.36752661319142],[-64.60143753567579,67.31503637881642],[-64.61375137844922,67.11526831241017],[-64.25592514553907,67.11595495791798],[-63.62352081814649,67.13930853457813],[-63.39402863064649,67.19887884707813],[-62.991383519562504,67.17744787783985],[-63.16489120999219,66.92600592227345],[-62.75194641629102,66.84569128604298],[-62.52050873318555,66.8461109027422],[-62.0961312917793,67.01658209414845],[-61.78801056424024,66.86221655459767],[-61.297848668488285,66.67901190371876],[-61.21058365383985,66.63500555606251],[-61.33414169827344,66.53183325381642],[-61.4488038686836,66.48754461856251],[-61.49476334133985,66.34064062686329],[-61.8635987905586,66.31794317813282],[-62.18677612820508,66.412715517],[-62.297665563019535,66.43455084414845],[-62.655121770294926,66.33845099063282],[-62.21956345120313,66.1340518817461],[-62.093983617218754,66.06109961123829],[-62.06825348416211,65.93681677432423],[-62.54404160061719,65.848262392],[-62.7042855886543,65.74577673526173],[-62.84475418606641,65.61426123233204],[-63.01228806057813,65.66497381778126],[-63.38090607205274,65.9270435199297],[-63.51127716580274,65.43099554629688],[-63.35199829617383,65.02465399356251],[-63.540646520050785,64.99533423037892],[-63.84556290188672,65.11074408145313],[-64.18360992947461,65.18993719668751],[-64.2758073476875,65.26961859317188],[-64.28371140042188,65.37862738223438],[-64.42532059231641,65.50203283877735],[-64.84370895901563,65.3775821551836],[-65.1778077749336,65.65362890811329],[-65.15501877346875,65.78496130557423],[-65.03384872952344,65.95320471377735],[-65.17034622708204,66.01143988223438],[-65.27105423489454,66.01856573672657],[-65.71737381497266,66.05430945010548],[-66.04065414944532,66.18549688907032],[-66.56691452542188,66.46326788516407],[-66.91284653225782,66.59490545840626],[-67.25594803372266,66.61633642764454],[-67.45918747464063,66.51303442569142],[-67.74914261380079,66.47574194522267],[-67.75987717190625,66.37292059512501],[-67.63354965725782,66.29246100039845],[-67.16103073635938,65.9857593402422],[-67.3054933218086,65.93429907412892],[-67.61417099514844,65.91180761905079],[-67.77575394192579,66.02852209658985],[-68.08504196682813,66.18897589297657],[-68.37565323391797,66.28372534366017],[-68.25179001370313,66.06418951602345],[-67.86520859280469,65.62672003360157],[-67.59349533596875,65.61992987246876],[-67.32944199124219,65.5840030536211],[-67.10421463528516,65.32244452090626],[-66.82871719876172,64.96029242129688],[-66.5977296499336,64.76616247744923],[-66.32095810452344,64.91077002139454],[-66.19254013577344,64.88936956973438],[-65.92605301419141,64.70982702823048],[-65.66280075589063,64.58800848575001],[-65.04182907620313,64.40951880069142],[-65.3270768789375,64.35872229190235],[-65.42321487942579,64.26522406192188],[-65.30860611477735,64.17939337344532],[-65.05298325100782,64.05087622256642],[-64.61976334133985,63.85126455874805],[-64.47394272366407,63.74430426211719],[-64.36485764065625,63.43754156680469],[-64.41539475003125,63.245040498689455],[-65.00145432034375,63.76474341006641],[-65.25071426907422,63.87155111880664],[-65.26278397122266,63.76427038760547],[-65.209523168,63.64290579409961],[-64.73497482815625,63.06652411075],[-64.7393312124336,62.93145330996875],[-65.15610977688672,62.98751410098438],[-65.1324968008125,62.89520987124805],[-64.93792435208204,62.711001954988284],[-64.76775833645704,62.47744711490039],[-65.02100845852735,62.554889284089846],[-65.29797836819532,62.69613607974414],[-65.69803329983594,63.0078197345293],[-65.76305100003125,63.021930299714846],[-66.08679672757032,62.99288138003711],[-66.49595352688672,63.07743414492969],[-67.14419266262891,63.37527807803516],[-67.28792282620313,63.50336416812305],[-67.76573654690625,63.80247076602344],[-67.68161484280469,63.45271261783008],[-68.23077103176954,63.66579779239063],[-68.48602768460157,63.73677023501758],[-68.87863632717969,63.75033148379688],[-68.8360108999336,63.65038260074024],[-68.47648331204297,63.337142549470705],[-68.09262558499219,63.14558371158008],[-67.2638444570625,62.855689607576174],[-66.68069168606641,62.565921388582034],[-66.33225723782422,62.31878241153125],[-66.13322159329297,62.100040040925784],[-65.94033524075391,61.789996705964846],[-66.76501938382032,61.94356878848438],[-67.45084091702344,62.13288076968555],[-68.013966527375,62.25903280825977],[-68.66357895413282,62.307330690339846],[-69.15526291409375,62.419620119050784],[-69.55949112454297,62.70941885562305],[-70.07523819485547,62.77230032534961],[-70.3622331289375,62.86407431216602],[-70.64810654202344,62.927447877839846],[-70.67387100735547,62.862247072175784],[-70.77940079251172,62.955630861238284],[-71.3189210561836,63.06125982852344],[-71.62173935452344,63.21014364810352],[-71.69125076809766,63.33111151309375],[-71.53545853176954,63.359908662751955],[-71.25812241116407,63.567279420808596],[-71.87857529202344,63.80190237613086]]]]}},{"type":"Feature","properties":{"NAME":"Naskapi Innu","ABBREVN":"Naskapi","wikipedia":null,"SUBJECTO":"Naskapi Innu","BORDERPRECISION":1,"PARTOF":"Naskapi Innu","polity_id":"ottoman_classical:naskapi_innu","name":"Naskapi Innu","ISO_A3":"NASKAPIINNU","ADM0_A3":"NASKAPIINNU","ADMIN":"Naskapi Innu","fill_colour":"#5fd64c","border_precision":1},"geometry":{"type":"MultiPolygon","coordinates":[[[[-76.47167326414613,56.546766108381256],[-76.46291061917188,56.57139166446094],[-76.43862625637891,56.80968817325],[-76.55453964749219,57.28005560489063],[-76.66497513333204,57.519046388582034],[-76.77238174954297,57.66250189395313],[-77.19423386135938,57.99050482364063],[-77.40435501614454,58.11357458682422],[-77.6597259310634,58.23649728444317],[-77.90158554592969,58.352916322664065],[-78.06480118313672,58.407577119783205],[-78.26871201077344,58.53095205874805],[-78.33678909817579,58.551471315339846],[-78.46879288235547,58.70949514956836],[-78.43261429348829,58.75773962588672],[-78.04195114651563,58.992774568513674],[-77.79320236721875,59.3867145404375],[-77.66153427639844,59.57363470645313],[-77.5486573843086,59.615359865144534],[-77.34766098538282,59.62266119571094],[-77.21478745022657,59.747516237214846],[-77.26242538967969,59.98302420230274],[-77.34337326565625,60.14297827334766],[-77.48544022122266,60.32394751162891],[-77.50717636624219,60.414630495027346],[-77.39095016995313,60.575458131746096],[-77.388478246125,60.69431646914844],[-78.17645737210157,60.74176748843555],[-77.68836685696485,61.15605887027149],[-77.46218582669141,61.47258337588672],[-77.45909592190625,61.528880678132815],[-77.60143753567579,61.620101533845705],[-77.87536331692579,61.73931845279102],[-77.98535629788282,61.858924470857424],[-78.00491806546094,62.09885748477344],[-77.86758896389844,62.29000052066211],[-77.61822220364454,62.43200644107227],[-77.36155411282422,62.517493806794924],[-76.98962112942579,62.48983725161914],[-76.18819138089063,62.321448884919924],[-75.69460007229688,62.21628912539844],[-75.35587021389844,62.181590639070315],[-74.70775314846875,62.17575415225391],[-74.22191330471875,62.24028357119922],[-73.83501144925,62.34003408999805],[-73.7401628164375,62.36142309756641],[-73.65973373928907,62.3898998126543],[-73.39458176175,62.354999147371096],[-72.9485597280586,62.171973787263674],[-72.83432480374219,62.11566885562305],[-72.49496933499219,61.91160162539844],[-72.08188339749219,61.74319799991016],[-71.72385880032422,61.54673346133594],[-71.85619827786329,61.370704256013674],[-71.67342087307813,61.26568564029102],[-70.90924545803907,61.04263647647266],[-70.02829453030469,60.88317068667774],[-69.70210739651563,60.89780005069141],[-69.5363282827461,60.98915060611133],[-69.38380142727735,60.85639151187305],[-69.389454808625,60.67446859927539],[-69.64902206936719,60.52024420352344],[-69.70431229153516,60.317760072664065],[-69.5072755483711,59.720538698152346],[-69.44611069241407,59.39558371158008],[-69.34257217923047,59.209334932283205],[-69.3646745351875,59.05059774966602],[-69.47604080716016,58.974532686189455],[-69.67648026028516,58.98103293033008],[-69.83239456692579,58.98765143008594],[-69.89423080960157,58.6844554767168],[-69.72581955471875,58.56093557925586],[-69.21422287503125,58.7476764545],[-69.0496339468086,58.76864203067188],[-68.69823166409375,58.78996618838672],[-68.56939407864454,58.78334768863086],[-68.26482864895704,58.63936575503711],[-68.09467026272657,58.48149450869922],[-68.0927247671211,58.36469992251758],[-68.12936874905469,58.30967291446094],[-68.00455185452344,58.16574057193164],[-67.77240463772657,58.2485423907793],[-67.63468643704297,58.26940878482227],[-67.10699173489454,58.30473669619922],[-66.8208741811836,58.38769491763477],[-66.62459274807813,58.559932313875],[-66.47463699856641,58.807960115388674],[-66.32811447659375,58.80135687442188],[-66.241017308625,58.746444307283205],[-65.92905136624219,58.423751436189455],[-65.91018387356641,58.451270662263674],[-65.86144730130079,58.79534109683399],[-65.71872421780469,59.05748327823047],[-65.50514694729688,59.1751781329668],[-65.26260849514844,59.34823187442188],[-65.5553712514961,59.57577093692188],[-65.5516862539375,59.71416433902149],[-65.42895218411329,59.776717744783205],[-64.98790451565625,59.819095216707034],[-64.90073868313672,59.8815875873125],[-64.67062088528516,60.180919252351565],[-64.37056442776563,60.01439245791797],[-64.09742828884961,59.744605623201174],[-63.744103398712895,59.51695974917774],[-63.47582336941602,59.15830572696094],[-63.00571533718946,58.814532838777346],[-62.886959996613285,58.656444154695315],[-63.042023625763676,58.52547415347461],[-62.99899765530469,58.37437780948047],[-62.74108215847852,58.38857992740039],[-62.576710668,58.038882814363284],[-62.4948129324043,57.95677527041797],[-62.34917542019727,57.902225099519534],[-62.01471802273633,57.84121283145313],[-61.888112035187504,57.72504385562305],[-61.82844635525586,57.55411871524219],[-61.99918457547071,57.512775026277346],[-62.18601700344922,57.437240205720705],[-62.00141235867383,57.294147096589846],[-61.82238098660352,57.192081056550784],[-61.476098027619145,57.10406454654102],[-61.40771888387985,57.04843983552924],[-76.47167326414613,56.546766108381256]]]]}},{"type":"Feature","properties":{"NAME":"Caloosahatchee culture","ABBREVN":"Caloosahatchee culture","wikipedia":null,"SUBJECTO":"Caloosahatchee culture","BORDERPRECISION":1,"PARTOF":"Caloosahatchee culture","polity_id":"ottoman_classical:caloosahatchee_culture","name":"Caloosahatchee culture","ISO_A3":"CALOOSAHATCH","ADM0_A3":"CALOOSAHATCH","ADMIN":"Caloosahatchee culture","fill_colour":"#3537c0","border_precision":1},"geometry":{"type":"MultiPolygon","coordinates":[[[[-82.70505100937577,28.523100149453118],[-80.59782184628624,28.523100149453118],[-80.5945494180845,28.506862779036684],[-80.44717880764844,27.77562864871387],[-80.22851273098829,27.238280855134768],[-80.26208969632032,27.19694670291309],[-80.13325974026563,27.072942338899416],[-80.07788559475782,26.923104845002932],[-80.04998489895704,26.551089845613284],[-80.18538376370313,25.860059343293948],[-80.21441360989454,25.734731279329104],[-80.35403915921094,25.548202119783205],[-80.30527969876172,25.357553087190432],[-80.31409927883985,25.243880830720705],[-80.49075790921094,24.995875917390627],[-80.49835678616407,25.037213884309573],[-80.44022079983594,25.14571341128711],[-80.4517335561836,25.207715593293948],[-80.56696030178907,25.191751085237307],[-80.73804947415235,25.130212388948244],[-80.86892410794141,25.18704756350879],[-81.09792038479688,25.12504728885059],[-81.15179153958204,25.27316053958301],[-81.1455812124336,25.378219209626955],[-81.40104385891797,25.858735643342776],[-81.74465652981641,25.92073782534961],[-81.83656021633985,26.07908781619434],[-81.88733383694532,26.4477554187334],[-82.07761856594922,26.551089845613284],[-82.14230820217969,26.866757951692385],[-82.31009384671094,26.82493170352344],[-82.58388992825391,27.310618959382815],[-82.75272842923047,27.52762182803516],[-82.61962601223829,27.52762182803516],[-82.4507569936836,27.724382005647463],[-82.42928787747266,27.826148591951174],[-82.50467392483594,27.927703462556643],[-82.71654984036329,27.744626604036135],[-82.84134384671094,27.838002763704104],[-82.78439041653516,28.09596975894336],[-82.71809860745313,28.436982713655276],[-82.70505100937577,28.523100149453118]]]]}},{"type":"Feature","properties":{"NAME":"Cree","ABBREVN":"Cree","wikipedia":null,"SUBJECTO":"Cree","BORDERPRECISION":1,"PARTOF":"Cree","polity_id":"ottoman_classical:cree","name":"Cree","ISO_A3":"CREE","ADM0_A3":"CREE","ADMIN":"Cree","fill_colour":"#ad8238","border_precision":1},"geometry":{"type":"MultiPolygon","coordinates":[[[[-101.12211121751537,52.82786090297692],[-102.58727206061094,53.56473014082671],[-111.97660968507122,58.28688340601539],[-112.44918874467501,58.52455626842842],[-107.51282838068006,58.89569747249361],[-94.74057321101562,59.85598193569289],[-94.72808548489454,59.76290472598438],[-94.80027481594922,59.51354940982227],[-94.74500748196485,59.11980398745899],[-94.68383499661329,58.87849386783008],[-94.41486069241407,58.71365316958789],[-94.30231186428907,58.70698507876758],[-94.18649765530469,58.665889345125],[-93.88757034817579,58.65957983584766],[-93.36378952542188,58.70186956973438],[-93.23948380032422,58.68147238345508],[-93.07417770901563,58.55101355166797],[-92.88842484036329,58.20769461245899],[-92.52271744290235,57.687274537996096],[-92.42361923733594,57.38646658511524],[-92.48305222073438,56.97671469302539],[-92.18014999905469,56.97045858950977],[-91.33692642727735,57.16312750430469],[-90,57.17785605044727],[-90,57.14434774966602],[-90,57.073951326326174],[-89.72552200833204,56.93423422427539],[-88.76747604885938,56.738467775300784],[-87.91419693508985,56.331946931794924],[-87.46717545071485,55.91202887149219],[-85.89243027249219,55.6102367267168],[-85.60286423245313,55.50931891055469],[-85.1609620718086,55.327640138582034],[-84.71716782132032,55.21365698428516],[-84.46836563626172,55.1668773517168],[-84.15240189114454,55.207992158845705],[-83.94863602200391,55.188148103669924],[-83.5760011343086,55.22261007876758],[-83.0160417226875,55.149425111726565],[-82.38272568264844,55.056163392976565],[-82.20208450850268,54.968871675529726],[-82.20208450833204,54.96887167544727],[-82.33566757717969,54.652965150789065],[-82.3993425039375,54.27056463809375],[-82.33005997219922,54.14342459292774],[-82.19209763089063,53.989696107820315],[-82.16040512600782,53.80242117495899],[-82.21217056790235,53.34127768130664],[-82.35113235989454,53.07412680240039],[-82.34120651763125,52.980823122186045],[-82.34120651760938,52.98082312198047],[-82.06906601467969,52.86138113589649],[-81.9875022933311,52.80385879037878],[-92.13513351290365,52.52625500347626],[-98.48766099932753,52.35247201427655],[-100.08972375062079,52.30864516671072],[-101.12211121751537,52.82786090297692]]]]}},{"type":"Feature","properties":{"NAME":"Guanches","ABBREVN":"Guanches","wikipedia":null,"SUBJECTO":"Guanches","BORDERPRECISION":1,"PARTOF":"Guanches","polity_id":"ottoman_classical:guanches","name":"Guanches","ISO_A3":"GUANCHES","ADM0_A3":"GUANCHES","ADMIN":"Guanches","fill_colour":"#2a925d","border_precision":1},"geometry":{"type":"MultiPolygon","coordinates":[[[[-14.50982440309849,28.050049749026638],[-14.147020770578637,28.391039461179965],[-13.808404046893443,29.04858821187777],[-13.518161140877563,29.42848330171172],[-13.421413505538938,29.090868332331816],[-13.784217138058787,28.87929453021188],[-13.880964773397412,28.19936673357924],[-14.50982440309849,28.050049749026638]]],[[[-15.574048391823386,28.178048475293522],[-15.404740029980792,28.19936673357924],[-15.211244759303536,27.900525135454227],[-15.574048391823386,27.729386561264484],[-15.912665115508583,27.900525135454227],[-15.574048391823386,28.178048475293522]]],[[[-17.291318919084016,28.284597224515256],[-16.880141468894855,28.327186915315913],[-16.081973477351177,28.539879155715276],[-16.22709493035912,28.36975954738149],[-16.638272380548287,28.050049749026638],[-17.339692736753328,28.028701784947305],[-17.291318919084016,28.284597224515256]]]]}},{"type":"Feature","properties":{"NAME":"Papous","ABBREVN":"Papous","wikipedia":null,"SUBJECTO":"Papous","BORDERPRECISION":1,"PARTOF":"Papous","polity_id":"ottoman_classical:papous","name":"Papous","ISO_A3":"PAPOUS","ADM0_A3":"PAPOUS","ADMIN":"Papous","fill_colour":"#903133","border_precision":1},"geometry":{"type":"MultiPolygon","coordinates":[[[[137.67589858492968,-8.45924798397656],[137.94112685641406,-7.994698442503172],[138.19266799410937,-7.676353849455076],[138.37630752047656,-7.555197633787351],[138.5680189462578,-7.523003019376951],[138.8054457040703,-7.675037302061277],[138.89475539645312,-7.78288833050366],[138.84481337985156,-7.865623392149168],[138.6990003915703,-8.151954092069822],[138.5838117929375,-8.228471197172361],[138.29720595797656,-8.540528692289548],[138.1758528085625,-8.55351010708447],[137.67589858492968,-8.45924798397656]]],[[[149.37900832614062,-6.209412015958982],[149.20858291110156,-6.152576841398435],[149.02149489840625,-6.24195758251782],[148.84160903414843,-6.070749677702146],[148.71245864352343,-5.988406576200681],[148.415720972625,-5.881004251524168],[148.30633071383593,-5.773187555357175],[148.37664321383593,-5.658629812284666],[148.50721267184375,-5.671065725370603],[148.8364973398125,-5.644925512357908],[149.0785627695,-5.701607622190672],[149.41283706149218,-5.739016927763181],[149.6484632821953,-5.713087476774412],[149.76441482028125,-5.630208410307127],[149.86927321871875,-5.4011797085249],[149.894236597625,-5.445617116972166],[150.05193618258593,-5.6232256069624],[150.18082717379687,-5.70558062939282],[150.28934768160937,-5.711702264829832],[150.72159865817187,-5.621785081907468],[150.88651565035937,-5.51973906902905],[151.0492201181328,-5.195244230314451],[151.157420191375,-5.099672235532957],[151.45164016207812,-5.086332716032224],[151.56986525973437,-5.02887860684033],[151.58762649020312,-4.901724733396726],[151.55880263766406,-4.647550024076658],[151.53931716403125,-4.406077302976804],[151.7622785898125,-4.494570173307615],[151.94422439059375,-4.519603170438963],[152.08994582614062,-4.360398210569578],[152.2332258554375,-4.620676435514646],[152.26816848239062,-4.779488481565672],[152.17965224703906,-5.002136625333982],[152.1355238290703,-5.084851659818845],[151.9065656991875,-5.104410089536863],[151.8348646493828,-5.206255353971677],[151.86217788180468,-5.282467760130125],[152.05868056735156,-5.4981354847395],[151.91993239840625,-5.65732041744824],[151.8015394540703,-5.708424486204343],[151.46726516207812,-5.671016611143308],[151.2800550790703,-5.671417631193357],[151.23925307711718,-5.79226914791699],[151.05570510348437,-6.015118516966062],[150.93188003024218,-6.085294164701658],[150.49410537203906,-6.276913084074216],[150.2762708993828,-6.340937532468992],[149.91717055758593,-6.354434408231931],[149.55416396578906,-6.406063951536375],[149.48011306246875,-6.298171915098386],[149.37900832614062,-6.209412015958982]]],[[[142.41326430758593,-3.307272829099851],[142.88128188571093,-3.439716495557981],[143.445506128875,-3.610096134229856],[143.82696059664843,-3.838063158079343],[144.10290053805468,-3.983638443037229],[144.3717298837578,-4.021191038175779],[144.542674097625,-3.995406307264524],[144.65948012789843,-4.223943628355222],[144.78300002535937,-4.338082231565672],[145.06844619235156,-4.496349729582029],[145.37749770602343,-4.673644937559324],[145.728220972625,-4.997029222532468],[145.59342483004687,-5.423136152311521],[145.60814956149218,-5.524802602812009],[145.74540236910937,-5.626188196226316],[146.0445051523125,-5.676385797544675],[146.89342788180468,-6.030476488157468],[147.05289748629687,-6.042832769437986],[147.3764906259453,-6.124768175169187],[147.45795730075,-6.238989271208006],[147.64393142184375,-6.480108179136472],[147.7385969491875,-6.740489877744871],[147.6638441415703,-6.791499055906492],[147.16231826266406,-6.824362196012693],[146.90914443453906,-6.894825376554685],[146.86498549899218,-6.964828409239011],[146.88602736910937,-7.11731854824658],[147.15124038180468,-7.561660207792478],[147.37603286227343,-7.796340860410886],[148.03466323336718,-8.246194280668455],[148.13273147067187,-8.627350248380857],[148.4588117929375,-9.097000516935545],[148.58870986422656,-9.160280622526365],[148.72510817965625,-9.153623022123533],[149.04546645602343,-9.114801801725584],[149.19771865328906,-9.120829023405271],[149.2367658945,-9.209720052763181],[149.07787612399218,-9.457954801603513],[149.17571547946093,-9.553084768339353],[149.3565168710625,-9.616262830778318],[149.54644301852343,-9.634923376127439],[149.8299055429375,-9.71058026699658],[149.87292006930468,-9.767703451200681],[149.85897353610156,-9.831288732572752],[149.56739333590625,-9.927260793729978],[149.69637587985156,-10.035046972318845],[150.1755628915703,-10.161140836759763],[150.4176283212578,-10.29410020260449],[150.52338698825,-10.637121595426756],[150.49456313571093,-10.7388900890791],[150.0023908945,-10.73360101132031],[149.90569594821093,-10.663879789396482],[149.84009841403125,-10.454260267301756],[149.78336623629687,-10.409889616056638],[149.3285627695,-10.360017217680173],[148.84986403903125,-10.240275777860838],[148.56052688082812,-10.183689512296873],[148.22196486910937,-10.190774358793455],[147.87362197360156,-10.178817190214353],[147.61547378024218,-10.084020055814939],[147.3933363290703,-9.925599493070798],[147.2930403085625,-9.690630353971677],[147.185008082,-9.570095457121091],[146.85840896090625,-9.430965818449216],[146.64609816989062,-9.27887574581738],[146.58550551852343,-9.190019048734861],[146.0955305429375,-8.466494955106931],[145.81963637789843,-8.09844247250195],[145.61518386325,-8.073457159086423],[144.92943862399218,-7.9223879948103],[144.62740615328906,-7.783210672422605],[144.37983230075,-7.758321680113035],[144.19317153414843,-7.841353811308103],[144.01603225192187,-7.873520769163328],[143.66479018649218,-7.670890726133543],[143.7918196054375,-8.013834394499021],[143.7796125741875,-8.109205640836912],[143.66741469821093,-8.1412281170332],[143.49586013278125,-8.08439389614697],[143.35605910739062,-8.129184164091306],[143.4893293710625,-8.306858457609373],[143.43680861910937,-8.357819952055173],[142.96996596774218,-8.377893842741209],[142.46399978121875,-8.296365179105955],[142.24891189059375,-8.309544958158689],[142.35564712008593,-8.366510786100584],[142.46372512301562,-8.436202444120603],[142.7528333993828,-8.5118393078291],[143.05065444430468,-8.670099653288084],[143.23267653903125,-8.822255529447752],[143.3311262460625,-9.000007070585447],[143.14597609957812,-9.089399732633787],[142.81331923922656,-9.280797399564939],[142.60740188082812,-9.376576818510252],[142.30655959567187,-9.332743085905271],[141.49615004977343,-9.315418638273435],[140.94761184176562,-9.273864187284666],[140.71602920016406,-9.043785490080076],[140.2989759775078,-8.644266523405271],[139.97686294039843,-8.238173879667478],[139.79406264742968,-8.213153280302244],[139.44507888278125,-8.258392728849607],[139.1123762460625,-8.322665609403806],[138.9170179696953,-8.316736616178709],[138.95798781832812,-8.145039953275877],[139.1536360116875,-7.852243818327146],[139.15613845309375,-7.725116647764402],[138.9039564462578,-7.490504182859617],[138.6495619150078,-7.141485609098631],[138.66239455660937,-7.039763368650632],[138.8613539071953,-7.090180315061765],[138.9677992196953,-7.070877946897703],[139.02826980075,-7.019909299894529],[138.818064722625,-6.83604470638867],[138.5505628915703,-6.652304090543943],[138.42139724215625,-6.480980791135984],[138.29746535739062,-6.188879884763914],[137.82358840426562,-5.427235998197752],[137.59531691989062,-5.249770559354978],[137.38517287692187,-5.123125947996336],[137.11291030367968,-5.034737505003172],[136.22063735446093,-4.763372816129881],[135.65355971774218,-4.592993654295164],[135.3777571054375,-4.561812318845945],[135.06051162203906,-4.454455293699461],[134.776804957,-4.30889979748364],[134.80968764742968,-4.15629331020947],[134.76578811129687,-4.035634435697752],[134.67864516696093,-4.023115552946287],[134.40088942965625,-4.068201936765867],[134.2261457773125,-4.0367998257124],[134.04062941989062,-3.948230661436277],[133.8570051523125,-3.77066794781323],[133.7627210946953,-3.510306514784055],[133.8225355478203,-3.287733472868162],[133.75252822360156,-3.186203636213499],[133.66883376559375,-3.237232603117185],[133.56321242770312,-3.415403760954099],[133.50826552828906,-3.714226163908201],[133.39547255953906,-3.987760223432737],[133.2448988290703,-4.108839429899412],[132.93162063082812,-4.268395341917234],[132.8617658945,-4.192290224119382],[132.71282485446093,-3.887547172590452],[132.72295669039843,-3.81761995701428],[132.89564040621875,-3.696492828413206],[132.82718947848437,-3.505969680830198],[132.74932387789843,-3.398097671552854],[132.4953871103203,-3.220699466749387],[132.17724135836718,-3.043445505186277],[132.02495864352343,-3.018357194944578],[131.99888137301562,-2.923082031294065],[132.01580337008593,-2.821360744520383],[132.20194533785937,-2.801898635908323],[132.3762922616875,-2.839650787397581],[132.64737990817187,-2.947101749464231],[132.71871474703906,-2.934237636610227],[132.88431838473437,-2.781354822202879],[133.12084487399218,-2.596534170194822],[133.1866712900078,-2.621814645811277],[133.32134536227343,-2.742274202390867],[133.7807875009453,-2.722207464262205],[133.84302810153125,-2.664876855894285],[133.88360122164843,-2.429650939985471],[133.8550062509453,-2.245414413496214],[133.74759963473437,-2.258355058714109],[133.59275344332812,-2.347660221143919],[133.3207044931328,-2.38002697376843],[133.02511123141406,-2.361604608579832],[132.68067458590625,-2.381411470457273],[132.21895888766406,-2.344279445692258],[132.03403762301562,-2.204873956724363],[131.97339919528125,-2.11603680996533],[131.90626052340625,-1.817490614935117],[131.81559279879687,-1.665172256513792],[131.62676528414843,-1.595673717542844],[131.06443313082812,-1.539699472471433],[131.18339065035937,-1.405983485265928],[131.20951369723437,-1.291541494413572],[131.21142104586718,-1.02463797478314],[131.41967299899218,-1.011477567239957],[131.8336439462578,-0.826284266992765],[132.05417922457812,-0.654236055895048],[132.25400832614062,-0.526697672887998],[132.412303003875,-0.539065577074247],[132.59240249117968,-0.570447958990293],[133.26497939547656,-0.861315585657316],[133.49627212008593,-0.937068201585966],[133.90731337985156,-1.006078936144071],[134.0791731210625,-1.323459185644346],[134.14098647555468,-1.501257814451414],[134.01385024508593,-1.838348545118528],[133.98336318453906,-2.009996928259092],[134.08280471285937,-2.181369699522214],[134.1343031259453,-2.403682388349729],[134.1863050790703,-2.619645275160032],[134.28306106051562,-2.854586996122556],[134.3663587900078,-2.94337622074719],[134.45540908297656,-3.000382579847532],[134.5569563241875,-2.707814611479002],[134.595164332,-2.758574880644041],[134.63401320895312,-2.822047866865354],[134.77306655367968,-3.304742254301267],[134.84910109957812,-3.380851425214964],[134.95438674410937,-3.463242925687986],[135.0867414804375,-3.513791717573362],[135.24643996676562,-3.538871921583372],[135.50757888278125,-3.449326194807249],[135.73424819430468,-3.251824773832517],[136.27088454684375,-2.418122448011594],[136.42882827242968,-2.411427892729002],[136.91410354098437,-2.315044321104246],[137.08423903903125,-2.251135267301756],[137.1043958993828,-2.212950624510007],[137.11069777926562,-1.984163798376279],[137.20882705172656,-1.907682098432737],[137.70389846285937,-1.633348025366026],[137.8543196054375,-1.613961376234251],[138.63425734957812,-1.955445446058469],[139.591990503875,-2.37915674595471],[140.28515151461718,-2.612797416731077],[140.8697767587578,-2.794752515836912],[142.03084853610156,-3.15556351093884],[142.41326430758593,-3.307272829099851]]]]}},{"type":"Feature","properties":{"NAME":"Natchez","ABBREVN":"Natchez","wikipedia":null,"SUBJECTO":"Natchez","BORDERPRECISION":1,"PARTOF":"Natchez","polity_id":"ottoman_classical:natchez","name":"Natchez","ISO_A3":"NATCHEZ","ADM0_A3":"NATCHEZ","ADMIN":"Natchez","fill_colour":"#c1732f","border_precision":1},"geometry":{"type":"MultiPolygon","coordinates":[[[[-92.4745966378022,30.852146587586702],[-92.73690540022923,31.250223670501757],[-92.69943271988247,31.61472352469578],[-92.29472777213793,31.793255885864948],[-91.84505560797729,31.837835241649238],[-91.62596598967966,31.938619979140476],[-90.40870393180853,32.05040935180212],[-90.22962454861315,32.02281382263113],[-90.22623581699908,32.022291630514765],[-90.16627952844433,31.525328616005673],[-90.25621396127643,31.320676034622124],[-90.72087519757575,31.224591582125743],[-91.25298725849916,31.179718698273057],[-91.44784519630208,30.97431482763411],[-91.5409240661985,30.795697912547453],[-91.57525230948094,30.729822543387105],[-91.94997911294813,30.57508581994084],[-92.45987844108333,30.583590782573072],[-92.4745966378022,30.852146587586702]]]]}},{"type":"Feature","properties":{"NAME":"Lipan","ABBREVN":"Lipan","wikipedia":null,"SUBJECTO":"Lipan","BORDERPRECISION":1,"PARTOF":"Lipan","polity_id":"ottoman_classical:lipan","name":"Lipan","ISO_A3":"LIPAN","ADM0_A3":"LIPAN","ADMIN":"Lipan","fill_colour":"#3b7981","border_precision":1},"geometry":{"type":"MultiPolygon","coordinates":[[[[-100.1060536984895,31.040095755971887],[-98.42323208926909,29.69383846859556],[-97.53611169623842,28.691465789496398],[-97.65257554481695,28.557874904362205],[-98.17373449297943,28.245179535464743],[-100.33487280993454,28.723098752501443],[-100.81874218545666,29.30168837838267],[-100.85661646310965,29.34697676662613],[-101.27094230533693,29.66749615711314],[-100.30418200680661,31.123415811274594],[-100.1060536984895,31.040095755971887]]]]}},{"type":"Feature","properties":{"NAME":"Caddo","ABBREVN":"Caddo","wikipedia":null,"SUBJECTO":"Caddo","BORDERPRECISION":1,"PARTOF":"Caddo","polity_id":"ottoman_classical:caddo","name":"Caddo","ISO_A3":"CADDO","ADM0_A3":"CADDO","ADMIN":"Caddo","fill_colour":"#872c72","border_precision":1},"geometry":{"type":"MultiPolygon","coordinates":[[[[-95.41589123380729,34.739511776964875],[-94.93683559732455,34.62058421707906],[-94.20469396420944,34.60570626638256],[-92.84887612510732,34.65776742579609],[-92.84648733947154,34.65530626804458],[-92.11673449199223,33.903444380417625],[-91.62596598967967,32.957145374502055],[-91.62596598967966,31.938619979140476],[-91.84505560797729,31.837835241649238],[-92.29472777213793,31.793255885864948],[-92.69943271988247,31.61472352469578],[-92.73690540022923,31.250223670501757],[-92.4745966378022,30.852146587586702],[-92.45987844108333,30.583590782573072],[-93.12648494169717,30.498128410699504],[-93.46833442919147,30.600683256947796],[-94.70753882135823,30.754515526320215],[-95.46815393103299,31.216012334437504],[-95.56051180331148,31.669641073064707],[-95.52700214619533,32.00753253519279],[-95.226076736333,32.275378205851744],[-94.51842330596443,32.50765427415025],[-95.00187432028999,33.42454412890565],[-95.39231224519641,33.613771201817556],[-95.3510003821267,34.047545764049644],[-95.41589123380729,34.739511776964875]]]]}},{"type":"Feature","properties":{"NAME":"Pennacook","ABBREVN":"Pennacook","wikipedia":null,"SUBJECTO":"Pennacook","BORDERPRECISION":1,"PARTOF":"Pennacook","polity_id":"ottoman_classical:pennacook","name":"Pennacook","ISO_A3":"PENNACOOK","ADM0_A3":"PENNACOOK","ADMIN":"Pennacook","fill_colour":"#a53b79","border_precision":1},"geometry":{"type":"MultiPolygon","coordinates":[[[[-72.27350196343446,44.68140260173424],[-71.93341845927468,45.05921422575007],[-71.6852494156986,45.324791726465776],[-71.2335950245947,45.32694315699413],[-71.19909710016854,44.498992970765784],[-70.5363282827461,43.40421637149219],[-70.6862840322578,43.09885748477342],[-70.86807724514844,42.871425233796856],[-70.79017349758985,42.805606447175784],[-70.7594499258125,42.7098804339922],[-70.68365952053905,42.68595083804491],[-70.646290746125,42.721847139314455],[-70.57024094143749,42.71586569400197],[-70.62524124661329,42.65006216616992],[-70.87147995510938,42.60221823306444],[-70.84754654446485,42.560348115876955],[-70.89326212952882,42.52622468289091],[-71.26911802502143,42.58286050275967],[-71.7495895381072,42.552365717877976],[-71.99406218313875,42.63137739880645],[-72.10481831487283,42.89596149128229],[-72.20942132817723,43.283607952351545],[-72.51707724966076,43.578957636975694],[-72.65859897354318,43.69586688713946],[-72.7139770394102,43.94199162432626],[-72.6339864998245,44.11427894035704],[-72.400167999497,44.39116926969223],[-72.27350196343446,44.68140260173424]]]]}},{"type":"Feature","properties":{"NAME":"Kawahsu","ABBREVN":"Kawahsu","wikipedia":null,"SUBJECTO":"Kawahsu","BORDERPRECISION":1,"PARTOF":"Kawahsu","polity_id":"ottoman_classical:kawahsu","name":"Kawahsu","ISO_A3":"KAWAHSU","ADM0_A3":"KAWAHSU","ADMIN":"Kawahsu","fill_colour":"#d54139","border_precision":1},"geometry":{"type":"MultiPolygon","coordinates":[[[[-117.06469617887504,36.71037495506055],[-116.87864180284988,36.750138987603485],[-116.79181642737147,36.41647995043777],[-116.58715661374377,36.186566820129414],[-116.70499105189305,35.986092091163215],[-116.58083174117499,35.75393201388344],[-117.50666471841352,35.114666386742556],[-118.40310617256507,35.46001678301408],[-118.57793843721318,35.427103593647],[-118.60894749988402,35.62899251147701],[-117.90814268352254,35.780075524331195],[-117.50502486880131,35.95095647736768],[-117.47401580613045,36.37155028928032],[-117.12051249168262,36.53118215044776],[-117.06469617887504,36.71037495506055]]]]}},{"type":"Feature","properties":{"NAME":"Yokuts","ABBREVN":"Yokuts","wikipedia":null,"SUBJECTO":"Yokuts","BORDERPRECISION":1,"PARTOF":"Yokuts","polity_id":"ottoman_classical:yokuts","name":"Yokuts","ISO_A3":"YOKUTS","ADM0_A3":"YOKUTS","ADMIN":"Yokuts","fill_colour":"#893966","border_precision":1},"geometry":{"type":"MultiPolygon","coordinates":[[[[-121.82312270822358,37.87929363674449],[-121.174690471294,38.135253730269326],[-120.78221832788924,38.22483976300301],[-119.81810197561232,37.36310744813606],[-119.73645228134787,37.39469302000166],[-119.7024616473571,37.61811095538051],[-119.57135491624992,37.64887472526348],[-119.5283917881563,37.41247836157826],[-119.20564445411941,36.95446070021862],[-118.64083661955485,36.81732187510567],[-118.63965909301118,36.81238685962475],[-118.550063931857,36.436893407107654],[-118.76186686981869,36.25004289374516],[-118.57023564023433,36.152377819746135],[-118.60894749988402,35.62899251147701],[-118.57793843721318,35.427103593647],[-118.40310617256507,35.46001678301408],[-119.04237179970598,35.21753671754685],[-119.39727568370381,35.28439601322471],[-119.67967960098608,35.52280156743009],[-119.74073976788813,35.56631623427542],[-120.17388645623004,35.87499920706499],[-120.33526012324846,36.07904908721883],[-120.59749233215342,36.24190879221885],[-120.68826501985127,36.420663338710845],[-120.9202396661903,36.558510714622386],[-120.89650264829393,36.57545181459042],[-120.82946697849245,36.62329514472099],[-120.93032552037897,36.90608689119044],[-121.06144162483142,36.93027763297479],[-121.15221431252931,37.356380264891186],[-121.43461822981158,37.40446691752286],[-121.51530506332081,37.59650497862436],[-121.82312270822358,37.87929363674449]]]]}},{"type":"Feature","properties":{"NAME":"Shoshoni","ABBREVN":"Shoshoni","wikipedia":null,"SUBJECTO":"Shoshoni","BORDERPRECISION":1,"PARTOF":"Shoshoni","polity_id":"ottoman_classical:shoshoni","name":"Shoshoni","ISO_A3":"SHOSHONI","ADM0_A3":"SHOSHONI","ADMIN":"Shoshoni","fill_colour":"#32814a","border_precision":1},"geometry":{"type":"MultiPolygon","coordinates":[[[[-113.42918491929733,45.35835704475414],[-113.35060285845164,45.34089918061665],[-112.39895595260765,45.22667766166119],[-112.04068888217223,45.31728601026639],[-111.54866886905843,45.50668401353599],[-110.96281451483814,45.06711647548459],[-110.27913260322266,44.748064916730705],[-109.02571576526097,44.48978508345375],[-107.74950953024543,44.04159360806139],[-107.1797746038992,43.95803248553062],[-106.82274071672225,43.714945583622885],[-106.52596767334906,42.12193885650528],[-105.25533007782201,41.02822548314022],[-105.11691384120113,40.86078648722786],[-106.48613037208574,40.88784235519665],[-107.83641256839427,40.91452407864936],[-109.55702848842712,40.8940981824402],[-111.87220278920432,40.566426359546675],[-112.24154966209099,40.31274554038764],[-112.60188807466328,39.677828494918664],[-113.41264950295104,39.16984289867807],[-113.51707025452421,38.8859098773382],[-113.52075102672272,38.87590139956495],[-113.72794561395183,38.84082699336426],[-114.63780010569698,38.68629417939991],[-115.39451077209885,38.27021512907214],[-115.68278150215669,37.54524184214063],[-115.65575612121378,36.7265547213644],[-115.77286610529977,36.473429901288725],[-115.95540888322253,36.47037166252119],[-116.2052722003866,36.46618556602461],[-116.75478827955939,36.8275719238404],[-116.87864180284988,36.750138987603485],[-117.06469617887504,36.71037495506055],[-117.12051249168262,36.53118215044776],[-117.47401580613045,36.37155028928032],[-117.50502486880131,35.95095647736768],[-117.90814268352254,35.780075524331195],[-117.9799388823053,36.183128955792625],[-118.03398964419112,36.57477948079902],[-118.00828390129595,36.621497422761074],[-117.89886273947654,36.82036082492556],[-118.00696426324822,37.38794000082496],[-117.70067661256174,37.81616459725181],[-117.73671045381897,38.69332565736938],[-117.57455816816142,39.469515491174484],[-117.1061182318174,40.92813783783536],[-117.124135152446,41.240479965750126],[-116.88090672395968,41.98135730860865],[-116.36347588737613,42.725242863420625],[-116.16022989881502,43.017439895902044],[-116.12419605755781,44.7060247997253],[-114.21130016519734,45.52811969634975],[-114.20517553456989,45.53075184564896],[-113.42918491929733,45.35835704475414]]]]}},{"type":"Feature","properties":{"NAME":"Pomo","ABBREVN":"Pomo","wikipedia":null,"SUBJECTO":"Pomo","BORDERPRECISION":1,"PARTOF":"Pomo","polity_id":"ottoman_classical:pomo","name":"Pomo","ISO_A3":"POMO","ADM0_A3":"POMO","ADMIN":"Pomo","fill_colour":"#348089","border_precision":1},"geometry":{"type":"MultiPolygon","coordinates":[[[[-123.93289872543515,39.82096520589268],[-123.11134495460692,39.71412402496757],[-122.9794071467819,39.54900224983412],[-122.82224756407693,39.53385233551756],[-122.78150043504431,39.529924382141346],[-122.71692744021196,38.99241812627434],[-122.7155315311318,38.98079856510709],[-122.91343824286936,38.98079856510709],[-122.69079319216462,38.698189610710514],[-122.71804675494387,38.691014653615134],[-123.24715071115908,38.55171917083409],[-123.46047684231641,38.70407065005664],[-123.74095627346875,38.96676977725391],[-123.79630753079297,39.03041037173633],[-123.74487778225782,39.07595404239063],[-123.89214798489454,39.41376455874805],[-123.81972977200391,39.60736807437305],[-123.93289872543515,39.82096520589268]]]]}},{"type":"Feature","properties":{"NAME":"Biloxi","ABBREVN":"Biloxi","wikipedia":null,"SUBJECTO":"Biloxi","BORDERPRECISION":1,"PARTOF":"Biloxi","polity_id":"ottoman_classical:biloxi","name":"Biloxi","ISO_A3":"BILOXI","ADM0_A3":"BILOXI","ADMIN":"Biloxi","fill_colour":"#b948db","border_precision":1},"geometry":{"type":"MultiPolygon","coordinates":[[[[-88.38134791252511,30.77831107319298],[-88.28666064124032,30.771531591310488],[-88.21440379327323,30.349971997786266],[-88.34286972561719,30.38878210635547],[-88.63519760647657,30.388179384187502],[-88.75486167844858,30.391748835281113],[-88.82322184518748,30.54754107481276],[-89.09150244716106,30.74440888752097],[-88.38134791252511,30.77831107319298]],[[-117.71133528729497,45.63635906711659],[-117.71133528729497,45.63635906711658],[-117.3945136228921,44.79150129537561],[-117.71133528729497,45.63635906711659]],[[-117.85214491591846,46.34744769166525],[-117.57052565867147,46.02358554583121],[-117.57052565867147,46.0235855458312],[-117.85214491591846,46.34744769166525]]]]}},{"type":"Feature","properties":{"NAME":"Cayuse","ABBREVN":"Cayuse","wikipedia":null,"SUBJECTO":"Cayuse","BORDERPRECISION":1,"PARTOF":"Cayuse","polity_id":"ottoman_classical:cayuse","name":"Cayuse","ISO_A3":"CAYUSE","ADM0_A3":"CAYUSE","ADMIN":"Cayuse","fill_colour":"#d02cd8","border_precision":1},"geometry":{"type":"MultiPolygon","coordinates":[[[[-118.72826998825258,45.898152642341195],[-117.85214491591846,46.34744769166525],[-117.57052565867147,46.0235855458312],[-117.71133528729497,45.63635906711659],[-117.71133528729497,45.63635906711658],[-117.3945136228921,44.79150129537561],[-117.99388419305102,44.924374802302566],[-118.34253199481336,44.8928525745809],[-118.99531936832585,44.92962682621719],[-118.99662453373357,44.933868398348196],[-119.06949975167954,45.17070082713676],[-119.30687697841138,45.468013362034775],[-119.00273740666125,45.80515025293573],[-118.95089881939555,46.033175952119976],[-118.95082776384363,46.0334885087069],[-118.72826998825258,45.898152642341195]]]]}},{"type":"Feature","properties":{"NAME":"Beothuk","ABBREVN":"Beothuk","wikipedia":null,"SUBJECTO":"Beothuk","BORDERPRECISION":1,"PARTOF":"Beothuk","polity_id":"ottoman_classical:beothuk","name":"Beothuk","ISO_A3":"BEOTHUK","ADM0_A3":"BEOTHUK","ADMIN":"Beothuk","fill_colour":"#2f3879","border_precision":1},"geometry":{"type":"MultiPolygon","coordinates":[[[[-53.11499496975782,48.523910127595705],[-53.22929474392774,48.406077943757815],[-53.41130157986524,48.294688783601565],[-53.81251617947461,48.24819525332813],[-53.881710973175785,48.18930014224414],[-53.7587403921211,48.026343904451174],[-53.702877965363285,47.843768678621096],[-53.57676025906446,47.73966559024219],[-53.49431702175977,47.831134401277346],[-53.35560699978711,47.94882544131641],[-53.11841293850782,47.87753256411914],[-53.16281982937696,47.67528494449024],[-53.095814671906254,47.55154760928516],[-52.77368256131055,47.53914602847461],[-52.7351808218086,47.54574164004688],[-52.72859665432813,47.45452459903125],[-52.80421921292188,47.31755789370899],[-52.91651245633008,47.02434118838672],[-53.06955811062696,46.731273256257815],[-53.1696176199043,46.76358374209766],[-53.48929688015821,46.82150610537891],[-53.62491318264844,46.88628729434375],[-53.64374634304883,47.179156862214846],[-53.91421982327344,46.996341310457034],[-54.08243652859571,46.98951681704883],[-54.125058141144535,47.11310537906055],[-53.90126129666211,47.40660818667774],[-53.896332707794926,47.556502901033205],[-54.08567139187696,47.77127035708789],[-54.21135040799024,47.80363806338672],[-54.385827031525395,47.627242647126955],[-54.57618042508008,47.496505342439455],[-54.74048706570508,47.43102224917774],[-54.93616196194532,47.339435182527346],[-55.18451782742383,47.09800299258594],[-55.40785309353711,46.947852693513674],[-55.80424591580274,46.96660193057422],[-55.90387817898633,47.06403311343555],[-55.829613652619145,47.129275880769534],[-55.2766847280586,47.312701784089846],[-55.06697556057813,47.54769095034961],[-54.78262039700391,47.711227022126955],[-55.09711166897657,47.769290529207034],[-55.36751266995313,47.79486044497852],[-55.51267334500196,47.58592947574024],[-55.69772049466016,47.579051576570315],[-55.75613876858594,47.6506305560625],[-55.73852631131055,47.87240942569141],[-56.07894608059766,47.865218721345705],[-56.14558884182813,47.7346263751543],[-56.33007141629102,47.63647421450977],[-56.80369278469922,47.615977846101565],[-57.1229867605293,47.64144095034961],[-57.63544556179883,47.725204072908205],[-58.09052368679883,47.763438783601565],[-58.70043274441602,47.736156068757815],[-59.1565560964668,47.6700511798418],[-59.22169586697461,47.75470694156055],[-59.31852051297071,47.963252626375],[-59.234486546906254,48.04174002261524],[-58.981991734894535,48.19237478824024],[-58.6517953542793,48.375892244294924],[-58.42566391507032,48.44818075747852],[-58.13945099392774,48.59906729312305],[-58.68046661892774,48.70259817691211],[-58.39204498806836,49.036754213289065],[-58.23106094876172,49.10906179995899],[-58.10562607327344,49.08312185855274],[-57.97400375882032,49.08337362857227],[-57.81418701687696,49.201522432283205],[-58.12770172634961,49.49563940616016],[-58.09229370633008,49.59399374575977],[-57.860138860138676,49.98790320010547],[-57.35559937039258,50.59522970767383],[-56.70151611843946,51.18450125308399],[-56.37553116360547,51.38363989444141],[-56.15243240872266,51.47014959903125],[-55.56076523342969,51.557410798982424],[-55.4716310171211,51.524459444001955],[-55.42203995266797,51.42521246524219],[-55.55651947537305,51.325660310701174],[-55.818478551300785,51.311927400544924],[-55.927426305207035,51.25215872378711],[-55.7703370718086,51.054061494783205],[-56.11002823391797,50.70324286075],[-56.66153427639844,50.05606039615039],[-56.78360840359571,49.81942709536914],[-56.73264023342969,49.68838842959766],[-56.68308350125196,49.68849142642383],[-56.49043747464063,49.76755102725391],[-56.27307602444532,50.01732214541797],[-56.06706329861524,50.10332068057422],[-55.56535049954297,49.96609076114063],[-55.96837708035352,49.65711935611133],[-55.85082336941602,49.56558188052539],[-55.747582402619145,49.53301580996875],[-55.10733887234571,49.27880819888477],[-54.76619049588086,49.29257162661914],[-54.61985107937696,49.47625311465625],[-54.481068578156254,49.50271948428516],[-54.15790649929883,49.47714193911914],[-53.78617569485547,49.38615759463672],[-53.50910278836133,49.281924806550784],[-53.64291855374219,49.15072592349414],[-53.81075760403516,49.04568441958789],[-54.1295785574043,48.83571585269336],[-53.97684189358594,48.68562277408008],[-53.762562718781254,48.522647462800784],[-53.64546295681836,48.51633032412891],[-53.457848515900395,48.58859213443164],[-53.24904343167188,48.647822938875],[-53.123932805451176,48.595782838777346],[-53.11499496975782,48.523910127595705]]]]}},{"type":"Feature","properties":{"NAME":"Montagnais Innu","ABBREVN":"Montagnais","wikipedia":null,"SUBJECTO":"Montagnais Innu","BORDERPRECISION":1,"PARTOF":"Montagnais Innu","polity_id":"ottoman_classical:montagnais_innu","name":"Montagnais Innu","ISO_A3":"MONTAGNAISIN","ADM0_A3":"MONTAGNAISIN","ADMIN":"Montagnais Innu","fill_colour":"#c16e2f","border_precision":1},"geometry":{"type":"MultiPolygon","coordinates":[[[[-61.74302383938672,56.171493135408205],[-61.45779892483594,56.15847738833789],[-61.24986359158399,56.077457033113284],[-60.8727540639961,55.854529939607424],[-60.46834274807813,55.65896566958789],[-60.357628789337895,55.51037558169727],[-60.37330719509961,55.422481142],[-60.57453247586133,55.07102545352344],[-60.34573837796094,55.04450186343555],[-60.04724213162305,55.11924322696094],[-59.69376083889844,55.15365942569141],[-59.33820053616407,55.08015402408008],[-59.07975479641797,54.992992006257815],[-58.55717178860547,54.772323213533205],[-58.11545273342969,54.712779603914065],[-57.43287369290235,54.579913698152346],[-57.515351262482426,54.46576651187305],[-57.83856674710157,54.37130697818164],[-58.16992279568555,54.276858888582034],[-58.468110051544926,54.25621756167774],[-58.84362122097852,54.14833792300586],[-59.106163945587895,53.96711691470508],[-59.39872452298047,53.86623343081836],[-59.862973180207035,53.838580690339846],[-59.99153229275586,53.80492361636524],[-60.137238469513676,53.68431814761524],[-60.12421127835157,53.517345033601565],[-60.24602600613477,53.276797853425784],[-59.71703430691602,53.431312166169924],[-59.472870793732426,53.47185476870899],[-59.180756535919926,53.519141756013674],[-58.64011093655469,53.86767538638477],[-58.07691666165235,54.08285864444141],[-57.56114288845899,54.13071020694141],[-57.26303955593946,54.024180971101565],[-57.105824437531254,53.87063177676563],[-57.28519913235547,53.66976126284961],[-57.268944707306645,53.61632498355274],[-57.13083359280469,53.483028017],[-56.85379883328321,53.583743654207034],[-56.64929291287305,53.657596193269534],[-56.354462590607426,53.57132299991016],[-55.88126083889844,53.351932130769534],[-55.77977081814649,53.23871573062305],[-55.76966568508985,53.1586986407793],[-55.904347386750004,52.965159975007815],[-55.92698761502149,52.805255495027346],[-56.10974213162305,52.605228029207034],[-55.65902420559766,52.18734701724414],[-55.82356735745313,52.021033845857424],[-56.181271520050785,51.894290529207034],[-56.66615387478711,51.614886842683596],[-56.96410461941602,51.488441072419924],[-57.45761581936719,51.46762045474414],[-57.82794662991407,51.413924776033205],[-58.52433868924024,51.37948568911914],[-58.719330754669926,51.19382055850391],[-59.131562199982426,50.83605536075],[-59.43996902981641,50.643966279939455],[-59.71551987210157,50.51146658511524],[-60.13784500637891,50.411700807527346],[-60.80984970608594,50.33399923892383],[-61.64020630398633,50.27692373843555],[-62.29355713406446,50.30863531680469],[-63.20739075222852,50.34640463443164],[-63.3673715261543,50.33290060611133],[-63.85007187405469,50.298995576814455],[-64.32591721096875,50.304671846345705],[-65.16869827786329,50.34915503116016],[-65.24405444500445,50.35141960187691],[-65.2440544448659,50.35141960211102],[-65.16869827796673,50.34915503140154],[-64.88091258015237,50.33396529246969],[-62.954254003311924,54.2202975482895],[-61.785593478220804,56.1948822544685],[-61.74302383938672,56.171493135408205]]]]}},{"type":"Feature","properties":{"NAME":"Missouri","ABBREVN":"Missouri","wikipedia":null,"SUBJECTO":"Missouri","BORDERPRECISION":1,"PARTOF":"Missouri","polity_id":"ottoman_classical:missouri","name":"Missouri","ISO_A3":"MISSOURI","ADM0_A3":"MISSOURI","ADMIN":"Missouri","fill_colour":"#2d7c4f","border_precision":1},"geometry":{"type":"MultiPolygon","coordinates":[[[[-94.47316825589547,38.786054470494776],[-94.47382021556317,38.790007972886464],[-94.53481416890455,39.15987708038024],[-94.76906863833914,39.15987708038024],[-95.06496902078283,39.569750060355126],[-94.89236046435734,39.854281837676744],[-95.07729820338463,39.82588148453935],[-95.25922516934114,39.95956642755985],[-95.37319858582832,40.0433172316742],[-95.39785695103195,40.260061727256414],[-95.2375775772083,40.63535958526096],[-95.01565229037557,40.68212440023217],[-95.01565229037554,40.68212440023216],[-94.32395003165286,40.413892790425336],[-93.70875893458262,40.17533104478249],[-93.3499979559859,40.23871446311526],[-92.79554917088191,40.33667065508406],[-92.8374350630833,40.30719539760901],[-92.21567759665328,40.085139159598285],[-91.78636886983254,39.28573670275967],[-91.62603616572511,38.46949748184911],[-94.47316825589547,38.786054470494776]]]]}},{"type":"Feature","properties":{"NAME":"Kansa","ABBREVN":"Kansa","wikipedia":null,"SUBJECTO":"Kansa","BORDERPRECISION":1,"PARTOF":"Kansa","polity_id":"ottoman_classical:kansa","name":"Kansa","ISO_A3":"KANSA","ADM0_A3":"KANSA","ADMIN":"Kansa","fill_colour":"#6cb234","border_precision":1},"geometry":{"type":"MultiPolygon","coordinates":[[[[-97.04301635036605,40.249412514847855],[-96.59995527908411,40.142134029012674],[-96.32133026264327,40.12376997865939],[-96.02348972782724,40.017160654908174],[-95.63917936032266,39.95458797291047],[-95.25922516934114,39.95956642755985],[-95.07729820338463,39.82588148453935],[-94.89236046435734,39.854281837676744],[-95.06496902078283,39.569750060355126],[-94.76906863833914,39.15987708038024],[-94.53481416890455,39.15987708038024],[-94.47382021556317,38.790007972886464],[-94.91918328921841,38.78518657756623],[-95.74233458966349,38.678165334514],[-96.73433743891778,38.488427538338364],[-97.16036999789416,38.29405296871114],[-97.80732554206074,38.77695113774632],[-97.77092284236768,38.922561936518555],[-97.60711069374892,39.31389095821894],[-97.33409044605098,39.75982402945891],[-97.07927154819956,40.11475035146624],[-97.04301635036605,40.249412514847855]]]]}},{"type":"Feature","properties":{"NAME":"Osage","ABBREVN":"Osage","wikipedia":null,"SUBJECTO":"Osage","BORDERPRECISION":1,"PARTOF":"Osage","polity_id":"ottoman_classical:osage","name":"Osage","ISO_A3":"OSAGE","ADM0_A3":"OSAGE","ADMIN":"Osage","fill_colour":"#2a5792","border_precision":1},"geometry":{"type":"MultiPolygon","coordinates":[[[[-90.80696324825423,37.1752545178584],[-91.33977221756871,36.60469558764769],[-91.52529019878695,36.29267280031693],[-91.83729771265399,35.719662315310444],[-92.62153281507655,35.045906094443204],[-92.84648733947154,34.65530626804458],[-92.84887612510732,34.65776742579609],[-94.20469396420944,34.60570626638256],[-94.93683559732455,34.62058421707906],[-95.41589123380729,34.739511776964875],[-95.3510003821267,34.047545764049644],[-95.3510003821267,34.04754576404964],[-95.45428003980099,35.13198216962977],[-96.00166222547477,35.193949964234356],[-96.77625965803202,34.87378302544403],[-97.50954522751955,34.88411099121146],[-97.40632822190798,35.57574263651146],[-96.74688339384964,36.685540030073064],[-96.58604319188419,37.248480736952146],[-97.052479777584,38.21352194874485],[-97.16036999789416,38.29405296871114],[-96.73433743891778,38.488427538338364],[-95.74233458966349,38.678165334514],[-94.91918328921841,38.78518657756623],[-94.47382021556317,38.790007972886464],[-94.47316825589547,38.786054470494776],[-91.62603616572511,38.46949748184911],[-91.62352762862469,38.45672674751964],[-90.52805018777178,37.93859552549461],[-90.80696324825423,37.1752545178584]]]]}},{"type":"Feature","properties":{"NAME":"Quapaw","ABBREVN":"Quapaw","wikipedia":null,"SUBJECTO":"Quapaw","BORDERPRECISION":1,"PARTOF":"Quapaw","polity_id":"ottoman_classical:quapaw","name":"Quapaw","ISO_A3":"QUAPAW","ADM0_A3":"QUAPAW","ADMIN":"Quapaw","fill_colour":"#703ba5","border_precision":1},"geometry":{"type":"MultiPolygon","coordinates":[[[[-89.10356147122943,36.94822815955451],[-89.48254326581024,36.509968919988985],[-89.52430308232312,36.350373001870175],[-89.67046244011823,36.19044925515002],[-89.86882156855442,35.58994791073324],[-89.79574188965688,35.01911519639184],[-90.46389895386302,33.91743778494422],[-90.48044581982018,33.88391011570393],[-90.70401789881211,33.430902837152225],[-90.71086823773264,33.37710527693337],[-90.76271555917886,32.969934269768736],[-91.62596598967967,32.957145374502055],[-92.11673449199223,33.903444380417625],[-92.84648733947154,34.65530626804458],[-92.62153281507655,35.045906094443204],[-91.83729771265399,35.719662315310444],[-91.52529019878695,36.29267280031693],[-91.33977221756871,36.60469558764769],[-90.80696324825423,37.1752545178584],[-90.80932142258536,37.16880056705743],[-89.10356147122943,36.94822815955451]]]]}},{"type":"Feature","properties":{"NAME":"Papago","ABBREVN":"Papago","wikipedia":null,"SUBJECTO":"Papago","BORDERPRECISION":1,"PARTOF":"Papago","polity_id":"ottoman_classical:papago","name":"Papago","ISO_A3":"PAPAGO","ADM0_A3":"PAPAGO","ADMIN":"Papago","fill_colour":"#338e3e","border_precision":1},"geometry":{"type":"MultiPolygon","coordinates":[[[[-112.14102321789257,32.83028746530148],[-111.82206871870586,32.38841431444066],[-111.62700128261154,31.6298191626171],[-112.04713884016235,30.227513084380845],[-112.72126100106298,30.072553174842405],[-112.73714920559766,30.109120927766604],[-112.90797897854688,30.41401632876758],[-113.01670548001172,30.566411577180666],[-113.08502670803907,30.7697769031084],[-113.0663346914375,30.998756013826174],[-113.0520753530586,31.13870009036426],[-113.30399033108594,31.24629744143848],[-113.66166397610547,31.334586702302737],[-113.68861862698438,31.538037858918948],[-113.74631973782422,31.607879243806643],[-113.95213791409375,31.690127931550784],[-114.08228012600782,31.5435863360918],[-114.195118871125,31.524274431184573],[-114.72254988494909,31.762956208427685],[-114.03507514887919,32.44519714422815],[-113.73292220291289,32.569994946209455],[-113.70547844651294,32.58133000192394],[-112.7091337261554,32.70827442829786],[-112.68305602284623,32.711596992286104],[-112.14102321789257,32.83028746530148]]]]}},{"type":"Feature","properties":{"NAME":"Luiseno","ABBREVN":"Luiseno","wikipedia":null,"SUBJECTO":"Luiseno","BORDERPRECISION":1,"PARTOF":"Luiseno","polity_id":"ottoman_classical:luiseno","name":"Luiseno","ISO_A3":"LUISENO","ADM0_A3":"LUISENO","ADMIN":"Luiseno","fill_colour":"#3b3573","border_precision":1},"geometry":{"type":"MultiPolygon","coordinates":[[[[-116.77941779274558,34.002458752361385],[-116.67722850968254,33.84622138141278],[-116.83327411333808,33.62272772749584],[-116.83327411333808,33.622727727495835],[-116.44316010419924,33.26827890870059],[-117.37857723721048,33.1092410052044],[-117.49671646633985,33.32543142886524],[-117.70934006253125,33.52853735537891],[-117.97152092031256,33.70752032205939],[-117.75220933486521,33.853421155908954],[-117.5701561306004,33.99728912871047],[-117.53547932978806,34.21263488201145],[-117.3824020846737,34.37985696059214],[-116.8820948528161,34.15944188641711],[-116.88209485281607,34.15944188641711],[-116.77941779274558,34.002458752361385]]]]}},{"type":"Feature","properties":{"NAME":"Houma","ABBREVN":"Houma","wikipedia":null,"SUBJECTO":"Houma","BORDERPRECISION":1,"PARTOF":"Houma","polity_id":"ottoman_classical:houma","name":"Houma","ISO_A3":"HOUMA","ADM0_A3":"HOUMA","ADMIN":"Houma","fill_colour":"#7335a7","border_precision":1},"geometry":{"type":"MultiPolygon","coordinates":[[[[-90.25621396127643,31.320676034622124],[-90.196187278817,31.082892363893112],[-90.36978060950578,30.75797119454502],[-91.06415393226094,30.75797119454502],[-91.5409240661985,30.795697912547453],[-91.44784519630208,30.97431482763411],[-91.25298725849916,31.179718698273057],[-90.72087519757575,31.224591582125743],[-90.25621396127643,31.320676034622124]]]]}},{"type":"Feature","properties":{"NAME":"Cusabo","ABBREVN":"Cusabo","wikipedia":null,"SUBJECTO":"Cusabo","BORDERPRECISION":1,"PARTOF":"Cusabo","polity_id":"ottoman_classical:cusabo","name":"Cusabo","ISO_A3":"CUSABO","ADM0_A3":"CUSABO","ADMIN":"Cusabo","fill_colour":"#26d932","border_precision":1},"geometry":{"type":"MultiPolygon","coordinates":[[[[-71.76528563337007,41.395709501809485],[-71.79171905260617,41.638302431702286],[-71.73578517747991,41.95148729649232],[-70.53360889268718,42.01861389107465],[-70.50623032132032,41.9864574298418],[-70.48158737698438,41.80722387881641],[-70.30209061184766,41.75944098086719],[-69.99097916165235,41.86696966739063],[-70.0008058218086,41.95061834903125],[-70.06406113186719,41.962562166169924],[-70.17819687405469,42.08804281802539],[-70.22181412258985,42.105975709871096],[-70.22596451321485,42.13585623355274],[-70.13782211819532,42.13585623355274],[-70.03407761135938,42.076095186189455],[-69.93578049221875,41.91476019473438],[-69.92203995266797,41.723609529451174],[-70.64160629788282,41.59222372622852],[-70.65623184719922,41.765426240876955],[-70.71164413967969,41.795283876375],[-70.76080795803907,41.69375189395313],[-70.83457657376172,41.67583807559375],[-70.84794327298047,41.63402517886524],[-70.89547440091016,41.68180426211719],[-70.96713730374219,41.56236990542774],[-71.04086777249219,41.54445990176563],[-71.17315384426954,41.52654989810352],[-71.19360062161329,41.67583807559375],[-71.10439774075391,41.825152955964846],[-71.3036393789375,41.77139624209766],[-71.37301346341016,41.837108217195315],[-71.40983292141797,41.723609529451174],[-71.44921585598829,41.425052247957034],[-71.76528563337007,41.395709501809485]]]]}},{"type":"Feature","properties":{"NAME":"Yuchi","ABBREVN":"Yuchi","wikipedia":null,"SUBJECTO":"Yuchi","BORDERPRECISION":1,"PARTOF":"Yuchi","polity_id":"ottoman_classical:yuchi","name":"Yuchi","ISO_A3":"YUCHI","ADM0_A3":"YUCHI","ADMIN":"Yuchi","fill_colour":"#323d95","border_precision":1},"geometry":{"type":"MultiPolygon","coordinates":[[[[-82.90923096333684,36.36146072230574],[-83.15891745704451,35.95828179531381],[-83.93294558753824,35.532717696638365],[-84.29499100341435,35.2273532409107],[-85.04405048453732,34.97200148259221],[-85.0513103111087,34.97200148259221],[-86.23006132964869,34.97200148259221],[-86.66863665479623,35.09571100128373],[-85.23953296654977,35.68863699959876],[-84.00807127774166,36.2967662286398],[-83.25282200860906,36.668996225569444],[-82.90923096333684,36.36146072230574]]]]}},{"type":"Feature","properties":{"NAME":"Cherokee","ABBREVN":"Cherokee","wikipedia":null,"SUBJECTO":"Cherokee","BORDERPRECISION":1,"PARTOF":"Cherokee","polity_id":"ottoman_classical:cherokee","name":"Cherokee","ISO_A3":"CHEROKEE","ADM0_A3":"CHEROKEE","ADMIN":"Cherokee","fill_colour":"#2d4780","border_precision":1},"geometry":{"type":"MultiPolygon","coordinates":[[[[-81.52347092325935,37.26100231702958],[-80.74944279276562,37.360297718267816],[-80.22145867875184,37.64253216867145],[-80.17516385723799,37.66727911305803],[-80.31249142877721,37.131722350941295],[-80.58205089987187,36.871756422566726],[-80.67453684465332,36.78256202550448],[-81.9978752613039,35.735651004437095],[-82.49148840439194,35.001733809412386],[-82.55966987214615,34.900359783482315],[-83.69574341851597,34.04614255518724],[-84.20760073061668,33.91155945897674],[-84.40734992558279,33.88047157851331],[-85.00659751048117,33.921919567039474],[-85.09398778327885,34.19083968695278],[-85.09398778327885,34.19083968695282],[-85.04405048453732,34.9720014825922],[-85.0513103111087,34.9720014825922],[-85.0513103111087,34.97200148259221],[-85.04405048453732,34.97200148259221],[-84.29499100341435,35.2273532409107],[-83.93294558753824,35.532717696638365],[-83.15891745704451,35.95828179531381],[-82.90923096333684,36.36146072230574],[-83.25282200860906,36.668996225569444],[-81.879618976098,37.345789148735605],[-81.87694142117128,37.363193255759306],[-81.52347092325935,37.26100231702958]]]]}},{"type":"Feature","properties":{"NAME":"Zuni","ABBREVN":"Zuni","wikipedia":null,"SUBJECTO":"Zuni","BORDERPRECISION":1,"PARTOF":"Zuni","polity_id":"ottoman_classical:zuni","name":"Zuni","ISO_A3":"ZUNI","ADM0_A3":"ZUNI","ADMIN":"Zuni","fill_colour":"#a93238","border_precision":1},"geometry":{"type":"MultiPolygon","coordinates":[[[[-109.34905148439545,34.71918386852224],[-109.45658054459304,34.87548238788366],[-109.37691057497135,35.04951308535083],[-109.08235861905847,35.29908109653326],[-108.88277359210669,35.37031438641379],[-108.74178217437628,35.347634579507705],[-108.43994431355743,35.29908109653326],[-108.32767773589708,34.87548238788366],[-108.36509992845052,34.48054314608491],[-108.82664030327649,34.526802018956275],[-109.2944177101947,34.63977112187487],[-109.33507267689471,34.698865017871185],[-109.34905148439545,34.71918386852224]]]]}},{"type":"Feature","properties":{"NAME":"Mescalero","ABBREVN":"Mescalero","wikipedia":null,"SUBJECTO":"Mescalero","BORDERPRECISION":1,"PARTOF":"Mescalero","polity_id":"ottoman_classical:mescalero","name":"Mescalero","ISO_A3":"MESCALERO","ADM0_A3":"MESCALERO","ADMIN":"Mescalero","fill_colour":"#6a34b2","border_precision":1},"geometry":{"type":"MultiPolygon","coordinates":[[[[-107.102956485122,32.6100851454883],[-107.28411426154155,32.655853327806035],[-107.31960817543005,33.16329046269981],[-107.12835368727279,33.2154507776518],[-106.9892595140675,33.25338555216235],[-106.58683478113494,33.98015260715994],[-106.06428326225237,34.48468510814999],[-105.78996263398756,34.77070766021478],[-105.78814756957605,34.772600151342495],[-105.42682358271901,35.26578022084376],[-105.36388837024074,35.82843559863324],[-104.22896664107951,35.352326129599184],[-104.16749087011537,35.39004989814536],[-104.35517826177104,34.88955018706357],[-103.82929650888966,34.2164215433754],[-103.61894380773711,32.78602317553806],[-103.36652056635405,32.3863530433482],[-100.30418200680661,31.123415811274594],[-101.27094230533693,29.66749615711314],[-101.7280524758015,29.803212660309406],[-102.72184757042214,29.748618449623105],[-102.96086158052076,29.343699001967092],[-103.74080203452685,29.233983476367086],[-104.20625036998209,29.617471042304356],[-104.78491586811565,30.58605105703986],[-106.18126087448135,31.73782320478669],[-106.44543425406405,31.75921787223626],[-106.91355999981059,32.423125376352615],[-107.102956485122,32.6100851454883]]]]}},{"type":"Feature","properties":{"NAME":"Apache","ABBREVN":"Apache","wikipedia":null,"SUBJECTO":"Apache","BORDERPRECISION":1,"PARTOF":"Apache","polity_id":"ottoman_classical:apache","name":"Apache","ISO_A3":"APACHE","ADM0_A3":"APACHE","ADMIN":"Apache","fill_colour":"#bc7a29","border_precision":1},"geometry":{"type":"MultiPolygon","coordinates":[[[[-100.10605369848952,31.040095755971894],[-100.10605369849013,31.04009575597215],[-100.10605369848952,31.040095755971898],[-100.10605369848952,31.040095755971894]]]]}},{"type":"Feature","properties":{"NAME":"Jicarilla","ABBREVN":"Jicarilla","wikipedia":null,"SUBJECTO":"Jicarilla","BORDERPRECISION":1,"PARTOF":"Jicarilla","polity_id":"ottoman_classical:jicarilla","name":"Jicarilla","ISO_A3":"JICARILLA","ADM0_A3":"JICARILLA","ADMIN":"Jicarilla","fill_colour":"#30d5b9","border_precision":1},"geometry":{"type":"MultiPolygon","coordinates":[[[[-105.31527938094753,36.143095549973566],[-105.26852713719904,36.45272855529418],[-104.63201702712163,36.973509554448434],[-104.16161670445695,37.779253403438105],[-102.87489508873333,37.602329181276104],[-102.87489508873333,36.37994364633868],[-103.30341475600828,35.92027842271107],[-104.16749087011537,35.39004989814536],[-104.22896664107951,35.352326129599184],[-105.36388837024074,35.82843559863324],[-105.31527938094753,36.143095549973566]]]]}},{"type":"Feature","properties":{"NAME":"Cahulia","ABBREVN":"Cahulia","wikipedia":null,"SUBJECTO":"Cahulia","BORDERPRECISION":1,"PARTOF":"Cahulia","polity_id":"ottoman_classical:cahulia","name":"Cahulia","ISO_A3":"CAHULIA","ADM0_A3":"CAHULIA","ADMIN":"Cahulia","fill_colour":"#6d7935","border_precision":1},"geometry":{"type":"MultiPolygon","coordinates":[[[[-114.92917502601537,33.8913307292301],[-114.92534472242319,33.67175336698093],[-115.06430285428983,33.509656236982735],[-115.11990791481465,33.50288474344811],[-115.87860858442995,33.41049141394663],[-116.35027233890348,33.29167766213021],[-116.44316010419921,33.268278908700566],[-116.83327411333808,33.622727727495835],[-116.67722850968254,33.846221381412775],[-116.88209485281607,34.15944188641712],[-115.23616955994761,34.01248427098241],[-114.92917502601537,33.8913307292301]]]]}},{"type":"Feature","properties":{"NAME":"Walapai","ABBREVN":"Walapai","wikipedia":null,"SUBJECTO":"Walapai","BORDERPRECISION":1,"PARTOF":"Walapai","polity_id":"ottoman_classical:walapai","name":"Walapai","ISO_A3":"WALAPAI","ADM0_A3":"WALAPAI","ADMIN":"Walapai","fill_colour":"#839c49","border_precision":1},"geometry":{"type":"MultiPolygon","coordinates":[[[[-114.14388094761765,34.83250731041746],[-114.31086014473667,35.03457491022972],[-114.42521002106781,35.53970608190867],[-114.72786477887728,35.74242400751926],[-114.66562873046675,35.800801060663716],[-114.76628570043748,36.191697449088146],[-114.22273806259545,36.05347659174307],[-114.02142412265394,36.21606409464827],[-113.40741660583238,35.800801060663716],[-113.3711039881228,35.888964791429544],[-112.947677546928,35.489078616800796],[-112.82366979110384,35.15620091934511],[-112.82463636583523,35.15622591696747],[-113.15285105338664,34.721341455961856],[-113.58773551439226,34.5818502137525],[-114.14388094761765,34.83250731041746]]]]}},{"type":"Feature","properties":{"NAME":"Tano","ABBREVN":"Tano","wikipedia":null,"SUBJECTO":"Tano","BORDERPRECISION":1,"PARTOF":"Tano","polity_id":"ottoman_classical:tano","name":"Tano","ISO_A3":"TANO","ADM0_A3":"TANO","ADMIN":"Tano","fill_colour":"#357192","border_precision":1},"geometry":{"type":"MultiPolygon","coordinates":[[[[-106.49285054964041,35.12275079187458],[-106.27392972046984,35.273443320903205],[-106.13689487675457,35.5423261219612],[-105.42682358271901,35.26578022084376],[-105.78814756957605,34.772600151342495],[-106.49285054964041,35.12275079187458]]]]}},{"type":"Feature","properties":{"NAME":"Pewa","ABBREVN":"Pewa","wikipedia":null,"SUBJECTO":"Pewa","BORDERPRECISION":1,"PARTOF":"Pewa","polity_id":"ottoman_classical:pewa","name":"Pewa","ISO_A3":"PEWA","ADM0_A3":"PEWA","ADMIN":"Pewa","fill_colour":"#877c36","border_precision":1},"geometry":{"type":"MultiPolygon","coordinates":[[[[-106.69219817067297,35.97711562049255],[-106.0641647747958,36.3225333055056],[-105.83804911658082,35.96310654465158],[-105.36388837024074,35.82843559863324],[-105.42682358271901,35.26578022084376],[-106.13689487675457,35.5423261219612],[-106.27900508505189,35.674369336543606],[-106.46111684648638,35.68703211983421],[-106.69219817067297,35.97711562049255]]]]}},{"type":"Feature","properties":{"NAME":"Ute","ABBREVN":"Ute","wikipedia":null,"SUBJECTO":"Ute","BORDERPRECISION":1,"PARTOF":"Ute","polity_id":"ottoman_classical:ute","name":"Ute","ISO_A3":"UTE","ADM0_A3":"UTE","ADMIN":"Ute","fill_colour":"#3fdeb7","border_precision":1},"geometry":{"type":"MultiPolygon","coordinates":[[[[-111.11951164170499,37.85825708096424],[-111.74633429376173,37.86815433988445],[-112.19764660324257,38.22356950410611],[-112.46091211710639,38.67519582895374],[-113.33846382998581,38.78277428157069],[-113.51707025452421,38.8859098773382],[-113.41264950295104,39.16984289867807],[-112.60188807466328,39.677828494918664],[-112.24154966209099,40.31274554038764],[-111.87220278920432,40.566426359546675],[-109.55702848842712,40.8940981824402],[-107.83641256839427,40.91452407864936],[-106.48613037208574,40.88784235519665],[-105.11691384120113,40.86078648722786],[-104.25812082563621,39.82192396839933],[-104.16161670445695,37.77925340343811],[-104.63201702712163,36.973509554448434],[-106.37952291603027,37.1815459697947],[-106.45475052416147,37.190501637429364],[-107.38058341154678,36.91564499898685],[-108.03155966048958,36.611856082813546],[-108.79826502035553,36.78544974919829],[-109.33351215837516,37.190501637429364],[-109.8687592963948,37.089238665371596],[-110.31720960122205,37.335163026083315],[-110.33844886137375,37.17374464893033],[-110.84370967480004,37.182131674275766],[-111.11951164170499,37.85825708096424]]]]}},{"type":"Feature","properties":{"NAME":"Nayarit","ABBREVN":"Nayarit","wikipedia":null,"SUBJECTO":"Nayarit","BORDERPRECISION":1,"PARTOF":"Nayarit","polity_id":"ottoman_classical:nayarit","name":"Nayarit","ISO_A3":"NAYARIT","ADM0_A3":"NAYARIT","ADMIN":"Nayarit","fill_colour":"#c7ba29","border_precision":1},"geometry":{"type":"MultiPolygon","coordinates":[[[[-106.9328431818898,24.641390109601712],[-106.77220024126973,24.444618453216627],[-105.4655424899965,22.844092410466093],[-105.29291887918552,23.122203270000824],[-105.28941677951093,23.099640388765334],[-105.26055195215847,22.913673759613367],[-105.06635038999612,22.794369636263763],[-104.79662599810396,22.056368312017238],[-104.30033311702242,21.876265120344627],[-103.70212111788499,21.911394090578792],[-103.52840766725078,21.921595114037704],[-103.44800403864322,21.92631667876751],[-103.71772843053537,21.56555472359339],[-104.03060872513028,21.53545043427148],[-104.0090307737789,21.394881315005566],[-103.6096251042063,21.012704243612134],[-103.59904969810282,21.002585013863207],[-103.78246228458949,20.700114253047516],[-103.7524297578758,20.610118996052304],[-105.50686356106641,20.10414846988086],[-105.67043015042188,20.351729951814455],[-105.68733688870313,20.402551256135744],[-105.61999222317579,20.472619615510744],[-105.39281937161329,20.51125296206836],[-105.31201645413282,20.587705217317385],[-105.29104324856641,20.67039068789844],[-105.43972488919141,20.835366807893557],[-105.23433395901563,21.14095076175098],[-105.21614548245313,21.3126235827959],[-105.29359909573438,21.522262178376955],[-105.62825485745313,21.953839860872073],[-105.57400986233594,22.08744963260059],[-105.50843521633985,22.163882814363284],[-105.53994461575391,22.284598909333987],[-105.83889481106641,22.563691698030276],[-106.5116471914375,23.36329611392383],[-106.75728317776563,23.58528669925098],[-107.1906251577461,24.06117209048633],[-107.33617147922801,24.221503594491434],[-106.9328431818898,24.641390109601712]]]]}},{"type":"Feature","properties":{"NAME":"Timucua","ABBREVN":"Timucua","wikipedia":null,"SUBJECTO":"Timucua","BORDERPRECISION":1,"PARTOF":"Timucua","polity_id":"ottoman_classical:timucua","name":"Timucua","ISO_A3":"TIMUCUA","ADM0_A3":"TIMUCUA","ADMIN":"Timucua","fill_colour":"#2a7e6c","border_precision":1},"geometry":{"type":"MultiPolygon","coordinates":[[[[-80.59782184628624,28.523100149453118],[-82.70505100937577,28.523100149453118],[-82.70120326165225,28.548496254206007],[-82.64696213284375,28.9065013751543],[-82.77892014065625,29.109672151521487],[-82.89487930813672,29.185733400300784],[-83.11821457425,29.24247892947559],[-83.49242111721875,29.686763368562502],[-83.84666948531954,30.012065311862894],[-83.73586072216315,30.375271813319944],[-83.35118932882244,30.782570935680695],[-82.84206542587151,30.98622049686107],[-82.20321488871217,30.98622049686107],[-82.16323355527025,30.98622049686107],[-81.8879736728724,30.983907388605626],[-81.41854670940957,30.979962624206777],[-81.5115480093086,30.72724875064258],[-81.40536972561719,30.072576127961916],[-81.23108383694532,29.656354509309573],[-81.02593704739454,29.2636733874834],[-80.60545822659375,28.560990892366213],[-80.59782184628624,28.523100149453118]]]]}},{"type":"Feature","properties":{"NAME":"Catawba","ABBREVN":"Catawba","wikipedia":null,"SUBJECTO":"Catawba","BORDERPRECISION":1,"PARTOF":"Catawba","polity_id":"ottoman_classical:catawba","name":"Catawba","ISO_A3":"CATAWBA","ADM0_A3":"CATAWBA","ADMIN":"Catawba","fill_colour":"#74362a","border_precision":1},"geometry":{"type":"MultiPolygon","coordinates":[[[[-77.46528965083942,35.20359997622468],[-77.45025698271128,35.066076614285656],[-77.19939020128146,34.68039159983789],[-77.29591843167188,34.66659506411914],[-77.68516251126172,34.26402624698047],[-77.90456863919141,33.99014624209766],[-77.96291824856641,33.932811342195315],[-78.25297918126469,33.888361006279766],[-78.38355728665235,33.868350587800784],[-78.62114426175,33.81066855044727],[-78.89893814602735,33.702003084138674],[-79.20414444485547,33.45974691958789],[-79.30544754544141,33.26877935977344],[-79.34851547757032,33.10972937198047],[-79.43063292988462,33.04015058308434],[-79.87756225656966,33.23242070394938],[-79.89468513817863,33.220708256439316],[-79.98675048926769,33.31172937813511],[-80.30144446532557,33.42239088003722],[-80.47535429419966,33.663971474242764],[-81.05505372377996,33.9529750090848],[-82.04882417448907,34.254691366655756],[-82.3386738892792,34.55532961251257],[-82.49148840439194,35.001733809412386],[-81.9978752613039,35.735651004437095],[-80.67453684465332,36.78256202550448],[-80.58205089987187,36.871756422566726],[-78.9662666668879,36.635176575942204],[-78.43283402646819,36.354787482188385],[-78.05679576845776,36.502360771823575],[-78.01224290613726,36.51984519612148],[-78.23792594631483,35.549293746780705],[-78.13534274623412,35.39891915523339],[-77.46528965083942,35.20359997622468]]]]}},{"type":"Feature","properties":{"NAME":"Conoy","ABBREVN":"Conoy","wikipedia":null,"SUBJECTO":"Conoy","BORDERPRECISION":1,"PARTOF":"Conoy","polity_id":"ottoman_classical:conoy","name":"Conoy","ISO_A3":"CONOY","ADM0_A3":"CONOY","ADMIN":"Conoy","fill_colour":"#58429a","border_precision":1},"geometry":{"type":"MultiPolygon","coordinates":[[[[-77.25402080770453,38.680399900095644],[-77.73337160888113,38.69975277670452],[-77.75981836247277,38.700820514064525],[-78.40603699248446,39.019413556411365],[-78.28961816582496,39.08574521346154],[-77.84201619833735,39.62286757444668],[-77.79947159048069,39.936951058410585],[-76.34232382940431,39.448404368339894],[-76.3852052358711,39.275226198152346],[-76.58661362210157,39.31085928531055],[-76.40549942532422,39.0852123126543],[-76.53785416165235,38.785384736970705],[-76.50626846829297,38.678531251863284],[-76.38382431546094,38.458900056794924],[-76.40834518948438,38.396583162263674],[-76.61813828030469,38.53903540225391],[-76.66330429592969,38.63400610537891],[-76.651661839875,38.5419994220293],[-76.57313248196485,38.44406469912891],[-76.38353439846875,38.337230287507815],[-76.32400986233594,38.10875280948047],[-76.60791489163282,38.28975638003711],[-76.76746079007032,38.2927203998125],[-76.82049271145704,38.42032202334766],[-76.89031693020704,38.44406469912891],[-76.8605470327461,38.3312946185625],[-77.10397049466016,38.47670706363086],[-77.25252243557813,38.458900056794924],[-77.2459230093086,38.5894847735918],[-77.05368515530469,38.73492010684375],[-77.24635788479688,38.69930227847461],[-77.25402080770453,38.680399900095644]]]]}},{"type":"Feature","properties":{"NAME":"Assiniboin","ABBREVN":"Assiniboin","wikipedia":null,"SUBJECTO":"Assiniboin","BORDERPRECISION":1,"PARTOF":"Assiniboin","polity_id":"ottoman_classical:assiniboin","name":"Assiniboin","ISO_A3":"ASSINIBOIN","ADM0_A3":"ASSINIBOIN","ADMIN":"Assiniboin","fill_colour":"#30c53f","border_precision":1},"geometry":{"type":"MultiPolygon","coordinates":[[[[-106.27727711056001,51.51658223956187],[-102.58727206061094,53.56473014082671],[-101.12211121751537,52.82786090297692],[-100.08972375062079,52.30864516671072],[-98.48766099932753,52.35247201427655],[-98.35253138918397,48.60491630708739],[-98.71638566160651,48.27906442457373],[-99.06509411252058,47.93464964399407],[-100.47231551676877,47.685772237407654],[-101.37558958078168,47.56551922929479],[-101.91086310019669,47.15762190231186],[-103.33535225492983,47.61041879096202],[-103.99452189315807,47.63631055461429],[-105.00726225460369,47.760682177949725],[-106.18901899358839,47.90581019852679],[-108.6422569684612,50.20389337682961],[-106.27727711056001,51.51658223956187]]]]}},{"type":"Feature","properties":{"NAME":"Blackfoot","ABBREVN":"Blackfoot","wikipedia":null,"SUBJECTO":"Blackfoot","BORDERPRECISION":1,"PARTOF":"Blackfoot","polity_id":"ottoman_classical:blackfoot","name":"Blackfoot","ISO_A3":"BLACKFOOT","ADM0_A3":"BLACKFOOT","ADMIN":"Blackfoot","fill_colour":"#613073","border_precision":1},"geometry":{"type":"MultiPolygon","coordinates":[[[[-112.59189930922572,46.67315229574151],[-113.42913076044843,47.727548715308096],[-113.67706161236278,48.50388356005439],[-114.03488460458912,49.62431877403358],[-114.08257969798811,49.773664297767965],[-110.6111322173086,50.33741704394204],[-109.64447321272199,49.64761037192571],[-110.53204054222205,49.154963576449944],[-110.19070788503419,47.988120728991746],[-110.1762472023935,46.77965483479044],[-111.54866886905845,45.506684013536],[-110.96281451483816,45.0671164754846],[-110.27913260322268,44.74806491673072],[-109.02571576526098,44.48978508345376],[-107.74950953024543,44.0415936080614],[-107.30900255904729,43.97698591895234],[-107.74950953024543,44.04159360806139],[-109.02571576526097,44.48978508345375],[-110.27913260322266,44.748064916730705],[-110.96281451483814,45.06711647548459],[-111.54866886905843,45.50668401353599],[-112.04068888217223,45.31728601026639],[-112.39895595260765,45.22667766166119],[-113.35060285845164,45.34089918061665],[-113.42918491929733,45.35835704475414],[-112.59189930922572,46.67315229574151]],[[-113.20808350901764,45.70555408328616],[-113.20808350901764,45.70555408328617],[-113.42918491929733,45.35835704475414],[-113.20808350901764,45.70555408328616]]]]}},{"type":"Feature","properties":{"NAME":"Aaniiih","ABBREVN":"Aaniiih","wikipedia":null,"SUBJECTO":"Gros Ventre","BORDERPRECISION":1,"PARTOF":"Aaniiih","polity_id":"ottoman_classical:aaniiih","name":"Aaniiih","ISO_A3":"AANIIIH","ADM0_A3":"AANIIIH","ADMIN":"Aaniiih","fill_colour":"#49b0d0","border_precision":1},"geometry":{"type":"MultiPolygon","coordinates":[[[[-106.28487496563851,47.91758198456803],[-107.81177701395879,47.194312593258424],[-110.16240253571502,46.79249626475309],[-110.1762472023935,46.77965483479044],[-110.19070788503419,47.988120728991746],[-110.53204054222205,49.154963576449944],[-109.64447321272199,49.64761037192571],[-108.6422569684612,50.20389337682961],[-106.18901899358839,47.90581019852679],[-106.28487496563851,47.91758198456803]]]]}},{"type":"Feature","properties":{"NAME":"Oto","ABBREVN":"Oto","wikipedia":null,"SUBJECTO":"Oto","BORDERPRECISION":1,"PARTOF":"Oto","polity_id":"ottoman_classical:oto","name":"Oto","ISO_A3":"OTO","ADM0_A3":"OTO","ADMIN":"Oto","fill_colour":"#42d744","border_precision":1},"geometry":{"type":"MultiPolygon","coordinates":[[[[-96.72344406498415,41.19156944072448],[-96.51852952316099,41.21102714342899],[-96.48732129151948,41.10547533099106],[-96.10554755493001,40.950395218438764],[-95.64546125698885,40.9430013420924],[-95.48883613428549,40.824586751477014],[-95.01565229037557,40.68212440023217],[-95.2375775772083,40.63535958526096],[-95.39785695103195,40.260061727256414],[-95.37319858582832,40.0433172316742],[-95.25922516934114,39.95956642755985],[-95.63917936032266,39.95458797291047],[-96.02348972782724,40.017160654908174],[-96.32133026264327,40.12376997865939],[-96.59995527908411,40.142134029012674],[-97.04301635036605,40.249412514847855],[-97.0155668237367,40.35136789947112],[-96.81535197542487,40.80640164563436],[-96.71524455126897,41.188629992411485],[-96.72344406498415,41.19156944072448]]]]}},{"type":"Feature","properties":{"NAME":"Iowa","ABBREVN":"Iowa","wikipedia":null,"SUBJECTO":"Iowa","BORDERPRECISION":1,"PARTOF":"Iowa","polity_id":"ottoman_classical:iowa","name":"Iowa","ISO_A3":"IOWA","ADM0_A3":"IOWA","ADMIN":"Iowa","fill_colour":"#304478","border_precision":1},"geometry":{"type":"MultiPolygon","coordinates":[[[[-96.48732129151948,41.10547533099106],[-96.51852952316099,41.21102714342899],[-96.58521199320906,41.43655916498867],[-96.21322732678858,41.92639221195813],[-96.0980311547033,41.93732970651684],[-95.75314102884744,41.97007588034031],[-95.7349062652959,41.972131707373215],[-94.65676516992386,42.093683687078666],[-94.35300899002289,42.27834758087121],[-94.10857724046207,42.42694610043102],[-94.02634638165107,42.62892198288778],[-94.02047560894141,42.64334180673349],[-93.11009208322805,42.765633123830455],[-92.45253758386472,42.69059901892411],[-91.3676375931531,42.10820997720949],[-91.32745264461039,41.535906581268364],[-92.0380326062447,40.86973786723616],[-92.7955491708819,40.33667065508406],[-93.7087589345826,40.175331044782496],[-95.01565229037554,40.68212440023216],[-95.48883613428549,40.824586751477014],[-95.64546125698885,40.9430013420924],[-96.10554755493001,40.950395218438764],[-96.48732129151948,41.10547533099106]]]]}},{"type":"Feature","properties":{"NAME":"Omaha","ABBREVN":"Omaha","wikipedia":null,"SUBJECTO":"Omaha","BORDERPRECISION":1,"PARTOF":"Omaha","polity_id":"ottoman_classical:omaha","name":"Omaha","ISO_A3":"OMAHA","ADM0_A3":"OMAHA","ADMIN":"Omaha","fill_colour":"#492985","border_precision":1},"geometry":{"type":"MultiPolygon","coordinates":[[[[-98.29306568372365,42.317467187198496],[-98.01161688271095,42.75679076834481],[-97.96661346409373,42.71811595547062],[-97.27177505614297,42.903406197590826],[-96.34532384554197,42.47492251268786],[-96.0980311547033,41.93732970651684],[-96.21322732678858,41.92639221195813],[-96.58521199320906,41.43655916498867],[-96.51852952316099,41.21102714342899],[-96.72344406498415,41.19156944072448],[-97.197580322202,41.36154281595351],[-97.5343052943628,42.007690735505314],[-97.92563431606318,42.0349927602751],[-98.25325861330072,42.308013007973045],[-98.29306568372365,42.317467187198496]]]]}},{"type":"Feature","properties":{"NAME":"Ponca","ABBREVN":"Ponca","wikipedia":null,"SUBJECTO":"Ponca","BORDERPRECISION":1,"PARTOF":"Ponca","polity_id":"ottoman_classical:ponca","name":"Ponca","ISO_A3":"PONCA","ADM0_A3":"PONCA","ADMIN":"Ponca","fill_colour":"#398979","border_precision":1},"geometry":{"type":"MultiPolygon","coordinates":[[[[-100.93310161437964,43.885220897725034],[-100.93310161437964,43.88522089772508],[-100.61187210421677,44.060339668799614],[-100.45093155855709,44.14807665958136],[-99.86174262489138,44.3276376980296],[-99.88899972609082,44.200437892432234],[-99.44893540105534,43.991986370047],[-98.01161688271095,42.75679076834481],[-98.29306568372365,42.317467187198496],[-98.9813126071619,42.48092583151508],[-99.83677604994878,42.6811406798269],[-100.85559165206374,42.761573490520185],[-100.93310161437964,43.885220897725034]]]]}},{"type":"Feature","properties":{"NAME":"Santee","ABBREVN":"Santee","wikipedia":null,"SUBJECTO":"Santee","BORDERPRECISION":1,"PARTOF":"Santee","polity_id":"ottoman_classical:santee","name":"Santee","ISO_A3":"SANTEE","ADM0_A3":"SANTEE","ADMIN":"Santee","fill_colour":"#75a33e","border_precision":1},"geometry":{"type":"MultiPolygon","coordinates":[[[[-95.90526730588681,44.630044458542685],[-97.23603275858028,45.34279640032665],[-97.19727259976398,45.9030212460431],[-96.51250979400906,46.64423921347669],[-96.48666968813154,46.856699378898355],[-96.79675095866205,47.16503633611626],[-96.79545611770595,47.165402540086305],[-95.06546386486662,47.65467500876698],[-93.86389894156086,47.6459713694181],[-93.34709682400998,47.23526346401276],[-93.4762973533977,46.341819943875386],[-93.52797756515278,46.10046522204926],[-92.7915345476428,45.42446672047904],[-91.78377041841858,44.57485030464907],[-91.1336583942347,43.93457488038829],[-91.13500390500107,43.93411395178416],[-91.13500390500108,43.93411395178418],[-91.81597636823398,43.119907745744854],[-92.45253758386472,42.69059901892412],[-92.45253758386472,42.69059901892411],[-93.11009208322805,42.765633123830455],[-94.02047560894141,42.64334180673349],[-94.02634638165107,42.62892198288778],[-93.99445389864192,43.2508254015662],[-94.66613102632765,43.78353484766178],[-94.58506654540005,44.21201853256474],[-95.81261439944639,44.51311517601007],[-95.82585473678712,44.51207262976276],[-95.90526730588681,44.630044458542685]]]]}},{"type":"Feature","properties":{"NAME":"Teton","ABBREVN":"Teton","wikipedia":null,"SUBJECTO":"Teton","BORDERPRECISION":1,"PARTOF":"Teton","polity_id":"ottoman_classical:teton","name":"Teton","ISO_A3":"TETON","ADM0_A3":"TETON","ADMIN":"Teton","fill_colour":"#35b168","border_precision":1},"geometry":{"type":"MultiPolygon","coordinates":[[[[-103.33535225492983,47.61041879096202],[-101.91086310019669,47.15762190231186],[-101.5763171505623,46.82292821084723],[-101.27202295083084,46.3463279128011],[-100.99887071160393,45.55097286328746],[-101.1434807206064,44.71544836682872],[-99.97856675919756,44.78775337132994],[-99.81951588529571,44.52469581614258],[-99.86174262489138,44.3276376980296],[-100.45093155855709,44.14807665958136],[-100.93310161437964,43.88522089772509],[-100.87425299120095,42.76304675413627],[-101.05626648966626,42.41722110705221],[-101.47489753613644,42.19880490889388],[-101.59320631013888,41.98948938565876],[-101.39299146182705,41.716469137960836],[-101.2746826878246,41.14312661779516],[-103.19657549266424,41.607250210215824],[-104.16411034627211,41.971420471024906],[-103.4785476511278,42.611278986492934],[-102.95294958485049,42.984529787182616],[-102.88439331533604,43.26637222851973],[-102.22930007330925,44.16522109548671],[-102.31309106938244,44.48515035322074],[-102.75489813958656,44.896487970307334],[-103.21955729962883,45.193565138203205],[-103.69945118622987,45.300208224114535],[-104.22504925250718,45.23926931787951],[-104.55259587352057,45.07168732573309],[-104.34879666320707,45.21038862926993],[-104.69770046804241,46.169680955569795],[-104.5369739366403,47.134040143982624],[-103.99452189315807,47.63631055461429],[-103.33535225492983,47.61041879096202]]]]}},{"type":"Feature","properties":{"NAME":"Mandan","ABBREVN":"Mandan","wikipedia":null,"SUBJECTO":"Mandan","BORDERPRECISION":1,"PARTOF":"Mandan","polity_id":"ottoman_classical:mandan","name":"Mandan","ISO_A3":"MANDAN","ADM0_A3":"MANDAN","ADMIN":"Mandan","fill_colour":"#6f2f42","border_precision":1},"geometry":{"type":"MultiPolygon","coordinates":[[[[-101.5763171505623,46.82292821084723],[-100.3050425419516,46.89917901351318],[-100.28697005747837,46.62483687350613],[-100.21154955147934,46.35436180219012],[-101.27202295083084,46.3463279128011],[-101.5763171505623,46.82292821084723]]]]}},{"type":"Feature","properties":{"NAME":"Yankontai","ABBREVN":"Yankontai","wikipedia":null,"SUBJECTO":"Yankontai","BORDERPRECISION":1,"PARTOF":"Yankontai","polity_id":"ottoman_classical:yankontai","name":"Yankontai","ISO_A3":"YANKONTAI","ADM0_A3":"YANKONTAI","ADMIN":"Yankontai","fill_colour":"#33d8db","border_precision":1},"geometry":{"type":"MultiPolygon","coordinates":[[[[-98.71638566160651,48.27906442457373],[-98.13421882573046,47.59655208416187],[-97.15181229018961,47.1654025400863],[-96.79545611770595,47.1654025400863],[-96.48666968813154,46.85669937889835],[-96.51250979400905,46.64423921347669],[-97.19727259976396,45.9030212460431],[-97.23603275858027,45.342796400326634],[-95.90526730588681,44.630044458542685],[-95.82585473678712,44.512072629762756],[-97.28335569627546,44.39730877468492],[-99.8195158852957,44.52469581614258],[-99.97856675919756,44.78775337132994],[-100.21154955147932,46.35436180219012],[-100.28697005747837,46.62483687350613],[-100.3050425419516,46.89917901351318],[-100.47231551676877,47.685772237407654],[-99.06509411252058,47.934649643994064],[-98.71638566160651,48.27906442457373]]]]}},{"type":"Feature","properties":{"NAME":"Fox","ABBREVN":"Fox","wikipedia":null,"SUBJECTO":"Fox","BORDERPRECISION":1,"PARTOF":"Fox","polity_id":"ottoman_classical:fox","name":"Fox","ISO_A3":"FOX","ADM0_A3":"FOX","ADMIN":"Fox","fill_colour":"#4b41d8","border_precision":1},"geometry":{"type":"MultiPolygon","coordinates":[[[[-89.3240593519057,44.91477013787863],[-87.92371646037913,44.349735831408566],[-88.13552334401332,44.05184054161375],[-90.70409642326361,44.081728960916855],[-90.43567175033401,44.4013299005268],[-90.32017955309469,44.89431982389825],[-90.01701253534154,45.33239835969744],[-89.3240593519057,44.91477013787863]]]]}},{"type":"Feature","properties":{"NAME":"Obiwa","ABBREVN":"Obiwa","wikipedia":null,"SUBJECTO":"Obiwa","BORDERPRECISION":1,"PARTOF":"Obiwa","polity_id":"ottoman_classical:obiwa","name":"Obiwa","ISO_A3":"OBIWA","ADM0_A3":"OBIWA","ADMIN":"Obiwa","fill_colour":"#7c9f3c","border_precision":1},"geometry":{"type":"MultiPolygon","coordinates":[[[[-88.334224575,48.566943325],[-88.37531019768005,48.56749069305583],[-88.395942925,48.567765575],[-88.46017302499999,48.528650625],[-88.4681711927327,48.5191772232988],[-88.52691487500002,48.449598475],[-88.558335475,48.44199715],[-88.55642555707792,48.47326047902634],[-88.55443482500002,48.50584665],[-88.489673525,48.5926154],[-88.364051575,48.7023034],[-88.34417489999998,48.7797561],[-88.43004350000001,48.8249735],[-88.54205005,48.722786825],[-88.68019455000001,48.473196075],[-88.77949427664946,48.35720288314715],[-88.796736125,48.337062475],[-88.83642670367963,48.32758223251815],[-88.89167477499998,48.314386025],[-88.898275975,48.371062425],[-88.81653972499998,48.507091675],[-88.888320825,48.534709325],[-89.113619275,48.453915375],[-89.236031925,48.35894055],[-89.255558775,48.24978485],[-89.344088725,48.148199375],[-89.501621775,48.054184125],[-89.54256997089954,48.01989981318412],[-89.5591541,48.006014575],[-89.5166857,48.003690725],[-89.8158535,47.903401],[-90.4566575,47.7051454],[-91.12538603360422,47.37975036363479],[-91.15034487499999,47.3676057],[-91.896915625,46.8907819],[-92.26545825,46.6505315],[-92.25597275,46.6468545],[-92.239518,46.64635425],[-92.216094,46.64903075],[-92.19846225,46.66292975],[-92.18662275,46.68805125],[-92.16893125,46.69294475],[-92.14538775,46.67761025],[-92.143361975,46.680022525],[-92.162853925,46.700181575],[-92.16961192499998,46.710331825],[-92.163635975,46.710473275],[-92.1568249,46.705590025],[-92.1491787,46.695682075],[-92.13390945,46.705040575],[-92.11101715,46.733665525],[-92.0224605,46.73459225],[-91.86823949999999,46.70782075],[-91.558041775,46.76149155],[-91.41383182611865,46.80297911607171],[-91.40786294369873,46.755618127660696],[-90.01701253534154,45.33239835969744],[-90.32017955309469,44.89431982389825],[-90.43567175033401,44.4013299005268],[-90.70409642326361,44.08172896091686],[-91.05569422773205,43.96128288996823],[-91.1336583942347,43.93457488038829],[-91.78377041841858,44.57485030464907],[-92.7915345476428,45.42446672047904],[-93.52797756515278,46.10046522204926],[-93.4762973533977,46.341819943875386],[-93.34709682400998,47.23526346401276],[-93.86389894156086,47.6459713694181],[-95.06546386486662,47.65467500876698],[-96.79545611770595,47.165402540086305],[-97.15181229018961,47.165402540086305],[-98.13421882573046,47.59655208416187],[-98.71638566160651,48.27906442457373],[-98.35253138918397,48.60491630708739],[-98.48766099932753,52.35247201427655],[-92.13513351290365,52.52625500347626],[-81.9875022933311,52.80385879037878],[-81.85244461575391,52.70861013980274],[-81.73378464260938,52.54909857364063],[-81.71294876614454,52.329669557527346],[-81.747364964875,52.17009695620899],[-81.50638353146852,52.1412374589947],[-87.7172821913094,48.90984774153504],[-87.8474445,48.953731175],[-88.09495135,49.0046085],[-88.20465884999999,48.9764595],[-88.251699925,48.9320861],[-88.236074575,48.8714883],[-88.1941112,48.824951325],[-88.1258098,48.792475175],[-88.117601275,48.72961155],[-88.13955939779686,48.690146487707764],[-88.169485625,48.63636045],[-88.2310282,48.6039252],[-88.27307099111107,48.62068343357893],[-88.302229,48.6323058],[-88.3292134,48.626505125],[-88.31688056966597,48.59789030340216],[-88.3119814,48.586523175],[-88.334224575,48.566943325]]]]}},{"type":"Feature","properties":{"NAME":"Winebago","ABBREVN":"Winebago","wikipedia":null,"SUBJECTO":"Winebago","BORDERPRECISION":1,"PARTOF":"Winebago","polity_id":"ottoman_classical:winebago","name":"Winebago","ISO_A3":"WINEBAGO","ADM0_A3":"WINEBAGO","ADMIN":"Winebago","fill_colour":"#5f347f","border_precision":1},"geometry":{"type":"MultiPolygon","coordinates":[[[[-87.62650245,44.79982175],[-87.543804325,44.862329175],[-87.470127775,44.882666325],[-87.46925033341968,44.882471117985524],[-87.4032883,44.86779635],[-87.3432859,44.81771925],[-87.37118795,44.67563055],[-87.48699445000001,44.44153025],[-87.53671125000001,44.29154],[-87.52033835,44.2256598],[-87.56367522500001,44.129546075],[-87.666721875,44.003198825],[-87.7146093,43.8760743],[-87.7073375,43.7481725],[-87.7557896,43.575430175],[-87.8599656,43.357847325],[-87.9083685,43.19183065],[-87.9009983,43.07738015],[-87.8623457,42.960594525],[-87.7924107,42.841473775],[-87.79131591812559,42.82891446913748],[-88.82561902968955,42.94226275533627],[-89.10477071021725,42.89056799968299],[-89.17247149952428,43.025969578297044],[-88.21769740793935,43.890427201759074],[-88.13552334401334,44.05184054161375],[-88.13552334401332,44.05184054161375],[-87.92371646037913,44.349735831408566],[-87.97361712897926,44.369870606859266],[-87.85643153544777,44.60005659415327],[-87.84802211401234,44.60619052508264],[-87.823872525,44.616724575],[-87.71822215,44.69514405],[-87.70432421001209,44.711005466824005],[-87.62650245,44.79982175]]]]}},{"type":"Feature","properties":{"NAME":"Erie","ABBREVN":"Erie","wikipedia":null,"SUBJECTO":"Erie","BORDERPRECISION":1,"PARTOF":"Erie","polity_id":"ottoman_classical:erie","name":"Erie","ISO_A3":"ERIE","ADM0_A3":"ERIE","ADMIN":"Erie","fill_colour":"#796325","border_precision":1},"geometry":{"type":"MultiPolygon","coordinates":[[[[-83.203071125,42.010802475],[-83.263676175,42.002064825],[-83.28378845,41.984564825],[-83.26340794999999,41.958302475],[-83.2809623,41.936954925],[-83.3364515,41.920522175],[-83.392752125,41.859502925],[-83.449864175,41.753897175],[-83.4427679,41.70221965],[-83.39782105558692,41.70363837842314],[-83.3714633,41.70447035],[-83.235110325,41.657918875],[-83.033708975,41.562565225],[-82.907933225,41.533184575],[-82.857783075,41.569776925],[-82.83892985,41.57243475],[-82.85137355,41.54115805],[-82.821069575,41.52824565],[-82.748017925,41.53369755],[-82.797337275,41.5152735],[-82.87677646182695,41.495701767501465],[-82.969027625,41.4729735],[-83.02725485,41.443858875],[-82.97201895,41.427929625],[-82.91121815,41.433931475],[-82.84485245,41.461864425],[-82.73029845,41.452052925],[-82.56755615,41.404496975],[-82.367726425,41.41446995],[-82.27569147259412,41.44069234105023],[-82.130809275,41.48197185],[-81.945160475,41.50875625],[-81.810780025,41.49482315],[-81.627996925,41.55822305],[-81.39681117500001,41.69895595],[-81.04293535,41.83613365],[-80.63220018463926,41.95129812071311],[-80.56636945,41.96975615],[-80.073365375,42.15337705],[-79.61260996007728,42.36466961064933],[-79.00649505226482,42.61040619823051],[-78.13373214942634,42.4034624171451],[-78.78951038504476,40.66010983009217],[-77.79947159048069,39.936951058410585],[-77.84201619833735,39.62286757444668],[-78.28961816582496,39.08574521346154],[-78.40603699248446,39.019413556411365],[-79.14369287873127,38.59912124913121],[-79.14503525924574,38.59835640441947],[-79.92087866955761,40.418604405535774],[-80.74645563181255,40.67721887563973],[-82.9645720484734,40.58769848214221],[-84.27753781977042,40.70705900680557],[-85.17235395390892,40.64191845415694],[-85.1008017843715,40.928127132306635],[-85.31545829298376,41.28588797999375],[-85.44063552309109,41.672412496411226],[-83.74451500137208,42.62602532192706],[-82.37360226000148,43.04672870287678],[-82.37193229112192,43.044001906171495],[-83.13127091894104,42.05189648773462],[-83.1874467,42.0596484],[-83.1776613,42.029997],[-83.203071125,42.010802475]]]]}},{"type":"Feature","properties":{"NAME":"Potawatomi","ABBREVN":"Potawatomi","wikipedia":null,"SUBJECTO":"Potawatomi","BORDERPRECISION":1,"PARTOF":"Potawatomi","polity_id":"ottoman_classical:potawatomi","name":"Potawatomi","ISO_A3":"POTAWATOMI","ADM0_A3":"POTAWATOMI","ADMIN":"Potawatomi","fill_colour":"#25a6d4","border_precision":1},"geometry":{"type":"MultiPolygon","coordinates":[[[[-85.3826041,45.032860525],[-85.3692067,45.202614175],[-85.25063410000001,45.314089075],[-85.18914850667936,45.32870730519098],[-85.0268863,45.367285225],[-84.95189925,45.408151925],[-84.99607951683345,45.42524180011394],[-85.02567295,45.436689175],[-85.0765,45.4831121],[-85.1043804,45.5474207],[-85.07459807500001,45.612376775],[-84.987153025,45.677980325],[-84.960845175,45.724122975],[-84.995674525,45.750804725],[-84.95857715,45.7604892],[-84.84955305,45.7531764],[-84.784349725,45.77192275],[-84.762967175,45.81672825],[-84.7973357371228,45.857762323154226],[-84.74342964098693,45.862658758704676],[-84.746765825,45.854430475],[-84.69224292558786,45.80450431225778],[-84.63379335,45.750982525],[-84.35523665,45.673846975],[-84.18232252499999,45.599460525],[-84.115050975,45.527823175],[-83.933103275,45.45856795],[-83.636479425,45.39169485],[-83.43090175,45.27498137500001],[-83.31637025,45.108427525],[-83.26823260178121,45.03553559097852],[-83.28590730665836,45.03553559097852],[-83.28590730665836,45.02591151337709],[-83.32166335,45.036293375],[-83.350038,45.050566425],[-83.3687458,45.068067075],[-83.398025775,45.05883305],[-83.437877925,45.02286435],[-83.421342275,44.97439025],[-83.348418825,44.91341075],[-83.30135795,44.840631025],[-83.28015965,44.756051075],[-83.285912375,44.61882965],[-83.318616125,44.42896675],[-83.3855778,44.3126677],[-83.4867974,44.2699325],[-83.547804975,44.19869865],[-83.568600525,44.09896615],[-83.646453775,44.03385505],[-83.781364725,44.00336535],[-83.8715502,43.920205525],[-83.9170102,43.784375575],[-83.874516475,43.684533725],[-83.744069025,43.620679975],[-83.7237118311249,43.62654799489188],[-83.589906475,43.665117775],[-83.412028825,43.817847125],[-83.34336495,43.8996848],[-83.38391485,43.9106308],[-83.2939638,43.95423715],[-83.0735118,44.03050385],[-82.92073975,44.05725915],[-82.92031756574518,44.057146245663155],[-82.83564765,44.03450305],[-82.7480996,43.961963625],[-82.6580956,43.839640875],[-82.56362055,43.584131425],[-82.46467445,43.195435275],[-82.37360226000148,43.04672870287678],[-83.74451500137208,42.62602532192706],[-85.44063552309109,41.672412496411226],[-86.16130475764122,42.414920192614396],[-86.16130475764122,42.41492019261439],[-86.25444958136495,42.52368706242402],[-86.2300562,42.61661005],[-86.218954325,42.79856675],[-86.242580175,42.98789905],[-86.326169925,43.2202092],[-86.469723575,43.4954972],[-86.513782,43.68081785],[-86.4583452,43.77617115],[-86.451774525,43.8822567],[-86.494069975,43.9990745],[-86.453372075,44.1299426],[-86.329680825,44.274861],[-86.264746725,44.433338575],[-86.258569775,44.605375325],[-86.21421057500001,44.70385125],[-86.13166912499999,44.72876635],[-86.08427047499998,44.78255895],[-86.072014625,44.86522905],[-86.0017717,44.917198575],[-85.8735417,44.938467525],[-85.7432983,45.0149321],[-85.6110415,45.1465923],[-85.54344105,45.2117508],[-85.54049695,45.2104076],[-85.5360171,45.203949425],[-85.53000150000001,45.192376275],[-85.53486817500001,45.173299775],[-85.55061712499999,45.146719925],[-85.5724825,45.13175695],[-85.6004643,45.12841085],[-85.602242825,45.106771175],[-85.59101335720996,45.08841155434362],[-85.57781807500001,45.066837925],[-85.587324175,44.997604025],[-85.630761125,44.899069475],[-85.6379297,44.82938505],[-85.60882989999999,44.78855075],[-85.56445745,44.823995575],[-85.50481235,44.935719525],[-85.500360425,44.93394425],[-85.55110167500001,44.81866975],[-85.5637776,44.757846725],[-85.53838820000001,44.751475175],[-85.491595825,44.798212975],[-85.46871747686559,44.83170994888353],[-85.423400475,44.898060125],[-85.3826041,45.032860525]]]]}},{"type":"Feature","properties":{"NAME":"Miami","ABBREVN":"Miami","wikipedia":null,"SUBJECTO":"Miami","BORDERPRECISION":1,"PARTOF":"Miami","polity_id":"ottoman_classical:miami","name":"Miami","ISO_A3":"MIAMI","ADM0_A3":"MIAMI","ADMIN":"Miami","fill_colour":"#36967c","border_precision":1},"geometry":{"type":"MultiPolygon","coordinates":[[[[-86.16130475764122,42.41492019261439],[-86.16130475764122,42.414920192614396],[-85.44063552309109,41.672412496411226],[-85.31545829298376,41.28588797999375],[-85.1008017843715,40.928127132306635],[-85.17235395390892,40.64191845415694],[-85.51580436768856,40.39864107772969],[-86.3171886665077,40.02656979613509],[-87.00408949406697,39.468462873743185],[-87.34753990784661,39.15363332777852],[-87.64805901990378,38.88173508353631],[-87.76254249116366,38.91035595135128],[-87.74494533803735,40.33680289601044],[-87.37485160801948,41.62472907647264],[-87.38195518498446,41.63779965808821],[-87.375125425,41.6343834],[-87.224453225,41.634622675],[-87.025077275,41.686106025],[-86.841750875,41.7660239],[-86.674474025,41.8743763],[-86.51782685,42.035098975],[-86.37180935,42.248191925],[-86.27588580000001,42.44202895],[-86.25444958136495,42.52368706242402],[-86.16130475764122,42.41492019261439]]]]}},{"type":"Feature","properties":{"NAME":"Menomini","ABBREVN":"Menomini","wikipedia":null,"SUBJECTO":"Menomini","BORDERPRECISION":1,"PARTOF":"Menomini","polity_id":"ottoman_classical:menomini","name":"Menomini","ISO_A3":"MENOMINI","ADM0_A3":"MENOMINI","ADMIN":"Menomini","fill_colour":"#332ad5","border_precision":1},"geometry":{"type":"MultiPolygon","coordinates":[[[[-84.81766185,45.882030525],[-84.94843375,45.967829575],[-85.13649605,46.03209775],[-85.38184874999999,46.07483505],[-85.5301475893321,46.06326510444114],[-85.551247325,46.06161895],[-85.55390110076844,46.05965457070282],[-85.64469177499998,45.99244945],[-85.8375097,45.9542455],[-86.1297011,45.9470071],[-86.29548585,45.90534205],[-86.33486395,45.82925035],[-86.41118492499999,45.771340325],[-86.524448775,45.731611975],[-86.5893745,45.683896625],[-86.6059621,45.628194275],[-86.640246775,45.6198317],[-86.692228525,45.6588089],[-86.678670375,45.701562425],[-86.599572325,45.748092275],[-86.55420154999999,45.800155875],[-86.54255805,45.857753225],[-86.5978461,45.88008845],[-86.7200657,45.86716155],[-86.795588725,45.82601135],[-86.824415175,45.75663785],[-86.8709444,45.708342225],[-86.9351764,45.681124475],[-86.95964754688143,45.71618411443182],[-86.968878475,45.7294092],[-86.972050625,45.8531964],[-86.995176625,45.86378035],[-87.038256475,45.76116105],[-87.1948211,45.569909575],[-87.4648705,45.290025925],[-87.606844675,45.107416025],[-87.62023065815028,45.02522936586325],[-87.6397853110328,45.00477564848038],[-87.680654275,44.967635775],[-87.786576625,44.944083725],[-87.86718878003192,44.88482321959496],[-88.66735943768614,46.134404794561824],[-87.51364575155813,46.689493454868696],[-87.418863725,46.57404325],[-87.27262622500001,46.51189025],[-87.094223675,46.52653135],[-86.91483559999999,46.502949225],[-86.734462,46.441143875],[-86.522136625,46.47541015],[-86.28405585231869,46.60244187581497],[-86.277859475,46.60574805],[-85.993074,46.6721979],[-85.75175018754743,46.67409840761109],[-85.6677802,46.6747597],[-85.370151325,46.7002476],[-85.100187375,46.7486616],[-84.981769,46.7011677],[-85.0148962,46.5577659],[-84.88764724999999,46.47726075],[-84.60002215,46.45965225],[-84.4921557,46.47500475],[-84.5640479,46.52331825],[-84.5621758957405,46.53605639416033],[-84.22039362680133,46.50498527880223],[-83.74161689558213,46.25961220405239],[-83.793586075,46.2570047],[-83.806618025,46.1719457],[-83.829654175,46.136551475],[-83.862694525,46.150822025],[-83.8952645,46.134211425],[-83.9273641,46.086719675],[-83.933854725,46.038954975],[-83.91730465127031,45.99737049468132],[-83.914736375,45.990917325],[-83.92732825,45.9614382],[-83.97163035,45.9505176],[-84.12723735,45.95084145],[-84.39414925,45.96240975],[-84.44181376499633,45.96976475185363],[-84.56266595,45.988413175],[-84.63278745,46.028851725],[-84.69181933294875,45.98588998445803],[-84.694154075,45.984190825],[-84.74342964098693,45.862658758704676],[-84.7973357371228,45.857762323154226],[-84.81766185,45.882030525]]]]}},{"type":"Feature","properties":{"NAME":"Iroquois","ABBREVN":"Iroquois","wikipedia":null,"SUBJECTO":"Iroquois","BORDERPRECISION":1,"PARTOF":"Iroquois","polity_id":"ottoman_classical:iroquois","name":"Iroquois","ISO_A3":"IROQUOIS","ADM0_A3":"IROQUOIS","ADMIN":"Iroquois","fill_colour":"#316d6b","border_precision":1},"geometry":{"type":"MultiPolygon","coordinates":[[[[-76.18982097499999,43.966052675],[-76.1790662126177,43.98593404521034],[-76.17810085,43.987718625],[-76.13360815,44.026695075],[-76.13490725,44.054714275],[-76.18199815,44.071776225],[-76.22449455,44.0505053],[-76.24469018542112,44.018746031612054],[-76.26239645,43.9909015],[-76.303485275,43.996902125],[-76.347761025,44.068507175],[-76.29854153097068,44.12385300774654],[-76.281092825,44.14347355],[-76.103480675,44.22180125],[-76.0154337,44.2859399],[-76.01640357170878,44.31784920305934],[-75.7763725561925,44.418914893803034],[-74.7776438735629,45.02175112566054],[-72.99612784508847,45.02175112566054],[-73.10777661890913,44.65575336216806],[-73.20007339535418,44.298872493247174],[-73.31082952708826,43.812776137303196],[-73.66155727757948,43.27130171549219],[-74.60377647545405,42.64449295598307],[-75.09079104646726,42.44686385470232],[-75.29596205759356,42.176638620535996],[-75.36569066714866,42.0612543737722],[-76.01930656007538,42.18752108036032],[-77.2789643579866,42.24150641455651],[-78.13373214942634,42.4034624171451],[-79.00649505226482,42.61040619823051],[-78.76356104838194,42.75436708942036],[-78.97950238516673,43.23123754148675],[-78.03475903673332,43.36620087697724],[-77.7607282117317,43.3205290728103],[-77.699754775,43.299572775],[-77.579526725,43.216383525],[-77.5229563,43.1902009],[-77.5300435,43.2210249],[-77.4854853,43.247488675],[-77.4832944420592,43.247992042213255],[-77.3892817,43.269592225],[-77.26738775156589,43.26704897804324],[-77.237354425,43.26642235],[-77.029703475,43.23797905],[-76.937494,43.2370318],[-76.960726,43.2635806],[-76.935737775,43.27579785],[-76.862529325,43.27368355],[-76.76954683414188,43.31462231340853],[-76.72363225,43.3348378],[-76.51904655,43.4592606],[-76.369271625,43.524730625],[-76.274307475,43.531247875],[-76.20917755,43.564729725],[-76.17388185,43.625176175],[-76.191954675,43.701325725],[-76.263396025,43.793178375],[-76.289048625,43.849810425],[-76.268912475,43.871221875],[-76.245535175,43.87374915],[-76.218916725,43.85739225],[-76.16554335,43.88817495],[-76.10374398140812,43.94827292960555],[-76.08541505,43.96609725],[-76.05104045,44.008025725],[-76.06241955,44.013960375],[-76.0906424,44.00257565],[-76.135709,43.97387155],[-76.1467842193486,43.969793048575795],[-76.168768525,43.961697225],[-76.18982097499999,43.966052675]]]]}},{"type":"Feature","properties":{"NAME":"Hitchiti","ABBREVN":"Hitchiti","wikipedia":null,"SUBJECTO":"Hitchiti","BORDERPRECISION":1,"PARTOF":"Hitchiti","polity_id":"ottoman_classical:hitchiti","name":"Hitchiti","ISO_A3":"HITCHITI","ADM0_A3":"HITCHITI","ADMIN":"Hitchiti","fill_colour":"#c2622e","border_precision":1},"geometry":{"type":"MultiPolygon","coordinates":[[[[-85.06384630872631,30.34373884313003],[-84.74179749980617,31.315984248841964],[-84.34160370400366,32.7546004287166],[-83.75613500273701,33.27040101693707],[-83.07432335062903,33.27040101693707],[-82.54814261911089,32.91650086775447],[-82.19241480061977,31.549951206613787],[-82.20321488871217,30.98622049686107],[-82.84206542587151,30.98622049686107],[-83.35118932882244,30.782570935680695],[-83.73586072216315,30.375271813319944],[-85.06384630872631,30.34373884313003]]]]}},{"type":"Feature","properties":{"NAME":"Choctaw","ABBREVN":"Choctaw","wikipedia":null,"SUBJECTO":"Choctaw","BORDERPRECISION":1,"PARTOF":"Choctaw","polity_id":"ottoman_classical:choctaw","name":"Choctaw","ISO_A3":"CHOCTAW","ADM0_A3":"CHOCTAW","ADMIN":"Choctaw","fill_colour":"#3e936b","border_precision":1},"geometry":{"type":"MultiPolygon","coordinates":[[[[-87.321916048317,31.86655234700622],[-88.2408029043233,31.691865757514204],[-88.28666064124032,30.771531591310488],[-88.38134791252511,30.77831107319298],[-89.09150244716106,30.74440888752097],[-88.82322184518748,30.54754107481276],[-88.75486167844858,30.391748835281113],[-89.23280808010938,30.406005464509768],[-89.53548141995313,30.208270631746096],[-89.710743871125,30.18337210269336],[-90,30.390046678499026],[-90,30.385873399690432],[-90,30.379708848909182],[-90,30.142039857820315],[-90,30.038699708894534],[-89.86671921292188,30.131703935579104],[-89.68429276028516,30.09036787600879],[-89.5233210054048,29.97556521147339],[-90.37202184181092,29.85632625098658],[-91.18373730678027,29.85632625098658],[-91.98128915859135,30.233195057891454],[-92.45987844108333,30.583590782573072],[-91.94997911294813,30.57508581994084],[-91.57525230948094,30.729822543387105],[-91.5409240661985,30.795697912547453],[-91.06415393226094,30.75797119454502],[-90.36978060950578,30.75797119454502],[-90.196187278817,31.082892363893112],[-90.25621396127643,31.320676034622124],[-90.16627952844433,31.525328616005673],[-90.22623581699908,32.022291630514765],[-90.22962454861315,32.02281382263113],[-90.13308546490295,32.078349090578804],[-89.44969311647343,32.039082776235574],[-89.50760772227254,32.479854792683334],[-89.97350313269683,32.57975486377784],[-89.95060900762762,32.957507927419755],[-88.84621717452875,33.27967194127635],[-87.11035932207919,33.26106507667502],[-87.11035932207918,33.261065076675],[-87.16207788207511,32.95345187745109],[-87.20203742363559,32.65775126990359],[-87.15408597376302,32.41799402054076],[-87.28195650675653,32.10630959636907],[-87.32191604831701,31.86655234700624],[-87.321916048317,31.86655234700622]]]]}},{"type":"Feature","properties":{"NAME":"Chicaksaw","ABBREVN":"Chicaksaw","wikipedia":null,"SUBJECTO":"Chicaksaw","BORDERPRECISION":1,"PARTOF":"Chicaksaw","polity_id":"ottoman_classical:chicaksaw","name":"Chicaksaw","ISO_A3":"CHICAKSAW","ADM0_A3":"CHICAKSAW","ADMIN":"Chicaksaw","fill_colour":"#5d53d5","border_precision":1},"geometry":{"type":"MultiPolygon","coordinates":[[[[-86.69253429627324,35.11211833722317],[-87.11035932207919,33.26106507667502],[-88.84621717452875,33.27967194127635],[-89.95060900762762,32.957507927419755],[-89.94912539975513,32.98198745731575],[-90.76271555917886,32.969934269768736],[-90.71086823773264,33.37710527693337],[-89.02515245735864,33.438289743633334],[-89.06559577601922,33.85352861075912],[-90.48044581982018,33.88391011570393],[-90.46389895386302,33.91743778494422],[-89.79574188965688,35.01911519639184],[-89.86882156855442,35.58994791073324],[-89.67046244011823,36.19044925515002],[-89.52430308232312,36.350373001870175],[-89.48254326581024,36.509968919988985],[-89.10356147122943,36.94822815955451],[-89.09208651530243,36.94674432904671],[-88.85522652809098,37.139193068656],[-88.37139849611115,37.08733422639315],[-88.32578880393308,37.011318072763025],[-87.96091126650846,36.87448899622879],[-87.68725311343998,35.79505961468094],[-86.69253429627324,35.11211833722317]]]]}},{"type":"Feature","properties":{"NAME":"Naniaho","ABBREVN":"Naniaho","wikipedia":null,"SUBJECTO":"Naniaho","BORDERPRECISION":1,"PARTOF":"Naniaho","polity_id":"ottoman_classical:naniaho","name":"Naniaho","ISO_A3":"NANIAHO","ADM0_A3":"NANIAHO","ADMIN":"Naniaho","fill_colour":"#7531bf","border_precision":1},"geometry":{"type":"MultiPolygon","coordinates":[[[[-88.2408029043233,31.691865757514204],[-87.321916048317,31.86655234700622],[-86.67086908002675,31.86111026140856],[-86.61546036282422,30.410708986238287],[-87.08910843411329,30.359042726472637],[-87.38300797024608,30.44164236636522],[-87.40404984036327,30.307374559358397],[-87.69217392483594,30.262975297883774],[-87.7745866445625,30.262803636506842],[-88.03456589260938,30.67939146609667],[-88.14182755032421,30.328046403840823],[-88.21440379327322,30.349971997786255],[-88.28666064124032,30.771531591310488],[-88.2408029043233,31.691865757514204]]]]}},{"type":"Feature","properties":{"NAME":"Knucati","ABBREVN":"Knucati","wikipedia":null,"SUBJECTO":"Knucati","BORDERPRECISION":1,"PARTOF":"Knucati","polity_id":"ottoman_classical:knucati","name":"Knucati","ISO_A3":"KNUCATI","ADM0_A3":"KNUCATI","ADMIN":"Knucati","fill_colour":"#5176cd","border_precision":1},"geometry":{"type":"MultiPolygon","coordinates":[[[[-86.66863665479623,35.09571100128373],[-86.23006132964869,34.9720014825922],[-85.04405048453732,34.9720014825922],[-85.09398778327885,34.19083968695278],[-85.00659751048117,33.921919567039474],[-85.30134178221223,33.660356481857214],[-86.11650261398346,33.548239481156244],[-86.35581588569609,33.09205198818759],[-86.10714598487864,32.913492335890616],[-87.16207788207511,32.95345187745107],[-87.11035932207918,33.261065076675],[-86.69253429627324,35.112118337223166],[-86.66863665479623,35.09571100128373]]]]}},{"type":"Feature","properties":{"NAME":"Chumash","ABBREVN":"Chumash","wikipedia":null,"SUBJECTO":"Chumash","BORDERPRECISION":1,"PARTOF":"Chumash","polity_id":"ottoman_classical:chumash","name":"Chumash","ISO_A3":"CHUMASH","ADM0_A3":"CHUMASH","ADMIN":"Chumash","fill_colour":"#7e7935","border_precision":1},"geometry":{"type":"MultiPolygon","coordinates":[[[[-120.95406046668973,35.488779696940234],[-120.72119805916425,35.72001559677935],[-120.09753775717601,35.45976149182826],[-119.74073976788813,35.56631623427542],[-119.67967960098608,35.52280156743009],[-119.39727568370381,35.28439601322471],[-119.04237179970599,35.21753671754685],[-118.73376080729315,34.592966851949434],[-118.59956791263996,34.597891361844965],[-118.67381940409983,34.10260235805952],[-118.731739964875,34.10775717349414],[-118.87235733548047,34.069964967683596],[-119.29153915921094,34.22112234683399],[-119.42016312161329,34.36850317569141],[-119.6128434805,34.478099428132815],[-119.78493210354688,34.459205232576174],[-120.20444199124219,34.531009279207034],[-120.52868362942579,34.50833090396289],[-120.58253952542188,34.591468416169924],[-120.68786331692579,34.62170370669727],[-120.70843216458204,34.701060853914065],[-120.66632553616407,34.753970704988284],[-120.73717209378125,34.98071249575977],[-120.67728897610547,35.189334474519534],[-120.77957626858594,35.23243673892383],[-120.83675858059766,35.22865255923633],[-120.94863602200391,35.289229951814455],[-120.9485597280586,35.334659181550784],[-120.91479965725782,35.37630423159961],[-120.92773148098829,35.474742494539065],[-120.95406046668973,35.488779696940234]]]]}},{"type":"Feature","properties":{"NAME":"Kalapuya","ABBREVN":"Kalapuya","wikipedia":null,"SUBJECTO":"Kalapuya","BORDERPRECISION":1,"PARTOF":"Kalapuya","polity_id":"ottoman_classical:kalapuya","name":"Kalapuya","ISO_A3":"KALAPUYA","ADM0_A3":"KALAPUYA","ADMIN":"Kalapuya","fill_colour":"#557ad8","border_precision":1},"geometry":{"type":"MultiPolygon","coordinates":[[[[-123.54797388387983,44.73071648725233],[-123.55669170263518,44.764698188931305],[-123.49046151081174,45.02299593704268],[-123.35905460297874,45.53548287759138],[-123.35160330038184,45.537515051026894],[-122.9967199202753,45.63430142741959],[-122.99523692131004,45.629684995156765],[-122.81839081502515,45.079180180431244],[-122.61061454572048,44.43239276146669],[-122.58826991431869,44.36283608629657],[-122.1084874369996,44.35180660405935],[-122.01512232531505,44.34966027965281],[-122.01431654467753,44.34172643952947],[-121.9294795821306,43.50640865445205],[-121.99996686477238,43.505790344955194],[-122.68050056082501,43.49982075113017],[-122.84497032420879,43.50177872450379],[-123.1413132831321,43.50530661687192],[-123.23388443986302,43.50640865445205],[-123.43068746532225,44.27353881491559],[-123.54797388387983,44.73071648725233]]]]}},{"type":"Feature","properties":{"NAME":"Nez Perce","ABBREVN":"Nez Perce","wikipedia":null,"SUBJECTO":"Nez Perce","BORDERPRECISION":1,"PARTOF":"Nez Perce","polity_id":"ottoman_classical:nez_perce","name":"Nez Perce","ISO_A3":"NEZPERCE","ADM0_A3":"NEZPERCE","ADMIN":"Nez Perce","fill_colour":"#73392b","border_precision":1},"geometry":{"type":"MultiPolygon","coordinates":[[[[-115.05707378774204,46.67835031893047],[-114.47271382895454,46.36856913595878],[-114.46567334752336,45.99542362010651],[-114.20517553456989,45.53075184564897],[-114.21160987687487,45.52824845201906],[-116.12419605755781,44.7060247997253],[-117.00371661740455,44.74746782996856],[-117.3945136228921,44.79150129537561],[-117.71133528729497,45.63635906711659],[-117.57052565867147,46.0235855458312],[-117.57052565867147,46.02358554583121],[-117.85214491591846,46.34744769166525],[-117.31706832714917,46.41081202454583],[-117.13401580993863,46.76987657753575],[-117.10177632988139,46.77614536532465],[-116.62710114689403,46.86844331757219],[-116.43221277792632,46.8003497910654],[-116.04274118810653,46.66426935606812],[-115.05707378774204,46.67835031893047]]]]}},{"type":"Feature","properties":{"NAME":"Kalispel","ABBREVN":"Kalispel","wikipedia":null,"SUBJECTO":"Kalispel","BORDERPRECISION":1,"PARTOF":"Kalispel","polity_id":"ottoman_classical:kalispel","name":"Kalispel","ISO_A3":"KALISPEL","ADM0_A3":"KALISPEL","ADMIN":"Kalispel","fill_colour":"#d14763","border_precision":1},"geometry":{"type":"MultiPolygon","coordinates":[[[[-116.28208816625344,47.88503375414423],[-117.35760872588939,47.89589759818096],[-117.41358803846514,47.89646304578273],[-117.89067982126434,48.28380488924348],[-117.99076726620949,48.36506400296132],[-117.31643905953787,48.92509929324792],[-117.28569624551746,48.90321457818254],[-116.97927495620206,48.685084168839374],[-115.98663813034531,48.400885243594075],[-115.62561312297703,48.29752123733511],[-115.60204531376257,48.29077360731105],[-115.25345191878826,47.46214996351966],[-116.14584007961969,47.82902065186147],[-116.28208816625344,47.88503375414423]]]]}},{"type":"Feature","properties":{"NAME":"Flathead","ABBREVN":"Flathead","wikipedia":null,"SUBJECTO":"Flathead","BORDERPRECISION":1,"PARTOF":"Flathead","polity_id":"ottoman_classical:flathead","name":"Flathead","ISO_A3":"FLATHEAD","ADM0_A3":"FLATHEAD","ADMIN":"Flathead","fill_colour":"#335280","border_precision":1},"geometry":{"type":"MultiPolygon","coordinates":[[[[-114.21160987687487,45.52824845201906],[-114.20517553456989,45.53075184564897],[-114.46567334752336,45.99542362010651],[-114.47271382895454,46.36856913595878],[-115.05707378774204,46.67835031893047],[-116.04274118810653,46.66426935606812],[-116.43221277792632,46.8003497910654],[-116.14584007961969,47.82902065186147],[-115.25345191878826,47.46214996351966],[-115.60204531376257,48.29077360731105],[-115.62561312297703,48.29752123733511],[-115.47132762693606,48.669536217307595],[-115.18575630256889,48.93599964191052],[-114.63841126419842,48.69310465227816],[-113.84119131700669,48.48059160763635],[-113.67706161236278,48.50388356005439],[-113.42913076044843,47.727548715308096],[-112.59189930922572,46.67315229574151],[-113.42918491929733,45.35835704475414],[-114.20517553456989,45.53075184564896],[-114.21130016519734,45.52811969634975],[-114.21160987687487,45.52824845201906]]]]}},{"type":"Feature","properties":{"NAME":"Yakima","ABBREVN":"Yakima","wikipedia":null,"SUBJECTO":"Yakima","BORDERPRECISION":1,"PARTOF":"Yakima","polity_id":"ottoman_classical:yakima","name":"Yakima","ISO_A3":"YAKIMA","ADM0_A3":"YAKIMA","ADMIN":"Yakima","fill_colour":"#6f2f9d","border_precision":1},"geometry":{"type":"MultiPolygon","coordinates":[[[[-120.0711384191265,46.944409252530946],[-119.04797674277093,46.74781923611328],[-118.95082776384366,46.03348850870691],[-118.95107483096886,46.03344046787701],[-120.1748196498262,45.79549008643252],[-120.58755378578067,45.71523622666359],[-120.59664575978795,45.71346834282885],[-121.51098909086811,46.74781923611328],[-121.39098152866384,47.016407589618076],[-121.38095539638559,47.01393738311474],[-120.6023604056072,46.822109631763546],[-120.41421867106277,46.95774669620255],[-120.4073639994329,46.962688436214776],[-120.3566306353794,46.99926365216032],[-120.0711384191265,46.944409252530946]]]]}},{"type":"Feature","properties":{"NAME":"Umatilla","ABBREVN":"Umatilla","wikipedia":null,"SUBJECTO":"Umatilla","BORDERPRECISION":1,"PARTOF":"Umatilla","polity_id":"ottoman_classical:umatilla","name":"Umatilla","ISO_A3":"UMATILLA","ADM0_A3":"UMATILLA","ADMIN":"Umatilla","fill_colour":"#2db92d","border_precision":1},"geometry":{"type":"MultiPolygon","coordinates":[[[[-119.46675660984793,44.76513895369119],[-120.1748196498262,45.79549008643252],[-118.95107483096886,46.03344046787701],[-118.95089881939555,46.033175952119976],[-119.00273740666125,45.80515025293573],[-119.30687697841138,45.468013362034775],[-119.06949975167954,45.17070082713676],[-118.99662453373357,44.933868398348196],[-119.41520367538999,44.76888224614583],[-119.46675660984793,44.76513895369119]]]]}},{"type":"Feature","properties":{"NAME":"Tenimo","ABBREVN":"Tenimo","wikipedia":null,"SUBJECTO":"Tenimo","BORDERPRECISION":1,"PARTOF":"Tenimo","polity_id":"ottoman_classical:tenimo","name":"Tenimo","ISO_A3":"TENIMO","ADM0_A3":"TENIMO","ADMIN":"Tenimo","fill_colour":"#8a5238","border_precision":1},"geometry":{"type":"MultiPolygon","coordinates":[[[[-121.11406630668094,45.306343339958055],[-120.99829179685443,45.63111194661649],[-120.57784752432664,45.65667187962079],[-120.58755378578067,45.71523622666359],[-120.1748196498262,45.79549008643252],[-119.46675660984793,44.76513895369119],[-120.74703762486801,44.672176907713954],[-120.81073837411445,44.65556656086517],[-122.01431654467753,44.34172643952947],[-122.01512232531505,44.34966027965281],[-122.1084874369996,44.35180660405935],[-121.98542182800664,44.51231136259847],[-121.8686505265082,45.09984695005392],[-121.8574605276721,45.156149504323935],[-121.24052909919116,45.27881643916383],[-121.24052909919118,45.27881643916385],[-121.11406630668094,45.306343339958055]]]]}},{"type":"Feature","properties":{"NAME":"Modoc","ABBREVN":"Modoc","wikipedia":null,"SUBJECTO":"Modoc","BORDERPRECISION":1,"PARTOF":"Modoc","polity_id":"ottoman_classical:modoc","name":"Modoc","ISO_A3":"MODOC","ADM0_A3":"MODOC","ADMIN":"Modoc","fill_colour":"#414c9f","border_precision":1},"geometry":{"type":"MultiPolygon","coordinates":[[[[-120.39449810813232,42.090009440247655],[-120.49331665796055,41.81331750072865],[-120.49972413463857,41.811510987480226],[-121.30461009576958,41.58458278698514],[-121.96838836490929,41.397438252954565],[-121.98877071202752,41.391691688128276],[-122.19441633760142,41.995775713251646],[-122.19958361832771,42.010954600385084],[-122.17453622841975,42.02065036422042],[-121.40101034529225,42.320079738334286],[-121.38268360641447,42.32717395983536],[-120.39449810813232,42.090009440247655]]]]}},{"type":"Feature","properties":{"NAME":"Maiou","ABBREVN":"Maiou","wikipedia":null,"SUBJECTO":"Maiou","BORDERPRECISION":1,"PARTOF":"Maiou","polity_id":"ottoman_classical:maiou","name":"Maiou","ISO_A3":"MAIOU","ADM0_A3":"MAIOU","ADMIN":"Maiou","fill_colour":"#527f39","border_precision":1},"geometry":{"type":"MultiPolygon","coordinates":[[[[-121.73258489952966,39.03283023861516],[-121.98032110885829,39.3481308686698],[-121.98624815791418,39.59509124599835],[-121.99721221403979,40.051926917898896],[-121.97704174154464,40.06116386324714],[-121.39476279589968,40.3278149691967],[-121.54115237413933,40.569920810131514],[-121.41352967329237,40.58386864628965],[-121.17683876423962,40.60973650520252],[-120.51079495806793,40.68252817800817],[-120.50366795658678,40.67229121224434],[-120.20112469640713,40.23772907489538],[-120.19010645532764,40.09921404418163],[-120.16171211765031,39.7422566562381],[-120.36440537982828,39.63527965675527],[-120.39070713971284,39.662724971417425],[-120.49390385288643,39.77040849820726],[-120.95559406118072,39.7084744458751],[-121.042965933293,39.5883381217207],[-121.13576584978337,39.460738236546455],[-121.73258489952966,39.03283023861516]]]]}},{"type":"Feature","properties":{"NAME":"Kijkitat","ABBREVN":"Kijkitat","wikipedia":null,"SUBJECTO":"Kijkitat","BORDERPRECISION":1,"PARTOF":"Kijkitat","polity_id":"ottoman_classical:kijkitat","name":"Kijkitat","ISO_A3":"KIJKITAT","ADM0_A3":"KIJKITAT","ADMIN":"Kijkitat","fill_colour":"#984390","border_precision":1},"geometry":{"type":"MultiPolygon","coordinates":[[[[-121.5109890908681,46.747819236113266],[-120.59664575978795,45.71346834282885],[-120.58755378578067,45.71523622666359],[-120.57784752432664,45.65667187962079],[-120.99829179685443,45.63111194661649],[-120.99829179685443,45.631111946616485],[-121.2090883851431,45.587351896832516],[-121.34256797474384,45.66514111091265],[-121.51145806826788,45.671697060248704],[-121.87648633314669,45.68586667056058],[-121.87648633314676,45.68586667056053],[-121.8976809535067,45.677827899641784],[-122.28800784843175,45.529783328026824],[-122.37733218997039,45.578642033436324],[-122.15094953266893,46.136999985501895],[-121.987014296277,46.361312596223684],[-121.77645300178123,46.649423649861845],[-121.76394521807943,46.651485959833245],[-121.5109890908681,46.747819236113266]]]]}},{"type":"Feature","properties":{"NAME":"Spokane","ABBREVN":"Spokane","wikipedia":null,"SUBJECTO":"Spokane","BORDERPRECISION":1,"PARTOF":"Spokane","polity_id":"ottoman_classical:spokane","name":"Spokane","ISO_A3":"SPOKANE","ADM0_A3":"SPOKANE","ADMIN":"Spokane","fill_colour":"#82274b","border_precision":1},"geometry":{"type":"MultiPolygon","coordinates":[[[[-117.35760872588939,47.89589759818096],[-117.29022866093081,47.625334916114035],[-117.42627950561632,47.0080833848191],[-117.42859926855996,47.00974143091256],[-118.74312004103686,46.631002371508316],[-118.84702808631707,46.71828509547251],[-118.78595330703392,47.576802393585346],[-118.78058356370873,47.58420325757135],[-118.32096089774467,48.21767950209245],[-117.89067982126434,48.28380488924348],[-117.41358803846514,47.89646304578273],[-117.35760872588939,47.89589759818096]]]]}},{"type":"Feature","properties":{"NAME":"Northern Paiute","ABBREVN":"Northern Paiute","wikipedia":null,"SUBJECTO":"Northern Paiute","BORDERPRECISION":1,"PARTOF":"Northern Paiute","polity_id":"ottoman_classical:northern_paiute","name":"Northern Paiute","ISO_A3":"NORTHERNPAIU","ADM0_A3":"NORTHERNPAIU","ADMIN":"Northern Paiute","fill_colour":"#a739a2","border_precision":1},"geometry":{"type":"MultiPolygon","coordinates":[[[[-119.41520367538999,44.76888224614583],[-118.99662453373357,44.933868398348196],[-118.99531936832585,44.92962682621719],[-118.34253199481336,44.8928525745809],[-117.99388419305102,44.924374802302566],[-117.3945136228921,44.79150129537561],[-117.00371661740455,44.74746782996856],[-116.12419605755781,44.7060247997253],[-116.16022989881502,43.017439895902044],[-116.36347588737613,42.725242863420625],[-116.88090672395968,41.98135730860865],[-117.124135152446,41.240479965750126],[-117.1061182318174,40.92813783783536],[-117.57455816816142,39.469515491174484],[-117.73671045381897,38.69332565736938],[-117.70067661256174,37.81616459725181],[-118.00696426324822,37.38794000082496],[-117.89886273947654,36.82036082492556],[-118.00828390129595,36.621497422761074],[-118.3282902228353,37.23178341820892],[-118.34327173218419,37.242643617351504],[-118.9133719122172,37.655913157969906],[-119.36647919471261,37.96795938684105],[-119.34030980103263,38.00300768194816],[-119.48006136673843,38.31560986839534],[-119.3597538397287,38.86426778000676],[-119.5722466532414,39.39995797330166],[-119.93348443621295,40.00485015979321],[-120.19010645532764,40.09921404418163],[-120.20112469640713,40.23772907489538],[-120.50366795658678,40.67229121224434],[-120.47534111067034,40.93433573744231],[-120.43402823724159,40.9702819244858],[-120.19910045310384,41.17469176987923],[-120.26284829715763,41.74795941143273],[-120.49972413463857,41.811510987480226],[-120.49331665796055,41.81331750072865],[-120.39449810813232,42.090009440247655],[-120.39449810813235,42.09000944024766],[-120.79408033093935,42.715548578703256],[-121.29233982106513,43.17085288374913],[-121.29233982106518,43.170852883749134],[-121.88519933720906,43.30577044680257],[-121.9023761949291,43.309679399465715],[-121.99996686477238,43.505790344955194],[-121.9294795821306,43.50640865445205],[-122.01431654467753,44.34172643952947],[-120.81073837411445,44.65556656086517],[-120.74703762486801,44.672176907713954],[-119.46675660984793,44.76513895369119],[-119.41520367538999,44.76888224614583]]]]}},{"type":"Feature","properties":{"NAME":"Southern Paiute","ABBREVN":"Southern Paiute","wikipedia":null,"SUBJECTO":"Southern Paiute","BORDERPRECISION":1,"PARTOF":"Southern Paiute","polity_id":"ottoman_classical:southern_paiute","name":"Southern Paiute","ISO_A3":"SOUTHERNPAIU","ADM0_A3":"SOUTHERNPAIU","ADMIN":"Southern Paiute","fill_colour":"#2e9949","border_precision":1},"geometry":{"type":"MultiPolygon","coordinates":[[[[-111.78683938930331,36.02091868417272],[-112.58202945207222,36.37831442615366],[-113.26649684787334,36.1429414070207],[-113.3711039881228,35.888964791429544],[-113.40741660583238,35.800801060663716],[-114.02142412265394,36.21606409464827],[-114.22273806259545,36.05347659174307],[-114.76628570043748,36.191697449088146],[-114.66562873046675,35.800801060663716],[-114.72786477887728,35.74242400751926],[-114.92600924122684,35.55656564883044],[-115.95540888322253,36.47037166252119],[-115.77286610529977,36.473429901288725],[-115.65575612121378,36.7265547213644],[-115.68278150215669,37.54524184214063],[-115.39451077209885,38.27021512907214],[-114.63780010569698,38.68629417939991],[-113.72794561395183,38.84082699336426],[-113.52075102672272,38.87590139956495],[-113.51707025452421,38.8859098773382],[-113.33846382998581,38.78277428157069],[-112.46091211710639,38.67519582895374],[-112.19764660324257,38.22356950410611],[-111.74633429376173,37.86815433988445],[-111.11951164170499,37.85825708096424],[-110.84370967480004,37.182131674275766],[-110.33844886137375,37.17374464893033],[-110.461870989876,36.23573647231326],[-110.99483948273611,36.009584104601146],[-111.17776884588511,35.47616956878699],[-111.19731175121306,35.46581253611134],[-111.78683938930331,36.02091868417272]]]]}},{"type":"Feature","properties":{"NAME":"Havasupai","ABBREVN":"Havasupai","wikipedia":null,"SUBJECTO":"Havasupai","BORDERPRECISION":1,"PARTOF":"Havasupai","polity_id":"ottoman_classical:havasupai","name":"Havasupai","ISO_A3":"HAVASUPAI","ADM0_A3":"HAVASUPAI","ADMIN":"Havasupai","fill_colour":"#2b7488","border_precision":1},"geometry":{"type":"MultiPolygon","coordinates":[[[[-112.82366979110384,35.15620091934511],[-112.947677546928,35.489078616800796],[-113.3711039881228,35.888964791429544],[-113.26649684787334,36.1429414070207],[-112.58202945207222,36.37831442615366],[-111.78683938930331,36.02091868417272],[-111.19731175121306,35.46581253611134],[-111.87765434603523,35.1052555786394],[-111.87281377193614,35.13160981540112],[-112.82366979110384,35.15620091934511]]]]}},{"type":"Feature","properties":{"NAME":"Cochimà","ABBREVN":"Cochimà","wikipedia":null,"SUBJECTO":"CochimÃ­","BORDERPRECISION":1,"PARTOF":"Cochimà","polity_id":"ottoman_classical:cochim","name":"Cochimà","ISO_A3":"COCHIM","ADM0_A3":"COCHIM","ADMIN":"Cochimà","fill_colour":"#6f344a","border_precision":1},"geometry":{"type":"MultiPolygon","coordinates":[[[[-114.10177654793348,28.07372069104445],[-112.7645778375663,27.88165751959992],[-112.72362228909375,27.705453477815432],[-112.6778077749336,27.629241548494143],[-112.56714340725782,27.55953177066211],[-112.34384628811719,27.5345531329668],[-112.28406998196485,27.50925215335254],[-112.18733688870313,27.31233938784961],[-112.11509415188672,27.01999243350391],[-111.91486069241407,26.664350114778323],[-111.69413467923047,26.69659575076465],[-111.59381577053907,26.76039656253223],[-111.48350235501172,26.55715139956836],[-111.32870956936719,25.89621504397754],[-111.08983322659375,25.419850908235354],[-110.79756638089063,24.880048356965823],[-110.7664308218086,24.61308439822559],[-110.77242752591016,24.37784155459766],[-110.65569778958204,24.21915205569629],[-110.48522659817579,24.149579606965823],[-110.31049057522657,24.226239763215823],[-110.20493790188672,24.31546553225879],[-109.94029709378125,23.95364149661426],[-109.82423874417188,23.69323118777637],[-109.61520096341016,23.57923849673633],[-109.4885987905586,23.573146425203127],[-109.42892929592969,23.433415971711916],[-109.516896214875,23.19163092227344],[-109.57826706448438,23.13429983706836],[-109.889210668,22.866620622590823],[-110.00360580960157,22.885448060945315],[-110.11656662503125,23.0695815906084],[-110.22465988675,23.39993818850879],[-110.50243088284375,23.66000708194141],[-110.78369614163282,23.79927595706348],[-111.01585861721875,24.014943681672854],[-111.39151474514844,24.243024431184573],[-111.90574356594922,24.686976991609377],[-112.09280869046094,24.890025697664065],[-112.16581436673047,25.01066740603809],[-112.06849381008985,25.455945573762698],[-112.08434006253125,25.570357881501955],[-112.30381485501172,26.021325670198244],[-112.41098495999219,26.19277151675586],[-112.55796524563672,26.31963499637012],[-112.75584885159375,26.363725267366213],[-112.98117538967969,26.503144823030276],[-113.28500839749219,26.807702623323244],[-113.42209335842969,26.74382933230762],[-113.58534714260938,26.768930040315432],[-114.15325638333204,27.104739747957034],[-114.4778566030586,27.243947587922854],[-114.88133713284375,27.681853853181643],[-114.94397446194532,27.738952241853518],[-115.05460831204297,27.853173814729494],[-114.74889847317579,27.785588823274416],[-114.47916885891797,27.7797866687334],[-114.21439835110547,27.90751799197559],[-114.1046647695625,28.05399664492969],[-114.10177654793348,28.07372069104445]]]]}},{"type":"Feature","properties":{"NAME":"Pima","ABBREVN":"Pima","wikipedia":null,"SUBJECTO":"Pima","BORDERPRECISION":1,"PARTOF":"Pima","polity_id":"ottoman_classical:pima","name":"Pima","ISO_A3":"PIMA","ADM0_A3":"PIMA","ADMIN":"Pima","fill_colour":"#3c833a","border_precision":1},"geometry":{"type":"MultiPolygon","coordinates":[[[[-111.23190012067445,33.55347201672158],[-111.0956106808374,33.489196463483154],[-110.69874934533517,32.90946478334455],[-110.79291983172553,32.43384343741911],[-110.43505321701473,32.130984412747154],[-110.41814379360008,31.31140131492127],[-110.37220889460862,30.612527860485333],[-112.04713884016235,30.227513084380845],[-111.62700128261154,31.6298191626171],[-111.82206871870586,32.38841431444066],[-112.14102321789257,32.83028746530148],[-111.8826068885282,32.886873627775124],[-111.77041978920226,33.49201053281351],[-111.23190012067445,33.55347201672158]]]]}},{"type":"Feature","properties":{"NAME":"Chiricahua","ABBREVN":"Chiricahua","wikipedia":null,"SUBJECTO":"Chiricahua","BORDERPRECISION":1,"PARTOF":"Chiricahua","polity_id":"ottoman_classical:chiricahua","name":"Chiricahua","ISO_A3":"CHIRICAHUA","ADM0_A3":"CHIRICAHUA","ADMIN":"Chiricahua","fill_colour":"#9b9436","border_precision":1},"geometry":{"type":"MultiPolygon","coordinates":[[[[-108.19896103246037,31.71294979896351],[-108.21707681010231,31.264957934708626],[-108.7464988527036,31.276128948313314],[-108.693565450754,30.998396255405748],[-110.37220889460862,30.612527860485333],[-110.41814379360008,31.31140131492127],[-110.43505321701473,32.130984412747154],[-110.43625957124202,32.18945521393503],[-109.98336513019309,32.35794229665768],[-109.95712834909688,32.38784722970465],[-109.29496557979877,33.14258666246663],[-109.27564760291357,33.84882355952301],[-109.3459620954442,34.6825525423859],[-109.34905148439545,34.71918386852223],[-109.2944177101947,34.63977112187487],[-108.82664030327649,34.526802018956275],[-108.36509992845052,34.48054314608491],[-107.07935460353,34.44864707236501],[-107.37366522910754,33.50565180265738],[-107.31960817543005,33.16329046269981],[-107.28411426154155,32.655853327806035],[-107.102956485122,32.6100851454883],[-106.91355999981059,32.423125376352615],[-106.44543425406405,31.75921787223626],[-108.19896103246037,31.71294979896351]]]]}},{"type":"Feature","properties":{"NAME":"Catawba","ABBREVN":"Catawba","wikipedia":null,"SUBJECTO":"Catawba","BORDERPRECISION":1,"PARTOF":"Catawba","polity_id":"ottoman_classical:catawba","name":"Catawba","ISO_A3":"CATAWBA2","ADM0_A3":"CATAWBA2","ADMIN":"Catawba","fill_colour":"#74362a","border_precision":1},"geometry":{"type":"MultiPolygon","coordinates":[[[[-77.19939020128146,34.68039159983789],[-77.45025698271128,35.066076614285656],[-77.46528965083942,35.20359997622468],[-77.41726034566909,35.18959952682939],[-77.12766976093044,35.3189011645884],[-77.11911623199546,35.322720298766775],[-77.06258102932811,35.206771455720684],[-76.95345779934766,35.029090486482424],[-76.75987717190625,34.95510824771289],[-76.62416550198438,35.032054506257815],[-76.49265762844922,35.020213685945315],[-76.44311234036329,35.112002931550784],[-76.42532059231641,35.032054506257815],[-76.32748886624219,35.014285646394534],[-76.30581375637891,34.9787555560625],[-76.49838730374219,34.833900056794924],[-76.50418564358594,34.79547079654102],[-76.62176224270704,34.762950502351565],[-77.19939020128146,34.68039159983789]]]]}},{"type":"Feature","properties":{"NAME":"Tutelo","ABBREVN":"Tutelo","wikipedia":null,"SUBJECTO":"Tutelo","BORDERPRECISION":1,"PARTOF":"Tutelo","polity_id":"ottoman_classical:tutelo","name":"Tutelo","ISO_A3":"TUTELO","ADM0_A3":"TUTELO","ADMIN":"Tutelo","fill_colour":"#2a744d","border_precision":1},"geometry":{"type":"MultiPolygon","coordinates":[[[[-77.5171218298198,37.18224569892856],[-77.61791742223849,37.08670679444088],[-77.91679037965652,37.15064562604613],[-78.05529248187462,36.97613986468309],[-78.04777390092252,36.93174211908519],[-77.99697580725648,36.63177582839641],[-78.05679576845776,36.502360771823575],[-78.43283402646819,36.354787482188385],[-78.9662666668879,36.635176575942204],[-80.58205089987187,36.871756422566726],[-80.31249142877721,37.131722350941295],[-80.17516385723799,37.66727911305803],[-80.22145867875184,37.64253216867145],[-80.06721775620088,37.959682680336705],[-79.52778851598298,38.44658689290704],[-79.16330929961951,38.532172812603406],[-79.14369287873127,38.59912124913121],[-78.40603699248446,39.019413556411365],[-77.75981836247277,38.700820514064525],[-77.73337160888113,38.69975277670452],[-77.71268201849296,38.48653963887489],[-77.49399448867489,38.383759297147286],[-77.44296739838401,37.7985784802537],[-77.66894451252935,37.28416132085332],[-77.5171218298198,37.18224569892856]]]]}},{"type":"Feature","properties":{"NAME":"Cusabo","ABBREVN":"Cusabo","wikipedia":null,"SUBJECTO":"Cusabo","BORDERPRECISION":1,"PARTOF":"Cusabo","polity_id":"ottoman_classical:cusabo","name":"Cusabo","ISO_A3":"CUSABO2","ADM0_A3":"CUSABO2","ADMIN":"Cusabo","fill_colour":"#26d932","border_precision":1},"geometry":{"type":"MultiPolygon","coordinates":[[[[-81.05556148689652,32.42605830573056],[-80.66481052269056,32.764945538806074],[-80.22234251910434,32.99658302080331],[-79.87756225656966,33.23242070394939],[-79.43063292988462,33.04015058308433],[-80.88384750312667,32.055018971200006],[-80.98368539840676,32.07975636387859],[-81.06705416231436,32.09562963596536],[-81.05556148689652,32.42605830573056]]]]}},{"type":"Feature","properties":{"NAME":"Guachimis","ABBREVN":"Guachimis","wikipedia":null,"SUBJECTO":"Guachimis","BORDERPRECISION":1,"PARTOF":"Guachimis","polity_id":"ottoman_classical:guachimis","name":"Guachimis","ISO_A3":"GUACHIMIS","ADM0_A3":"GUACHIMIS","ADMIN":"Guachimis","fill_colour":"#2e765f","border_precision":1},"geometry":{"type":"MultiPolygon","coordinates":[[[[-116.25528014347094,32.43287788442475],[-115.39697430251124,31.913499453964135],[-114.89681454884871,31.610842550748433],[-114.96706100979688,31.36367567630176],[-114.98750778714063,31.166480623201174],[-114.97266098538282,31.128356538728518],[-114.85349747219922,30.975968919709963],[-114.73472305813672,30.842668138459963],[-114.72235580960157,30.372075639680666],[-114.68277451077344,30.14322432132129],[-114.45304581204297,29.838450990632815],[-114.38871475735547,29.762277208284182],[-114.09960648098829,29.642058931306643],[-113.82907578030469,29.400966249421877],[-113.59289261380079,29.10258635135059],[-113.32190414944532,28.5562759265459],[-113.12408920803907,28.429513536409182],[-112.97636124173047,28.410745225862307],[-112.86987015286329,28.334659181550784],[-112.7645778375663,27.88165751959992],[-114.10177654793348,28.07372069104445],[-114.06274887600782,28.34024580569629],[-114.06728836575391,28.42289312930469],[-114.27322861233594,28.708621583894534],[-114.48294540921094,28.911672197297854],[-114.97781082669141,29.31125982852344],[-115.42139908352735,29.53289946170215],[-115.60230728665235,29.685151658967776],[-115.69373032132032,29.92025526614551],[-115.8160905508125,30.212537370637698],[-115.85713669339063,30.282409273103518],[-116.05837723294141,30.33921965213184],[-116.12582870999219,30.498076997712893],[-116.13782974758985,30.765149675325198],[-116.22926041165235,30.943025194124026],[-116.50948807278516,31.27315291018848],[-116.70472427883985,31.59074553103809],[-116.70605942288282,31.70522268863086],[-116.61071487942579,31.87714346499805],[-116.61988396976875,31.88446379027852],[-116.25528014347094,32.43287788442475]]]]}},{"type":"Feature","properties":{"NAME":"Kamia","ABBREVN":"Kamia","wikipedia":null,"SUBJECTO":"Kamia","BORDERPRECISION":1,"PARTOF":"Kamia","polity_id":"ottoman_classical:kamia","name":"Kamia","ISO_A3":"KAMIA","ADM0_A3":"KAMIA","ADMIN":"Kamia","fill_colour":"#45ac39","border_precision":1},"geometry":{"type":"MultiPolygon","coordinates":[[[[-115.11990791481465,33.50288474344811],[-115.14578731288636,33.37702155006616],[-114.87045538925078,33.09908857313507],[-115.39697430251124,31.913499453964135],[-116.25528014347094,32.43287788442475],[-116.06672512642596,32.71649045623847],[-116.35027233890348,33.29167766213021],[-115.87860858442995,33.41049141394663],[-115.11990791481465,33.50288474344811]]]]}},{"type":"Feature","properties":{"NAME":"Yuma","ABBREVN":"Yuma","wikipedia":null,"SUBJECTO":"Yuma","BORDERPRECISION":1,"PARTOF":"Yuma","polity_id":"ottoman_classical:yuma","name":"Yuma","ISO_A3":"YUMA","ADM0_A3":"YUMA","ADMIN":"Yuma","fill_colour":"#a45632","border_precision":1},"geometry":{"type":"MultiPolygon","coordinates":[[[[-115.39697430251124,31.913499453964135],[-114.87045538925078,33.09908857313507],[-115.14578731288636,33.37702155006616],[-115.11990791481465,33.50288474344811],[-115.06430285428983,33.509656236982735],[-114.91389984958391,33.52797206946889],[-114.33442392857172,33.186937791658984],[-114.33442392857172,33.186937791659],[-113.82810539749218,32.949600980215465],[-113.73292220291289,32.569994946209455],[-114.03507514887919,32.44519714422815],[-114.72254988494909,31.762956208427685],[-114.83865067044141,31.815496049836916],[-114.89681454884871,31.610842550748433],[-115.39697430251124,31.913499453964135]]]]}},{"type":"Feature","properties":{"NAME":"Saunan","ABBREVN":"Saunan","wikipedia":null,"SUBJECTO":"Saunan","BORDERPRECISION":1,"PARTOF":"Saunan","polity_id":"ottoman_classical:saunan","name":"Saunan","ISO_A3":"SAUNAN","ADM0_A3":"SAUNAN","ADMIN":"Saunan","fill_colour":"#2f6a74","border_precision":1},"geometry":{"type":"MultiPolygon","coordinates":[[[[-119.74073976788813,35.56631623427542],[-120.09753775717601,35.45976149182826],[-120.72119805916425,35.72001559677935],[-120.95406046668973,35.488779696940234],[-121.08413406887891,35.55812796206836],[-121.19852158108594,35.68679388614063],[-121.38518997708204,35.785255037263674],[-121.56112381497266,36.06552466006641],[-121.649652197283,36.09883554164803],[-121.40352573044194,36.4357502011953],[-121.34397062788504,36.463460654149706],[-121.05621451528016,36.597350982238105],[-120.89650264829393,36.57545181459042],[-120.9202396661903,36.558510714622386],[-120.68826501985127,36.420663338710845],[-120.59749233215342,36.24190879221885],[-120.33526012324846,36.07904908721883],[-120.17388645623004,35.87499920706499],[-119.74073976788813,35.56631623427542]]]]}},{"type":"Feature","properties":{"NAME":"Costanoan","ABBREVN":"Costanoan","wikipedia":null,"SUBJECTO":"Costanoan","BORDERPRECISION":1,"PARTOF":"Costanoan","polity_id":"ottoman_classical:costanoan","name":"Costanoan","ISO_A3":"COSTANOAN","ADM0_A3":"COSTANOAN","ADMIN":"Costanoan","fill_colour":"#8d5d30","border_precision":1},"geometry":{"type":"MultiPolygon","coordinates":[[[[-121.34397062788504,36.463460654149706],[-121.37768258757295,36.64726304037682],[-121.57462794609553,36.68675647261172],[-121.98383375160381,36.53121180390033],[-121.99720474758985,36.57644613833789],[-121.99803635159375,36.67849310489063],[-121.91785904446485,36.675479494050784],[-121.85145279446485,36.74896963687305],[-121.83826920071485,36.89572485537891],[-121.9320573476875,37.008975587800784],[-122.01836868801954,37.02933844180469],[-122.11721512356641,37.01276358218555],[-122.25330826321485,37.06961401553516],[-122.49409958401563,37.30083807559375],[-122.45914169827344,37.395606599763674],[-122.50000473538282,37.5358844623125],[-122.55814072171094,37.56621512027149],[-122.57808395901563,37.77476080508594],[-122.55206009426954,37.84301718325977],[-122.49871536770704,37.85439261050586],[-122.45412918606641,37.82405813784961],[-122.42120071926954,37.7899242267168],[-122.46006485501172,37.74442633242969],[-122.390919652375,37.65342291446094],[-122.26291367092969,37.59654959292774],[-122.21055313626172,37.54347189517383],[-122.11918350735547,37.5358844623125],[-122.29259964505079,37.7899242267168],[-122.37463852444532,37.85439261050586],[-122.38383194485547,37.960574708894534],[-122.46683212796094,38.00988348575],[-122.48976608792188,38.164527498201174],[-122.31333963558758,38.220756482796354],[-122.31226431897764,38.22109919762339],[-121.93564812151612,38.1792131838537],[-121.93830475030977,38.177913745856806],[-121.82312270822358,37.87929363674449],[-121.51530506332081,37.59650497862436],[-121.43461822981158,37.40446691752286],[-121.15221431252931,37.356380264891186],[-121.06144162483142,36.93027763297479],[-120.93032552037897,36.90608689119044],[-120.82946697849245,36.62329514472099],[-120.89650264829393,36.57545181459042],[-121.05621451528016,36.597350982238105],[-121.34397062788504,36.463460654149706]]]]}},{"type":"Feature","properties":{"NAME":"Patwin","ABBREVN":"Patwin","wikipedia":null,"SUBJECTO":"Patwin","BORDERPRECISION":1,"PARTOF":"Patwin","polity_id":"ottoman_classical:patwin","name":"Patwin","ISO_A3":"PATWIN","ADM0_A3":"PATWIN","ADMIN":"Patwin","fill_colour":"#3c9657","border_precision":1},"geometry":{"type":"MultiPolygon","coordinates":[[[[-122.78150043504431,39.529924382141346],[-122.79132487877328,39.57202511774322],[-122.74741626415637,39.6262284952036],[-121.98624815791418,39.59509124599835],[-121.98032110885829,39.3481308686698],[-121.73258489952966,39.03283023861516],[-121.13576584978337,39.460738236546455],[-121.042965933293,39.5883381217207],[-120.95089598915344,38.88587974053566],[-120.96992239647412,38.88607000460886],[-121.30693651961516,38.70263193758273],[-121.51170459443503,38.69836593602398],[-121.54583260690501,38.36988381600044],[-121.93564812151612,38.1792131838537],[-122.31226431897764,38.22109919762339],[-122.31333963558758,38.220756482796354],[-122.31701618228156,38.50055018150215],[-122.35187144173804,38.51710425255131],[-122.0998155688225,38.60336278056649],[-122.34599726697573,38.87858733837613],[-122.71692744021196,38.99241812627434],[-122.78150043504431,39.529924382141346]]]]}},{"type":"Feature","properties":{"NAME":"Polynesians","ABBREVN":"Polynesians","wikipedia":null,"SUBJECTO":"Polynesians","BORDERPRECISION":1,"PARTOF":"Polynesians","polity_id":"ottoman_classical:polynesians","name":"Polynesians","ISO_A3":"POLYNESIANS","ADM0_A3":"POLYNESIANS","ADMIN":"Polynesians","fill_colour":"#708538","border_precision":1},"geometry":{"type":"MultiPolygon","coordinates":[[[[-156.55081650296094,20.974736772493166],[-156.39587875882032,20.95024450869922],[-156.11853500882032,20.79007490725879],[-156.12085434475782,20.71257170291309],[-156.25298019925,20.62990339846973],[-156.50670334378125,20.598901353791994],[-156.57635971585157,20.635068498567385],[-156.61497971096875,20.795238100007815],[-156.82249924221875,20.939910493806643],[-156.77998825589063,21.04324873538379],[-156.71565720120313,21.069081865266604],[-156.55081650296094,20.974736772493166]]],[[[-156.0324449209297,20.19588430972461],[-156.00906845608594,20.26305540652637],[-155.93127914944532,20.283723436311526],[-155.77216049710157,20.212861619905276],[-155.47876450100782,20.087384782747073],[-155.21165939846875,19.896211229280276],[-155.2184800771797,19.772206865266604],[-155.1115007070625,19.751538835481448],[-155.05763718167188,19.62236937137012],[-154.9200181631172,19.555200181916994],[-154.9476823476875,19.482865892366213],[-155.0599107412422,19.41958960147266],[-155.1371812490547,19.327859483674807],[-155.48196884671094,19.240022264436526],[-155.6501207021797,19.13668593020801],[-155.78282639065625,18.945514284089846],[-156.03416916409375,19.10568770022754],[-156.05415817776563,19.503530107454104],[-156.16333481350782,19.808374010041994],[-155.946583714875,19.989215455964846],[-155.9623765615547,20.07893904300098],[-156.0324449209297,20.19588430972461]]],[[[-158.43440720120313,21.452043138459963],[-158.46632858792188,21.57059248538379],[-158.3135728506172,21.575152955964846],[-158.17906662503125,21.689143739656252],[-158.09471603909375,21.59111174197559],[-158.04683395901563,21.458880983308596],[-157.94652267971875,21.415565095857424],[-157.8416490224922,21.29017599673633],[-157.89636704007032,21.25141867251758],[-158.02176376858594,21.23773916812305],[-158.07191940823438,21.297015748933596],[-158.1517076162422,21.299295030549807],[-158.29761215725782,21.2764964923418],[-158.43440720120313,21.452043138459963]]]]}},{"type":"Feature","properties":{"NAME":"Yup'ik & Cup'ik","ABBREVN":"Yup'ik & Cup'ik","wikipedia":null,"SUBJECTO":"Yup'ik & Cup'ik","BORDERPRECISION":1,"PARTOF":"Yup'ik & Cup'ik","polity_id":"ottoman_classical:yup_ik_cup_ik","name":"Yup'ik & Cup'ik","ISO_A3":"YUPIKCUPIK","ADM0_A3":"YUPIKCUPIK","ADMIN":"Yup'ik & Cup'ik","fill_colour":"#28c8ab","border_precision":1},"geometry":{"type":"MultiPolygon","coordinates":[[[[-153.16960451118246,59.74011827120309],[-153.40636154690625,59.70737036319141],[-153.70975204983594,59.64443548770313],[-153.97601791897657,59.519210420564455],[-154.0968867535181,59.412479885374964],[-157.15331099330217,58.685655689040125],[-157.13942429104688,58.85578878970508],[-157.42422958889844,58.800819002107424],[-157.9874009756172,58.716998659089846],[-158.29141708889844,58.730208955720705],[-158.51666733303907,58.99888189883594],[-158.6361589101875,58.97104986758594],[-158.91186996975782,58.873897157625],[-158.97314926663282,58.77028997989063],[-158.865529027375,58.611957155183596],[-158.85645004788282,58.45356711001758],[-158.93266769925,58.432777009919924],[-159.11009689846875,58.487506471589846],[-159.36554428616407,58.631671510652346],[-159.58441635647657,58.810523591951174],[-159.81358810940625,58.94118841739063],[-160.06520554104688,58.954513154939455],[-160.43053146878125,59.00216635318164],[-160.840138402375,58.95994146914844],[-160.8276109365547,58.89784201236133],[-161.11713120022657,58.745528779939455],[-161.64595505276563,58.682471834138674],[-161.93819138089063,58.72328146548633],[-161.96730515042188,58.77841147036914],[-162.00392624417188,58.826610170320315],[-162.0601091055,59.28933294864063],[-161.92517563382032,59.51803167910938],[-161.98914047757032,59.711932741121096],[-162.3781022695625,60.16311606021289],[-163.02179428616407,59.96670874209766],[-163.35376450100782,59.931373201326174],[-163.53639694729688,59.84078940005664],[-164.02740952053907,59.79824408145313],[-164.20760056057813,59.901996217683596],[-164.38472458401563,60.06167181582813],[-164.5942124990547,60.207774721101565],[-165.04755112210157,60.41646536441211],[-165.12799545803907,60.54220923037891],[-164.99634262600782,60.61944540591602],[-164.84467026272657,60.815894685701174],[-164.52809616604688,60.7534137591875],[-163.937794652375,60.614459596589846],[-163.62695786038282,60.601031862214846],[-163.51997849026563,60.70629080386524],[-163.688771214875,60.92328604312305],[-163.89488693753125,61.04222830386524],[-164.05811020413282,61.041915498689455],[-164.30165573635938,60.94316824527149],[-164.53925034085157,60.94973333926563],[-165.14317795315625,61.18035849185352],[-165.42334457913282,61.26419409366016],[-165.51204391995313,61.257003389314455],[-165.89809128323438,61.270335756257815],[-165.90916916409375,61.305492006257815],[-166.18953415432813,61.7489086017168],[-165.8340806631172,61.83428915591602],[-165.80214401760938,62.03929480166797],[-165.57922836819532,62.13877447696094],[-165.53346725979688,62.273395143464846],[-165.43123337307813,62.429542146638674],[-165.0296373037422,62.650367341951174],[-164.8778581289375,62.821246705964846],[-164.70445725003125,62.956763826326174],[-164.46703049221875,63.17097433658008],[-164.29176804104688,63.24977072329883],[-163.9679917959297,63.2004466876543],[-163.52701279202344,63.080081544832034],[-163.30862900296094,63.03774221988086],[-162.97005173245313,63.10251196475391],[-162.77811142483594,63.216937623933596],[-162.4744615224922,63.41023977847461],[-161.91075607815625,63.5256420001543],[-161.56256577053907,63.54058798404102],[-161.13301559964063,63.562842927888674],[-161.00122217240968,63.62827504596931],[-153.16960451118246,59.74011827120309]]]]}},{"type":"Feature","properties":{"NAME":"Suspiaq","ABBREVN":"Suspiaq","wikipedia":null,"SUBJECTO":"Suspiaq","BORDERPRECISION":1,"PARTOF":"Suspiaq","polity_id":"ottoman_classical:suspiaq","name":"Suspiaq","ISO_A3":"SUSPIAQ","ADM0_A3":"SUSPIAQ","ADMIN":"Suspiaq","fill_colour":"#7a6833","border_precision":1},"geometry":{"type":"MultiPolygon","coordinates":[[[[-163.09088608303907,55.27271994204883],[-162.78760239163282,55.1516185626543],[-162.74593063870313,55.063853822664065],[-162.80060287991407,54.996192537263674],[-162.9679917959297,54.948733888582034],[-163.19971176663282,55.0427203998125],[-163.26241013089063,55.17098196597461],[-163.09088608303907,55.27271994204883]]],[[[-160.35571762600782,55.657107912019534],[-160.39130112210157,55.56218679995899],[-160.5277604726875,55.541610322908205],[-160.86708542385938,55.57481726260547],[-161.09033676663282,55.56084402652149],[-161.5751237539375,55.478641115144534],[-161.695851293,55.37688025088672],[-162.2183122305,55.13241537661914],[-162.546193089875,55.145309053376955],[-162.58974167385938,55.25339850039844],[-162.58459946194532,55.38870581241016],[-162.22379013577344,55.49771078677539],[-162.07729050198438,55.59282263369922],[-161.81046005764844,55.78313788028125],[-161.60892197171094,55.844562135652346],[-161.31807419339063,55.87905081363086],[-160.6759996084297,55.76494558902149],[-160.35571762600782,55.657107912019534]]],[[[-166.9272203115547,53.45891150088672],[-167.00262924710157,53.726173006013674],[-167.14842697659375,53.94021566958789],[-166.77057358303907,54.001239381746096],[-166.57965561428907,53.96140631289844],[-166.38348862210157,53.85458334536914],[-166.49316879788282,53.733844362214846],[-166.61009689846875,53.70682867617969],[-166.64284225979688,53.572921358064455],[-166.74185654202344,53.53258093448047],[-166.9272203115547,53.45891150088672]]],[[[-164.56093308010938,54.831317506746096],[-164.13124558010938,54.906138978914065],[-163.74278732815625,55.06191595645313],[-163.56741806546094,55.02175482364063],[-163.36018845120313,54.921058259919924],[-163.2063951162422,54.737186037019534],[-163.32181259671094,54.699229799226565],[-163.57271286526563,54.63152655215625],[-164.07188889065625,54.657455049470705],[-164.24597641507032,54.59664877505664],[-164.42503830471875,54.401534639314455],[-164.56448837796094,54.33413656802539],[-164.94884201565625,54.4273753985918],[-165.0097398428047,54.52799566836719],[-164.78615280667188,54.68968542666797],[-164.56093308010938,54.831317506746096]]],[[[-148.33609482327344,60.41319616885547],[-148.2575425771797,60.280623994783205],[-148.30090805569532,60.10610922427539],[-148.49351975003125,59.90396460147266],[-148.6998796133125,59.9035602435625],[-149.06190964260938,60.00011023135547],[-149.32562729397657,60.02748068423633],[-149.5811509756172,59.98519476504688],[-150.0210923818672,59.71377142520313],[-150.50098129788282,59.615840517],[-150.92232224026563,59.41424521060352],[-151.38795944729688,59.21278341861133],[-151.88097092190625,59.16345175357227],[-151.80069443264844,59.30187948794727],[-151.77225204983594,59.35726126284961],[-151.4479722646797,59.537852846101565],[-151.48990341702344,59.711017213777346],[-151.78467270413282,59.94630392642383],[-151.78411527149856,59.962461871463304],[-148.75514838839038,60.6827566498791],[-148.83966537991407,60.54507788272266],[-148.33609482327344,60.41319616885547]]],[[[-154.34203049221875,57.48731955142383],[-154.1886491445625,57.63143118472461],[-153.86636826077344,57.467689119294924],[-153.73126694241407,57.42687185855274],[-153.52180954495313,57.54363974185352],[-153.42482468167188,57.63974341006641],[-153.39587875882032,57.8043170795],[-153.17781540432813,57.8253246173418],[-152.679493871125,57.764537416414065],[-152.43838974514844,57.61420401187305],[-152.37831589260938,57.518436037019534],[-152.71849533596875,57.490394197419924],[-152.91156479397657,57.49002417178516],[-153.17706772366407,57.40740164370899],[-153.22644516507032,57.36624106021289],[-153.27119919339063,57.263560853914065],[-153.49213120022657,57.051307283357424],[-153.6700181631172,56.96903570742969],[-153.87775131741407,56.941348634675784],[-154.16014572659375,56.98174246402149],[-154.592579808625,57.14483603091602],[-154.6613511709297,57.23356970401172],[-154.5851792959297,57.3636546954668],[-154.34203049221875,57.48731955142383]]],[[[-167.96077438870313,53.490108095125],[-167.86543747464063,53.32341345401172],[-168.04071518460157,53.30942877383594],[-168.37433334866407,53.23527868838672],[-168.5141343740547,53.29514654727344],[-168.55403610745313,53.37528570742969],[-168.50734421292188,53.42886313052539],[-168.35590073147657,53.54953344912891],[-168.22346970120313,53.58995398135547],[-167.96077438870313,53.490108095125]]],[[[-154.28227707425,59.2487750873125],[-154.29820725003125,59.11740072818164],[-154.1269273428047,59.04174765200977],[-153.9648179678047,59.02825125308399],[-153.66443344632032,58.9804645404375],[-153.45496079007032,58.877338014558596],[-153.48860641995313,58.79449423404102],[-153.6823014883125,58.642474733308596],[-153.96358200589063,58.55239065738086],[-154.21385666409375,58.427955232576174],[-154.40448471585157,58.248763643220705],[-154.64931198635938,58.076480470613284],[-154.9532212881172,58.03468283267383],[-155.59814926663282,57.89615973086719],[-155.90318771878125,57.71725805850391],[-156.36938950100782,57.56561239810352],[-156.68457504788282,57.400699220613284],[-156.45070358792188,57.17548330874805],[-156.49576279202344,57.100230775789065],[-156.99342819729688,56.91489752383594],[-157.39708420315625,56.84590109439258],[-157.74747177639844,56.77021750064258],[-157.98029037991407,56.653880678132815],[-158.52673813382032,56.44850882144336],[-158.6148423818672,56.366675935701174],[-158.738087621125,56.18962439151172],[-159.07692429104688,55.991962037996096],[-159.61395737210157,55.889110170320315],[-160.1694078115547,55.8066364154375],[-160.60742661038282,55.96186789126758],[-160.6066178945625,56.04336126895313],[-160.45729538479688,56.19991263003711],[-160.1138658193672,56.32299002261524],[-159.9760026601875,56.41848333926563],[-159.77594467678907,56.58230551333789],[-159.2487077383125,56.78096731753711],[-158.61729904690625,56.74808844180469],[-158.67104050198438,56.84346731753711],[-158.66209885159375,57.075580202058596],[-158.45070358792188,57.21266897769336],[-158.12465378323438,57.343211732820315],[-157.7851304678047,57.50813253970508],[-157.665333714875,57.6042438373125],[-157.66455551663282,57.93339117617969],[-157.55373093167188,58.27025564761524],[-157.24185654202344,58.49105032534961],[-157.15456100979688,58.67034109683399],[-157.15331099330217,58.685655689040125],[-154.0968867535181,59.412479885374964],[-154.28227707425,59.2487750873125]]]]}},{"type":"Feature","properties":{"NAME":"Shuar","ABBREVN":"Shuar","wikipedia":"https://en.wikipedia.org/wiki/Shuar","SUBJECTO":"Shuar","BORDERPRECISION":1,"PARTOF":"Shuar","polity_id":"ottoman_classical:shuar","name":"Shuar","ISO_A3":"SHUAR","ADM0_A3":"SHUAR","ADMIN":"Shuar","fill_colour":"#3ea369","border_precision":1},"geometry":{"type":"MultiPolygon","coordinates":[[[[-77.8998559610522,-3.112543263869829],[-78.39231762535397,-2.912757309929439],[-78.5616013224577,-2.128662113961151],[-77.8536876800239,-1.66723383131634],[-77.2535000266561,-2.097904193884223],[-77.2535000266561,-2.759051555925397],[-77.8998559610522,-3.112543263869829]]]]}},{"type":"Feature","properties":{"NAME":"Inupiaq","ABBREVN":"Inupiaq","wikipedia":null,"SUBJECTO":"Inupiaq","BORDERPRECISION":1,"PARTOF":"Inupiaq","polity_id":"ottoman_classical:inupiaq","name":"Inupiaq","ISO_A3":"INUPIAQ","ADM0_A3":"INUPIAQ","ADMIN":"Inupiaq","fill_colour":"#3f8d85","border_precision":1},"geometry":{"type":"MultiPolygon","coordinates":[[[[-157.17792550553273,64.01250660088307],[-160.92662128121404,63.95158169791209],[-161.00630661526563,64.15789373965626],[-161.37294479885938,64.46636541934376],[-161.36099716702344,64.5095630511797],[-160.94391342678907,64.52476843448048],[-160.78966232815625,64.64031561465626],[-160.9021958974922,64.81319006533985],[-161.12569138089063,64.92829474063282],[-161.2906236318672,64.96410711856251],[-162.1366471914375,64.78921850772267],[-162.56151291409375,64.60096319766407],[-162.80194565335157,64.47088202090626],[-163.02521225491407,64.44165381045704],[-163.8833970693672,64.59127386660938],[-164.2651109365547,64.6049991473711],[-164.59991928616407,64.61876257510548],[-165.171193089875,64.54565008731251],[-165.74068161526563,64.55898626895313],[-166.34773727932813,64.6371036395586],[-166.5860337881172,64.73040350528126],[-166.66852280178907,65.08462103457813],[-166.60379501858594,65.15014990420704],[-166.31743332425,65.16522558780079],[-165.86377426663282,65.16608007998829],[-165.66328903714063,65.24648626895313],[-166.13866135159375,65.35480078311329],[-166.99905869046094,65.49169500918751],[-167.60156723538282,65.60000189395313],[-168.17979904690625,65.6938892230547],[-168.08133408108594,65.74522741885548],[-167.73000046292188,65.86296423526173],[-167.024220433625,65.95946844668751],[-166.4281968740547,66.1071964129961],[-165.9972428945625,66.20341833682423],[-165.52136704007032,66.36595495791798],[-165.09273239651563,66.46976049991017],[-164.46313950100782,66.59615667910938],[-163.7824449209297,66.53848608584767],[-163.85339829007032,66.30294378848438],[-163.84308334866407,66.17811163516407],[-163.3700456289375,66.10560186953907],[-162.75850388089063,66.06275518985157],[-162.2750749258125,66.07097967715626],[-161.97949692288282,66.11555060000782],[-161.62682053128125,66.22629126162892],[-161.37917038479688,66.35901220889454],[-161.26143356839063,66.39603003116017],[-160.92296310940625,66.36724432559376],[-160.5846910146797,66.31643255801563],[-160.12523361721875,66.33931311221485],[-160.03540512600782,66.48662909121876],[-160.03227707425,66.56761511416798],[-160.34265610257032,66.59653051944142],[-161.21837326565625,66.72757299991017],[-161.79561325589063,66.74863012881642],[-161.93573471585157,67.08837469668751],[-162.59874435940625,67.16118963809376],[-163.03088852444532,67.17517431826954],[-163.7387437490547,67.21832617373829],[-163.825978246125,67.44821508975392],[-164.04396530667188,67.58903845401173],[-164.5126695303047,67.79665716739063],[-164.742970433625,67.86329229922657],[-165.939991918,68.15981634707813],[-166.84352585354688,68.40520819278126],[-166.70106979885938,68.48049505801563],[-166.33539291897657,68.66138037295704],[-166.2968034414375,68.87961920352345],[-165.3355455068672,68.90401800723438],[-164.89020248928907,68.93497046084767],[-164.067189183625,69.06467779727345],[-163.71423813382032,69.22388800235157],[-163.51073166409375,69.50418432803517],[-163.15620895901563,69.76276739688282],[-162.8791246084297,69.9990650043047],[-162.511036839875,70.18374975772267],[-162.17723557034375,70.2842212543047],[-161.69739243069532,70.33124121280079],[-161.1875962881172,70.43989142032032],[-160.71655746975782,70.45616491885548],[-159.90466782132032,70.4269214496172],[-159.83911606350782,70.5117374286211],[-159.90958115139844,70.60412939639454],[-160.24831100979688,70.76563604922657],[-160.2403306631172,70.85846289248829],[-159.3693589834297,70.89876135440235],[-158.85516830960157,70.88426550479298],[-158.41685959378125,70.90831335635548],[-157.8119401601875,70.97140081973438],[-157.31787582913282,71.15849646182423],[-156.90474411526563,71.34585913272267],[-156.47401901760938,71.35444220157032],[-156.34712692776563,71.33133276553517],[-156.04321762600782,71.22303351016407],[-155.97292038479688,71.14548071475392],[-156.14545151272657,71.08307226748829],[-156.13797470608594,70.92808111758595],[-155.66579147854688,70.86703070254688],[-155.47481247464063,70.85190161319142],[-155.233693089875,70.98398169131642],[-155.09985825100782,71.07726629825001],[-154.46129318753125,70.99315985293751],[-153.77106186428907,70.97122534366017],[-153.2930650381172,70.94890173526173],[-152.9711656240547,70.93400915713673],[-152.65120407620313,70.81853064151173],[-152.48952194729688,70.69520147891407],[-152.13712021389844,70.53390081973438],[-151.9150132803047,70.49577673526173],[-151.72560593167188,70.53467138858204],[-151.14420029202344,70.4818302020586],[-150.63855454007032,70.47509344668751],[-149.93851181546094,70.49947699160938],[-149.28632065335157,70.53923376651173],[-148.74062058010938,70.49404486270313],[-148.1207780508125,70.37976416201954],[-147.72354599514844,70.32667120547657],[-146.18263718167188,70.26810034366017],[-145.6070298818672,70.1924243793047],[-145.27254196682813,70.11638220401173],[-144.36034103909375,70.13342627139454],[-143.30757614651563,70.19675024600392],[-142.80247971096875,70.09034308047657],[-141.70396896878125,69.73443945498829],[-141.1613511709297,69.59894140811329],[-141.0592546133125,69.59546240420704],[-140.73939987698438,69.58456762881642],[-140.3345689443672,69.62324102969532],[-139.90065475979688,69.57098730655079],[-138.9954576162422,69.36829718203907],[-138.2996295205391,69.14342168331653],[-157.17792550553273,64.01250660088307]]],[[[-171.8583726553047,63.4997630939043],[-172.05232712307813,63.59952887149219],[-171.9716081289375,63.728526674226565],[-171.73936935940625,63.750445924714846],[-171.22862717190625,63.65118368716602],[-170.96809860745313,63.651675783113284],[-170.7234849599922,63.68790014834766],[-170.48152634182813,63.688373170808596],[-170.10889145413282,63.56027182193164],[-169.3329362539375,63.39732702823047],[-169.13988205471875,63.29059561343555],[-169.1192369131172,63.240680299714846],[-169.37530991116407,63.254466615632815],[-169.6658677724922,63.23965033145313],[-169.90311142483594,63.07521017642383],[-170.62897202053907,63.36632879825],[-170.9664048818672,63.45857199283008],[-171.32257553616407,63.48649176211719],[-171.72774216214063,63.457130037263674],[-171.8583726553047,63.4997630939043]]]]}},{"type":"Feature","properties":{"NAME":"Eyaq","ABBREVN":"Eyaq","wikipedia":null,"SUBJECTO":"Eyaq","BORDERPRECISION":1,"PARTOF":"Eyaq","polity_id":"ottoman_classical:eyaq","name":"Eyaq","ISO_A3":"EYAQ","ADM0_A3":"EYAQ","ADMIN":"Eyaq","fill_colour":"#2f4a6f","border_precision":1},"geometry":{"type":"MultiPolygon","coordinates":[[[[-135.19733139553907,56.82011755557422],[-135.46605392971875,57.229198060945315],[-135.48392197171094,57.33171423526172],[-135.44122787991407,57.42754705996875],[-135.25807663479688,57.41421087832813],[-135.00233933010938,57.32577093692188],[-134.8212632803047,56.916339479402346],[-134.76378342190625,56.79368170352344],[-134.80276962796094,56.67095144839649],[-134.94566818753125,56.453502260164065],[-135.19733139553907,56.82011755557422]]],[[[-132.351368871125,53.364871583894534],[-132.56876083889844,53.27950247378711],[-132.99696823635938,53.65111120791797],[-133.08598801175,53.804820619539065],[-133.09669968167188,54.01911123843555],[-133.0539292959297,54.066085420564455],[-132.87006088772657,54.046344362214846],[-132.72987839260938,54.06671103091602],[-132.37852951565625,53.98698767276172],[-132.08231064358594,54.021060548738284],[-131.95637985745313,53.96771200747852],[-131.89424606839063,53.89415320010547],[-131.99947067776563,53.79354437442188],[-132.07715317288282,53.53917654605274],[-132.08984848538282,53.39880331607227],[-132.351368871125,53.364871583894534]]],[[[-132.17720505276563,55.28475149722461],[-132.17378708401563,54.846309267],[-133.01601120510938,55.37103231997852],[-133.27101608792188,55.6209789142168],[-133.26630112210157,55.8310619220293],[-133.5177964834297,56.21072348208789],[-133.48555466214063,56.25834234805469],[-133.2806901601875,56.23156698794727],[-133.15726181546094,56.116309724763674],[-132.63325974026563,55.90010794253711],[-132.59436508694532,55.812022767976565],[-132.6207780508125,55.750953279451174],[-132.6880845693672,55.6491771564043],[-132.55470749417188,55.45311316104297],[-132.17720505276563,55.28475149722461]]],[[[-136.02452560940625,58.21496542544727],[-135.6718492178047,58.04393347354297],[-135.32489487210157,58.09266623111133],[-135.11499496975782,57.67462881656055],[-135.147023168,57.59923132510547],[-135.5425309805,57.72180136294727],[-135.82173630276563,57.75551565738086],[-135.79140183010938,57.55691107364063],[-135.81644150296094,57.454207979158205],[-136.23701950589063,57.727313600496096],[-136.59644028225782,57.90492209048633],[-136.41823288479688,58.111190401033205],[-136.30008408108594,58.180091463044924],[-136.02452560940625,58.21496542544727]]],[[[-129.96955250552944,53.91281090128833],[-130.0036363271797,53.93796118350391],[-130.17645737210157,54.17214544864063],[-130.26825424710157,54.353030763582034],[-130.2989244131172,54.54758032412891],[-130.11050888577344,54.729293428376955],[-130.03790756741407,54.84368094058399],[-129.84171005764844,54.97854956241016],[-129.8417100577519,54.97854956265154],[-129.84171005776804,54.978549562640445],[-130.00269028225782,55.28853949160938],[-130.06500717678907,55.102122865632815],[-130.26733871975782,55.071841798738284],[-130.41287704983594,55.020736299470705],[-130.54572006741407,54.90974386783008],[-130.69032761135938,54.9716754779375],[-130.77339645901563,55.06621512027149],[-130.73390671292188,55.26570089908008],[-130.69536301175,55.46538122744922],[-130.69536301185346,55.4653812276906],[-130.69536301186562,55.46538122762754],[-130.89236923733594,55.76919897647266],[-131.10103317776563,55.91288336367969],[-131.19051071682813,56.03476294131641],[-131.76700302639844,56.0100055560625],[-131.96361252346875,55.96609076114063],[-132.03246017971875,55.89350088687305],[-132.2555894521797,55.85003622622852],[-132.2640123037422,55.937152467683596],[-132.27916428128125,56.13155706973438],[-132.18375107327344,56.25405081363086],[-132.10095688382032,56.349383912996096],[-132.27107712307813,56.505530916169924],[-132.55931564846875,56.70247610659961],[-132.87128159085157,57.01559790225391],[-133.19673630276563,57.158370576814455],[-133.40042587796094,57.21945150943164],[-133.4004258778894,57.21945150962055],[-133.34084030667188,57.376815401033205],[-133.5968522695625,57.643287263826174],[-133.6412858633125,57.73912771792774],[-133.47411057034375,57.84225805850391],[-133.50479599514844,57.89706762881641],[-133.6403093008125,57.96541937442188],[-133.84044357815625,57.99935110659961],[-134.01663681546094,58.12260778994922],[-134.12349411526563,58.239215455964846],[-134.38007065335157,58.3762279376543],[-134.8302964834297,58.56118353457813],[-135.04585739651563,58.90538366885547],[-135.14375778714063,59.16753347964649],[-135.30861374417188,59.346961580232424],[-135.4694566396797,59.33973654361133],[-135.51483627835157,58.97349890323047],[-135.32571884671094,58.58088644595508],[-135.27911850491407,58.44331320376758],[-135.30032822171094,58.37449225039844],[-135.6158952383125,58.4357868060625],[-135.73827072659375,58.4699779376543],[-135.96841904202344,58.696788392976565],[-136.14838120022657,58.90328177066211],[-136.3901109365547,58.84076651187305],[-136.93880173197437,58.94317968927392],[-136.93880173197437,58.943179689273926],[-136.93880173245313,58.943179689363284],[-136.3703050284256,58.62023504829206],[-136.37030502835157,58.62023504825],[-136.35608383694532,58.523868165925784],[-137.08501144925,58.44676931949024],[-137.57666489163282,58.604163728669924],[-138.20122238675,59.03053244204883],[-138.4457292226875,59.161883912996096],[-138.74449631253125,59.18144568057422],[-138.78018662014844,59.1813922748125],[-139.20009323635938,59.2773395404375],[-139.78506943264844,59.51837881656055],[-139.78506943235584,59.51837881663874],[-139.3673600820625,59.63000448794727],[-139.30663010159375,59.706344209626955],[-139.39981552639844,59.83094748111133],[-139.572560277375,59.89999731631641],[-139.92891403714063,59.82994421573047],[-140.1329087881172,59.76717337222461],[-140.42836472073438,59.75967749209766],[-140.9045152334297,59.786483369783205],[-141.38519760647657,59.89656027408008],[-141.3728990224922,60.00773199649219],[-141.43944260159375,60.091231904939455],[-141.5855455068672,60.139754854158205],[-141.74712082425,60.13249929995899],[-141.95845505276563,60.041461549714846],[-142.42458054104688,60.019671998933596],[-143.08368393460157,60.07418020816211],[-144.0529527334297,60.05142553897266],[-144.4064225820625,60.09257086367969],[-144.51793381253125,60.14116629214649],[-144.81078049221875,60.31508596988086],[-145.0028581289375,60.55236013980274],[-145.13838669339063,60.45421560855274],[-145.49269577542188,60.38364752383594],[-145.8931626943672,60.515697084382815],[-145.9983873037422,60.66243704409961],[-146.18587204495313,60.725108705476565],[-146.57832809964063,60.83646734805469],[-147.06781754577045,60.909945829297776],[-145.51130826283057,62.576375375632956],[-138.6074405381188,61.53462731284501],[-134.79862274364473,60.552669192688725],[-132.05461693500254,59.845232152917106],[-128.42716101184885,55.66806036922231],[-129.96955250552944,53.91281090128833]]]]}},{"type":"Feature","properties":{"NAME":"Tecuexe","ABBREVN":"Tecuexe","wikipedia":null,"SUBJECTO":"Tecuexe","BORDERPRECISION":1,"PARTOF":"Tecuexe","polity_id":"ottoman_classical:tecuexe","name":"Tecuexe","ISO_A3":"TECUEXE","ADM0_A3":"TECUEXE","ADMIN":"Tecuexe","fill_colour":"#9e3d94","border_precision":1},"geometry":{"type":"MultiPolygon","coordinates":[[[[-103.1567016953997,21.153591421551656],[-103.13512374404833,21.29439195446426],[-102.76829857107501,21.32454599250184],[-102.37218526086609,21.582973253955156],[-102.04543720080405,21.796146111748],[-101.84044666296602,21.77610935029897],[-101.91596949269584,20.90182904900843],[-101.93667755010526,20.90182904900843],[-102.14253798188523,20.90182904900843],[-102.2396387629664,20.65973898064854],[-102.66040881431815,20.548651701569817],[-102.76093444283802,20.458375783553794],[-103.49519867672093,20.684303240133147],[-103.70617675649616,20.62345814592647],[-103.7524297578758,20.610118996052304],[-103.78246228458949,20.700114253047516],[-103.59904969810282,21.002585013863207],[-103.6096251042063,21.012704243612134],[-103.1567016953997,21.153591421551656]]]]}},{"type":"Feature","properties":{"NAME":"Zacatecs","ABBREVN":"Zacatecs","wikipedia":null,"SUBJECTO":"Zacatecs","BORDERPRECISION":1,"PARTOF":"Zacatecs","polity_id":"ottoman_classical:zacatecs","name":"Zacatecs","ISO_A3":"ZACATECS","ADM0_A3":"ZACATECS","ADMIN":"Zacatecs","fill_colour":"#dbc93d","border_precision":1},"geometry":{"type":"MultiPolygon","coordinates":[[[[-103.70212111788499,21.911394090578792],[-103.67457252783262,22.455775272651454],[-104.59830180802882,23.486314479487984],[-104.83978190080671,23.755716682723644],[-104.90451575486082,24.827573987505083],[-104.80741497377964,25.042806054532875],[-105.04477243864474,25.996953138220533],[-104.69128576908236,26.444606692049355],[-104.67794726567142,26.461498498640122],[-103.76418609699917,26.376842771205936],[-103.73930638188675,26.374537781178557],[-103.5149436441781,25.699442917432307],[-103.49115994134596,25.627879092766836],[-102.79366092279638,24.968577308620493],[-102.7790875467507,24.954802016365704],[-102.84382140080481,24.611967208237868],[-102.42305134945306,24.179639162413036],[-102.35831749539894,23.706333125920395],[-102.57409700891266,23.399738907859152],[-102.29358364134482,23.151966839245997],[-102.11541988098159,22.67894125962463],[-102.11017105485817,22.665005602820468],[-102.7790875467507,21.976350643406303],[-102.80256520814174,22.032299526907362],[-102.8546103764805,22.156326746300206],[-103.23222452512951,22.146334091929997],[-103.52840766725078,21.921595114037704],[-103.70212111788499,21.911394090578792]]]]}},{"type":"Feature","properties":{"NAME":"Caxcane","ABBREVN":"Caxcane","wikipedia":null,"SUBJECTO":"Caxcane","BORDERPRECISION":1,"PARTOF":"Caxcane","polity_id":"ottoman_classical:caxcane","name":"Caxcane","ISO_A3":"CAXCANE","ADM0_A3":"CAXCANE","ADMIN":"Caxcane","fill_colour":"#a4933d","border_precision":1},"geometry":{"type":"MultiPolygon","coordinates":[[[[-102.80256520814174,22.032299526907362],[-102.88158281566972,21.916307773561904],[-102.37218526086609,21.582973253955156],[-102.76829857107501,21.32454599250184],[-103.13512374404833,21.29439195446426],[-103.1567016953997,21.153591421551656],[-103.6096251042063,21.012704243612134],[-104.0090307737789,21.394881315005566],[-104.03060872513028,21.53545043427148],[-103.71772843053537,21.56555472359339],[-103.44800403864322,21.92631667876751],[-103.52840766725078,21.921595114037704],[-103.23222452512951,22.146334091929997],[-102.8546103764805,22.156326746300206],[-102.80256520814174,22.032299526907362]]]]}},{"type":"Feature","properties":{"NAME":"Guachichiles","ABBREVN":"Guachichiles","wikipedia":null,"SUBJECTO":"Guachichiles","BORDERPRECISION":1,"PARTOF":"Guachichiles","polity_id":"ottoman_classical:guachichiles","name":"Guachichiles","ISO_A3":"GUACHICHILES","ADM0_A3":"GUACHICHILES","ADMIN":"Guachichiles","fill_colour":"#2c3677","border_precision":1},"geometry":{"type":"MultiPolygon","coordinates":[[[[-102.79366092279638,24.968577308620493],[-102.56870252107481,25.05746726302505],[-102.56870252107481,25.545166066607216],[-102.29897812918267,25.613286832020385],[-102.06162066431759,25.574365427273282],[-101.75952934539838,25.36007182455472],[-101.67321753999289,25.399062672391338],[-101.8242631994525,25.710534877480285],[-101.64965615039918,25.761871208451478],[-101.29560339134389,25.865966488216362],[-100.22749479945098,25.350322146317968],[-99.75277986972078,24.7149170343044],[-99.7514204161204,24.71107081678029],[-99.66404322452969,24.463859962796636],[-99.65567908863963,24.440195833307275],[-100.62668689945136,24.19440192741926],[-100.5187971426945,23.66187193805018],[-99.94705767710386,23.58835173828882],[-99.9038255291804,23.58279249960978],[-99.85367179798337,23.306444550075256],[-99.80672474809921,23.04776547151945],[-99.43989957512589,22.80928837468242],[-100.18174488625591,21.941979766257607],[-100.47633867146995,21.59756331976772],[-100.5080081670188,21.560537775895025],[-102.11541988098159,22.67894125962463],[-102.29358364134482,23.151966839245997],[-102.57409700891266,23.399738907859152],[-102.35831749539894,23.706333125920395],[-102.42305134945306,24.179639162413036],[-102.84382140080481,24.611967208237868],[-102.7790875467507,24.954802016365704],[-102.79366092279638,24.968577308620493]]]]}},{"type":"Feature","properties":{"NAME":"Guamar / Pecchichitane","ABBREVN":"Guamar / Pecchichitane","wikipedia":null,"SUBJECTO":"Guamar / Pecchichitane","BORDERPRECISION":1,"PARTOF":"Guamar / Pecchichitane","polity_id":"ottoman_classical:guamar_pecchichitane","name":"Guamar / Pecchichitane","ISO_A3":"GUAMARPECCHI","ADM0_A3":"GUAMARPECCHI","ADMIN":"Guamar / Pecchichitane","fill_colour":"#72328b","border_precision":1},"geometry":{"type":"MultiPolygon","coordinates":[[[[-100.34328475357614,21.08643460766743],[-100.25986172647806,20.947177628363516],[-100.48643021566747,20.826217625408457],[-100.40011841026198,20.5233933119341],[-101.06903490215451,20.846384389459192],[-101.23048415294345,20.780933297952046],[-101.23048415294346,20.780933297952053],[-101.40888763593858,20.73038865477592],[-101.4736214899927,20.50823627673279],[-101.79729076026328,20.5789562600298],[-101.80807973593896,20.75056822686948],[-101.93667755010526,20.90182904900843],[-101.91596949269584,20.90182904900843],[-101.84044666296602,21.77610935029897],[-102.04543720080405,21.796146111748],[-102.37218526086609,21.582973253955156],[-102.88158281566972,21.916307773561904],[-102.80256520814174,22.032299526907362],[-102.7790875467507,21.976350643406303],[-102.11017105485817,22.665005602820468],[-102.11541988098159,22.67894125962463],[-100.5080081670188,21.560537775895025],[-100.47633867146995,21.59756331976772],[-100.33038409300637,21.087868014397404],[-100.34328475357614,21.08643460766743]]]]}},{"type":"Feature","properties":{"NAME":"Xecora","ABBREVN":"Xecora","wikipedia":null,"SUBJECTO":"Xecora","BORDERPRECISION":1,"PARTOF":"Xecora","polity_id":"ottoman_classical:xecora","name":"Xecora","ISO_A3":"XECORA","ADM0_A3":"XECORA","ADMIN":"Xecora","fill_colour":"#5d8d2a","border_precision":1},"geometry":{"type":"MultiPolygon","coordinates":[[[[-105.28941677951093,23.099640388765334],[-105.2039098298611,23.39973890785914],[-105.28482714742874,23.54323489499427],[-105.21329822382053,23.567387659234928],[-105.07983660959069,23.612452882379166],[-104.59830180802882,23.486314479487984],[-103.67457252783262,22.455775272651454],[-103.70212111788499,21.911394090578792],[-104.30033311702242,21.876265120344627],[-104.79662599810396,22.056368312017238],[-105.06635038999612,22.794369636263763],[-105.26055195215847,22.913673759613367],[-105.28941677951093,23.099640388765334]]]]}},{"type":"Feature","properties":{"NAME":"Vice Royalty of New Spain","ABBREVN":"New Spain","wikipedia":null,"SUBJECTO":"Vice Royalty of New Spain","BORDERPRECISION":1,"PARTOF":"Vice Royalty of New Spain","polity_id":"ottoman_classical:vice_royalty_of_new_spain","name":"Vice Royalty of New Spain","ISO_A3":"VICEROYALTYO","ADM0_A3":"VICEROYALTYO","ADMIN":"Vice Royalty of New Spain","fill_colour":"#cf547d","border_precision":1},"geometry":{"type":"MultiPolygon","coordinates":[[[[-97.87986887799438,22.48209956579227],[-97.88202377835157,22.33262213321094],[-97.62811752835157,21.55123671145801],[-97.50419327298047,21.189153276399416],[-97.22339340725782,20.763837419465823],[-96.88145157376172,20.357709489778323],[-96.79518600979688,20.15447386355762],[-96.57883926907422,19.919734559968752],[-96.34066483059766,19.481610856965823],[-96.01226517239454,18.929256044343752],[-95.84385391751172,18.796125017122073],[-95.53918167630079,18.764991365388674],[-95.34308334866407,18.77176245303516],[-95.08328720608594,18.702395997957034],[-94.81647202053907,18.49954756350879],[-94.58994003811719,18.271188341096682],[-94.24197098294141,18.240150056794924],[-93.78490158596875,18.349187456086916],[-93.08748337307813,18.554090105012698],[-92.45908829251172,18.688920579866213],[-92.09788223782422,18.75961645694141],[-92.10702225247266,18.515859209016604],[-91.72974106350782,18.41570433230762],[-91.61098953762891,18.544532381013674],[-91.47900101223829,18.633794389680666],[-91.52561661282422,18.744794450715823],[-91.70248123684766,18.823484025911135],[-91.21970078030469,19.102496705964846],[-90,19.38150557132129],[-88.30037399807813,17.635434709504885],[-88.22047897854688,17.514291368440432],[-88.32700821438672,17.15658339114551],[-88.24188705960157,17.01350363345508],[-88.28342911282422,16.834651552156252],[-88.44453903714063,16.44117697329883],[-88.57977005520704,16.28378637881641],[-88.74182602444532,16.269479356721682],[-88.76614853421094,16.140704713777346],[-88.94081589260938,16.03339346499805],[-88.94077774563672,15.904618822053713],[-88.80428024807813,15.861696802095217],[-88.66434189358594,15.725766740754885],[-88.6013917593086,15.811617456392092],[-88.6312989858711,15.983316026643557],[-88.4801530508125,15.912461839631838],[-88.27393051663282,15.747230134919924],[-88.1334733633125,15.76064833255176],[-87.85814377346875,15.882015787080569],[-87.57061478176954,15.90804823489551],[-87.23618027249219,15.851557336763186],[-87.02135941067579,15.820244394258303],[-86.37202927151563,15.802567087129397],[-86.05767532864454,15.904934488252444],[-85.88712784329297,15.994289003328127],[-85.63204666653516,15.874069772676272],[-85.2774171499336,15.887545190767092],[-84.93398758450391,15.932765565828127],[-84.65045639553907,15.933375917390627],[-84.42528244534375,15.876661859468264],[-84.17139908352735,15.762790285066409],[-84.18845840969922,15.603841386750979],[-84.23436447659375,15.50204237552051],[-84.13201614895704,15.375135026887698],[-83.77785965481641,15.267836175874514],[-83.52716537991407,15.236602388337893],[-83.41719528714063,15.00085886569385],[-83.31351944485547,14.767507158235354],[-83.29642197171094,14.614999376252932],[-83.32192703762891,14.386119447664065],[-83.41799637356641,14.068114839509768],[-83.66236588040235,13.705296121553225],[-83.70726486721875,13.36832769961719],[-83.68813797512891,12.961587511018557],[-83.79818436184766,12.45287474246387],[-83.88305374661329,12.12219675631885],[-83.9000571473054,11.888261763595107],[-83.92833420315625,11.499222360566897],[-83.91412827053907,11.251382432893557],[-83.83133408108594,11.041812501863284],[-83.74664017239454,10.87845953555469],[-83.37719437161329,10.480383478120608],[-83.20409103909375,10.200237832979006],[-83.0626725820625,10.055239282563967],[-82.96153732815625,10.034444414094729],[-82.75197311917188,9.744477830842776],[-82.55354782620313,9.586018167451662],[-82.55992600003125,9.583112321809573],[-82.32602402249219,9.444949708894534],[-82.23838516751172,9.214680276826662],[-82.22958847561719,9.046509347871584],[-82.06641098538282,8.976955018953127],[-81.7836427358711,8.965988717988772],[-81.67403885403516,9.058097444490237],[-81.49503037014844,8.864669404939455],[-81.1684083608711,8.827826105073733],[-80.96249863186719,8.864939294770998],[-80.3556642202461,9.203076921418948],[-80.12428757229688,9.223890863374514],[-79.50042435208204,9.638376794770998],[-79.33251663723829,9.573912225679202],[-78.99839493313672,9.542852960542483],[-78.96670242825391,9.472583375886721],[-78.61175247708204,9.480125032380862],[-78.26649185696485,9.385549150422854],[-77.96716019192579,9.214597307161135],[-77.677540746125,8.961007677034182],[-77.4947023061836,8.661484323457522],[-77.43079849758985,8.627805314973635],[-77.24171921292188,8.475687585786623],[-77.06297012844922,8.24728163333301],[-76.96389481106641,8.018701158479494],[-76.85815140286329,7.929960809663577],[-76.7685060171211,8.006409250215334],[-76.70225235501172,8.114596925691409],[-76.85147568264844,8.463816247895998],[-76.8424577383125,8.559167467073244],[-76.76352402249219,8.692807756379885],[-76.56314560452344,8.84576567263965],[-76.383351293,8.979613862947268],[-76.15768906155469,9.310580812410159],[-76.01035782376172,9.380817018464846],[-75.70266434231641,9.425959192231936],[-75.60487839260938,9.597771249727053],[-75.65161606350782,9.76926764102344],[-75.57332321682813,10.118981920198244],[-75.5432862905586,10.41140516848926],[-75.45044418850782,10.627693735078616],[-75.22642227688672,10.825208269075198],[-75.033497777375,10.952733598665041],[-74.76690384426954,11.061349473909182],[-74.71629807034375,11.061465822175784],[-74.5481691030586,10.968883119539065],[-74.44896408596875,10.769680582002444],[-74.32281204739454,10.92248972506885],[-74.3085450796211,11.119539819673342],[-74.2189225820625,11.367601953462405],[-74.12012955227735,11.399594865754885],[-74.00004288235547,11.342646203950686],[-73.61538406887891,11.32441671939258],[-73.36232468167188,11.324960313752932],[-73.08224197903516,11.446318231538577],[-72.97528549710157,11.560949884370608],[-72.76138016262891,11.694874368623537],[-72.37965866604688,11.81010016055469],[-72.18380447903516,11.988483034089846],[-72.05884262600782,12.236620508149905],[-71.9088639883125,12.35134943576221],[-71.69791122952344,12.428066812471194],[-71.43680283108594,12.422281824067873],[-71.20015427151563,12.270248018220705],[-71.13045212307813,12.213191591218752],[-71.06055923977735,12.06080874057178],[-71.18874832669141,11.911603532747073],[-71.59361740628125,11.843575082734866],[-71.92281815091016,11.703040681794924],[-71.9878663686836,11.607564531282229],[-71.90224167385938,11.334449373201174],[-71.83819290676954,11.151430688813967],[-71.73761459866407,11.09484251590137],[-71.75704666653516,11.029700838044924],[-71.68795486966016,10.769269548372073],[-71.74870010891797,10.603895746187014],[-71.89590164700391,10.440075479463381],[-72.05224319973829,10.069379411653323],[-72.11403366604688,9.904005609468264],[-72.00001999417188,9.688166223481936],[-71.87054916897657,9.574048601106448],[-71.75801559964063,9.250166498140139],[-71.60471817532422,9.091612420991702],[-71.36940475979688,9.142963968232912],[-71.28671738186719,9.21305426211719],[-71.0983171133125,9.32786139102344],[-71.04417130032422,9.391532503083987],[-71.01439377346875,9.62673719973926],[-71.08939072171094,9.91892298312549],[-71.08939072177422,9.918922983210424],[-71.08939072177422,9.918922983210415],[-71.18394943753125,10.045826517061037],[-71.38124558010938,10.407673440889162],[-71.44250961819532,10.468369089082522],[-71.44250961825414,10.468369089279694],[-71.44250961825412,10.468369089279685],[-71.4955567983711,10.646208368257327],[-71.49555679841124,10.646208368286521],[-71.49555679841124,10.646208368286517],[-71.60672470608594,10.727042756990237],[-71.499318089875,10.771501146272463],[-71.456349339875,10.884672723726077],[-71.45634934002892,10.884672723834493],[-71.45634934002892,10.88467272383449],[-71.54816147366407,10.949340425447268],[-71.09841629544141,11.120093904451174],[-70.61012741604688,11.267333589509768],[-70.16137405911329,11.389892183259768],[-70.12243362942579,11.49093683810596],[-69.81202408352735,11.529625497773928],[-69.74783798733594,11.533459268525881],[-69.76678177395704,11.604107461885256],[-69.79154678860547,11.693026147798342],[-69.79154678864482,11.693026147809626],[-69.79154678864482,11.693026147809622],[-69.84794327298047,11.709193788484377],[-69.84794327306457,11.709193788720212],[-69.86523911038282,11.75769480319385],[-69.92282578030469,11.790028177217287],[-70.02431198635938,11.75797613711719],[-70.09457108059766,11.745567880586428],[-70.19743057766797,11.751242242769045],[-70.3392839101875,11.998806558564944],[-70.29026505032422,12.113316141084475],[-70.13849350491407,12.208971582368655],[-69.97353073635938,12.228398881868166],[-69.93297287503125,12.178036294893069],[-69.86998459378125,12.012325845674319],[-69.78634354153516,11.939572893098635],[-69.78696152249219,11.872883401826662],[-69.77518936673047,11.785985551790041],[-69.74466415921094,11.745567880586428],[-69.74290939846875,11.65664728732471],[-69.62888046780469,11.540557466462893],[-69.48074814358594,11.549403749421877],[-69.16608139553907,11.49924810977344],[-68.96130081692579,11.4679027423418],[-68.69460007229688,11.379503808931155],[-68.54911514798047,11.265414796785159],[-68.37241074124219,11.01157435031299],[-68.30246445217969,10.725720964387698],[-68.14105698147657,10.579895578340334],[-67.97961136380079,10.542116723970217],[-67.52091690579297,10.60029562564258],[-67.10348221341016,10.626629434541506],[-66.83778854885938,10.652612291291994],[-66.47811600247266,10.678809724763674],[-66.15650650540235,10.622311197236819],[-65.97666641751172,10.406616769746584],[-65.85632034817579,10.330602251008791],[-65.596486058625,10.216760240510744],[-65.37594315091016,10.153691850618166],[-64.88365646878125,10.135678850129885],[-64.71181961575391,10.161477647737307],[-64.53735825100782,10.263541780427737],[-64.06826111355664,10.626809678987307],[-63.85663315335157,10.709889017061037],[-63.653107610138676,10.691256128267092],[-63.221493688019535,10.723965249971194],[-62.70314499417188,10.756857477144045],[-62.289669957550785,10.732331834749026],[-62.17818924466016,10.681724153474612],[-62.20323273220899,10.618119798616213],[-62.33555313626172,10.535212121919436],[-62.71963974514844,10.553454957917971],[-62.91433426419141,10.546670518831057],[-62.951935735138676,10.451263032869143],[-62.925324407013676,10.368699632600588],[-62.658505406769535,10.254877649263186],[-62.384552922638676,10.013961397126955],[-62.296898808869145,9.721817575410647],[-62.186432805451176,9.95719488711719],[-62.10325714627149,10.020925126985354],[-61.916554418,9.906929574922366],[-61.69926544705274,9.894697748140139],[-61.53086563626172,9.850575052217287],[-61.41472717800977,9.698293291047854],[-62.99836385682802,9.291527278449463],[-64.90704050405392,9.291527278449463],[-69.22667712672312,9.793810606666808],[-69.72896045494046,8.487873953301706],[-69.81383055698998,8.487873953301706],[-70.43215711444475,8.487873953301706],[-70.68176376569242,8.557209134203836],[-70.68176376569241,8.557209134203836],[-70.68184908839874,8.557232834955592],[-72.2403770960272,8.990157281519055],[-72.5417470929576,9.59289727537987],[-72.5417470929576,10.195637269240686],[-73.2449437524619,10.195637269240686],[-75.25407706533127,7.885133959440891],[-77.40016647854688,6.670446001008791],[-77.7328385976875,6.993840299562258],[-77.89673325100782,7.171753011659426],[-78.06693741360547,7.542917810395998],[-78.2654542593086,7.885670267061037],[-78.32711502591016,8.088914476350588],[-78.24659439602735,8.197128854707522],[-78.14776321926954,8.235473237947268],[-77.79424759426954,8.179334245637698],[-77.94562241116407,8.265966974214358],[-78.00187393704297,8.339653573945803],[-78.04476639309766,8.551500879243655],[-78.18370529690625,8.413340173677248],[-78.38149735012891,8.394918046907229],[-78.49124619046094,8.565209947541994],[-78.50551315823438,8.685937486604494],[-78.59241196194532,8.812851510957522],[-78.65198990383985,8.744928918794436],[-78.75350662747266,8.873879991487307],[-78.80318161526563,8.827826105073733],[-78.86238571682813,8.947566591218752],[-79.06764694729688,9.034267984346194],[-79.32061478176954,9.040072999910159],[-79.54492661038282,8.931553445771975],[-79.71689316311719,8.883091531709475],[-79.7487077383125,8.721376977876467],[-79.7120866445625,8.615977846101565],[-79.95042892971875,8.473086915925784],[-80.1187028555,8.39010389895801],[-80.26944443264844,8.377067171052737],[-80.42464920559766,8.192432008699221],[-80.40260788479688,8.059011064485354],[-80.26013657132032,7.925166688875002],[-80.051320043,7.731739126161379],[-79.97115799466016,7.557874284700198],[-79.97634598294141,7.492256246522707],[-80.10268875637891,7.455903612092776],[-80.21182724514844,7.474727235750002],[-80.40581985989454,7.298828683809084],[-80.66141220608594,7.251325689271731],[-80.813771214875,7.270063482240481],[-80.89903732815625,7.335673414186282],[-80.85046860257032,7.409360013917727],[-81.00740524807813,7.784427724794192],[-81.11725327053907,7.943068586305422],[-81.19685837307813,7.639630399659914],[-81.56210800686719,7.823846422151369],[-81.66427322903516,8.164647661165041],[-81.75740524807813,8.146224580720705],[-82.18935867825391,8.201490961030764],[-82.38439652005079,8.32122953982715],[-82.65388962307813,8.32107313723926],[-82.79510971585157,8.269931398347659],[-82.95746323147657,8.047210298494143],[-82.95613571682813,8.25675543399219],[-83.08955856839063,8.394918046907229],[-83.08514877835157,8.65062864871387],[-83.25491806546094,8.717297159150881],[-83.36231705227735,8.763351045564455],[-83.41244217434766,8.72650869937305],[-83.26605698147657,8.54219301791553],[-83.22823044339063,8.440971933320803],[-83.27895065823438,8.413340173677248],[-83.60548111477735,8.54781874270801],[-83.66387650051954,8.674799524263186],[-83.55081650296094,8.827565751985354],[-83.5328874258125,8.999204240754885],[-83.6149415639961,9.151563249543948],[-83.83384415188672,9.297263704255862],[-84.14668747464063,9.42652853579883],[-84.18226334133985,9.491004548982424],[-84.492482152375,9.537350259736819],[-84.63473984280469,9.684430681184573],[-84.6312989858711,9.873896203950686],[-84.69706436673047,9.988387666658205],[-84.80889603176954,10.032406412080569],[-85.06826492825391,10.191024385408205],[-85.25545212307813,10.310764871553225],[-85.15429398098829,10.080495439485354],[-85.11555954495313,9.9809003696001],[-84.92559525051954,9.960756860688967],[-84.8441667226875,9.841015420869631],[-85.0887956289375,9.583112321809573],[-85.15362259426954,9.701166711763186],[-85.31414505520704,9.827929101899905],[-85.56641098538282,9.922728143647952],[-85.7115983633125,10.030457101777834],[-85.77779099026563,10.138352952913088],[-85.82429977932813,10.360705934480471],[-85.76652237454297,10.55024965854053],[-85.61732956448438,10.651567064241213],[-85.62086197415235,10.826575838044924],[-85.87022110501172,10.927892290071291],[-85.70701309719922,10.983156763032717],[-85.73269363919141,11.085458360627932],[-85.83965775051954,11.07758291812305],[-86.01414200344922,11.367618165925784],[-86.43359085598829,11.767129503206057],[-86.88496872464063,12.255553804353518],[-87.26144882717969,12.623397432283205],[-87.58677383938672,12.832435213044924],[-87.67490860501172,12.91487368197803],[-87.68542954007032,13.016548715547366],[-87.40427109280469,13.029873453096194],[-87.54422470608594,13.327498994783205],[-87.55553146878125,13.36561544986133],[-87.7705812124336,13.500850282625002],[-87.75484177151563,13.466874681428713],[-87.84631058255079,13.441262803987307],[-87.84171768704297,13.321997247651858],[-87.94866653958204,13.171761117891116],[-88.25457474270704,13.192493043855471],[-88.63806625882032,13.25522955508594],[-89.40196701565625,13.482405267671389],[-89.98917099514844,13.678186975435061],[-90,13.772705636934084],[-90,13.797786317781252],[-90,13.937248788789553],[-91.24203201809766,13.951556764558596],[-91.51571365872266,14.058868013337893],[-91.92468735257032,14.3541332110918],[-92.15540024319532,14.542796693757815],[-92.47207352200391,14.792342744783205],[-92.90052506008985,15.19187506289844],[-93.33048721829297,15.534199319795412],[-93.81161209622266,15.920901857332034],[-94.05164047757032,16.07930716128711],[-94.0753907827461,16.11115988345508],[-94.36295029202344,16.22483404727344],[-94.83466049710157,16.31917341800098],[-95.13016983548047,16.299468599275393],[-95.49766251126172,16.12070807071094],[-95.99271103421094,15.86537417025928],[-96.3329362539375,15.750238977388186],[-96.7516603139961,15.781122766450686],[-97.07761856594922,15.875764451936526],[-97.29378983059766,15.964297853425784],[-97.88092514553907,16.052028261140627],[-98.14564987698438,16.172238908723635],[-98.43546005764844,16.362310014680666],[-98.85616013089063,16.596610628083987],[-99.20922562161329,16.716630540803713],[-99.97906967678907,16.892968736604494],[-100.41263290921094,17.057321153596682],[-100.73741623440625,17.221908174470705],[-101.2207765249336,17.41792257876758],[-101.48717972317579,17.57628210635547],[-101.9926042226875,18.02653082461719],[-102.08551498928907,18.0581127032793],[-102.3583268789375,18.0321117267168],[-102.66820236721875,18.09501799197559],[-103.49393936673047,18.353892885164065],[-103.74825760403516,18.594913087800784],[-103.97491165676954,18.880490861848635],[-104.19729324856641,19.05801161380176],[-104.24554450389412,19.084547893800746],[-104.66939255276563,19.31764753909473],[-104.94791122952344,19.43783911319141],[-105.17298599758985,19.659867845491213],[-105.50686356106641,20.10414846988086],[-103.7524297578758,20.610118996052304],[-103.70617675649616,20.62345814592647],[-103.49519867672093,20.684303240133147],[-102.76093444283802,20.458375783553794],[-101.47036900984476,20.06127872724818],[-101.23048415294346,20.780933297952053],[-101.23048415294345,20.780933297952046],[-101.06903490215451,20.846384389459192],[-100.40011841026198,20.5233933119341],[-100.48643021566747,20.826217625408457],[-100.25986172647806,20.947177628363516],[-100.34328475357614,21.08643460766743],[-100.33038409300637,21.087868014397404],[-99.75705159941107,21.15157162479688],[-99.51368396137305,21.800551992898278],[-99.28978321474733,22.397620650566843],[-99.08473200280591,22.38815310631628],[-98.49004567403396,22.360695482049902],[-98.6603960825575,22.92361104001435],[-97.87986887799438,22.48209956579227]]]]}},{"type":"Feature","properties":{"NAME":"Tamalipueca","ABBREVN":"Tamalipueca","wikipedia":null,"SUBJECTO":"Tamalipueca","BORDERPRECISION":1,"PARTOF":"Tamalipueca","polity_id":"ottoman_classical:tamalipueca","name":"Tamalipueca","ISO_A3":"TAMALIPUECA","ADM0_A3":"TAMALIPUECA","ADMIN":"Tamalipueca","fill_colour":"#32646c","border_precision":1},"geometry":{"type":"MultiPolygon","coordinates":[[[[-98.94090945012535,22.90373575063734],[-98.91000044612218,23.223216030336175],[-98.86685302410365,23.66919450487238],[-98.8222307176928,24.130417614212405],[-98.99485432850378,24.287859724003294],[-98.96544474577611,24.2990269575787],[-98.86538662039555,24.337020439757232],[-99.14589998796338,24.905883674582988],[-99.14039948571468,24.920143092166523],[-98.53092837444927,26.500126644160073],[-97.6371705390159,26.843321910825495],[-97.57326981106641,26.560979448274416],[-97.45142075100782,26.217908464387698],[-97.2599610952461,25.811372362092776],[-97.42493149319532,25.442277513459963],[-97.65813919583204,25.073043428376955],[-97.7418946889961,24.72957571597461],[-97.82254501858594,24.20810469241504],[-97.81478592434766,23.37533339114551],[-97.87469193020704,22.841205202058596],[-97.87986887799438,22.48209956579227],[-98.6603960825575,22.92361104001435],[-98.49004567403396,22.360695482049902],[-99.08473200280591,22.38815310631628],[-98.94090945012535,22.90373575063734]]]]}},{"type":"Feature","properties":{"NAME":"Apache","ABBREVN":"Apache","wikipedia":null,"SUBJECTO":"Apache","BORDERPRECISION":1,"PARTOF":"Apache","polity_id":"ottoman_classical:apache","name":"Apache","ISO_A3":"APACHE2","ADM0_A3":"APACHE2","ADMIN":"Apache","fill_colour":"#bc7a29","border_precision":1},"geometry":{"type":"MultiPolygon","coordinates":[[[[-107.86670233902576,26.471058377457947],[-108.21942853121529,27.221986725690492],[-108.64019858256704,27.872457713138907],[-108.47836394743177,28.101111910365116],[-108.7588773149996,28.148687088166962],[-109.30911507445958,28.566435059015983],[-109.42779380689213,28.319782630874162],[-111.23937295525822,28.09168589003293],[-111.27093979397657,28.10909231753711],[-111.69163223782422,28.496102891877932],[-111.90643021145704,28.813590608552737],[-112.03291794339063,29.061330400422854],[-112.32323166409375,29.435903154329104],[-112.65433212796094,29.91851194949512],[-112.72126100106298,30.072553174842405],[-112.04713884016235,30.227513084380845],[-110.37220889460862,30.612527860485333],[-108.693565450754,30.998396255405748],[-108.7464988527036,31.276128948313314],[-108.21707681010231,31.264957934708626],[-108.19896103246037,31.71294979896351],[-106.44543425406405,31.75921787223626],[-106.18126087448135,31.73782320478669],[-104.78491586811565,30.58605105703986],[-104.20625036998209,29.617471042304356],[-103.74080203452685,29.233983476367086],[-102.96086158052076,29.343699001967092],[-102.72184757042214,29.748618449623105],[-101.7280524758015,29.803212660309406],[-101.27094230533693,29.66749615711314],[-100.85661646310965,29.34697676662613],[-100.81874218545666,29.30168837838267],[-101.22811772154284,28.3031294495507],[-102.04549864436943,28.07755426600218],[-103.43045728825065,27.695342874010972],[-103.46338183678841,27.686256582818885],[-103.51543513661625,27.796132049387136],[-104.22750753121151,28.19624113916526],[-104.84247914472562,27.76749609204061],[-105.15051677033705,27.220652649966773],[-105.23076956738007,27.198505033209756],[-107.83568869110563,26.479617311397707],[-107.86670233902576,26.471058377457947]]]]}},{"type":"Feature","properties":{"NAME":"Cahitas","ABBREVN":"Cahitas","wikipedia":null,"SUBJECTO":"Cahitas","BORDERPRECISION":1,"PARTOF":"Cahitas","polity_id":"ottoman_classical:cahitas","name":"Cahitas","ISO_A3":"CAHITAS","ADM0_A3":"CAHITAS","ADMIN":"Cahitas","fill_colour":"#933aa1","border_precision":1},"geometry":{"type":"MultiPolygon","coordinates":[[[[-109.42779380689213,28.319782630874162],[-109.30911507445958,28.566435059015983],[-108.7588773149996,28.148687088166962],[-108.47836394743177,28.101111910365116],[-108.64019858256704,27.872457713138907],[-108.21942853121529,27.221986725690492],[-107.86670233902576,26.471058377457947],[-107.83568869110563,26.479617311397707],[-107.69076872310667,26.27783795445067],[-107.69664543202794,26.25662177454988],[-108.04019472956038,25.016335110892197],[-108.07753464260938,25.06379660220508],[-108.2255143789375,25.152492128328127],[-108.49932571926954,25.24092634768848],[-108.68295761624219,25.380416475251955],[-108.84755417385938,25.615321718171877],[-108.96924301663282,25.627786241487307],[-109.15561386624219,25.57652624698047],[-109.26274582425,25.646236024812502],[-109.33612534085157,25.81138952823047],[-109.33828445950391,25.957625947908205],[-109.25747580228663,26.087242251477676],[-109.13188644925,26.288686357454104],[-109.1887941030586,26.441173158601565],[-109.52662369290235,26.720227800325198],[-109.72421738186719,26.605363450959963],[-109.89268967190625,26.884776674226565],[-109.94591995755079,27.043618761018557],[-110.10728165188672,27.13866575808887],[-110.38207718411329,27.214393220857424],[-110.52550217190625,27.34762343020801],[-110.58186813870313,27.46195562930469],[-110.55912491360547,27.633683763459963],[-110.52135178128125,27.754569612458987],[-110.6044435171211,27.856137834504885],[-110.85694595852735,27.95099028201465],[-111.0641603139961,27.99507101626758],[-111.23937295525822,28.09168589003293],[-109.42779380689213,28.319782630874162]]]]}},{"type":"Feature","properties":{"NAME":"Tepehuane","ABBREVN":"Tepehuane","wikipedia":null,"SUBJECTO":"Tepehuane","BORDERPRECISION":1,"PARTOF":"Tepehuane","polity_id":"ottoman_classical:tepehuane","name":"Tepehuane","ISO_A3":"TEPEHUANE","ADM0_A3":"TEPEHUANE","ADMIN":"Tepehuane","fill_colour":"#662fc6","border_precision":1},"geometry":{"type":"MultiPolygon","coordinates":[[[[-105.23076956738007,27.198505033209756],[-104.69128576908236,26.444606692049355],[-105.04477243864474,25.996953138220533],[-104.80741497377964,25.042806054532875],[-104.90451575486082,24.827573987505083],[-104.83978190080671,23.755716682723644],[-104.59830180802882,23.486314479487984],[-105.07983660959069,23.612452882379166],[-105.21329822382053,23.567387659234928],[-105.43587280688831,23.74584146854149],[-105.74875310148322,24.29769339143107],[-106.00028432601864,24.711297024569525],[-106.201890079862,25.042806054532843],[-107.31315457445764,26.113263272137445],[-107.69664543202794,26.25662177454988],[-107.69076872310667,26.27783795445067],[-107.83568869110563,26.479617311397707],[-105.23076956738007,27.198505033209756]]]]}},{"type":"Feature","properties":{"NAME":"Acaxea","ABBREVN":"Acaxea","wikipedia":null,"SUBJECTO":"Acaxea","BORDERPRECISION":1,"PARTOF":"Acaxea","polity_id":"ottoman_classical:acaxea","name":"Acaxea","ISO_A3":"ACAXEA","ADM0_A3":"ACAXEA","ADMIN":"Acaxea","fill_colour":"#25da73","border_precision":1},"geometry":{"type":"MultiPolygon","coordinates":[[[[-106.00028432601864,24.711297024569525],[-106.77220024126973,24.444618453216627],[-106.9328431818898,24.641390109601712],[-107.33617147922801,24.221503594491434],[-107.34297953415103,24.22900323909971],[-107.40375229397657,24.295949541047854],[-107.77061935940625,24.555829606965823],[-107.91568466702344,24.644536577180666],[-107.98668381253125,24.765176378206057],[-108.01261612454297,24.981280885652346],[-108.04019472956038,25.016335110892197],[-107.69664543202794,26.25662177454988],[-107.31315457445764,26.113263272137445],[-106.201890079862,25.042806054532843],[-106.00028432601864,24.711297024569525]]]]}},{"type":"Feature","properties":{"NAME":"Chisos","ABBREVN":"Chisos","wikipedia":null,"SUBJECTO":"Chisos","BORDERPRECISION":1,"PARTOF":"Chisos","polity_id":"ottoman_classical:chisos","name":"Chisos","ISO_A3":"CHISOS","ADM0_A3":"CHISOS","ADMIN":"Chisos","fill_colour":"#c02fca","border_precision":1},"geometry":{"type":"MultiPolygon","coordinates":[[[[-103.143215475805,27.077983890417936],[-103.13825007821058,26.657124868966644],[-103.13782098796716,26.620755878059654],[-103.48846269742694,26.635222848881277],[-103.76418609699917,26.376842771205936],[-104.67794726567142,26.461498498640122],[-104.69128576908236,26.444606692049355],[-105.23076956738007,27.198505033209756],[-105.15051677033705,27.220652649966773],[-104.84247914472562,27.76749609204061],[-104.22750753121151,28.19624113916526],[-103.51543513661625,27.796132049387136],[-103.46338183678841,27.686256582818885],[-103.43045728825065,27.695342874010972],[-103.143215475805,27.077983890417936]]]]}},{"type":"Feature","properties":{"NAME":"Otomies","ABBREVN":"Otomies","wikipedia":null,"SUBJECTO":"Otomies","BORDERPRECISION":1,"PARTOF":"Otomies","polity_id":"ottoman_classical:otomies","name":"Otomies","ISO_A3":"OTOMIES","ADM0_A3":"OTOMIES","ADMIN":"Otomies","fill_colour":"#418e33","border_precision":1},"geometry":{"type":"MultiPolygon","coordinates":[[[[-99.5936424785043,21.856239577886615],[-99.51368396137305,21.800551992898278],[-99.75705159941107,21.15157162479688],[-100.33038409300637,21.087868014397404],[-100.47633867146995,21.59756331976772],[-100.18174488625591,21.941979766257607],[-99.5936424785043,21.856239577886615]]]]}},{"type":"Feature","properties":{"NAME":"Irritilas","ABBREVN":"Irritilas","wikipedia":null,"SUBJECTO":"Irritilas","BORDERPRECISION":1,"PARTOF":"Irritilas","polity_id":"ottoman_classical:irritilas","name":"Irritilas","ISO_A3":"IRRITILAS","ADM0_A3":"IRRITILAS","ADMIN":"Irritilas","fill_colour":"#3e9341","border_precision":1},"geometry":{"type":"MultiPolygon","coordinates":[[[[-103.5149436441781,25.699442917432307],[-102.45811552039892,25.98725541946121],[-101.86120341595196,26.500812651091543],[-101.84473483611711,26.499233947862354],[-101.83235493120914,26.46149849864009],[-101.64965615039918,25.761871208451478],[-101.8242631994525,25.710534877480285],[-101.67321753999289,25.399062672391338],[-101.75952934539838,25.36007182455472],[-102.06162066431759,25.574365427273282],[-102.29897812918267,25.613286832020385],[-102.56870252107481,25.545166066607216],[-102.56870252107481,25.05746726302505],[-102.79366092279638,24.968577308620493],[-103.49115994134596,25.627879092766836],[-103.5149436441781,25.699442917432307]]]]}},{"type":"Feature","properties":{"NAME":"Toboso","ABBREVN":"Toboso","wikipedia":null,"SUBJECTO":"Toboso","BORDERPRECISION":1,"PARTOF":"Toboso","polity_id":"ottoman_classical:toboso","name":"Toboso","ISO_A3":"TOBOSO","ADM0_A3":"TOBOSO","ADMIN":"Toboso","fill_colour":"#7d5e2b","border_precision":1},"geometry":{"type":"MultiPolygon","coordinates":[[[[-101.84876391215799,26.51151505950929],[-101.86120341595196,26.500812651091543],[-102.76020683931813,26.586992493054282],[-103.13825007821058,26.657124868966644],[-103.143215475805,27.077983890417936],[-103.43045728825065,27.695342874010972],[-102.04549864436943,28.07755426600218],[-102.09129034742563,27.250765001340767],[-101.84876391215799,26.51151505950929]]]]}},{"type":"Feature","properties":{"NAME":"Lagunero","ABBREVN":"Lagunero","wikipedia":null,"SUBJECTO":"Lagunero","BORDERPRECISION":1,"PARTOF":"Lagunero","polity_id":"ottoman_classical:lagunero","name":"Lagunero","ISO_A3":"LAGUNERO","ADM0_A3":"LAGUNERO","ADMIN":"Lagunero","fill_colour":"#e37d4a","border_precision":1},"geometry":{"type":"MultiPolygon","coordinates":[[[[-101.86120341595196,26.500812651091543],[-102.45811552039892,25.98725541946121],[-103.5149436441781,25.699442917432307],[-103.73930638188675,26.374537781178557],[-103.76418609699917,26.376842771205936],[-103.48846269742694,26.635222848881277],[-103.13782098796716,26.620755878059654],[-103.13825007821058,26.657124868966644],[-102.76020683931813,26.586992493054282],[-101.86120341595196,26.500812651091543]]]]}},{"type":"Feature","properties":{"NAME":"Caohuiltecs","ABBREVN":"Caohuiltecs","wikipedia":null,"SUBJECTO":"Caohuiltecs","BORDERPRECISION":1,"PARTOF":"Caohuiltecs","polity_id":"ottoman_classical:caohuiltecs","name":"Caohuiltecs","ISO_A3":"CAOHUILTECS","ADM0_A3":"CAOHUILTECS","ADMIN":"Caohuiltecs","fill_colour":"#ab3b80","border_precision":1},"geometry":{"type":"MultiPolygon","coordinates":[[[[-99.14039948571468,24.920143092166523],[-99.46956925823393,24.945019901347294],[-99.7514204161204,24.71107081678029],[-99.75277986972078,24.7149170343044],[-100.22749479945098,25.350322146317968],[-101.29560339134389,25.865966488216362],[-101.64965615039918,25.761871208451478],[-101.83235493120914,26.46149849864009],[-101.84473483611711,26.499233947862354],[-101.84876391215799,26.51151505950929],[-102.09129034742563,27.250765001340767],[-102.04549864436943,28.07755426600218],[-101.22811772154284,28.3031294495507],[-101.22811772154284,28.303129449550685],[-100.81874218545666,29.30168837838267],[-100.33487280993454,28.723098752501443],[-98.17373449297943,28.24517953546474],[-97.83125861275838,28.014380572707072],[-97.5456153245701,27.922974720486824],[-97.316700902375,27.750470720247073],[-97.26656815091016,27.67427595706348],[-97.56320663967969,27.36210211367969],[-97.63229843655469,27.228431306794924],[-97.637989964875,26.846942506746096],[-97.6371705390159,26.843321910825495],[-98.53092837444927,26.500126644160073],[-99.14039948571468,24.920143092166523]]]]}},{"type":"Feature","properties":{"NAME":"Tancalba","ABBREVN":"Tancalba","wikipedia":null,"SUBJECTO":"Tancalba","BORDERPRECISION":1,"PARTOF":"Tancalba","polity_id":"ottoman_classical:tancalba","name":"Tancalba","ISO_A3":"TANCALBA","ADM0_A3":"TANCALBA","ADMIN":"Tancalba","fill_colour":"#409c47","border_precision":1},"geometry":{"type":"MultiPolygon","coordinates":[[[[-98.96544474577611,24.2990269575787],[-99.0487992068822,24.361593647906854],[-99.22681730553101,24.400900855192972],[-99.37246847715276,24.45983873183875],[-99.66404322452969,24.463859962796636],[-99.7514204161204,24.71107081678029],[-99.46956925823393,24.945019901347294],[-99.14039948571468,24.920143092166523],[-99.14589998796338,24.905883674582988],[-98.86538662039555,24.337020439757232],[-98.96544474577611,24.2990269575787]]]]}},{"type":"Feature","properties":{"NAME":"Pisones","ABBREVN":"Pisones","wikipedia":null,"SUBJECTO":"Pisones","BORDERPRECISION":1,"PARTOF":"Pisones","polity_id":"ottoman_classical:pisones","name":"Pisones","ISO_A3":"PISONES","ADM0_A3":"PISONES","ADMIN":"Pisones","fill_colour":"#387a38","border_precision":1},"geometry":{"type":"MultiPolygon","coordinates":[[[[-99.89181455246334,23.855711300745497],[-99.69074325958546,23.671753509702032],[-99.30773462309861,23.676694015399697],[-99.25023782840722,23.92645425375555],[-99.14589998796332,23.80014587348148],[-98.86685302410365,23.66919450487238],[-98.91000044612218,23.223216030336175],[-99.5073306730988,23.1965997974326],[-99.85367179798337,23.306444550075256],[-99.9038255291804,23.58279249960978],[-99.94705767710386,23.58835173828882],[-99.89181455246334,23.855711300745497]]]]}},{"type":"Feature","properties":{"NAME":"Janabres","ABBREVN":"Janabres","wikipedia":null,"SUBJECTO":"Janabres","BORDERPRECISION":1,"PARTOF":"Janabres","polity_id":"ottoman_classical:janabres","name":"Janabres","ISO_A3":"JANABRES","ADM0_A3":"JANABRES","ADMIN":"Janabres","fill_colour":"#5dd067","border_precision":1},"geometry":{"type":"MultiPolygon","coordinates":[[[[-98.86685302410365,23.66919450487238],[-99.14589998796332,23.80014587348148],[-99.25023782840722,23.92645425375555],[-99.34549603796351,24.04177109475661],[-99.76626608931527,24.056549771058855],[-99.88494482174782,23.888958663385633],[-99.89181455246334,23.855711300745497],[-99.94705767710386,23.58835173828882],[-100.5187971426945,23.66187193805018],[-100.62668689945136,24.19440192741926],[-99.65567908863963,24.440195833307275],[-99.66404322452969,24.463859962796636],[-99.37246847715276,24.45983873183875],[-99.22681730553101,24.400900855192972],[-99.0487992068822,24.361593647906854],[-98.96544474577611,24.2990269575787],[-98.99485432850378,24.287859724003294],[-98.8222307176928,24.130417614212405],[-98.86685302410365,23.66919450487238]]]]}},{"type":"Feature","properties":{"NAME":"Maratines","ABBREVN":"Maratines","wikipedia":null,"SUBJECTO":"Maratines","BORDERPRECISION":1,"PARTOF":"Maratines","polity_id":"ottoman_classical:maratines","name":"Maratines","ISO_A3":"MARATINES","ADM0_A3":"MARATINES","ADMIN":"Maratines","fill_colour":"#822777","border_precision":1},"geometry":{"type":"MultiPolygon","coordinates":[[[[-99.25023782840722,23.92645425375555],[-99.30773462309861,23.676694015399697],[-99.69074325958546,23.671753509702032],[-99.89181455246334,23.855711300745497],[-99.88494482174782,23.888958663385633],[-99.76626608931527,24.056549771058855],[-99.34549603796351,24.04177109475661],[-99.25023782840722,23.92645425375555]]]]}},{"type":"Feature","properties":{"NAME":"Muskogee","ABBREVN":"Muskogee","wikipedia":null,"SUBJECTO":"Muskogee","BORDERPRECISION":1,"PARTOF":"Muskogee","polity_id":"ottoman_classical:muskogee","name":"Muskogee","ISO_A3":"MUSKOGEE","ADM0_A3":"MUSKOGEE","ADMIN":"Muskogee","fill_colour":"#33bfc7","border_precision":1},"geometry":{"type":"MultiPolygon","coordinates":[[[[-81.76486017443328,31.489603904038866],[-81.8879736728724,30.983907388605626],[-82.16323355527025,30.98622049686107],[-82.20321488871217,30.98622049686107],[-82.19241480061977,31.549951206613787],[-82.54814261911089,32.91650086775447],[-83.07432335062903,33.27040101693707],[-83.75613500273701,33.27040101693707],[-84.34160370400366,32.7546004287166],[-84.74179749980617,31.315984248841964],[-85.06384630872631,30.34373884313003],[-85.06384630872633,30.34373884313003],[-85.07528994140802,30.311448369704713],[-85.07528994140802,30.311448369704717],[-85.07528994140802,30.31144836970472],[-85.25509380551769,30.625456156231156],[-85.25509380551776,30.625456156231525],[-85.31982765957183,31.06544263924275],[-85.41692844065294,31.485003722580093],[-85.41692844065298,31.485003722580288],[-85.416928440653,31.4850037225803],[-85.416928440653,31.485003722580313],[-85.82409479865697,31.863895471171546],[-85.66759102771346,32.11430150468117],[-85.64361530277716,32.402010203916575],[-85.66759102771346,32.76164607796082],[-86.10714598487864,32.913492335890616],[-86.35581588569609,33.09205198818759],[-86.11650261398346,33.548239481156244],[-85.30134178221223,33.660356481857214],[-85.00659751048117,33.921919567039474],[-84.40734992558279,33.88047157851331],[-84.20760073061668,33.91155945897674],[-83.69574341851597,34.04614255518724],[-82.55966987214615,34.900359783482315],[-82.49148840439194,35.001733809412386],[-82.3386738892792,34.55532961251257],[-82.04882417448907,34.254691366655756],[-81.05505372377996,33.9529750090848],[-80.47535429419966,33.663971474242764],[-80.30144446532557,33.42239088003722],[-79.98675048926769,33.31172937813511],[-79.89468513817863,33.220708256439316],[-80.22234251910436,32.9965830208033],[-80.66481052269056,32.76494553880608],[-81.05556148689654,32.426058305730564],[-81.05556148689654,32.426058305730535],[-81.76486017443328,31.489603904038866]]]]}},{"type":"Feature","properties":{"NAME":"Ainu","ABBREVN":"Ainu","wikipedia":null,"SUBJECTO":"Ainu","BORDERPRECISION":1,"PARTOF":"Ainu","polity_id":"ottoman_classical:ainu","name":"Ainu","ISO_A3":"AINU","ADM0_A3":"AINU","ADMIN":"Ainu","fill_colour":"#ac7c35","border_precision":1},"geometry":{"type":"MultiPolygon","coordinates":[[[[146.168854,43.467766],[146.156372,43.464157000000114],[146.137482,43.458885],[146.130798,43.458046],[146.12439,43.45916],[146.07608,43.513329],[146.08081100000015,43.51805100000013],[146.146088,43.543884000000105],[146.15219100000013,43.54583000000014],[146.15942400000017,43.54583000000014],[146.17352300000016,43.534698],[146.21414200000015,43.531662],[146.22219800000016,43.529716],[146.226074,43.525551],[146.210236,43.48555],[146.20553600000017,43.481102],[146.168854,43.467766]]],[[[146.874939,43.860794],[146.904968,43.839989],[146.861633,43.796661],[146.797485,43.759995],[146.780273,43.751938],[146.682739,43.707771],[146.66998300000012,43.704437],[146.6633,43.703606],[146.65554800000018,43.704437],[146.646942,43.707214],[146.598572,43.732208],[146.596069,43.736656],[146.599121,43.793053],[146.600525,43.798607],[146.604675,43.80387900000011],[146.610504,43.806656],[146.784698,43.861938],[146.84274300000016,43.874992],[146.850525,43.873878],[146.866913,43.86805],[146.874939,43.860794]]],[[[146.359955,44.42083],[146.4688420000001,44.422218],[146.488861,44.425552],[146.520538,44.434433],[146.538025,44.44249],[146.568024,44.43832400000014],[146.550262,44.39888],[146.53997800000013,44.380547],[146.534973,44.376099],[146.508331,44.358047],[146.329681,44.291664],[146.204407,44.26998900000012],[146.17718500000012,44.266663],[146.157471,44.263054],[146.138306,44.257774],[146.119965,44.251389],[146.102753,44.243324],[146.091919,44.236107],[145.940247,44.1280440000001],[145.930817,44.119156],[145.83108500000014,44.016937],[145.8172,44.002495],[145.808014,43.99249300000014],[145.799713,43.981659],[145.795807,43.975266],[145.78942900000015,43.947212],[145.786926,43.941376],[145.779419,43.928604],[145.774139,43.924995],[145.762756,43.919716],[145.70886200000018,43.89888],[145.695801,43.896103],[145.688293,43.896103],[145.672485,43.89888],[145.6574710000001,43.89971900000012],[145.595795,43.858887],[145.591644,43.853607],[145.580261,43.834435],[145.57775900000013,43.828606],[145.575256,43.817497],[145.574127,43.78555300000011],[145.574127,43.774994000000106],[145.57553100000018,43.738884],[145.56192,43.661377],[145.559418,43.655548],[145.554688,43.65082600000011],[145.54858400000012,43.6491620000001],[145.543304,43.65082600000011],[145.437469,43.716934],[145.426086,43.73999],[145.407471,43.829437],[145.409698,43.835266],[145.482452,43.895271],[145.488281,43.898048],[145.55246,43.92610200000013],[145.64498900000012,43.982208],[145.661377,43.992218],[145.74469,44.051659],[145.74939,44.056099],[145.75332600000013,44.062492],[145.755829,44.068604],[145.755829,44.073608],[145.754425,44.078606],[145.75332600000013,44.09388],[145.75943,44.111382000000106],[145.763885,44.11693600000012],[145.78997800000013,44.148331],[145.877747,44.237213],[145.8872070000001,44.246384],[145.892487,44.25],[145.90942400000017,44.258888],[145.921082,44.264442000000145],[145.92691000000013,44.266937],[145.939423,44.270546],[145.95163,44.274994],[145.96328700000015,44.280548],[145.973846,44.287773],[146.008026,44.339157],[146.050812,44.411934],[146.078033,44.463608000000136],[146.08163500000012,44.469711],[146.08609000000013,44.475266],[146.100525,44.48860200000013],[146.127441,44.507217],[146.133881,44.509163000000115],[146.14804100000015,44.509995],[146.160767,44.506622],[146.171356,44.508606],[146.179138,44.507774],[146.187469,44.505829],[146.194977,44.502777],[146.20135500000015,44.49943500000012],[146.232727,44.47693600000014],[146.24273700000015,44.469154],[146.260254,44.453323],[146.273041,44.446381],[146.3033140000001,44.434158],[146.3283080000001,44.425552],[146.344971,44.421936],[146.359955,44.42083]]],[[[148.52191200000016,45.287216000000114],[148.49301100000014,45.270271],[148.476349,45.2586060000001],[148.466644,45.254166],[148.44720500000017,45.248047],[148.42804,45.244438],[148.371338,45.234993000000145],[148.341919,45.23027],[148.332733,45.229713],[148.28524800000014,45.220825000000104],[148.26553300000012,45.21332600000011],[148.2355040000001,45.1988750000001],[148.215515,45.188881],[148.04803500000014,45.09638200000012],[148.038025,45.090546],[148.029694,45.084717],[147.998566,45.061378],[147.992188,45.05555],[147.987457,45.04943800000012],[147.98468,45.043053],[147.9771730000001,45.030823],[147.96414200000015,45.01166500000011],[147.946075,45.00166300000012],[147.94198600000016,45],[147.9166560000001,44.989716],[147.877747,44.974709],[147.868011,44.971375],[147.848846,44.96527100000014],[147.762482,44.938324],[147.753326,44.938881],[147.74441500000012,44.941101],[147.735779,44.944153],[147.727448,44.948875],[147.721069,44.955826000000116],[147.712463,44.969437],[147.703857,44.972488],[147.676636,44.974709],[147.65802,44.973602],[147.639435,44.9711],[147.62994400000014,44.96915400000012],[147.620514,44.966103],[147.604401,44.955551],[147.590515,44.93721],[147.587738,44.93110700000011],[147.585785,44.918327],[147.588287,44.911659],[147.60607900000014,44.907494],[147.614685,44.904434],[147.622742,44.897217],[147.548035,44.812492],[147.535248,44.80054500000011],[147.52719100000013,44.79471600000011],[147.517212,44.7888870000001],[147.507477,44.784439000000134],[147.49774200000013,44.78138],[147.479126,44.777489],[147.469421,44.773048],[147.344971,44.700272],[147.291077,44.66693900000013],[147.282196,44.654434],[147.251373,44.60527],[147.240509,44.579994],[147.22525,44.561935],[147.209137,44.55027],[147.199127,44.54444100000012],[147.180267,44.538048],[147.170807,44.53611],[147.143311,44.533051],[147.106354,44.52916],[147.08828700000015,44.52916],[147.079132,44.5283280000001],[147.040527,44.517769],[147.021088,44.5075],[147.002472,44.48943300000013],[146.988861,44.470825],[146.98080400000015,44.452217],[146.97912600000018,44.445267],[146.973572,44.43277],[146.96469100000013,44.420273],[146.958588,44.414436],[146.948853,44.4086],[146.929962,44.402214],[146.910522,44.399162],[146.883026,44.39694200000014],[146.865509,44.399437],[146.848572,44.408325],[146.840515,44.41554300000013],[146.832184,44.435265],[146.8355100000001,44.45832800000011],[146.838013,44.464714],[146.846924,44.47693600000014],[146.940796,44.554436],[147.00637800000015,44.571663],[147.09829700000012,44.619438],[147.106354,44.625267],[147.144135,44.661377],[147.15304600000013,44.67360700000012],[147.160248,44.686104000000114],[147.163025,44.692215],[147.163879,44.69860100000011],[147.162201,44.711662],[147.159424,44.71832300000011],[147.15304600000013,44.725266],[147.14444,44.728325],[147.111908,44.793884],[147.227173,44.836105],[147.310516,44.876099000000124],[147.39358500000014,44.920273],[147.47995,44.974709],[147.4863590000001,44.980545],[147.491913,44.99305],[147.504974,45.043884],[147.58941700000014,45.056938],[147.598572,45.05749500000013],[147.608002,45.059433],[147.61773700000015,45.062492],[147.656372,45.075272],[147.664429,45.081108],[147.669128,45.087212],[147.67746,45.105827],[147.691345,45.12416100000013],[147.70217900000011,45.136383],[147.71328700000015,45.148331],[147.745514,45.178329],[147.7538760000001,45.184158],[147.763885,45.189713],[147.7833250000001,45.197487],[147.8402400000001,45.208603],[147.858978,45.210602],[147.8780210000001,45.214714],[147.887482,45.217766],[147.894135,45.223602],[147.894989,45.229988000000105],[147.892487,45.236656],[147.8732910000001,45.289993],[147.857727,45.343048],[147.856079,45.356102000000135],[147.858856,45.362495],[147.868286,45.37471],[147.87939500000016,45.386658],[147.904144,45.404160000000104],[147.932739,45.421379],[147.9422,45.423325],[147.95135500000015,45.422493000000145],[147.959961,45.419159],[147.996918,45.3386],[148.002197,45.325272],[148.00192300000015,45.31221000000011],[148.001648,45.305267],[147.997742,45.279716],[148.000275,45.273048],[148.0086060000001,45.267212],[148.03442400000017,45.256104],[148.051636,45.24943500000012],[148.069702,45.248047],[148.079132,45.248604000000114],[148.312195,45.267212],[148.321899,45.270271],[148.342194,45.28138],[148.350525,45.287216000000114],[148.370239,45.304993],[148.384155,45.323326],[148.397217,45.335266000000104],[148.4605100000001,45.39222],[148.54025300000012,45.447769],[148.558868,45.45916],[148.700806,45.520828],[148.719971,45.524437],[148.763885,45.521935],[148.773041,45.521103],[148.790802,45.516937],[148.7997130000001,45.513611],[148.842194,45.488327],[148.85025,45.481102],[148.856354,45.474159],[148.858856,45.467491],[148.845245,45.365547],[148.84301800000014,45.35277600000012],[148.839966,45.34665700000011],[148.833588,45.340546],[148.825256,45.334991000000116],[148.78497300000015,45.316383],[148.775269,45.313324],[148.756104,45.309715],[148.718842,45.30777],[148.709961,45.308601],[148.682739,45.31221000000011],[148.6738590000001,45.314438],[148.656097,45.317215],[148.6196900000001,45.320274],[148.591919,45.318886],[148.582184,45.3169400000001],[148.562469,45.309715],[148.52191200000016,45.287216000000114]]],[[[149.54357900000014,45.585823],[149.533875,45.582771],[149.524414,45.5824970000001],[149.440796,45.580826],[149.437469,45.583603],[149.4422,45.589714],[149.450806,45.595543],[149.4607850000001,45.599716],[149.473541,45.603317],[149.481079,45.60833],[149.548035,45.701103],[149.61911,45.790276],[149.66275,45.844711],[149.667755,45.85083],[149.67608600000017,45.85527000000013],[149.856903,45.92305],[149.890533,45.971931],[149.929138,46.00750000000011],[149.958588,46.024162],[149.9688420000001,46.029716],[150.037476,46.064995],[150.072754,46.082497],[150.34274300000016,46.2116620000001],[150.352448,46.21332600000011],[150.437195,46.214157000000114],[150.498566,46.19249],[150.474976,46.159431],[150.425537,46.118881],[150.310242,46.050545],[150.250824,46.024994],[150.240509,46.019714],[150.22689800000012,46.007774],[150.221893,46.001938],[150.212738,45.98333],[150.202179,45.958328],[150.202759,45.95166],[150.198853,45.932495],[150.194122,45.927773000000116],[150.158875,45.899994000000106],[150.0663760000001,45.847488],[150.026917,45.82666000000012],[150.017761,45.827492],[149.991058,45.833878],[149.981628,45.833603],[149.878845,45.778603],[149.868561,45.77304800000013],[149.8107910000001,45.73443600000013],[149.784149,45.710823],[149.69247400000017,45.638603],[149.684143,45.633049],[149.6738590000001,45.628601],[149.54357900000014,45.585823]]],[[[150.867188,46.43526500000013],[150.8119200000001,46.44193300000012],[150.802765,46.443047],[150.798523,46.449982],[150.82220500000017,46.467766],[150.832184,46.470543000000134],[150.841919,46.4711],[150.85107400000015,46.469986],[150.873291,46.450829],[150.87551900000017,46.447212],[150.874115,46.440826],[150.867188,46.43526500000013]]],[[[150.764984,46.70388],[150.754425,46.699715],[150.745514,46.701935],[150.737457,46.70916000000011],[150.733307,46.716103],[150.730804,46.7227630000001],[150.739685,46.728561],[150.7435610000001,46.729431],[150.753326,46.729713],[150.7622070000001,46.72748600000011],[150.76886000000013,46.723045],[150.769989,46.709717],[150.764984,46.70388]]],[[[152.437195,47.38249200000013],[152.44693,47.38249200000013],[152.485504,47.381935],[152.503876,47.377213],[152.51193200000012,47.371101],[152.53164700000013,47.3491590000001],[152.537476,47.341934],[152.5416560000001,47.334991],[152.541931,47.328331],[152.5336,47.318886000000134],[152.51913500000012,47.307213],[152.508331,47.303322],[152.422516,47.30336],[152.40246600000012,47.316383],[152.39444,47.323608],[152.38858,47.330826],[152.38803100000018,47.344154],[152.391357,47.350273],[152.40164200000015,47.364159],[152.408875,47.369987],[152.4163820000001,47.375549],[152.42691,47.379715],[152.437195,47.38249200000013]]],[[[153.074127,47.808327],[153.0819090000001,47.80082700000014],[153.087738,47.793327],[153.095795,47.779434],[153.097748,47.772491],[153.09829700000012,47.759163],[153.096619,47.75305200000014],[153.080261,47.714157],[153.0691220000001,47.708885],[153.04776,47.702217],[153.016083,47.693047],[153.006104,47.691658],[152.99661300000014,47.692764],[152.990784,47.699997],[152.986633,47.70694],[152.98111,47.723297],[153.005829,47.77166],[153.014709,47.783882],[153.025818,47.795547],[153.046082,47.813049],[153.05609100000015,47.81443800000011],[153.0652470000001,47.81193500000012],[153.074127,47.808327]]],[[[153.174683,48.13499500000012],[153.184692,48.136383],[153.20468100000016,48.136383],[153.21414200000015,48.135269],[153.223297,48.133049],[153.241058,48.125549],[153.274994,48.105553],[153.2833250000001,48.099159],[153.287476,48.09360500000014],[153.290527,48.053604],[153.279694,48.043053],[153.236694,48.051064],[153.224396,48.04999500000014],[153.21496600000012,48.051102],[153.205811,48.053322],[153.14636200000018,48.088326],[153.139984,48.094437],[153.137756,48.101105],[153.146942,48.113327],[153.156097,48.12526700000012],[153.163605,48.130821],[153.174683,48.13499500000012]]],[[[154.14053300000012,48.90971400000012],[154.161377,48.912491],[154.18191500000012,48.913605],[154.211365,48.911102],[154.220795,48.9086],[154.228851,48.902489],[154.23080400000015,48.895546],[154.2271730000001,48.882767],[154.21942100000012,48.870544],[154.188873,48.834991000000116],[154.063293,48.742767],[154.053589,48.737213],[154.030823,48.726936],[154.01944,48.72332],[154.009155,48.721931],[153.99939000000018,48.72304500000013],[153.98080400000015,48.734688],[153.974976,48.73555],[153.973022,48.742218],[153.973022,48.748878],[153.976624,48.761665],[153.98800700000015,48.779991],[154.112183,48.8949970000001],[154.119965,48.900543],[154.12939500000016,48.905823],[154.14053300000012,48.90971400000012]]],[[[154.008881,48.957771],[154.011108,48.95082900000011],[154.011108,48.937492],[154.00360100000012,48.931938],[153.981903,48.926659],[153.9405210000001,48.922768],[153.930817,48.923882],[153.92114300000014,48.926460000000134],[153.904144,48.943321],[153.900269,48.950272],[153.89831500000014,48.957214],[153.901917,48.96998600000012],[153.9074710000001,48.975822],[153.918854,48.979713],[153.966919,48.972214],[154.0047,48.963608000000136],[154.008881,48.957771]]],[[[154.593018,49.106102000000135],[154.583313,49.10054800000012],[154.521088,49.075829],[154.51025400000015,49.073326],[154.500549,49.07444],[154.491638,49.078331],[154.483032,49.083328],[154.471344,49.098328],[154.4402470000001,49.155266],[154.44220000000018,49.161659],[154.446075,49.16777000000013],[154.454681,49.169159],[154.464722,49.167923],[154.46856700000012,49.168602],[154.488556,49.167496],[154.4982910000001,49.16610000000014],[154.56469700000014,49.152214],[154.5830380000001,49.14582800000011],[154.591064,49.139435000000105],[154.596924,49.131935],[154.60080000000016,49.12471],[154.60080000000016,49.118324],[154.598846,49.111938],[154.593018,49.106102000000135]]],[[[154.745239,49.579163],[154.743286,49.586105],[154.749115,49.591934],[154.81442300000015,49.636383],[154.85635400000012,49.633331],[154.8952640000001,49.62665600000014],[154.904419,49.62416100000013],[154.904419,49.61749300000014],[154.882172,49.547493000000145],[154.878296,49.541664],[154.870789,49.537216],[154.847748,49.528328],[154.837738,49.52304800000013],[154.82995600000015,49.51749400000011],[154.81802400000015,49.505829],[154.79412800000011,49.4561],[154.79025300000012,49.443321],[154.79025300000012,49.42999300000014],[154.793854,49.42305],[154.799713,49.415543],[154.823029,49.392494],[154.826904,49.385269],[154.834961,49.345825000000104],[154.814972,49.308884],[154.811096,49.302773],[154.803314,49.297218],[154.791656,49.292221],[154.71579,49.263885],[154.707184,49.262215],[154.69747900000016,49.263611],[154.6316220000001,49.280273],[154.593903,49.291031],[154.598572,49.347488],[154.600525,49.36721],[154.602448,49.373604000000114],[154.606354,49.379715],[154.638306,49.42305],[154.70303300000012,49.48082],[154.751099,49.571663],[154.745239,49.579163]]],[[[154.438568,49.831383],[154.45581100000015,49.821106],[154.459961,49.813881],[154.461914,49.806938],[154.45608500000014,49.788048],[154.432465,49.738045],[154.424988,49.73360400000013],[154.41442900000015,49.732491],[154.404419,49.73360400000013],[154.37634300000013,49.742493],[154.367462,49.746384],[154.35495,49.766663],[154.3652340000001,49.812767],[154.367188,49.819160000000124],[154.374969,49.82499700000011],[154.398315,49.833878],[154.4086,49.833878],[154.428864,49.832497],[154.438568,49.831383]]],[[[152.174133,47.063049],[152.087357,46.977882000000136],[152.035248,46.925552],[152.029968,46.91971600000011],[152.02664200000015,46.913605],[152.024994,46.907211],[152.018311,46.894714],[152.01303100000018,46.888885],[151.831909,46.782768],[151.82162500000015,46.778603],[151.80108600000017,46.77304800000013],[151.781647,46.77137800000014],[151.77221700000018,46.772217000000126],[151.763306,46.774712000000136],[151.737183,46.785271],[151.720245,46.794998000000135],[151.712189,46.801102],[151.70440700000017,46.841103],[151.70581100000015,46.847488],[151.714691,46.853325],[151.72525,46.857216],[151.745239,46.86166400000013],[151.76470900000015,46.86221300000011],[151.829956,46.854996],[151.83941700000014,46.85527000000013],[151.849396,46.856659],[151.859955,46.860825],[151.8688350000001,46.866386],[152.020462,46.98872],[152.04480000000012,47.013386],[152.051117,47.02055],[152.104401,47.073051],[152.120239,47.0908280000001],[152.181091,47.143051],[152.202454,47.160271],[152.216919,47.171661],[152.225525,47.174713],[152.206604,47.125015],[152.236633,47.145271],[152.259705,47.16082],[152.26858500000014,47.1586],[152.286377,47.152489],[152.29303,47.147774],[152.289703,47.14166300000011],[152.277191,47.12999],[152.26998900000012,47.124435],[152.25360100000012,47.113052],[152.231903,47.102493],[152.174133,47.063049]]],[[[155.483307,50.119438],[155.47106900000017,50.108047],[155.357452,50.053047],[155.33828700000015,50.057213000000104],[155.318573,50.059715],[155.29776000000015,50.05999],[155.25582900000018,50.05777],[155.244965,50.056656],[155.226166,50.052597000000105],[155.224121,50.053322],[155.212189,50.06694],[155.208588,50.080826],[155.221619,50.23443600000013],[155.247742,50.301384],[155.392212,50.353325],[155.427185,50.364441],[155.438293,50.36693600000012],[155.449127,50.36805],[155.545258,50.374992],[155.627747,50.3780440000001],[155.638031,50.3780440000001],[155.6491390000001,50.380547],[155.66137700000013,50.385269],[155.66943400000014,50.390831000000105],[155.749115,50.446381],[155.761383,50.458046],[155.765533,50.463882000000126],[155.851624,50.59166],[155.855804,50.604439],[155.858307,50.61749300000014],[155.860779,50.63694],[155.8613590000001,50.650269],[155.86358600000017,50.656654],[155.88272100000017,50.68721],[155.888885,50.693047],[155.896942,50.698601],[155.97912600000018,50.746941],[156.00997900000016,50.76249700000011],[156.022217,50.767494],[156.034149,50.771103],[156.045532,50.773605],[156.06720000000018,50.775826],[156.07690400000013,50.773048],[156.104126,50.761108],[156.11245700000018,50.754715],[156.116364,50.74749],[156.121338,50.71998600000012],[156.12466400000017,50.699715],[156.15304600000013,50.524994],[156.148865,50.518883],[155.892761,50.263611],[155.795258,50.188881],[155.78552200000013,50.18499],[155.763611,50.1813810000001],[155.741913,50.179161],[155.73162800000011,50.179436],[155.70190400000013,50.183601],[155.69165,50.183601],[155.6185610000001,50.183052],[155.596344,50.178329],[155.525543,50.146942],[155.51553300000012,50.141663],[155.49939,50.130547],[155.483307,50.119438]]],[[[156.168854,50.741379],[156.175262,50.753609],[156.185791,50.765549],[156.19220000000018,50.771378],[156.341064,50.851105],[156.353302,50.856102000000135],[156.364685,50.858604],[156.442749,50.869987],[156.453857,50.870827],[156.46386700000016,50.869438],[156.473022,50.865547],[156.48855600000013,50.849998],[156.49411,50.842491],[156.495789,50.835548],[156.495514,50.82888],[156.4902340000001,50.756104],[156.48608400000012,50.750275],[156.45190400000013,50.70832800000011],[156.43496700000014,50.690826],[156.414154,50.673882],[156.406326,50.657066],[156.403824,50.653397],[156.4008480000001,50.625641],[156.350754,50.637123],[156.285522,50.64666],[156.19830300000012,50.670273],[156.189148,50.674438],[156.180542,50.679718],[156.17276,50.687492],[156.167206,50.69499200000013],[156.163605,50.708603],[156.16442900000015,50.72860000000014],[156.168854,50.741379]]],[[[155.44775400000015,50.897774],[155.474396,50.920547],[155.482727,50.92610200000013],[155.494415,50.929993],[155.505554,50.931107],[155.56970200000012,50.934158],[155.580261,50.934158],[155.600525,50.9313810000001],[155.63916,50.92083],[155.646942,50.913048],[155.650818,50.905823],[155.666077,50.87054400000011],[155.669708,50.856659],[155.66110200000014,50.831108],[155.658875,50.824715],[155.64444000000015,50.81360600000011],[155.620789,50.806099],[155.588013,50.802773000000116],[155.55691500000012,50.804161],[155.546936,50.80555],[155.52719100000013,50.809715],[155.4982910000001,50.817497],[155.480804,50.828049],[155.47302200000013,50.835548],[155.46109000000013,50.85054800000012],[155.449402,50.872215],[155.447693,50.880013],[155.44775400000015,50.897774]]],[[[143.0569105478203,53.06198462100391],[143.138865503875,52.856246553376955],[143.14329055270312,52.5112377032793],[143.03341201266406,52.31218679995899],[142.94488051852343,51.96111258120899],[142.9439192148125,51.61730536075],[143.07418349703906,51.26762732119922],[143.34070876559375,50.88577612491016],[143.63314345797656,50.23497732730274],[144.03820327242968,49.50883825869922],[144.53988173922656,48.75332220645313],[143.97294143160937,49.05807837100391],[143.59835341891406,49.233619295076174],[143.15282729586718,49.25887259097461],[143.03257277926562,49.219466768220705],[142.85399917086718,49.127696596101565],[142.6461439462578,48.65752371402149],[142.52662185153125,48.16206320376758],[142.48990920504687,47.90160330386524],[142.61463454684375,47.459598146394534],[142.69695571383593,47.362262330964846],[142.99332717379687,46.95366247744922],[143.2364759775078,46.86326178164844],[143.44480422457812,46.57174261660938],[143.303416285125,46.01119955630664],[143.0042982431328,46.577350221589846],[142.6147718759453,46.71281012149219],[142.51378920992968,46.699622713044924],[142.327342066375,46.56305655093555],[142.18766311129687,46.322913728669924],[141.8983412118828,45.91478308291797],[141.70838454684375,46.13979300113086],[141.6228285165703,46.55804022403125],[141.90938857516406,47.07343252749805],[141.73180678805468,47.47119101138477],[141.81064895114062,47.675616823152346],[142.03646377047656,47.95928152652149],[141.97751906832812,48.284747682527346],[141.88917067965625,48.45397146792774],[141.76781753024218,48.70146902652149],[141.73958877047656,48.807288728669924],[141.92135146578906,48.943133912996096],[142.04911330660937,49.35470923037891],[142.08281997164843,49.70768316836719],[142.08507827242968,50.30426748843555],[142.15287307223437,50.89004477115039],[142.11239150485156,51.21959265323047],[142.01658156832812,51.43059118838672],[141.6432142587578,51.813087068513674],[141.5981703134453,52.21667440982227],[141.64965346774218,52.302901826814455],[141.81145766696093,52.62804373355274],[141.84099868258593,52.96002157779102],[141.689646753875,53.165721498445315],[141.767039332,53.27226599307422],[141.93522170504687,53.285892091707034],[142.21412185153125,53.29970511050586],[142.67486098727343,53.540172182039065],[142.86388686617968,53.34086950869922],[143.0569105478203,53.06198462100391]]],[[[140.01261428317187,41.38180883975391],[139.97774795016406,41.50346716494922],[140.12449172457812,41.792152009919924],[140.09969619235156,41.94597204776172],[139.85248855075,42.03524740786914],[139.77720168551562,42.11205252261524],[139.7117414804375,42.47759588809375],[139.97396377047656,42.65139731021289],[140.20896438082812,42.728900514558596],[140.4998274179375,42.896407686189455],[140.51682570895312,43.057002626375],[140.3735609384453,43.185191713289065],[140.498240503875,43.320357881501955],[140.59891799410937,43.32699164004688],[140.8965559335625,43.13482626529102],[141.06417373141406,43.09662588687305],[141.30364516696093,43.187030397371096],[141.30192092379687,43.7204662189043],[141.50669387301562,43.804454408601565],[141.7094221445,43.9141918048418],[141.74268630465625,44.2487865314043],[141.74572280367968,44.62856634707813],[141.566599878875,44.96956595034961],[141.5227766366875,45.18263205142383],[141.59742263278125,45.27972372622852],[141.87533095797656,45.43542440982227],[141.9039564462578,45.40314444156055],[142.13218215426562,45.20967825503711],[142.53904250582812,44.84265097232227],[143.02050307711718,44.46368368716602],[143.50817397555468,44.15576132388477],[143.790232691375,44.02764471621875],[144.0281019540703,43.95092733950977],[144.4865980478203,43.86180838199024],[144.61382583102343,43.84276159854297],[144.7504377695,43.88161429019336],[145.13999465426562,44.17828329654102],[145.34760573825,44.243037782625],[145.34859755953906,44.19799002261524],[145.20989516696093,44.03688772769336],[145.05938247164843,43.78576620669727],[145.14857009371875,43.599498353914065],[145.35955337008593,43.32998999209766],[145.44813064059375,43.169559083894534],[145.19591811617968,43.047015748933596],[144.99468520602343,42.937442384675784],[144.75416091403125,42.86632879825],[144.59018996676562,42.85958441348438],[144.37011245211718,42.949046693757815],[144.16639235934375,42.94222601504688],[144.00284865817187,42.8776927814043],[143.8479261728203,42.77464636416797],[143.50858596285937,42.42098196597461],[143.33037856539843,42.19610556216602],[143.21375564059375,41.92653997989063],[143.03350356539843,41.958228670076174],[142.8423109384453,42.066852174714846],[141.9281263681328,42.50126226992969],[141.72100356539843,42.53934820742969],[141.39690688571093,42.51944311709766],[140.92962172946093,42.25545843692188],[140.86069777926562,42.39004477115039],[140.69352248629687,42.55014380069141],[140.54087356051562,42.53700216861133],[140.4214582773125,42.48542746158008],[140.22344497164843,42.363109193757815],[140.24552443942187,42.22844275088672],[140.76766494235156,42.0050121173418],[141.01946547946093,41.870860658601565],[141.15503982028125,41.74934347720508],[140.9792738290703,41.65285452456836],[140.84342483004687,41.63976248355274],[140.70597365817187,41.69716986270313],[140.58887771090625,41.677711091951174],[140.4428968759453,41.53642996402149],[140.26859572848437,41.32467230410938],[140.1124525400078,41.27311285586719],[140.01261428317187,41.38180883975391]]]]}},{"type":"Feature","properties":{"NAME":"Japan (Warring States)","ABBREVN":"Japan (Warring States)","wikipedia":null,"SUBJECTO":"Japan (Warring States)","BORDERPRECISION":1,"PARTOF":"Japan (Warring States)","polity_id":"ottoman_classical:japan_warring_states","name":"Japan (Warring States)","ISO_A3":"JAPANWARRING","ADM0_A3":"JAPANWARRING","ADMIN":"Japan (Warring States)","fill_colour":"#96d94a","border_precision":1},"geometry":{"type":"MultiPolygon","coordinates":[[[[130.57931045016406,30.906545244172854],[130.55413344821093,30.9699779376543],[130.67454055270312,31.211490236238284],[130.73246291598437,31.478250108674807],[130.58191970309375,31.528737626985354],[130.4744367929375,31.439628206208987],[130.40439895114062,31.229978166536135],[130.2329359384453,31.026460252717776],[130.08626845797656,31.121388994172854],[130.06011489352343,31.216558061555666],[130.2051496835625,31.426370225862307],[130.21932509860156,31.559724412874026],[130.05887893160937,31.972062669709963],[130.13494399508593,32.02300222964649],[130.44396499117968,32.2839313373125],[130.48116591891406,32.34749945254688],[130.4965315195,32.557017885164065],[130.2573957773125,32.91203650088672],[130.10752395114062,32.93077810855274],[130.03458693942187,32.810000978425784],[129.84591201266406,32.587421022371096],[129.73372939547656,32.637984834626955],[129.63033584078906,32.86631353946094],[129.46087172946093,32.9865795001543],[129.34337905367968,33.15138968081836],[129.52804091891406,33.297774873689455],[129.85825637301562,33.26036795230274],[130.17615798434375,33.33719976992969],[130.31766799410937,33.54698904605274],[130.42656997164843,33.674171052888674],[130.64440444430468,33.70000036807422],[130.85947707614062,33.675059877351565],[130.97111037692187,33.50388678164844],[131.09250930270312,33.427962861970705],[131.2860365243828,33.390262208894534],[131.5687513681328,33.48606451602344],[131.6698255868828,33.30853231997852],[131.41355422457812,33.111217103914065],[131.59562209567187,33.003665529207034],[131.79528335055468,32.80728491397266],[131.83098891696093,32.69308813662891],[131.56299880465625,32.432246767],[131.45362380465625,32.247928224519534],[131.40685561617968,32.082774721101565],[131.36873916110156,31.803355775789065],[131.31928542575,31.51120527835254],[131.21062758883593,31.35226973147754],[131.1231184335625,31.30763777346973],[131.04879287203906,31.275754533723635],[130.95968154391406,31.193025194124026],[130.74401381930468,30.887834154084963],[130.57931045016406,30.906545244172854]]],[[[132.567576441375,32.63746603579883],[132.46705153903125,32.75788076968555],[132.42185500582812,32.929183565095705],[132.34257033785937,33.10677298159961],[132.1211195321953,33.34754904361133],[132.44994643649218,33.51961477847461],[132.5793714853203,33.64049490542774],[132.78431228121875,33.90752371402149],[132.96868422946093,33.793643556550784],[133.24547866305468,33.80055960269336],[133.4629164071953,33.883521638826174],[133.60300734957812,34.03615912051563],[133.80564406832812,34.17622336001758],[134.01023391207812,34.18933065982227],[134.15267470797656,34.11345633120899],[134.54041579684375,34.012698732332034],[134.6097669931328,33.898578248933596],[134.56475356539843,33.841346345857424],[134.51912978610156,33.65081747622852],[134.38769057711718,33.54264410586719],[133.99859145602343,33.14826925845508],[133.91749099215625,33.24331625552539],[133.72689345797656,33.37623556704883],[133.51652053317187,33.39485128970508],[133.24097732028125,33.299056611970705],[133.15415481051562,33.21636541934375],[133.04386428317187,32.99394568057422],[132.96967605075,32.765262208894534],[132.90069106539843,32.66990240664844],[132.6987562509453,32.54885824771289],[132.567576441375,32.63746603579883]]],[[[136.81084731539843,37.31068380923633],[137.3096418710625,37.43265112491016],[137.33492568453906,37.27354010196094],[137.11817458590625,37.14577444644336],[137.01377395114062,37.03735312075977],[136.98302749117968,36.83360632510547],[137.04532912692187,36.668258272126955],[137.17620376071093,36.64306601138477],[137.27591994723437,36.69418676944141],[137.46403029879687,36.85367926211719],[137.57181838473437,36.89208181949024],[138.31724074801562,37.205508790925784],[138.49203017672656,37.301349245027346],[138.69896987399218,37.44820364566211],[138.856150660125,37.735057435945315],[139.19793227633593,37.92043264956836],[139.35387710055468,38.067237459138674],[139.4398451181328,38.18843802066211],[139.5039320321953,38.417884431794924],[139.74572280367968,38.679584108308596],[139.74141982516406,38.743297182039065],[139.89608291110156,38.99850424380664],[139.96793654879687,39.208968721345705],[140.03008559664843,39.48317679019336],[140.01108840426562,39.69351156802539],[139.8621321054375,39.7824664935625],[139.80463698825,39.89074667544727],[139.910349878875,39.98660620303516],[139.98502639254687,40.114619813875],[139.91515639742968,40.574954591707034],[140.15972426852343,40.729014955476565],[140.23911574801562,40.837989412263674],[140.38640883883593,40.98550375552539],[140.4728041025078,40.98567923159961],[140.5671644540703,40.82583197207813],[140.65697768649218,40.72361334414844],[140.79334548434375,40.749488435701174],[141.15255263766406,40.86541708560352],[141.07664016207812,41.10213812442188],[140.93682387789843,41.114661775544924],[140.77450087985156,41.255225740388674],[141.08701613864062,41.44161947818164],[141.2857923837578,41.371539674714846],[141.43688491305468,41.26935537906055],[141.44829848727343,41.17971380801563],[141.44120315035937,40.78918036075],[141.46714309176562,40.51408728213672],[141.56624892672656,40.45671804995899],[141.6756086679375,40.31622274966602],[141.9981184335625,39.67198904605274],[141.99851516207812,39.44887884707813],[141.88782790621875,39.12996634097461],[141.56858352145312,38.78520926089649],[141.46709731539843,38.58749350161914],[141.49639419039843,38.42189749331836],[141.4287367196953,38.38991888614063],[141.09665969332812,38.261844240144534],[141.02447036227343,38.21074255557422],[140.9505873056328,38.12141378970508],[140.8722181650078,37.91744955630664],[140.88086989840625,37.73915060611133],[140.92322829684375,37.62462195010547],[140.9822035165703,37.268199525789065],[140.9639387460625,36.95626028628711],[140.65560439547656,36.61831244082813],[140.54662612399218,36.28722342105274],[140.5554457040703,35.96914251895313],[140.64475539645312,35.83575399966602],[140.8342542978203,35.67712362857227],[140.55686477145312,35.543006502107424],[140.46990493258593,35.48558767886524],[140.39493850192187,35.409122072175784],[140.31661513766406,35.033816896394534],[139.8301039071953,34.835982881501955],[139.78809646090625,34.96284445376758],[139.92046645602343,35.26190146060352],[140.00289443453906,35.497359834626955],[139.91370681246875,35.55441244693164],[139.68267348727343,35.44583090396289],[139.42260268649218,35.165511690095705],[139.2086439462578,35.16507299991016],[139.05291274508593,35.024886690095705],[139.02283767184375,34.68834265323047],[138.86382583102343,34.56743200869922],[138.7794447275078,34.57994803042774],[138.7498274179375,34.649703584626955],[138.75103286227343,34.92264898867969],[138.6837416025078,34.99233969302539],[138.58896926364062,34.97309073062305],[138.45016005953906,34.902991853669924],[138.29520705660937,34.76302679629688],[138.14905837496875,34.52788122744922],[137.7591810556328,34.55247076602344],[137.53174880465625,34.5266185626543],[137.24822524508593,34.48160894961719],[137.04178908785937,34.728736482576174],[136.73385146578906,34.874087892488284],[136.61693862399218,34.759601198152346],[136.58658889254687,34.67703207583789],[136.50706008395312,34.51817663760547],[136.52367690524218,34.49281271548633],[136.71134475192187,34.40433844180469],[136.8985853525078,34.258731447175784],[136.7668714853203,34.16959723086719],[136.39376357516406,34.111705385164065],[136.19922927340625,34.00339087100391],[135.9909925790703,33.72367437930469],[135.75567153414843,33.34231527896289],[135.44600966891406,33.506724916414065],[135.19150832614062,33.601417146638674],[135.06292251071093,33.69002493472461],[135.0569563241875,33.76618918033008],[134.96924880465625,34.13417013736133],[135.01397231539843,34.20409353824024],[135.23673537692187,34.350535951570315],[135.31702712496875,34.47131308169727],[135.286814722625,34.59819372744922],[135.2057142587578,34.617084108308596],[134.93567946871875,34.54035147281055],[134.78246596774218,34.552737794832034],[134.4273176523125,34.628177247957034],[134.21349624117968,34.57061728091602],[134.02172378024218,34.46866949649219],[133.82529738864062,34.38574179263477],[133.70426467379687,34.42993124575977],[133.5891371103203,34.44237478824024],[132.8477278085625,34.263133607820315],[132.48118117770312,34.12908514590625],[132.38665297946093,34.268539033845705],[132.18348220309375,34.28717001529102],[131.99730971774218,34.09000738711719],[131.99495986422656,33.80434378238086],[131.65487197360156,33.911563478425784],[131.39416030367968,33.93642386050586],[130.89904311617968,33.90366705508594],[130.7793226571953,33.966903291658205],[130.81162551364062,34.11931189151172],[130.89232924899218,34.24644049258594],[131.1097669931328,34.24053534121875],[131.33410170992968,34.29177435489063],[131.67228225192187,34.50195273013477],[132.66285232028125,35.380626283601565],[132.78869155367968,35.38724859805469],[132.98076919039843,35.444869600251955],[133.00620559176562,35.25414999575977],[133.22861770114062,35.31183584781055],[133.80405715426562,35.42748221011524],[134.22356704196093,35.453773103669924],[134.75583938082812,35.531173311189455],[135.15697768649218,35.646468721345705],[135.18804458102343,35.443011842683596],[135.35766128024218,35.32253988833789],[135.43247512301562,35.36083944888477],[135.72710708102343,35.45048101992969],[135.92803481539843,35.603519044832034],[135.92652419528125,35.76252707095508],[135.97788527926562,35.97254904361133],[136.18726638278125,36.202003084138674],[136.50152114352343,36.463512025789065],[136.66849807223437,36.66749533267383],[136.64042190035937,37.17027624698047],[136.72185805758593,37.265933595613284],[136.81084731539843,37.31068380923633]]]]}},{"type":"Feature","properties":{"NAME":"Milan","ABBREVN":"Milan","wikipedia":null,"SUBJECTO":"Milan","BORDERPRECISION":1,"PARTOF":"Milan","polity_id":"ottoman_classical:milan","name":"Milan","ISO_A3":"MILAN","ADM0_A3":"MILAN","ADMIN":"Milan","fill_colour":"#313f9b","border_precision":1},"geometry":{"type":"MultiPolygon","coordinates":[[[[9.422500714758455,46.13802050312716],[9.455457179583536,46.01863506917805],[9.568924281182554,46.03811619187675],[9.58168796038019,45.89302924034952],[9.695144280553256,45.779572920176456],[9.506050413598146,45.514841506439296],[9.846419374117344,45.70393537339441],[9.92205692089939,45.666116600003384],[9.997694467681434,45.40138518626623],[10.376652918577285,45.3743828896956],[10.506080949104131,45.36516062784453],[10.278067797644345,44.40128685121908],[9.904824768460184,44.57094277357552],[9.704930487702685,44.45989039537691],[9.19226989456315,44.75756428816761],[8.222889433595261,44.67391216717037],[7.877945501912113,45.90734804409799],[7.873885228753586,45.92186659660424],[8.153968,46.145745],[8.090679868395751,46.263925523279546],[8.088835883729118,46.26789457949209],[8.134543511738528,46.29384752114704],[8.150014989567683,46.29384752114704],[8.274517190018,46.33937178492507],[8.286296174276892,46.380013182511725],[8.314141537514287,46.39582387142589],[8.306017588749324,46.400238825213265],[8.3550774373682,46.43030670053192],[8.435637684718476,46.457367010227124],[8.435637684718476,46.29637764050526],[8.691965744469119,46.10121637866764],[8.750555015269267,46.11391023307183],[8.849424409744515,46.07073920123407],[8.801820627219398,45.981751253257414],[8.940970145369745,45.872227081627074],[9.080119663520096,45.87477661147302],[9.080119663520096,45.90790985613573],[8.981250269044848,45.9690269949401],[9.091105151795125,46.10883304209429],[9.204075964858989,46.22286795949458],[9.445643769623503,46.20530807233078],[9.422500714758455,46.13802050312716]]]]}},{"type":"Feature","properties":{"NAME":"Holy Roman Empire","ABBREVN":"Holy Roman E","wikipedia":null,"SUBJECTO":"Holy Roman Empire","BORDERPRECISION":1,"PARTOF":"Holy Roman Empire","polity_id":"ottoman_classical:holy_roman_empire","name":"Holy Roman Empire","ISO_A3":"HOLYROMANE2","ADM0_A3":"HOLYROMANE2","ADMIN":"Holy Roman Empire","fill_colour":"#44d5a9","border_precision":1},"geometry":{"type":"MultiPolygon","coordinates":[[[[6.930871450577103,46.408351227966136],[6.900908887160469,46.439689214556104],[6.857901656145032,46.44947118554421],[6.832041624067764,46.46683262184003],[6.776499274150077,46.47343949712618],[6.742657920910335,46.48864679559679],[6.720869389583737,46.485596225120794],[6.689435812086666,46.50021827068076],[6.59204288810731,46.51769616755476],[6.558787383904959,46.507196480082904],[6.511094375255204,46.515893700404824],[6.448639414796144,46.47363192883472],[6.399366830301586,46.458688728465745],[6.384794633556074,46.46430289385845],[6.346871930666223,46.46094815254606],[6.2912738204431,46.422658307372956],[6.274123806967107,46.39014042210051],[6.258912357066373,46.3925019868991],[6.248222955748419,46.38605643507135],[6.177759228678662,46.30335051912092],[5.926132952478818,46.33130899425423],[5.325494087615898,46.398046645905666],[5.415587684817945,46.52417768198853],[5.645716162577157,46.4567227963447],[5.724926528903053,46.4799864185478],[5.739656950049963,46.59782978772308],[5.625539563395728,46.64907846072007],[5.646444114038196,46.84980832209718],[5.757015581895596,46.88666547804965],[5.793872737848062,46.99723694590705],[5.667288567732019,47.10831750841926],[5.736870241625835,47.233564521428136],[5.778619245962126,47.358811534437],[5.792535580740889,47.5118912170034],[5.917782593749759,47.59538922567598],[5.820368250298417,47.73455257346362],[5.95953159808605,47.80413424735743],[5.95953159808605,47.98504659948136],[6.056945941537394,47.95721392992383],[6.098694945873683,48.02679560381765],[6.251774628440081,47.95721392992383],[6.237858293661318,48.29120596461415],[5.945615263307287,48.34687130372921],[6.015196937201104,48.653030668862],[5.83428458507718,48.77827768187087],[6.00128060242234,48.90352469487974],[5.87603358941347,49.070520712224905],[5.722953906847073,48.959190033994794],[5.611623228616965,49.209684060012535],[5.903866258970996,49.19576772523377],[5.909256214734315,49.200859868256885],[5.698878313039287,49.391190828942065],[6.161084081794847,49.932069920039],[5.946186580143359,51.50421480054198],[5.541243985644642,52.248179102062885],[5.574368986693603,52.28301580996875],[5.756913218108398,52.333716951326174],[5.817143950072509,52.52136190982227],[5.611254725066406,52.5315013751543],[5.555709871855957,52.58732184024219],[5.546892675963623,52.678695283845705],[5.653440508452636,52.74977835269336],[5.576382670012695,52.759933076814455],[5.325746092406494,52.790408693269534],[5.358019384947998,52.937747560457034],[5.342753443328125,52.99631079287891],[5.332119974700195,53.01144751162891],[5.389523062316162,53.13857229800586],[5.647349867430908,53.227759920076174],[5.966306719390136,53.33501013369922],[6.260716471282226,53.32174261660938],[6.750721964446289,53.38986166568164],[6.861045393553955,53.26576193423633],[7.00905946215747,53.24541052432422],[7.043283495513183,53.164004884675784],[7.159938845244628,53.16400106997852],[7.189745459166748,53.230140291169924],[6.980709108916503,53.3166576251543],[7.03733209094165,53.51014669986133],[7.165639433470947,53.591670595125],[7.332391771880371,53.60442694278125],[7.836380991545898,53.63209494204883],[7.87502889291447,53.63368572579089],[7.968539270964843,53.63753470034961],[8.011022600737792,53.565692506746096],[8.098732981291992,53.44393499942188],[8.029082331267578,53.37264975161914],[8.174986872283203,53.32174261660938],[8.241933855620605,53.3522907123125],[8.260771784392578,53.438846193269534],[8.189001116362792,53.530520997957034],[8.30565074404834,53.52543219180469],[8.501803431121093,53.44902762027149],[8.42865756472705,53.61204870791797],[8.516240577905567,53.76104174723696],[8.539542231169921,53.80068167300586],[8.585600878584321,53.7930778153404],[8.848478350249511,53.749679170564455],[9.125039133635742,53.790477357820315],[8.857097658721191,53.866988740876955],[8.818971666899902,53.969039522126955],[8.946340593901855,54.014972291902346],[8.832654032317382,54.066016756013674],[8.778787645903808,54.132403932527346],[8.853296312895996,54.168155275300784],[8.884012255278808,54.229449830964846],[8.961682962467147,54.27590912733824],[9.05617554272723,54.3485957275383],[9.136130802947298,54.29771510739826],[9.165205443027324,54.31952108745828],[9.216086063167367,54.29044644737825],[9.259698023287404,54.304983767418264],[9.296041323387435,54.24683448725822],[9.44141452378756,54.24683448725822],[9.448683183807567,54.18868520709817],[9.674011644427761,54.18868520709817],[9.739429584607816,54.27590912733824],[9.826653504847892,54.27590912733824],[9.884802785007942,54.25410314727822],[10.141728434172851,54.33675345034961],[10.21287730654834,54.37191732974414],[10.340239557830078,54.362315736726565],[10.445974382964355,54.29203375430469],[10.648594889250976,54.258975587800784],[11.03860572299121,54.313251100496096],[11.0730057092583,54.21963080020313],[11.041366610137207,54.15269812198047],[11.01588729342578,54.096656404451174],[10.716716799346191,53.963931642488284],[10.770921983476129,53.930865647702795],[10.858920130339843,53.87718542666797],[10.883711053681196,53.88237572106904],[10.89350602717936,53.884426423070174],[10.960404311982023,53.89843242794023],[11.15137771090625,53.93841513247852],[11.202488932219726,53.85678442569141],[11.407822641936523,53.859290681794924],[11.565019640532714,54.035384736970705],[12.04107383212207,54.096656404451174],[12.311884913054687,54.201942048982424],[12.46253656621695,54.25478611729922],[12.652518305388671,54.32142599673633],[12.764800104705078,54.270328126863284],[12.943138155547363,54.34698446841602],[13.025811228362304,54.265216432527346],[13.06376555880664,54.19368704409961],[13.349167856780273,54.063487611726565],[13.431016001311523,54.03024633975391],[13.667614969817382,54.08416708560352],[13.737782511321289,54.03028830142383],[13.764326128569824,53.87718542666797],[13.780499491301757,53.77517660708789],[13.850170168486816,53.72928961367969],[14.009740862456542,53.67320974917774],[14.17686370333789,53.68340643496875],[14.189576181975585,53.624793611482424],[14.280191454497558,53.61341818423633],[14.433155092803222,53.594214998201174],[14.537060770598632,53.538165651277346],[14.495303186980468,53.624793611482424],[14.565300974456054,53.6935993060625],[14.55694011172412,53.75988348575],[14.482524904814941,53.81853064151172],[14.472936663237792,53.87677725406055],[14.467412027922851,53.910350404695315],[14.580244322320926,53.92901809095972],[14.885758432952148,53.979564271882815],[15.07968238314746,54.00251730533008],[15.311689409819824,54.071002565339846],[15.89836028536914,54.128402315095705],[16.114680323210937,54.19960745425586],[16.473248514739257,54.4150348529375],[16.9759016366875,54.54930838199024],[17.657612833586914,54.685462556794924],[17.746761135501878,54.43250827204232],[17.111405742532707,54.12995808491414],[16.990385667681434,54.19046812233977],[16.687835480553257,54.03919302877569],[16.808855555404527,53.85766291649878],[16.808855555404527,53.46434767323215],[16.65758046184044,53.85766291649878],[16.20375518114817,53.706387822934694],[16.415540312137896,53.52485771065779],[16.20375518114817,53.34332759838088],[16.05312067396849,52.71644728705461],[15.843905101321067,52.7102938878591],[15.815994659012382,52.57074167631567],[15.760173774395009,52.57074167631567],[15.764534781005738,52.26547121356442],[16.095099082099242,52.124174599376694],[16.50590590483021,52.003810816920485],[16.50590590483021,52.17825108134978],[16.85478643368879,51.916590684705845],[16.85478643368879,51.65493028806191],[17.203666962547363,51.61132022195459],[17.29088709476201,51.78576048638388],[17.552547491405942,51.65493028806191],[17.639767623620585,51.4368799575253],[18.140061199789763,50.98765893485682],[18.646036580345903,50.64451035793008],[18.74563352241608,50.266041978063406],[18.769068769057146,50.17698804082737],[18.79631522616504,49.71344717593555],[18.89645184658895,49.71272535284275],[18.92670686530177,49.6219602967043],[18.52217665551832,49.561071513176316],[18.250373241870594,49.18054673406951],[18.223192900505826,48.9902843445161],[18.313985221704236,48.27915133761789],[18.186457110592453,48.055977143172264],[17.516934527255582,47.64151078205897],[16.535293701753467,46.364663368679096],[16.448316609386197,46.103732091577285],[16.2091296053762,46.14722063776092],[16.078663966825292,45.886289360659106],[16.2091296053762,45.734079449016384],[16.122152513008928,45.581869537373656],[15.469824320254395,45.734079449016384],[15.423617739934283,45.429659625730935],[14.880010912638838,45.48402030846048],[14.79846988854452,45.864545087567286],[14.5266664748968,45.78300406347297],[14.354488405791503,45.32289084048633],[14.075900831918274,45.27622876895767],[13.989806030447117,45.419720104742936],[14.219392167703536,45.47711663905704],[14.075900831918274,45.6780045091564],[13.67318061312793,45.71450766177539],[13.564614328948242,45.72652395816211],[13.437729868499023,45.638431154207034],[13.367695841399414,45.69448813052539],[13.500387806353855,45.940027500065376],[13.606337580291015,46.13213690371875],[13.6211014123833,46.420882783845705],[13.725147154229617,46.646414021960624],[13.709092915095635,46.83906489156842],[13.58065900202377,46.83906489156842],[13.516442045487839,46.99960728290825],[13.291682697612078,47.06382423944418],[12.697675849654708,46.9514445655063],[12.407154703364085,46.96407591969285],[12.328428349573102,46.967498804640286],[12.217808756438476,46.88431891055469],[12.074753794280273,46.92750509829883],[11.739651617080053,46.751658958855224],[11.908413866924741,46.414134459165844],[11.570889367235365,46.245372209321154],[11.570889367235365,45.975352609569654],[11.3346222174528,46.00910505953859],[11.233364867545989,46.00910505953859],[11.165859967608114,45.73908545978709],[10.929592817825549,45.84034280969391],[10.7945830179498,45.63782810988028],[10.65957321807405,45.806590359724964],[10.524563418198298,45.73908545978709],[10.457058518260423,46.21161975935222],[10.558315868167236,46.312877109259034],[10.558315868167236,46.49986167086014],[10.558315868167236,46.71790650888628],[10.531865821259638,46.74547720084199],[10.640000432004745,47.03660884515574],[9.814341609870084,47.08185042445079],[9.506893326382537,47.042433977849825],[9.519539194521132,47.072588433336904],[9.482920900271038,47.18221000682572],[9.570804806471257,47.266762870385406],[9.680659689221535,47.43546408961284],[9.61686450855526,47.495817667608804],[9.641345290198974,47.50711126748055],[9.64783212793817,47.488110994128014],[9.665830095197322,47.49598965630363],[9.678074563190693,47.488834209737405],[9.699246020649776,47.50628272822371],[9.742809515024337,47.504640797816485],[9.752371325522281,47.51076644905111],[9.712416939502718,47.55061659600564],[9.680344534585727,47.54265822345445],[9.680243137506228,47.55630921377518],[9.653150344436488,47.55618248403419],[9.62819114515806,47.57039558844471],[9.606712670379503,47.57248189051159],[9.60088044237073,47.58531266106803],[9.56335717626282,47.584746979125],[9.5339256480945,47.59678061932501],[9.502257340469352,47.64637098550931],[9.488171047056394,47.651505682883],[9.466080995855355,47.64798023777849],[9.421182075871505,47.66594768445761],[9.347634956983754,47.660919078143486],[9.287804878151578,47.683765275235324],[9.237245446629197,47.711482986700766],[9.225777565070517,47.739347885480086],[9.132380912926813,47.77233665825951],[9.105701403173684,47.79244785892643],[9.042968426858371,47.817624090976025],[9.030608947173162,47.80499434017611],[9.06687405483502,47.779532244267855],[9.173649406371743,47.734443430470506],[9.179800812772427,47.70459486004789],[9.201323419921486,47.707409761844914],[9.188048383707981,47.69930759937596],[9.211480461040331,47.68278743369377],[9.217880454657571,47.666308565142764],[9.12427050641381,47.670700736835244],[9.112519530198746,47.68572201095995],[9.081389504422836,47.68320700711846],[9.043323638417071,47.69346286852432],[9.048183735261208,47.70827352674581],[9.084469172589861,47.68972093590616],[9.10902282658467,47.69016204849861],[9.100921224629866,47.702421832185856],[8.987175500981742,47.74340889394121],[9.01401797736814,47.71960763133936],[8.959238171322115,47.73739127940454],[8.939972749823733,47.726182321942055],[8.994297857106877,47.70671364928088],[9.00635064628403,47.694759228843544],[8.99458859182209,47.68441116867369],[8.936604233198908,47.65937945325917],[8.897028192269564,47.65298306280818],[8.801820627219323,47.74663273922988],[8.530845249768642,47.80569324025174],[8.40634304931833,47.69243500902319],[8.508874273218588,47.59868793307967],[7.99512722418634,47.54963017671575],[7.732566435116636,47.524558221080845],[7.729721101897715,47.55527711548785],[7.72524277626662,47.60362618450617],[7.571445940416232,47.58387038194418],[7.545856140436101,47.55918913594448],[7.468914716515973,47.48497948159726],[7.337088857215643,47.440417727370495],[6.948934938164665,47.226990086959105],[6.868374690814465,47.18718743802177],[6.853727373114427,47.15233561863003],[6.714577854964077,47.08755013318224],[6.736548831514132,47.042652428867115],[6.546133701413653,46.95774247176754],[6.729225172664114,46.87770393860093],[7.212586656765327,47.12244442773029],[7.007524208964814,46.63687085468651],[7.117428757290257,46.55015389193733],[6.992876891264785,46.36148795568832],[6.92123927124597,46.39796450503748],[6.930871450577103,46.408351227966136]]],[[[6.866539,46.395577],[6.86443,46.395461],[6.864416545047481,46.39525536477191],[6.860234391844783,46.394818360614565],[6.860532891338509,46.39567135854787],[6.867839182544772,46.395613005141094],[6.866751264186823,46.39549932569842],[6.866539,46.395577]]],[[[6.857919770712584,46.38820405444768],[6.858913023342481,46.39104239239587],[6.862314911185798,46.38770883735912],[6.857919770712584,46.38820405444768]]],[[[6.776061,46.362191],[6.863716,46.292272],[6.815702901344443,46.167230449702366],[6.800462931874248,46.170525578236465],[6.237500071412523,46.29224727779576],[6.27784874181629,46.35037762441313],[6.30354410983879,46.36604951821137],[6.343528405304224,46.37010514332916],[6.360944279594113,46.347862108145755],[6.389247743870544,46.340049439200115],[6.413511182182861,46.36002808258668],[6.477321964444022,46.375612154443324],[6.484300994278125,46.39337594537425],[6.514880880306399,46.404865961350175],[6.545074937533656,46.39478964497198],[6.636771707491414,46.40672155389668],[6.725509048568351,46.40831394149905],[6.809147838242454,46.39368172924781],[6.809442,46.380232],[6.776061,46.362191]]],[[[9.177931706890412,47.664332143247975],[9.188972040298468,47.65081161990754],[9.139912757901124,47.66512715237991],[9.177931706890412,47.664332143247975]]],[[[8.98349781779857,47.66997824848036],[9.010931712396605,47.67139246838201],[8.97635885326021,47.665804706169055],[8.98349781779857,47.66997824848036]]],[[[6.936841416291898,46.314679326125834],[6.969075000002224,46.28309320974601],[6.964418429698618,46.27717680484335],[6.936841416291898,46.314679326125834]]]]}},{"type":"Feature","properties":{"NAME":"Savoy","ABBREVN":"Savoy","wikipedia":null,"SUBJECTO":"Savoy","BORDERPRECISION":1,"PARTOF":"Savoy","polity_id":"ottoman_classical:savoy","name":"Savoy","ISO_A3":"SAVOY","ADM0_A3":"SAVOY","ADMIN":"Savoy","fill_colour":"#98344d","border_precision":1},"geometry":{"type":"MultiPolygon","coordinates":[[[[6.885768380583263,46.04342243098905],[6.88899754862127,46.04481775951138],[7.048637,45.923903],[7.052252871129338,45.92234496249205],[7.10181631665881,45.86266530301531],[7.176883819871499,45.86649021183327],[7.179369913301244,45.86757168310232],[7.19574,45.860518],[7.336487964614686,45.90874827843293],[7.390185383878286,45.89771711687964],[7.436298130743145,45.93257946476933],[7.439620081115901,45.923195456322446],[7.637358870066396,45.96393647297522],[7.820450341316857,45.92828972074276],[7.826871673247144,45.93232723262481],[7.873309,45.921406],[7.873885228753586,45.92186659660424],[7.877945501912113,45.90734804409799],[8.222889433595261,44.67391216717037],[8.242196729367102,44.604873958046824],[7.642745803707689,44.412597246042864],[7.718259848089018,44.217850500006804],[7.688753239852026,44.238278151863184],[7.704807478986009,44.061681521389374],[7.672699000718043,43.98141032571946],[7.634168826796484,44.035994738775],[7.467204739803061,43.92040421701032],[7.467525371397153,43.81083423022823],[7.397118601409179,43.76409491153125],[7.355150497422891,43.901511001158944],[6.922790372483864,43.81503897617114],[6.885730933203376,43.901511001158944],[6.959849811764352,43.91386414758577],[6.922790372483864,43.97562987971992],[6.996909251044841,44.04974875828089],[6.972202958191182,44.062101904707724],[6.935143518910694,44.1362207832687],[6.885730933203376,44.14857392969553],[6.836318347496059,44.11151449041504],[6.786905761788741,44.197986515402846],[6.786905761788741,44.296811686817485],[6.869778189269287,44.34917028994922],[6.782917532531005,44.54787405581836],[6.924694094268066,44.71501883120899],[7.003469976989013,44.71953543277149],[6.942603621093017,44.86865194888477],[6.665318045226318,44.95452078433399],[6.507319483367187,45.115707002595705],[6.280426758288739,45.19859137597602],[6.24336731900825,45.29741654739066],[6.26807361186191,45.32212284024432],[6.218661026154592,45.34682913309798],[6.144542147593617,45.32212284024432],[6.082776415459469,45.371535425951635],[6.033363829752153,45.334475986671144],[6.058070122605811,45.22329766882968],[5.946891804764347,45.26035710811017],[5.934538658337518,45.32212284024432],[5.823360340496054,45.39624171880529],[5.607083159727774,45.84657830923068],[5.356666000230306,45.876039151524495],[5.356666000230306,46.052804205287416],[5.533431053993224,46.008612941846685],[5.533431053993224,46.096995468728146],[5.268283473348847,46.31795178593179],[5.325494087615898,46.398046645905666],[5.926132952478818,46.33130899425423],[6.177759228678662,46.30335051912092],[6.171351592047537,46.295829635984404],[6.147796147590462,46.20673725502066],[6.172219470275174,46.211872294689975],[6.193824202060431,46.238419184332706],[6.199127865688836,46.263974311208905],[6.235320097735189,46.289106588791334],[6.237500071412523,46.29224727779576],[6.800462931874248,46.170525578236465],[6.815702901344443,46.167230449702366],[6.804016,46.136794],[6.849801742648566,46.13155058533483],[6.847281840934415,46.12834892448064],[6.896753868858292,46.119621513863876],[6.872951977595732,46.056129586475805],[6.885768380583263,46.04342243098905]]]]}},{"type":"Feature","properties":{"NAME":"Swiss Confederation","ABBREVN":"Swiss Confederation","wikipedia":null,"SUBJECTO":"Swiss Confederation","BORDERPRECISION":1,"PARTOF":"Swiss Confederation","polity_id":"ottoman_classical:swiss_confederation","name":"Swiss Confederation","ISO_A3":"SWISSCONFEDE","ADM0_A3":"SWISSCONFEDE","ADMIN":"Swiss Confederation","fill_colour":"#963c8e","border_precision":1},"geometry":{"type":"MultiPolygon","coordinates":[[[[7.212586656765327,47.12244442773029],[6.729225172664114,46.87770393860093],[6.546133701413653,46.95774247176754],[6.736548831514132,47.042652428867115],[6.714577854964077,47.08755013318224],[6.853727373114427,47.15233561863003],[6.868374690814465,47.18718743802177],[6.948934938164665,47.226990086959105],[7.337088857215643,47.440417727370495],[7.468914716515973,47.48497948159726],[7.571445940416232,47.58387038194418],[7.72524277626662,47.60362618450617],[7.732566435116636,47.524558221080845],[8.508874273218588,47.59868793307967],[8.40634304931833,47.69243500902319],[8.530845249768642,47.80569324025174],[8.801820627219323,47.74663273922988],[8.897028192269564,47.65298306280818],[8.936604233198908,47.65937945325917],[8.93572619268792,47.65900040517249],[8.89424668674045,47.651981092802714],[8.859761867303298,47.65720259885761],[8.906531941740655,47.64470239066858],[8.960973389973663,47.65681014096839],[8.97635885326021,47.665804706169055],[9.010931712396605,47.67139246838201],[9.065714698442651,47.674216536574775],[9.090169214235457,47.67299879536117],[9.09631748974732,47.666038767172346],[9.139912757901124,47.66512715237991],[9.188972040298468,47.65081161990754],[9.191228667349208,47.648048045875626],[9.300064856849982,47.61072946127637],[9.382401971062464,47.5712252392877],[9.38681144658924,47.544314745924304],[9.437436949905864,47.518945191698386],[9.435761421667744,47.506522607680544],[9.466216843906906,47.49633046022211],[9.481890678413858,47.48171362179569],[9.52988310330231,47.48141384927814],[9.560997473255647,47.50048807652424],[9.59837981703166,47.487290214815076],[9.61686450855526,47.495817667608804],[9.680659689221535,47.43546408961284],[9.570804806471257,47.266762870385406],[9.482920900271038,47.18221000682572],[9.519539194521132,47.072588433336904],[9.506893326382539,47.042433977849825],[9.814341609870084,47.08185042445079],[10.640000432004745,47.03660884515574],[10.531865821259638,46.74547720084199],[10.558315868167236,46.71790650888628],[10.558315868167236,46.49986167086014],[10.1951467234354,46.14563208029098],[9.568924281182554,46.03811619187675],[9.455457179583536,46.01863506917805],[9.422500714758455,46.13802050312716],[9.445643769623503,46.20530807233078],[9.204075964858989,46.22286795949458],[9.091105151795125,46.10883304209429],[8.981250269044848,45.9690269949401],[9.080119663520096,45.90790985613573],[9.080119663520096,45.87477661147302],[8.940970145369745,45.872227081627074],[8.801820627219398,45.981751253257414],[8.849424409744515,46.07073920123407],[8.750555015269267,46.11391023307183],[8.691965744469119,46.10121637866764],[8.435637684718476,46.29637764050526],[8.435637684718476,46.457367010227124],[8.3550774373682,46.43030670053192],[8.306017588749324,46.400238825213265],[8.176414000220069,46.47067179698466],[8.176414000220069,46.433083359162026],[8.064987636333411,46.3638980852208],[7.999469297826533,46.323217369816824],[7.906573329069923,46.301828866865534],[7.750272175288965,46.32118072966271],[7.751746714475578,46.36291669955854],[7.708985078063805,46.36393425203071],[7.70503706207693,46.38054382281367],[7.694239686197679,46.42596911479142],[7.610190952560747,46.44324495463201],[7.534989454043493,46.40868779824256],[7.546729928829225,46.387864658471635],[7.547015031400663,46.387358994876045],[7.500082637586253,46.3727582953305],[7.221251126231419,46.3273659458753],[7.033171380364716,46.18367831907331],[6.964418429698618,46.27717680484335],[6.969075000002224,46.28309320974601],[6.936841416291898,46.314679326125834],[6.878356242253377,46.3942144611218],[6.872439,46.393418],[6.866751264186823,46.39549932569842],[6.867839182544772,46.395613005141094],[6.918682026631522,46.395206936852965],[6.92123927124597,46.39796450503748],[6.992876891264785,46.36148795568832],[7.117428757290257,46.55015389193733],[7.007524208964814,46.63687085468651],[7.212586656765327,47.12244442773029]]],[[[8.150014989567683,46.29384752114704],[8.134543511738528,46.29384752114704],[8.243385179510536,46.355648178418804],[8.286296174276892,46.380013182511725],[8.274517190018,46.33937178492507],[8.150014989567683,46.29384752114704]]],[[[8.08862,46.267772],[8.088835883729118,46.26789457949209],[8.090679868395751,46.263925523279546],[8.08862,46.267772]]],[[[7.637358870066396,45.96393647297522],[7.439620081115901,45.923195456322446],[7.436298130743145,45.93257946476933],[7.390185383878286,45.89771711687964],[7.336487964614686,45.90874827843293],[7.576875,45.991122],[7.826871673247144,45.93232723262481],[7.820450341316857,45.92828972074276],[7.637358870066396,45.96393647297522]]],[[[7.10181631665881,45.86266530301531],[7.052252871129338,45.92234496249205],[7.179369913301244,45.86757168310232],[7.176883819871499,45.86649021183327],[7.10181631665881,45.86266530301531]]],[[[6.872951977595732,46.056129586475805],[6.896753868858292,46.119621513863876],[6.847281840934415,46.12834892448064],[6.849801742648566,46.13155058533483],[6.903116,46.125445],[6.876258,46.054467],[6.88899754862127,46.04481775951138],[6.885768380583263,46.04342243098905],[6.872951977595732,46.056129586475805]]],[[[6.864416545047481,46.39525536477191],[6.863911,46.387529],[6.862314911185798,46.38770883735912],[6.858913023342481,46.39104239239587],[6.860234391844783,46.394818360614565],[6.864416545047481,46.39525536477191]]]]}},{"type":"Feature","properties":{"NAME":"Montana","ABBREVN":"Montana","wikipedia":null,"SUBJECTO":"Montana","BORDERPRECISION":1,"PARTOF":"Montana","polity_id":"ottoman_classical:montana","name":"Montana","ISO_A3":"MONTANA","ADM0_A3":"MONTANA","ADMIN":"Montana","fill_colour":"#762e3b","border_precision":1},"geometry":{"type":"MultiPolygon","coordinates":[[[[-72.262222,41.125267],[-72.27861,41.117210000000114],[-72.285004,41.115829],[-72.288895,41.119713],[-72.289444,41.124992],[-72.388336,41.084991],[-72.617767,40.92305],[-72.621658,40.918327],[-72.621109,40.91304800000012],[-72.615829,40.90971400000012],[-72.607224,40.907494],[-72.584732,40.906097],[-72.498047,40.904160000000104],[-72.484436,40.90499100000011],[-72.442215,40.917496],[-72.436386,40.919716],[-72.431946,40.923607],[-72.434433,40.928604],[-72.401947,40.964714],[-72.34584,40.999718],[-72.263626,41.01944],[-72.13501,41.035271],[-72.113892,41.007774],[-72.110001,41.003883],[-72.101944,41.002495000000124],[-72.053329,41.016106],[-72.025833,41.029434],[-72.020844,41.032494],[-72.012787,41.041939],[-72.003342,41.049438],[-71.998047,41.05249],[-71.923889,41.08194],[-71.916107,41.082214000000135],[-71.873322,41.078606],[-71.865555,41.07666],[-71.859161,41.073608],[-71.85611,41.06916],[-71.860275,41.064438],[-72.084167,40.981659],[-72.352783,40.887215],[-72.446655,40.855553],[-72.54277,40.825554],[-72.665833,40.794441],[-72.698608,40.789719000000105],[-72.819458,40.76998900000012],[-72.867767,40.756104],[-72.886948,40.773605],[-72.894165,40.77388],[-73.003067,40.754715],[-73.015839,40.75222],[-73.021667,40.75],[-73.095276,40.730545],[-73.140289,40.71888000000013],[-73.438599,40.665825],[-73.561111,40.645271],[-73.652786,40.619987],[-73.593338,40.607216],[-73.585831,40.604713],[-73.579727,40.601662],[-73.576675,40.597488],[-73.582779,40.5961],[-73.618057,40.594437],[-73.65361,40.59388],[-73.797226,40.592216],[-73.852936,40.578106],[-73.914085,40.563152000000116],[-73.929047,40.56422],[-73.933052,40.56715800000012],[-73.929314,40.571964],[-73.857742,40.584515],[-73.831032,40.597603],[-73.791779,40.608772],[-73.77478,40.614941],[-73.771454,40.616272],[-73.771118,40.619602],[-73.771286,40.626102],[-73.771782,40.629272],[-73.767502,40.641663],[-73.773895,40.644714],[-73.812775,40.65665400000012],[-73.828888,40.65915700000011],[-73.843887,40.659714],[-73.850555,40.65915700000011],[-73.868881,40.654434],[-73.899734,40.635826],[-73.887787,40.6188810000001],[-73.883621,40.61499800000013],[-73.875,40.613052],[-73.871933,40.608604],[-73.875549,40.60305000000011],[-73.88028,40.599998],[-73.888062,40.598045],[-73.939987,40.585548],[-73.946655,40.584991],[-74.001114,40.58055100000013],[-74.007782,40.58027600000014],[-74.032501,40.625824],[-74.035004,40.635826],[-74.033066,40.647491000000116],[-74.029999,40.653877],[-74.026108,40.6586],[-74.005005,40.679993],[-74.003891,40.69110100000012],[-74.001114,40.697769],[-73.979881,40.707226],[-73.96595,40.721527],[-73.939987,40.773048],[-73.922501,40.789719000000105],[-73.911392,40.794998],[-73.835556,40.804993],[-73.731674,40.851662],[-73.623047,40.90638000000013],[-73.612213,40.9116590000001],[-73.589447,40.92054700000011],[-73.490555,40.934158],[-73.354172,40.92582700000014],[-73.226669,40.91054500000013],[-73.207779,40.914711],[-73.189987,40.920273],[-73.155563,40.93499],[-73.146393,40.942764],[-73.144165,40.94860100000011],[-73.144455,40.95388],[-73.146118,40.95916],[-73.037216,40.9685970000001],[-72.893616,40.96998600000012],[-72.781387,40.965546],[-72.765564,40.963608000000136],[-72.751114,40.963882],[-72.647232,40.979713],[-72.628052,40.98360400000013],[-72.616104,40.98860200000013],[-72.611115,40.991661],[-72.577499,41.015549],[-72.527946,41.045216],[-72.453064,41.088882000000126],[-72.35083,41.140831],[-72.285278,41.161934],[-72.246109,41.16360500000013],[-72.239716,41.160545],[-72.238892,41.155266],[-72.241943,41.14888],[-72.253067,41.133049],[-72.262222,41.125267]]],[[[-74.220001,40.51166500000011],[-74.232498,40.508888],[-74.23555,40.51332900000011],[-74.236389,40.518326],[-74.233887,40.535553],[-74.23111,40.542221],[-74.184998,40.631660000000124],[-74.181671,40.63749700000011],[-74.176941,40.641937],[-74.170837,40.642769],[-74.082779,40.651382],[-74.073898,40.649162],[-74.068893,40.645828],[-74.062775,40.639435],[-74.056946,40.624435],[-74.053879,40.615273],[-74.053604,40.604439],[-74.057495,40.599716000000114],[-74.108612,40.559715],[-74.123322,40.549721],[-74.145004,40.538887],[-74.220001,40.51166500000011]]]]}},{"type":"Feature","properties":{"NAME":"Chatot","ABBREVN":"Chatot","wikipedia":null,"SUBJECTO":"Chatot","BORDERPRECISION":1,"PARTOF":"Chatot","polity_id":"ottoman_classical:chatot","name":"Chatot","ISO_A3":"CHATOT","ADM0_A3":"CHATOT","ADMIN":"Chatot","fill_colour":"#73bb2a","border_precision":1},"geometry":{"type":"MultiPolygon","coordinates":[[[[-86.61546036282422,30.410708986238287],[-86.67086908002675,31.86111026140856],[-85.82409479865697,31.863895471171546],[-85.41692844065298,31.485003722580288],[-85.25509380551769,30.625456156231156],[-85.07528994140802,30.31144836970472],[-85.30477615872266,29.66390760989551],[-85.42760178128124,29.759692750886686],[-85.48666855374219,30.038659654573234],[-85.60032364407422,30.152867876008784],[-85.71918198147655,30.20348318667772],[-86.0575685171211,30.234580598787083],[-86.28960892239452,30.367620073274413],[-86.38868423977735,30.47271307559374],[-86.61546036282422,30.410708986238287]]]]}},{"type":"Feature","properties":{"NAME":"Thompson","ABBREVN":"Thompson","wikipedia":null,"SUBJECTO":"Thompson","BORDERPRECISION":1,"PARTOF":"Thompson","polity_id":"ottoman_classical:thompson","name":"Thompson","ISO_A3":"THOMPSON","ADM0_A3":"THOMPSON","ADMIN":"Thompson","fill_colour":"#356a82","border_precision":1},"geometry":{"type":"MultiPolygon","coordinates":[[[[-121.66727253761972,48.98112749107186],[-121.17585081065224,49.02254024076657],[-121.05217955584826,48.7666854493368],[-121.18874631474912,48.590656764189546],[-121.63651275120712,48.63953899810334],[-121.66727253761972,48.98112749107186]]]]}},{"type":"Feature","properties":{"NAME":"Republic of the Seven Zenden","ABBREVN":"Republic of the Seven Zenden","wikipedia":null,"SUBJECTO":"Republic of the Seven Zenden","BORDERPRECISION":1,"PARTOF":"Republic of the Seven Zenden","polity_id":"ottoman_classical:republic_of_the_seven_zenden","name":"Republic of the Seven Zenden","ISO_A3":"REPUBLICOFTH","ADM0_A3":"REPUBLICOFTH","ADMIN":"Republic of the Seven Zenden","fill_colour":"#3131c9","border_precision":1},"geometry":{"type":"MultiPolygon","coordinates":[[[[8.243385179510536,46.355648178418804],[8.08862,46.267772],[8.153968,46.145745],[7.873309,45.921406],[7.576875,45.991122],[7.19574,45.860518],[7.048637,45.923903],[6.876258,46.054467],[6.903116,46.125445],[6.804016,46.136794],[6.863716,46.292272],[6.776061,46.362191],[6.809442,46.380232],[6.809147838242454,46.39368172924781],[6.856912456646007,46.38532553426575],[6.857919770712584,46.38820405444768],[6.863911,46.387529],[6.86443,46.395461],[6.866539,46.395577],[6.872439,46.393418],[6.878356242253377,46.3942144611218],[7.033171380364716,46.18367831907331],[7.221251126231419,46.3273659458753],[7.500082637586253,46.3727582953305],[7.547015031400663,46.387358994876045],[7.546729928829225,46.387864658471635],[7.534989454043493,46.40868779824256],[7.610190952560747,46.44324495463201],[7.694239686197679,46.42596911479142],[7.70503706207693,46.38054382281367],[7.708985078063805,46.36393425203071],[7.751746714475578,46.36291669955854],[7.750272175288965,46.32118072966271],[7.906573329069923,46.301828866865534],[7.999469297826533,46.323217369816824],[8.064987636333411,46.3638980852208],[8.176414000220069,46.433083359162026],[8.176414000220069,46.47067179698466],[8.314141537514287,46.39582387142589],[8.243385179510536,46.355648178418804]]]]}},{"type":"Feature","properties":{"NAME":"Australian aboriginal hunter-gatherers","ABBREVN":"Australian aboriginal hunter-gatherers","wikipedia":null,"SUBJECTO":"Australian aboriginal hunter-gatherers","BORDERPRECISION":1,"PARTOF":"Australian aboriginal hunter-gatherers","polity_id":"ottoman_classical:australian_aboriginal_hunter_gatherers","name":"Australian aboriginal hunter-gatherers","ISO_A3":"AUSTRALIANAB","ADM0_A3":"AUSTRALIANAB","ADMIN":"Australian aboriginal hunter-gatherers","fill_colour":"#7c652d","border_precision":1},"geometry":{"type":"MultiPolygon","coordinates":[[[[142.33755019615435,-10.91538277987776],[142.64426711509967,-11.092706121247389],[142.74920180748248,-11.321312345307447],[142.77031997154498,-11.613681234162428],[142.82346633384967,-11.918680585663893],[142.93834975670123,-12.007422841828443],[143.12742141197467,-12.01337090853987],[143.17309096763873,-12.12133923892317],[142.9707899422481,-12.534967817109205],[143.29229262779498,-12.686838544648268],[143.37115004966998,-12.813800252717115],[143.43748000572467,-13.080647863190748],[143.4735212654903,-13.665407575409986],[143.5380964608028,-13.944986738007643],[143.7431745858028,-14.465823568146803],[143.87487319420123,-14.586329854767897],[144.06472304771685,-14.592281736176588],[144.21230605552935,-14.452100194733717],[144.38535598228717,-14.369087613862135],[144.5291853279903,-14.667567647736647],[144.6925917000606,-14.72443047885237],[144.94622329185748,-14.908246434968092],[145.11966994713092,-14.977798856537916],[145.1843366951778,-15.047596372407057],[145.18485549400592,-15.231954015534498],[145.22220900963092,-15.66417542819319],[145.34638503502154,-16.013568319123365],[145.32554152916217,-16.4904293191844],[145.45112136314654,-16.598232663910963],[145.86948684166217,-17.194960035126783],[145.99418166588092,-17.51257745150862],[146.01871779869342,-17.862209714692213],[145.92455581138873,-18.25660363559065],[146.10622695396685,-18.548672117035963],[146.22996047447467,-18.923536695283033],[146.32175734947467,-19.082291044037916],[146.94948867271685,-19.443359769623854],[147.07758620689654,-19.51303140048323],[147.41271499107623,-19.563177503388502],[147.5935926766231,-19.855278409760572],[147.97294143150592,-20.09608117465315],[148.1904402108028,-20.171909726899244],[148.70373061607623,-20.202618039887525],[148.75644973228717,-20.291510022919752],[148.68986037681842,-20.399742521088697],[148.56704238365435,-20.65432778720198],[148.70600417564654,-20.844784177582838],[149.10148147056842,-21.06012383822737],[149.2001600594356,-21.31423989657698],[149.41137221763873,-21.917835630219557],[149.50620559166217,-22.254627622407057],[149.55675795982623,-22.432550824921705],[149.67019179771685,-22.57220307711897],[150.01726821373248,-22.730434812348463],[150.00811294029498,-22.673225797455885],[149.94477370689654,-22.323645032685377],[150.35558608482623,-22.55167428378401],[150.61091140220904,-22.621080793183424],[150.69362929771685,-22.67811814669905],[150.7544050545528,-22.811520017426588],[150.80247024009967,-23.599888242524244],[151.2001600594356,-23.942411817353346],[151.4582167000606,-24.08811227206526],[151.73014357994342,-24.15748826388655],[151.85947707603717,-24.290745176117994],[151.9692488045528,-24.5512203348094],[152.07273391197467,-24.74175874118147],[152.31797316978717,-24.817552961152174],[152.3967390389278,-24.950924314301588],[152.39982131431842,-25.07173577670393],[152.48574355552935,-25.31320420626936],[152.5335798592403,-25.363981641572096],[152.76116469810748,-25.420729078095533],[152.83135512779498,-25.471462644379713],[152.90423110435748,-25.63030091647444],[153.06907180259967,-26.227749265473463],[153.0810194344356,-26.622030652802565],[153.08671096275592,-27.00997392062483],[153.02762893150592,-27.19453851107893],[152.94622329185748,-27.340992368500807],[153.2964735359981,-27.912666715424635],[153.39640334556842,-28.12870828036604],[153.47783950279498,-28.503797925751783],[153.4934950203731,-28.840868390839674],[153.36136916588092,-29.159185804169752],[153.2027235359981,-29.910084165375807],[152.93955520103717,-30.69940034274397],[153.00107863853717,-31.05550614718733],[152.97185805748248,-31.418175138276197],[152.83397963951373,-31.768339551728346],[152.5367079109981,-32.20791665438948],[152.44512465904498,-32.507114805024244],[152.17618850181842,-32.87666741732893],[151.97365859459185,-32.95978204135237],[151.76464370201373,-33.00473824862776],[151.5743055672481,-33.21509209994612],[151.36449721763873,-33.52090112094221],[151.2169294686153,-34.208328641694166],[151.00255874107623,-34.4950794351512],[150.84971145103717,-34.71808282260237],[150.8557234139278,-35.01075402621565],[150.7619734139278,-35.253128446381666],[150.61310866783404,-35.39366189364729],[150.34281447838092,-35.547222532075025],[150.22150710533404,-35.694107450287916],[150.08652785728717,-36.153511441987135],[150.01073745201373,-36.62571755770979],[149.97519973228717,-37.04692498568831],[149.98484328697467,-37.34688226107893],[149.85709670494342,-37.63442269686995],[149.7123670906856,-37.79433480624495],[149.50414565513873,-37.928848661225416],[149.1647596688106,-37.97423974398909],[148.64345839927935,-38.013611234467604],[148.27416518638873,-38.02713815097151],[148.0369978279903,-38.09787026767073],[147.80524733970904,-38.232456601899244],[147.11680129478717,-38.655456937592604],[146.91714003990435,-38.71336404208479],[146.82104018638873,-38.84133569125471],[146.6653700203731,-38.8736080301219],[146.42768386314654,-38.89964715365706],[146.29922011802935,-38.89352074984846],[146.43192580650592,-39.059387601655104],[146.52591994713092,-39.180637754242994],[145.93387893150592,-38.881470121186354],[145.53591445396685,-38.72253838900862],[145.53713515709185,-38.51171532992659],[145.50425246666217,-38.44150582675276],[145.25207045982623,-38.23123971347151],[144.96982863853717,-38.0657581460887],[144.78031447838092,-38.05975762728987],[144.56174758384967,-38.13682977084456],[144.41111281822467,-38.24571648959456],[144.74758437584185,-38.455810941498854],[144.31142714927935,-38.56529275302229],[143.89345839927935,-38.757793821137525],[143.46447280357623,-38.95674554232893],[143.36480239341998,-38.96973077182112],[143.09292128990435,-38.86803857211409],[142.69431594322467,-38.67078057650862],[142.39293960045123,-38.56917230014143],[141.90403274009967,-38.42963067416487],[141.67472365806842,-38.410923398774244],[141.56707290123248,-38.48141518954573],[141.54719069908404,-38.53255120639143],[141.22526076744342,-38.456550992768385],[140.88732436607623,-38.2975582254344],[140.6521864266231,-38.16391030673323],[140.2491560311153,-37.79436913852034],[140.01201919029498,-37.64163247470198],[139.82250503013873,-37.246258176606275],[139.86265090416217,-36.78035394076643],[139.82567885826373,-36.5954212320262],[139.74335769127154,-36.372330106537916],[139.44448378990435,-36.04130593661604],[139.38100722740435,-35.80551186923323],[139.36791518638873,-35.614273465912916],[139.12746718834185,-35.60838738803206],[138.77366164634967,-35.78762856845198],[138.50551894615435,-35.83917657260237],[138.35236648033404,-35.865005887787916],[138.27248671959185,-35.83327905062971],[138.19716933677935,-35.75692788485823],[138.42983535240435,-35.55244866732893],[138.53460219810748,-35.29727212313948],[138.56762221763873,-34.92772332553206],[138.45405105064654,-34.78163567904768],[138.21262649009967,-34.51493111972151],[138.10149672935748,-34.35610619906721],[137.88285354088092,-34.68737069491682],[137.68332961509967,-35.330879606049635],[137.59804824302935,-35.38203851107893],[137.23948195884967,-35.38277856234846],[137.14982131431842,-35.453079618256666],[137.06188491295123,-35.459629453461744],[136.94704726646685,-35.4726184976512],[137.03612807701373,-35.29395715121565],[137.0724745125606,-35.11543694857893],[137.1083631844356,-35.07076684359846],[137.39342788170123,-35.08929101352034],[137.5022840828731,-35.025345243256666],[137.55924514244342,-34.910705961030104],[137.51188186119342,-34.45911065463362],[137.71604445884967,-34.083347715180494],[137.8637342781856,-33.8794674051219],[137.90459731529498,-33.70126382235823],[137.91250136802935,-33.51676217440901],[137.98064711998248,-33.45936242465315],[138.09084609459185,-33.452774442475416],[138.18874648521685,-33.2935413492137],[138.16576674888873,-33.19179955844221],[138.0200300545528,-32.96945992831526],[137.86823562095904,-32.74712411288557],[137.81986525963092,-33.06528512362776],[137.69018081138873,-33.18006554965315],[137.45717910240435,-33.31413308505354],[137.31748488853717,-33.524490751069166],[137.27878859947467,-33.594395078461744],[137.19341567466998,-33.804504789155104],[137.06711867759967,-33.951084531586744],[136.7308454842403,-34.05992165927229],[136.40008071373248,-34.276897825043775],[136.10612014244342,-34.53196755770979],[135.9439344734981,-34.84402505282698],[135.71242812584185,-35.207439817231275],[135.52807143638873,-35.054886258881666],[135.3573103279903,-34.45715752963362],[135.23900893638873,-34.196575559418775],[135.15310195396685,-34.05044213656721],[134.84369948814654,-33.69482842807112],[134.71023086021685,-33.36431161288557],[134.63109878013873,-33.26905480746565],[134.31438735435748,-33.30151788119612],[134.2084608406856,-33.257202543061354],[134.14605239341998,-33.149185575287916],[134.1077986092403,-33.0284046304637],[134.25809768150592,-32.87542382602034],[134.23699477623248,-32.741890348237135],[134.08124831627154,-32.56410638217268],[133.83703139732623,-32.34197274569807],[133.71750930259967,-32.29769555453596],[133.34406569908404,-32.36843530062971],[133.1250868172481,-32.337078489106275],[132.69767287681842,-32.08988992099104],[132.57413772056842,-32.083782590668775],[132.37664321373248,-32.160522855561354],[132.18223098228717,-32.148201383393385],[131.99254897545123,-32.06590691928206],[131.69445327232623,-31.831182874482252],[131.2801618904903,-31.634849942963697],[131.18235305259967,-31.63506165866194],[130.85727981041217,-31.73113862399397],[130.28022292564654,-31.770496763032057],[129.97918227623248,-31.771118558686354],[129.1853895516231,-31.798204816620924],[128.91025832603717,-31.85602227572737],[128.61481765220904,-31.952036298554518],[128.17002395103717,-32.15013543490706],[127.73266128013874,-32.26553002719221],[127.26507857750202,-32.38098565463362],[126.58870223472859,-32.42055550936995],[126.23124984215046,-32.41492883090315],[126.05894759605671,-32.43436471347151],[125.64190963218952,-32.56243173007307],[125.19517043541218,-32.77325860385237],[124.84723189781452,-32.95208398227034],[124.60478499840046,-33.016182340424635],[124.41095260093952,-33.054748929780104],[124.24838546226765,-33.1441272867137],[123.97165969322468,-33.45637933139143],[123.62303451011921,-33.915073789399244],[123.3585539192989,-34.04284325961409],[123.01397231529499,-34.037186063569166],[122.76803115318562,-34.0313343179637],[122.35103133629109,-34.09579507235823],[122.17092421959187,-34.17886010531721],[121.87240889976765,-34.00136224154768],[121.74030593345906,-33.9634632242137],[121.40951827476765,-33.97050515536604],[120.70223525474812,-34.048294462006666],[120.28013900230671,-34.11913720492659],[120.07367232750202,-34.10046807650862],[119.77148726890827,-34.12017098788557],[119.5920744271114,-34.22230950717268],[119.32982924888874,-34.5790523660594],[119.17498305748249,-34.63661614779768],[118.74418929527546,-34.58025018100081],[118.67277053306843,-34.605842984955885],[118.41594222496296,-34.92440453891096],[118.20707992027546,-35.090340055268385],[117.79331496666218,-35.212253965180494],[117.52976516197468,-35.25102273349104],[116.84779647300984,-35.21419183139143],[116.56097701500202,-35.18929711703596],[116.25139144371296,-35.100723661225416],[115.96654036949421,-34.93578378085432],[115.61626723716999,-34.63118401889143],[115.28334334800984,-34.472847379487135],[115.11485579918171,-34.45411340121565],[115.04692367027546,-34.42245522860823],[114.96134475181843,-33.86925546054182],[114.98578933189656,-33.754715360444166],[115.20575240562702,-33.80515328769026],[115.40850356529499,-33.7665638101512],[115.5580168099239,-33.575447477143385],[115.64668563316609,-33.36537591342268],[115.7668562264278,-32.75454369906721],[115.74726394127156,-32.20761147860823],[115.67698195884968,-31.927919782441236],[115.56090072105671,-31.66103021029768],[115.0582609505489,-30.80351296786604],[114.96464827965046,-30.517527021210768],[114.89996627281452,-30.142443097870924],[114.91221145103718,-29.697262204926588],[114.84051040123249,-29.3858150613719],[114.63039687584187,-28.90295831088362],[114.33208754966999,-28.477526105683424],[114.06081679771687,-28.147436536591627],[113.96464065025593,-28.033178724091627],[114.02223494957234,-27.62608949069319],[113.92522719810749,-27.38466874484358],[113.5954695076778,-26.883037961762525],[113.15806868980671,-26.425062574189283],[113.03511336754109,-26.162660993378736],[113.0915861458614,-26.057699598115065],[113.17618850181843,-26.141670621674635],[113.24452498863484,-26.34109536532698],[113.32664779136921,-26.41456834201155],[113.43298629234577,-26.572010434907057],[113.57982924888874,-26.655979551117994],[113.73937514732624,-26.66653481845198],[113.58323195884968,-26.152166761201002],[113.38659957359577,-25.973730481904127],[113.28495315025593,-25.826788343232252],[113.32116225670124,-25.690336622040846],[113.65769484947468,-26.068197644990065],[113.88065627525593,-26.50903169040022],[114.09509566734577,-26.53862038974104],[114.05043319175984,-26.288614667695143],[114.18084243248249,-26.271389402192213],[114.18252089927937,-26.0170406473094],[114.0553083748653,-25.801126874726393],[113.59189895103718,-25.185356534760572],[113.43258956383015,-24.874161161225416],[113.37920669029499,-24.61360589389143],[113.36190322349812,-24.2830375802928],[113.52196029136921,-24.015673078339674],[113.66741469810749,-23.780147947114088],[113.76201919029499,-23.481134809296705],[113.72466567466999,-23.017105497162916],[113.6101179451778,-22.731264509003736],[113.62543014000202,-22.56592980746565],[113.82230666588093,-22.253988660615065],[113.87154677818562,-22.10767022494612],[113.90056899498249,-22.0376762521678],[114.02252486656452,-22.329861081879713],[114.02734664390827,-22.5205806863719],[114.07483199547077,-22.60312692050276],[114.23199752281452,-22.61550370578108],[114.30904677818562,-22.56448403720198],[114.39310744713093,-22.310005582612135],[114.45634749840046,-22.093716062348463],[114.8002043099239,-21.883192457001783],[115.34923842857624,-21.60229340915022],[115.56738570640827,-21.455606855195143],[115.87116530845906,-21.194311536591627],[116.1345548958614,-20.983953870576002],[116.41879561851765,-20.83712235812483],[116.77440932701374,-20.785517133515455],[117.08811477134968,-20.778484739106275],[117.40317824791218,-20.77781525973616],[117.59692672203327,-20.75833360080061],[117.75520614097859,-20.675350583832838],[117.96847060631062,-20.471458829682447],[118.19072249840046,-20.413759626191236],[118.6086759896114,-20.381090558808424],[118.73431685875202,-20.31724587802229],[118.86508468101765,-20.06903497103987],[118.93625167320515,-20.024374402802565],[119.13646224449421,-20.03666726474104],[119.53112319420124,-20.137548841279127],[119.81251815269734,-20.117874540131666],[120.22289565513874,-19.983488477509596],[120.71038344810749,-19.7726558816844],[120.87214950035359,-19.676941312592604],[121.19428542564656,-19.377451337617018],[121.38649276207234,-19.116382993500807],[121.51682570884968,-18.83638421420393],[121.57633498619343,-18.702747739594557],[121.76076796959187,-18.537056363862135],[122.19645217369343,-18.243687070649244],[122.23190597008015,-18.16732255343733],[122.20167830894734,-17.98303071383772],[122.09275344322468,-17.62090150241194],[122.08547500084187,-17.398397840302565],[122.56406691978718,-16.895162977021315],[122.73833754966999,-16.58328477267561],[122.86900618980671,-16.659296430390455],[123.02266982506062,-16.856033719819166],[123.30124953697468,-17.46574441317854],[123.41870406578327,-17.579918302338697],[123.49824813316609,-17.319094098847486],[123.50830367515827,-17.109293378632643],[123.70408919761921,-17.21694413546858],[123.82684615562702,-17.248470701020338],[123.91204360435749,-16.974916852753736],[123.88523391197468,-16.911405957978346],[123.63165572593952,-16.803881086152174],[123.55294326256062,-16.695965207856275],[123.55619338463093,-16.441679395478346],[123.5758390755489,-16.390787519257643],[123.97947219322468,-16.408991254609205],[124.27727034996296,-16.5227836740428],[124.56586745689656,-16.50945130709944],[124.71627334068562,-16.496412671845533],[124.8463468880489,-16.53004113559065],[124.53141311119343,-16.32516709689436],[124.33776381920124,-16.26200906161604],[124.39524367759968,-16.020317472260572],[124.36374953697468,-15.886891759675123],[124.42450240562702,-15.657898343842604],[124.61432937095906,-15.498568929474928],[124.68864730308796,-15.466621793549635],[125.01804641197468,-15.643917478364088],[125.10913375328327,-15.624654210846998],[125.05853560875202,-15.421336568635084],[125.10795882652546,-15.205084241669752],[125.17386916588093,-15.039676107209303],[125.15565780113484,-14.80450574282942],[125.31700423668171,-14.727873243134596],[125.49717238853718,-14.676636136811354],[125.86320022056843,-14.694914258759596],[126.10146621177937,-14.204934514802076],[126.26835921715046,-14.071074880402662],[126.42573836754109,-14.147019780915358],[126.54604628990437,-14.350181974213697],[126.66506484459187,-14.102008260529615],[126.7646589608028,-14.00008622531233],[126.8534269661739,-13.783772863190748],[127.16648391197468,-14.06279603366194],[127.39746383140827,-14.100444234650709],[127.52909377525593,-14.195505536835768],[127.67795852134968,-14.436746038239576],[127.96256545494343,-14.703128255646803],[128.01755813072467,-15.020859159272291],[127.9848738045528,-15.287912763398268],[128.06614211509967,-15.376742757599928],[128.18139174888873,-15.249349988740065],[128.38897231529498,-14.943780339997389],[128.45885756920123,-14.886408246796705],[128.98087600181842,-14.923437513154127],[129.1964216561153,-14.992895520966627],[129.4828749031856,-15.214777387421705],[129.63227370689654,-15.27802983645735],[129.70249465416217,-15.06174508456526],[129.83855727623248,-14.927954114716627],[129.84861281822467,-14.81985989932356],[129.7288465828731,-14.6739009988719],[129.4588270516231,-14.496494687836744],[129.42302993248248,-14.413933194916822],[129.42655471275592,-14.305860914033033],[129.49160293052935,-14.261222280305006],[129.76328566978717,-14.019071973603346],[129.76626113365435,-13.81564847354231],[129.85227492759967,-13.72011796359358],[130.0855360359981,-13.592476285737135],[130.20598891685748,-13.484157003205397],[130.27386001060748,-13.363228238862135],[130.23192885826373,-13.280684865754225],[130.23289016197467,-13.147189534943678],[130.46349624107623,-12.758938230317213],[130.51760390709185,-12.733391202729322],[130.6604872078731,-12.72037259463606],[130.83957961509967,-12.707269109528639],[130.95127395103717,-12.630752958100416],[130.85886672447467,-12.446610845368483],[131.02834609459185,-12.268255628388502],[131.1829481453731,-12.23614922885237],[131.53991225670123,-12.400642789643385],[131.8174696297481,-12.368270314972975],[132.3980360359981,-12.328884519379713],[132.62845900963092,-12.27117005709944],[132.73310378502154,-12.194671071808912],[132.75112441490435,-12.169199384492018],[132.71654799888873,-12.080284513276197],[132.62626174400592,-11.74993745211897],[132.51459792564654,-11.623050130646803],[132.30280593345904,-11.502738393586256],[132.13444045494342,-11.541232503693678],[132.02456191490435,-11.47790376071272],[132.04062941978717,-11.382525838654615],[132.20559218834185,-11.318603910248854],[132.38376906822467,-11.299159444611647],[132.66144851158404,-11.533748067658522],[132.7760114998653,-11.577992833893873],[132.92898086021685,-11.533173955720045],[133.09293654869342,-11.672655500214674],[133.39728835533404,-11.881771482270338],[133.55918410728717,-11.951347745698072],[134.14269545982623,-12.08357182864485],[134.40871718834185,-12.121143735688307],[134.59479812095904,-12.057175077241041],[134.76211074302935,-12.06317273501692],[134.93998244713092,-12.33612195376692],[135.12852004478717,-12.386565603058912],[135.19175246666217,-12.373721517365553],[135.4445448250606,-12.17612496737776],[135.6490125984981,-12.188396848481275],[135.9424696297481,-12.359384931367018],[136.09121230552935,-12.575194753449537],[136.29860976646685,-12.511177457612135],[136.35337356041217,-12.155095495026686],[136.43450454185748,-12.116775907319166],[136.6396131844356,-12.326100744050123],[136.79108718345904,-12.370272077363111],[136.85967544029498,-12.440060056489088],[136.66369155357623,-12.624820150178053],[136.60668471763873,-12.815645612519361],[136.52762893150592,-12.91117135409651],[136.52297500084185,-13.108231939118483],[136.4690809578731,-13.22276917819319],[136.23832229088092,-13.229627050202467],[136.0086317391231,-13.331823743622877],[135.8308973641231,-13.484774030488111],[135.8288221688106,-13.73269120578108],[135.96454909752154,-13.891323484223463],[135.88064101646685,-14.202999509614088],[135.70904067466998,-14.464002050202467],[135.45757583091998,-14.680681623261549],[135.38805678795123,-14.896969236176588],[135.41660598228717,-14.973190702241041],[135.6274519295528,-15.169813550751783],[136.0943708748653,-15.448520101349928],[136.4586286873653,-15.752892888825514],[136.6871443123653,-16.025764859955885],[136.79784682701373,-16.070034421723463],[136.95487502525592,-16.018833555024244],[137.07371047447467,-16.031298078339674],[137.42570022056842,-16.189468778412916],[137.75956252525592,-16.39855805758772],[137.95461562584185,-16.601568616669752],[138.26032546470904,-16.842495359223463],[138.41083816002154,-16.89939729098616],[138.61010268638873,-16.911690152924635],[138.96274856041217,-16.993572629731275],[139.07531264732623,-17.075981534760572],[139.17309096763873,-17.355503476899244],[139.24831679771685,-17.431642926972486],[139.4762831063106,-17.571018613617994],[139.81826308677935,-17.761026777070143],[140.06020644615435,-17.830437101166822],[140.2497206063106,-17.79824296359358],[140.43633559654498,-17.721550382416822],[140.70754531334185,-17.631971753876783],[140.80094436119342,-17.561829007905104],[141.1324110359981,-16.957149900239088],[141.31382277916217,-16.448162473481275],[141.40151503990435,-15.856735624116041],[141.51760390709185,-15.532259382050611],[141.71129897545123,-15.226692594330885],[141.65236953209185,-15.036095060151197],[141.4681501717403,-14.75677625064192],[141.47809890220904,-14.616904653351881],[141.58454421470904,-14.330600179474928],[141.66839126060748,-14.114287771027662],[141.59475234459185,-13.987305082123854],[141.51232436607623,-13.809475339692213],[141.55216506431842,-13.497904218476393],[141.59882644127154,-13.046469129365065],[141.6997938484981,-12.912751592438795],[141.84760573814654,-12.842509664338209],[141.91894057701373,-12.702511228364088],[141.67852309654498,-12.467817701142408],[141.69340041588092,-12.378801740449049],[141.95302871177935,-11.952336705964186],[142.09292128990435,-11.532499707978346],[142.12565139244342,-11.157391942780592],[142.21161941002154,-11.04914800051985],[142.33755019615435,-10.91538277987776]]]]}},{"type":"Feature","properties":{"NAME":"Tasmanian hunter-gatherers","ABBREVN":"Tasmanian hunter-gatherers","wikipedia":null,"SUBJECTO":"Tasmanian hunter-gatherers","BORDERPRECISION":1,"PARTOF":"Tasmanian hunter-gatherers","polity_id":"ottoman_classical:tasmanian_hunter_gatherers","name":"Tasmanian hunter-gatherers","ISO_A3":"TASMANIANHUN","ADM0_A3":"TASMANIANHUN","ADMIN":"Tasmanian hunter-gatherers","fill_colour":"#cb347d","border_precision":1},"geometry":{"type":"MultiPolygon","coordinates":[[[[146.7127333016231,-43.721809781830885],[146.49712661216998,-43.61904946688948],[145.96689895103717,-43.40729180697737],[145.72265151451373,-43.24016610507307],[145.4938612313106,-42.918430722992994],[145.27936843345904,-42.6676754129344],[145.1825056404903,-42.48116723422346],[145.30095961998248,-42.4616207254344],[145.37702468345904,-42.506531156342604],[145.56630996177935,-42.58340493563948],[145.62429336021685,-42.51891747836409],[145.53049758384967,-42.345310605805494],[145.2141981453731,-42.03065911654768],[144.9360456795528,-41.70970574740706],[144.86892226646685,-41.59412804965315],[144.70011428306842,-41.16398660067854],[144.69687941978717,-40.862190641205885],[144.7761335701778,-40.84276238803206],[145.22802260826373,-40.983108915131666],[145.89188674400592,-41.142315305512525],[146.3822126717403,-41.30834618930159],[146.74070266197467,-41.29478494052229],[146.94913772056842,-41.23012200717268],[147.12060073326373,-41.17839089755354],[147.2885847420528,-41.15234795932112],[147.59635451744342,-41.16458932284651],[147.73382094810748,-41.02944222811995],[148.05588820884967,-40.919651426117994],[148.26952651451373,-41.09258309726057],[148.26568129966998,-41.137554563325025],[148.32305434654498,-41.497234739106275],[148.31925490806842,-41.80580560092268],[147.98119643638873,-42.48201409701643],[147.9256697029903,-42.82340279940901],[147.8153181404903,-42.96535149936018],[147.39066604088092,-43.08217660311995],[147.14171889732623,-43.256687558930494],[146.92144301841998,-43.566597379487135],[146.83597854088092,-43.68932381991682],[146.7127333016231,-43.721809781830885]]]]}},{"type":"Feature","properties":{"NAME":"Subarctic forest hunter-gatherers","ABBREVN":"Subarctic forest hunter-gatherers","wikipedia":null,"SUBJECTO":"Subarctic forest hunter-gatherers","BORDERPRECISION":1,"PARTOF":"Subarctic forest hunter-gatherers","polity_id":"ottoman_classical:subarctic_forest_hunter_gatherers","name":"Subarctic forest hunter-gatherers","ISO_A3":"SUBARCTICFOR","ADM0_A3":"SUBARCTICFOR","ADMIN":"Subarctic forest hunter-gatherers","fill_colour":"#d35aa7","border_precision":1},"geometry":{"type":"MultiPolygon","coordinates":[[[[-81.31071945716594,52.11780508633318],[-80.87710281898235,51.90618475552263],[-80.57278915931438,51.64144857998552],[-80.3964738516972,51.37678488369646],[-80.3612947135136,51.304034792143725],[-80.07332321693157,51.29795416470232],[-79.74672409583782,51.11329611416521],[-79.33848282390191,50.8430477011036],[-79.33848282376172,50.84304770083789],[-79.74672409573438,51.11329611392383],[-80.07332321682813,51.29795416446094],[-80.36129471341016,51.304034791902346],[-80.39647385159375,51.37678488345508],[-80.57278915921094,51.64144857974414],[-80.87710281887891,51.90618475528125],[-81.3107194570625,52.1178050860918],[-81.50638353146852,52.1412374589947],[-81.747364964875,52.17009695620899],[-81.74736496482686,52.17009695643221],[-81.31071945716594,52.11780508633318]]],[[[-79.27615067054485,51.60419424648943],[-79.11176010658001,51.52498587246599],[-78.94055649329876,51.320006929594896],[-78.82266708900188,51.16139944668474],[-78.74842545081829,51.32038458462419],[-78.70010086586036,51.56555517787062],[-78.70010086575391,51.565555177644534],[-78.74842545071485,51.320384584382815],[-78.82266708889844,51.16139944644336],[-78.94055649319532,51.32000692935352],[-79.11176010647657,51.52498587222461],[-79.27615067044141,51.60419424624805],[-79.53404709378125,51.41818197818164],[-79.59434982812719,51.265792451887904],[-79.5943498282597,51.265792452055834],[-79.5340470938847,51.41818197842302],[-79.27615067054485,51.60419424648943]]],[[[-78.49098679115032,52.25613745327654],[-78.5731324819998,52.48867758369792],[-78.57313248196485,52.48867758365039],[-78.49098679104688,52.25613745303516],[-78.5534181264961,52.01023443789844],[-78.79678055324693,51.77088507267093],[-78.79678055335735,51.77088507290544],[-78.55341812659954,52.01023443813982],[-78.49098679115032,52.25613745327654]]],[[[-78.74176950874033,52.744138830377246],[-78.72467514560475,52.69467886557873],[-78.72467514564251,52.69467886563005],[-78.74176950876009,52.74413883037645],[-78.74176950874033,52.744138830377246]]],[[[-65.2440544448659,50.35141960211102],[-62.954254003311924,54.2202975482895],[-64.88091258015237,50.33396529246969],[-65.16869827796673,50.34915503140154],[-65.2440544448659,50.35141960211102]]],[[[-82.06906601478313,52.861381136137865],[-81.85244461585735,52.708610140044115],[-81.73378464271282,52.549098573882006],[-81.73378464270168,52.54909857376471],[-81.85244461575391,52.70861013980274],[-81.9875022933311,52.80385879037878],[-82.06906601467969,52.86138113589649],[-82.34120651760938,52.98082312198047],[-82.34120651763125,52.980823122186045],[-82.06906601478313,52.861381136137865]]],[[[-111.97660968507122,58.28688340601539],[-102.58727206061094,53.56473014082671],[-106.27727711056001,51.51658223956187],[-114.46737387359948,51.99955012922175],[-115.03004586111297,52.032730750921665],[-115.03392686774305,52.03295961287972],[-122.49112572639841,54.243561521059334],[-111.97660968507122,58.28688340601539]]],[[[-91.33692642727735,57.16312750430469],[-92.18014999905469,56.97045858950977],[-92.40409578796478,56.97508393702139],[-92.40409578747519,56.97508393725052],[-92.18014999915813,56.970458589751146],[-91.33692642738079,57.16312750454607],[-90.76973434974407,57.177856050688646],[-90.69539405438516,57.170195087803165],[-91.33692642727735,57.16312750430469]]],[[[-85.60286423255657,55.50931891079607],[-85.16096207191204,55.32764013882341],[-84.71716782142376,55.21365698452654],[-84.46836563636516,55.16687735195818],[-84.15240189124798,55.207992159087084],[-83.94863602210735,55.1881481039113],[-83.57600113441204,55.22261007900896],[-83.01604172279094,55.14942511196794],[-82.38272568275188,55.05616339321794],[-82.20208450843548,54.968871675688646],[-82.20208450850268,54.968871675529726],[-82.38272568264844,55.056163392976565],[-83.0160417226875,55.149425111726565],[-83.5760011343086,55.22261007876758],[-83.94863602200391,55.188148103669924],[-84.15240189114454,55.207992158845705],[-84.46836563626172,55.1668773517168],[-84.71716782132032,55.21365698428516],[-85.1609620718086,55.327640138582034],[-85.60286423245313,55.50931891055469],[-85.89243027249219,55.6102367267168],[-87.46717545071485,55.91202887149219],[-87.91419693508985,56.331946931794924],[-88.76747604885938,56.738467775300784],[-89.72552200833204,56.93423422427539],[-89.72552200930589,56.93423422477112],[-89.72552200843548,56.93423422451677],[-88.76747604896282,56.73846777554216],[-87.91419693519329,56.3319469320363],[-87.46717545081829,55.91202887173357],[-85.89243027259563,55.61023672695818],[-85.60286423255657,55.50931891079607]]],[[[-82.39934250393092,54.27056463813324],[-82.33005997230266,54.143424593169115],[-82.19209763099407,53.98969610806169],[-82.19209763096777,53.98969610790627],[-82.33005997219922,54.14342459292774],[-82.3993425039375,54.27056463809375],[-82.39934250393092,54.27056463813324]]]]}},{"type":"Feature","properties":{"NAME":"Athabaskan","ABBREVN":"Athabaskan","wikipedia":null,"SUBJECTO":"Athabaskan","BORDERPRECISION":1,"PARTOF":"Athabaskan","polity_id":"ottoman_classical:athabaskan","name":"Athabaskan","ISO_A3":"ATHABASKAN","ADM0_A3":"ATHABASKAN","ADMIN":"Athabaskan","fill_colour":"#e14c54","border_precision":1},"geometry":{"type":"MultiPolygon","coordinates":[[[[-128.42716101184885,55.66806036922231],[-130.07507628289582,57.56570580391931],[-128.7045383210282,60.73996921652957],[-133.4635788209756,61.53795372841777],[-134.31123896473747,61.433906264281994],[-134.79862274364473,60.552669192688725],[-138.6074405381188,61.53462731284501],[-145.51130826283057,62.576375375632956],[-147.06781754577045,60.909945829297776],[-147.27010056057813,60.940311037019534],[-147.44673811920524,60.993899399631644],[-147.637989964875,61.05192144961719],[-147.94012924710157,61.20585211367969],[-148.18898483792188,61.10002478213672],[-148.49261948147657,61.0643382892168],[-148.46587082425,60.86794241519336],[-148.5526628164375,60.839732728914065],[-148.72780319729688,60.7273021564043],[-148.75514838839038,60.6827566498791],[-151.78411527149856,59.962461871463304],[-151.78299423733594,59.99495657534961],[-151.41502853909375,60.253707490876955],[-151.23036667385938,60.47061499209766],[-151.15955063382032,60.659652315095705],[-150.82840439358594,60.80037649722461],[-150.43716904202344,60.90628012271289],[-149.9128160146797,60.91427954287891],[-149.42468735257032,60.85911902041797],[-149.316945043,60.92943533511524],[-149.8743638662422,61.13897665591602],[-150.31123825589063,61.31387671084766],[-150.780568089875,61.29190023990039],[-150.8822526601875,61.19327887149219],[-151.08409592190625,61.15071829409961],[-151.3418931631172,60.95366247744922],[-151.731007543,60.7846637591875],[-152.18968674221875,60.65769537539844],[-152.5610093740547,60.384234987214846],[-152.74359604397657,60.34196814151172],[-152.87772079983594,60.27886541934375],[-152.81886765042188,60.13242682071094],[-152.89868637600782,59.89561804385547],[-153.15216537991407,59.742530427888674],[-153.16960451118246,59.74011827120309],[-161.00122217240968,63.62827504596931],[-160.97394272366407,63.64181860537891],[-160.89000412503125,63.85677679629688],[-160.92662128121404,63.95158169791209],[-157.17792550553273,64.01250660088307],[-138.2996295205391,69.14342168331653],[-138.2750749258125,69.13548620791798],[-137.72852036038282,69.01584204287892],[-137.26085373440625,68.96400030703907],[-136.9315690664375,68.94952734561329],[-136.20306870022657,68.87561377139454],[-135.80328842678907,68.77105291934376],[-135.61018845120313,68.7037769183672],[-135.4957780508125,68.71902807803517],[-135.69887253323438,68.98949774356251],[-135.85951706448438,69.07965429873829],[-136.014943089875,69.1472354754961],[-136.04396530667188,69.33598669619923],[-135.43919846096875,69.5262866839922],[-135.1039781240547,69.4966235980547],[-134.84383102932813,69.52739294619923],[-134.7759751943672,69.57298620791798],[-133.99483200589063,69.50625189395313],[-133.6476335195625,69.50691565127735],[-133.14131638089063,69.67456396670704],[-133.00215622464063,69.75827368350392],[-132.80313583889844,69.75862463565235],[-132.50795456448438,69.85788305850392],[-132.16646286526563,69.8889346942461],[-131.77655502835157,69.92763861270313],[-131.44623276272657,69.96627386660938],[-131.23550888577344,70.0737491473711],[-131.0590562490547,70.1583438739336],[-130.71191879788282,70.20500525088673],[-130.24182602444532,70.20590551944142],[-129.84947678128125,70.15069159121876],[-130.04979416409375,69.96887549014454],[-130.20801254788282,69.91536291690235],[-130.70325180569532,69.8536563739336],[-131.19461533108594,69.68578680606251],[-131.75438400784375,69.6089053973711],[-132.30321213284375,69.48670538516407],[-132.6178941396797,69.25174292178517],[-133.4131822256172,69.13702734561329],[-133.7195787099922,68.91787298770313],[-133.33893295803907,68.79822119326954],[-132.69037338772657,68.4615894183672],[-132.78897568264844,68.70905645938282],[-132.7133073476875,68.86709173770313],[-132.17496201077344,68.98101385684376],[-131.99942490139844,69.08687933535938],[-131.67297836819532,69.27615698428517],[-130.895802464875,69.30025824160938],[-130.46362778225782,69.46743353457813],[-129.942677464875,69.64258917422657],[-129.76298574012483,69.65758855733755],[-133.48146396510694,62.93421982087007],[-132.3019802193257,62.53841465842595],[-124.93551363296793,64.83463268032534],[-118.19774749095093,62.712635573894396],[-118.19565657401094,62.711419272008236],[-111.37138842942214,58.60559089257427],[-112.44918874467501,58.52455626842842],[-111.97660968507122,58.28688340601539],[-122.49112572639841,54.243561521059334],[-125.757913379286,53.13079169844382],[-127.86647743746704,52.41254897736534],[-127.87297531654094,52.41333349819841],[-128.059628453748,52.49951513882341],[-128.07719131995893,52.93924292202654],[-128.43214890052533,52.938537203032396],[-128.88876816322065,53.418319307524584],[-128.82948776771283,53.52539404507341],[-128.81406113197065,53.76392706509294],[-129.06042954017377,53.738971315581225],[-129.4338731436894,53.517535768706225],[-129.96955250552944,53.91281090128833],[-128.42716101184885,55.66806036922231]]]]}},{"type":"Feature","properties":{"NAME":"Caribbean hunter-gatherers","ABBREVN":"Caribbean hunter-gatherers","wikipedia":null,"SUBJECTO":"Caribbean hunter-gatherers","BORDERPRECISION":1,"PARTOF":"Caribbean hunter-gatherers","polity_id":"ottoman_classical:caribbean_hunter_gatherers","name":"Caribbean hunter-gatherers","ISO_A3":"CARIBBEANHUN","ADM0_A3":"CARIBBEANHUN","ADMIN":"Caribbean hunter-gatherers","fill_colour":"#339e4c","border_precision":1},"geometry":{"type":"MultiPolygon","coordinates":[[[[-49.5844506888554,-1.651419795792677],[-49.93684860755657,-1.658533967774488],[-50.22498795081829,-1.735415376465895],[-50.4762849478886,-1.678760803979017],[-50.61147781898235,-1.437585390847303],[-50.646603551404226,-1.266089357178785],[-50.57434555579876,-1.176963843148329],[-50.61665054847454,-0.891101754944899],[-50.59479614783977,-0.719481326382734],[-50.50141235877727,-0.261749692004301],[-50.42240234901165,-0.21710327987013],[-50.20676132728313,-0.191210724156477],[-49.8112573294804,-0.234836749475576],[-49.35822769691204,-0.284688748162367],[-49.14270493079876,-0.195259444158651],[-48.97729965736126,-0.207607559602835],[-48.76150604774212,-0.283400036137678],[-48.545758214490164,-0.321056283753492],[-48.40189072181438,-0.390650845807173],[-48.55282684852337,-0.632448054593183],[-48.639821019665945,-1.058396257203199],[-48.75562759925579,-1.281053580086805],[-48.88569351722454,-1.421139515679457],[-49.13813110877727,-1.567843951027967],[-49.34711548377727,-1.644541300576307],[-49.5844506888554,-1.651419795792677]]],[[[-69.72896045494046,8.487873953301706],[-69.22667712672312,9.793810606666808],[-64.90704050405392,9.291527278449463],[-62.99836385682802,9.291527278449463],[-61.41472717800977,9.698293291047854],[-61.53086563626172,9.850575052217287],[-61.69926544705274,9.894697748140139],[-61.916554418,9.906929574922366],[-62.10325714627149,10.020925126985354],[-62.186432805451176,9.95719488711719],[-62.296898808869145,9.721817575410647],[-62.296898808953664,9.721817575692343],[-62.18643280555462,9.957194887358568],[-62.10325714637493,10.020925127226732],[-61.916554418103445,9.906929575163744],[-61.69926544715618,9.894697748381517],[-61.530865636365164,9.850575052458666],[-61.41472717811321,9.698293291289232],[-61.00145813514446,9.52123888607683],[-60.792721715466726,9.3882327901906],[-61.12109467078899,9.165086351591967],[-61.19369980384563,8.872588716704271],[-61.28992935706829,8.770693384367846],[-61.695771781275944,8.610088933385873],[-62.12781533520979,8.644111545049048],[-63.06524366801216,8.32539786170036],[-65.96541257261946,8.180441590467876],[-69.81383055698998,8.487873953301706],[-69.72896045494046,8.487873953301706]]],[[[-70.6818633618311,8.557236799797916],[-70.68176376569241,8.557209134203836],[-70.68184887203134,8.55721593295672],[-70.6818633618311,8.557236799797916]]],[[[-71.09831711341594,9.327861391264818],[-71.04417130042766,9.391532503325365],[-71.0143937735722,9.626737199980639],[-71.08939072177422,9.918922983210424],[-71.08939072171094,9.91892298312549],[-71.01439377346875,9.62673719973926],[-71.04417130032422,9.391532503083987],[-71.0983171133125,9.32786139102344],[-71.18169770997447,9.277051023380722],[-71.181697710123,9.277051023594622],[-71.09831711341594,9.327861391264818]]],[[[-71.49555679841124,10.646208368286521],[-71.4955567983711,10.646208368257327],[-71.44250961825412,10.468369089279685],[-71.44250961829876,10.4683690893239],[-71.49555679841124,10.646208368286521]]],[[[-71.49931808997844,10.771501146513842],[-71.45634934002892,10.884672723834493],[-71.456349339875,10.884672723726077],[-71.499318089875,10.771501146272463],[-71.60672470594032,10.727042757050514],[-71.60672470618938,10.727042757231615],[-71.49931808997844,10.771501146513842]]],[[[-71.09841629554485,11.120093904692553],[-70.61012741615032,11.267333589751146],[-70.16137405921673,11.389892183501146],[-70.12243362952923,11.490936838347338],[-69.81202408363079,11.529625498015307],[-69.74783798743938,11.53345926876726],[-69.76678177406048,11.604107462126635],[-69.79154678864482,11.693026147809626],[-69.79154678860547,11.693026147798342],[-69.76678177395704,11.604107461885256],[-69.74783798733594,11.533459268525881],[-69.81202408352735,11.529625497773928],[-70.12243362942579,11.49093683810596],[-70.16137405911329,11.389892183259768],[-70.61012741604688,11.267333589509768],[-71.09841629544141,11.120093904451174],[-71.54816147350861,10.949340425506291],[-71.54816147376751,10.949340425688646],[-71.09841629554485,11.120093904692553]]],[[[-69.86523911040453,11.75769480320604],[-69.86523911038282,11.75769480319385],[-69.84794327306457,11.709193788720212],[-69.84794327308391,11.709193788725756],[-69.86523911040453,11.75769480320604]]]]}},{"type":"Feature","properties":{"NAME":"Amazon hunter-gatherers","ABBREVN":"Amazon hunter-gatherers","wikipedia":null,"SUBJECTO":"Amazon hunter-gatherers","BORDERPRECISION":1,"PARTOF":"Amazon hunter-gatherers","polity_id":"ottoman_classical:amazon_hunter_gatherers","name":"Amazon hunter-gatherers","ISO_A3":"AMAZONHUNTER","ADM0_A3":"AMAZONHUNTER","ADMIN":"Amazon hunter-gatherers","fill_colour":"#9b22c3","border_precision":1},"geometry":{"type":"MultiPolygon","coordinates":[[[[-69.04501111905242,-8.235853806057],[-70.15820726425522,-5.735421450211085],[-66.40849393304576,3.041936481420927],[-62.65878060183632,4.152921580887431],[-58.55753164582598,3.977596077854006],[-55.8624251890192,1.695565793857857],[-55.80383591821904,0.875529465609527],[-57.97163893782451,-0.589157846288572],[-58.44035310422569,-2.287649024474563],[-56.33113935542037,-4.334740468715777],[-54.16333633581491,-4.626791146196514],[-49.06606977620206,-4.743578120004467],[-46.280890913956334,-3.552810001275475],[-53.128470905039926,-14.264677204916623],[-53.123378851919725,-14.275041705614404],[-60.26760598730509,-13.809999263181787],[-64.19308713091496,-14.690180390876671],[-64.1940629085568,-14.694582386569342],[-69.04501111905242,-8.235853806057]]],[[[-37.88789123444673,-4.393015496284502],[-37.88789123444673,-4.393015496284503],[-38.06839844276165,-4.231795228760816],[-37.88789123444673,-4.393015496284502]]]]}},{"type":"Feature","properties":{"NAME":"Pampas cultures","ABBREVN":"Pampas cultures","wikipedia":null,"SUBJECTO":"Pampas cultures","BORDERPRECISION":1,"PARTOF":"Pampas cultures","polity_id":"ottoman_classical:pampas_cultures","name":"Pampas cultures","ISO_A3":"PAMPASCULTUR","ADM0_A3":"PAMPASCULTUR","ADMIN":"Pampas cultures","fill_colour":"#e13d3d","border_precision":1},"geometry":{"type":"MultiPolygon","coordinates":[[[[-69.11474151787864,-51.35236245613261],[-71.16521035613252,-51.561440909776984],[-71.48745134553333,-51.103865341802766],[-72.04404941813473,-48.76638855343405],[-72.1905225951351,-45.990119696472405],[-71.6339245225337,-43.19554606268768],[-70.57931764813105,-40.57909976037915],[-72.0684836753677,-40.547229038878235],[-71.51674598093341,-39.70574973625215],[-69.43682686752817,-37.15902614350158],[-67.64985410812366,-33.57694564055348],[-67.48158657100439,-31.655864143664434],[-63.563252469813456,-30.036561103144948],[-57.352789764997816,-29.680878909474107],[-54.36473695419029,-30.592916632921295],[-53.544487162988226,-31.446480334683482],[-52.14021349238029,-31.740936200871825],[-52.14362427283977,-31.747351087372877],[-52.149334874646414,-31.90616647128401],[-52.35066696693157,-32.67519036654768],[-52.56704422523235,-33.018650449555494],[-52.92139145423626,-33.43861810092268],[-53.40556427528118,-33.87947503451643],[-53.431908574597585,-33.90335885409651],[-53.79321381141399,-34.39954034213362],[-54.074337926404226,-34.647842801850416],[-54.423180547253835,-34.851807035248854],[-54.62150665809368,-34.9220813882762],[-54.98984238197063,-34.967300809662916],[-55.383114781872976,-34.81566277865706],[-55.63132187415813,-34.835220731537916],[-55.87906738807415,-34.8865474832469],[-56.16710754920696,-35.014168180268385],[-56.33826157142376,-34.99545327548323],[-56.71902557899212,-34.691353238862135],[-57.0055818228886,-34.577618039887525],[-57.34773727943157,-34.508438504975416],[-57.55870148231243,-34.566040433686354],[-57.78683563758587,-34.59826318148909],[-57.9336938529179,-34.54140511874495],[-58.18023773719524,-34.28783837680159],[-58.33968063880657,-34.21614495639143],[-58.41246887733196,-34.339126981537916],[-58.52974411536907,-34.485454953950025],[-58.522782292859304,-34.58706323031721],[-58.107045140759695,-34.96096078280745],[-57.80093475867962,-35.08749047641096],[-57.47927948524212,-35.2140735757762],[-57.3518952994511,-35.29017297152815],[-57.225506749646414,-35.43626443270979],[-57.236832585828054,-35.58266106967268],[-57.399620976941335,-35.81847039584456],[-57.419239964978445,-35.99675027255354],[-57.371693578259695,-36.14943734530745],[-57.29357239295696,-36.270237363617994],[-57.08356949378704,-36.41626397494612],[-56.84878632117962,-36.492203153412916],[-56.79972931434368,-36.54303399447737],[-56.69811340858196,-36.944073118012525],[-56.836510625378835,-37.16092721347151],[-57.173932042615164,-37.58211938266096],[-57.50210663367962,-37.92691842440901],[-57.643353429333914,-38.25865594271956],[-57.80888458778118,-38.386490262787916],[-58.18311783363079,-38.54026070956526],[-58.651207891003835,-38.69423714999495],[-59.515431371228445,-38.874519742768385],[-60.32303329993938,-38.9590572488719],[-60.93570038367962,-39.0113147867137],[-61.360714879529226,-39.03129998568831],[-61.889542546765554,-38.98134652499495],[-62.309926000134695,-38.880161680024244],[-62.36728378822063,-38.96954766635237],[-62.35104462196087,-39.33307305697737],[-62.20636078407024,-39.47312203769026],[-62.067765203015554,-39.55577508334456],[-62.10818192054485,-39.689834989350416],[-62.27949234534954,-39.97094003085432],[-62.43493744422649,-40.19506112460432],[-62.4657983451054,-40.36791268710432],[-62.28934189368938,-40.674866117280104],[-62.25975128699993,-40.80290643100081],[-62.35331055213665,-40.89916650180159],[-62.40079208900188,-40.92488519076643],[-62.73149684295609,-41.04970838829888],[-62.96398254920696,-41.137459195893385],[-63.475644078747976,-41.189758695405104],[-63.841935124890554,-41.15844384555159],[-64.2773332266972,-41.00552407626448],[-64.93894669105266,-40.8274768960887],[-65.04943558265423,-40.853313840668775],[-65.15315720130657,-40.97525063876448],[-65.13462540199016,-41.24435464267073],[-64.9413957266972,-41.55170098666487],[-64.92474838783001,-41.73123971347151],[-65.03349014808391,-42.02016869906721],[-64.9920320182011,-42.19338647250471],[-64.6439103751347,-42.43667260531721],[-64.2858781485722,-42.47448006991682],[-64.11973663856243,-42.38424722079573],[-64.29368301917766,-42.20483819369612],[-63.90142151405071,-42.12060204867659],[-63.7289819388554,-42.101013578217604],[-63.62366196204876,-42.56950417880354],[-63.599965062634695,-42.70437280062971],[-63.66458221961712,-42.77516976718245],[-63.79941269447063,-42.82041970614729],[-64.00108429481243,-42.852947629731275],[-64.11845108558391,-42.78249398593245],[-64.16540237952923,-42.6476673257762],[-64.21732040931438,-42.61565438632307],[-64.68793961097454,-42.64871255282698],[-64.98956009437298,-42.73924676303206],[-65.08506485511516,-42.78441659335432],[-65.01706406165813,-42.88067284945784],[-64.75124832679485,-42.91226998690901],[-64.53989883949016,-42.96326867465315],[-64.33642288734173,-43.01427880648909],[-64.30933853675579,-43.02709237460432],[-64.69799515296673,-43.20144311312971],[-65.04729172279094,-43.330730832856275],[-65.30717178870891,-43.6014026773387],[-65.30583664466594,-43.78801766757307],[-65.23327347327923,-44.14193765048323],[-65.26981827308391,-44.25792352084456],[-65.63663956214641,-44.625870145600416],[-65.62660690833782,-44.72252313021956],[-65.43618485023235,-44.88974038485823],[-65.65723129798626,-44.94175759677229],[-66.19433304359173,-44.98150292758284],[-66.41058060218548,-45.02062646273909],[-66.69494339515423,-45.131103910248854],[-66.97349258949016,-45.30627862338362],[-67.22534653236126,-45.552681363862135],[-67.47247788001751,-45.92232171420393],[-67.49596878577923,-46.097359098237135],[-67.46862503577923,-46.26589242343245],[-67.32806870033001,-46.531616605561354],[-67.1119050650761,-46.73242608432112],[-66.6708879141972,-47.01737252597151],[-66.37551590491985,-47.12728539828596],[-65.9388322501347,-47.19143716220198],[-65.77598282386516,-47.23012200717268],[-65.71326157142376,-47.353550351899244],[-65.78120132972454,-47.71157876376448],[-65.8388566641972,-47.86796609286604],[-65.99264999915813,-48.07672540072737],[-66.07773300697063,-48.142071164887525],[-66.5637101798222,-48.377720273774244],[-67.25715347816204,-48.74445001010237],[-67.57759567786907,-49.058533109467604],[-67.65801712562298,-49.18283120517073],[-67.69994827796673,-49.3855709207469],[-67.64981552650188,-49.62094155673323],[-67.72588821937298,-49.82396737460432],[-67.83347031165813,-49.9682125223094],[-68.27003952552532,-50.17266122226057],[-68.70602890540813,-50.28530923251448],[-68.89540573646282,-50.38436547641096],[-69.04092117835735,-50.56240121249495],[-69.14271256019329,-50.918472684662916],[-69.16695114661907,-51.14943734530745],[-69.11474151787864,-51.35236245613261]]]]}},{"type":"Feature","properties":{"NAME":"Savanna hunter-gatherers","ABBREVN":"Savanna hunter-gatherers","wikipedia":null,"SUBJECTO":"Savanna hunter-gatherers","BORDERPRECISION":1,"PARTOF":"Savanna hunter-gatherers","polity_id":"ottoman_classical:savanna_hunter_gatherers","name":"Savanna hunter-gatherers","ISO_A3":"SAVANNAHUNTE","ADM0_A3":"SAVANNAHUNTE","ADMIN":"Savanna hunter-gatherers","fill_colour":"#8d9c49","border_precision":1},"geometry":{"type":"MultiPolygon","coordinates":[[[[-64.66180129731615,-16.804676207468987],[-64.1940629085568,-14.694582386569342],[-64.19308713091496,-14.690180390876671],[-60.26760598730509,-13.809999263181787],[-53.123378851919725,-14.275041705614404],[-48.46896037885509,-23.748769173313708],[-49.48718016007792,-24.553337158794967],[-49.83871578487881,-26.797313680361846],[-48.796904749948716,-28.475548314302703],[-48.85215473085459,-28.563025096783424],[-48.93729492713665,-28.6978267801219],[-49.192067113415945,-28.920717634003736],[-49.54647919227337,-29.156509794037916],[-49.93631836463665,-29.627403653901197],[-50.03014465858196,-29.805483259003736],[-50.24409195472454,-30.320475019257643],[-50.46869370033001,-30.74020425204573],[-50.806088414685476,-31.191929258149244],[-51.11682220985149,-31.472069181244947],[-51.477379766003835,-31.823473371308424],[-51.33295151283001,-31.45981637362776],[-51.13702484657024,-31.192619718354322],[-50.85400482703899,-30.93792573336897],[-50.58172699500774,-30.41646806124983],[-50.60855194617962,-30.302172101777174],[-50.7686433463261,-30.36602631930647],[-50.94763657142376,-30.36005059603987],[-51.23235413123821,-30.265360273163893],[-51.26606079627727,-30.335308469575025],[-51.2651147513554,-30.46870843295393],[-51.445416417615164,-31.015394605439283],[-51.602292027966726,-31.231684125702955],[-51.89954849769329,-31.429226316254713],[-52.04218765784954,-31.556572355073072],[-52.14021349238029,-31.740936200871825],[-53.544487162988226,-31.446480334683482],[-54.36473695419029,-30.592916632921295],[-57.352789764997816,-29.680878909474107],[-63.563252469813456,-30.036561103144948],[-67.48158657100439,-31.655864143664434],[-67.49930527997265,-31.663186632907415],[-68.4096187266585,-30.483797582471198],[-68.26028707563256,-28.542486119133965],[-67.15357488124135,-25.22234953596037],[-65.49350658965456,-19.135432466808773],[-65.71878024503351,-18.084155408373633],[-64.66180129731615,-16.804676207468987]]],[[[-37.88789123444673,-4.393015496284503],[-37.88789123444673,-4.393015496284502],[-37.73482224036907,-4.529729284089186],[-37.88789123444673,-4.393015496284503]]]]}},{"type":"Feature","properties":{"NAME":"Andean hunter-gatherers","ABBREVN":"Andean hunter-gatherers","wikipedia":null,"SUBJECTO":"Andean hunter-gatherers","BORDERPRECISION":1,"PARTOF":"Andean hunter-gatherers","polity_id":"ottoman_classical:andean_hunter_gatherers","name":"Andean hunter-gatherers","ISO_A3":"ANDEANHUNTER","ADM0_A3":"ANDEANHUNTER","ADMIN":"Andean hunter-gatherers","fill_colour":"#54c026","border_precision":1},"geometry":{"type":"MultiPolygon","coordinates":[[[[-67.48158657100439,-31.655864143664434],[-67.64985410812366,-33.57694564055348],[-69.43682686752817,-37.15902614350158],[-71.51674598093341,-39.70574973625215],[-72.0684836753677,-40.547229038878235],[-72.72818067052704,-41.55336179549616],[-72.76746841956829,-41.53527490023909],[-72.89088913490032,-41.529114164155104],[-72.96338364173626,-41.574139035981275],[-73.1777009635136,-41.76055184726057],[-73.42416855384563,-41.786697782319166],[-73.46355148841594,-41.78677026156721],[-73.59364029456829,-41.697239316742994],[-73.66562363197063,-41.47935906771956],[-73.84525772620891,-41.15282861117659],[-73.90523239661907,-40.83904305819807],[-73.82080551673626,-40.42910806063948],[-73.75937363197063,-40.243389524262525],[-73.4343156485722,-39.9103626382762],[-73.19384476234173,-39.565369046967604],[-73.19633957435344,-39.41866723422346],[-73.44117447425579,-38.62841073397932],[-73.44044205238079,-38.354309476655104],[-73.40069290687298,-38.099277890961744],[-73.43500992347454,-37.90178338412581],[-73.67253586341594,-37.500854886811354],[-73.69026657630657,-37.36710397128401],[-73.58405014564251,-37.277717984955885],[-73.35966965247844,-37.3218502176219],[-73.27789017249798,-37.283462919037916],[-73.18790146400188,-37.21957436923323],[-73.14423080970501,-37.155796445649244],[-72.95995804359173,-36.5758899820262],[-72.84636398841594,-36.359199918549635],[-72.70962235023235,-35.938797391694166],[-72.62884995033001,-35.64587823275862],[-72.33002182533001,-35.28258172396956],[-72.16658493568157,-34.95790902499495],[-72.07612320472454,-34.671944059174635],[-71.96271225501751,-34.24619332675276],[-71.82275864173626,-33.934708036225416],[-71.73862167884563,-33.877380765717604],[-71.61574265052532,-33.70565453891096],[-71.60992142249798,-33.57227746371565],[-71.67724956368635,-33.38977699172401],[-71.75040146400188,-33.1914905679637],[-71.7133683829472,-33.1088489664012],[-71.50858017493938,-32.90518990878401],[-71.41605087806438,-32.75256768588362],[-71.41326809477779,-32.72888223427206],[-71.40336319495891,-32.64457742099104],[-71.44536301185344,-32.54304925326643],[-71.51984879066204,-32.18117562655745],[-71.51984879060103,-32.181175626495985],[-71.5198487905586,-32.181175626798826],[-71.44536301175,-32.54304925350781],[-71.40336319485547,-32.64457742123242],[-71.41326809467435,-32.728882234513435],[-71.41605087796094,-32.752567686125],[-71.50858017483594,-32.90518990902539],[-71.71336838284375,-33.108848966642576],[-71.75040146389844,-33.191490568205076],[-71.60992142239454,-33.57227746395703],[-71.61574265042188,-33.70565453915234],[-71.73862167874219,-33.87738076595898],[-71.82275864163282,-33.934708036466795],[-71.96271225491407,-34.24619332699414],[-72.0761232046211,-34.67194405941601],[-72.16658493557813,-34.957909025236326],[-72.33002182522657,-35.282581724210935],[-72.62884995022657,-35.645878233],[-72.70962235012891,-35.938797391935545],[-72.8463639883125,-36.35919991879101],[-72.95995804348829,-36.575889982267576],[-73.14423080960157,-37.15579644589062],[-73.18790146389844,-37.21957436947461],[-73.27789017239454,-37.283462919279295],[-71.02706756161055,-37.21173164186502],[-70.28925943201642,-36.47392351227089],[-69.36699927002375,-34.44495115588703],[-69.36699927002375,-32.6004308319017],[-68.44473910803109,-30.9403625403149],[-68.4096187266585,-30.483797582471198],[-67.49930527997265,-31.663186632907415],[-67.48158657100439,-31.655864143664434]]]]}},{"type":"Feature","properties":{"NAME":"Patagonian shellfish and marine mammal hunters","ABBREVN":"Patagonian shellfish and marine mammal hunters","wikipedia":null,"SUBJECTO":"Patagonian shellfish and marine mammal hunters","BORDERPRECISION":1,"PARTOF":"Patagonian shellfish and marine mammal hunters","polity_id":"ottoman_classical:patagonian_shellfish_and_marine_mammal_hunters","name":"Patagonian shellfish and marine mammal hunters","ISO_A3":"PATAGONIANSH","ADM0_A3":"PATAGONIANSH","ADMIN":"Patagonian shellfish and marine mammal hunters","fill_colour":"#39668e","border_precision":1},"geometry":{"type":"MultiPolygon","coordinates":[[[[-69.21397110511516,-54.93401757602034],[-69.4240388541386,-54.880806363862135],[-69.6717195182011,-54.77409402255354],[-69.86098953773235,-54.774456418793775],[-70.07761093665813,-54.82176247958479],[-70.49821945716594,-54.92306558017073],[-70.72149368812298,-54.93690148715315],[-70.66498276283001,-54.78269235019026],[-70.57391068031048,-54.64189950351057],[-70.62074753333782,-54.50145379428206],[-70.2130021720097,-54.433777250092604],[-69.56778427650188,-54.459297574799635],[-69.37306686927532,-54.604805387299635],[-69.05546280433391,-54.60197869662581],[-69.33532425452923,-54.29167977694807],[-69.47352310706829,-54.21842233065901],[-69.7256974845097,-54.16545525912581],[-69.80562302161907,-54.125523008149244],[-69.89021774818157,-54.139046109955885],[-70.04246231605266,-53.98573724154768],[-70.14553543616985,-53.805733121674635],[-69.42057510902141,-53.544285215180494],[-69.4406633048222,-53.411072171967604],[-69.51457687904094,-53.344612516205885],[-70.33333298255657,-53.47274438266096],[-70.4647111563847,-53.37307015780745],[-70.34637924720501,-53.15981713656721],[-70.28054520179485,-53.0865100992137],[-69.79728409339641,-52.852859891694166],[-69.40672012855266,-52.56648675326643],[-69.22050186683391,-52.69229165438948],[-68.70133682777141,-52.720093168061354],[-68.33215042640423,-52.85004083041487],[-68.30537888099407,-52.94305077914534],[-68.46481796790813,-53.083008207123854],[-68.70525833656048,-53.23463097934065],[-68.62441727210735,-53.316265500825025],[-68.55745407630657,-53.349434293549635],[-68.28439804603313,-53.31560937289534],[-68.12968155433391,-53.375244535248854],[-67.8381242423222,-53.701248563569166],[-67.42970749427532,-54.000748075287916],[-66.98282333900188,-54.34066430453596],[-66.7463273673222,-54.440525449555494],[-66.41753098060344,-54.607178128998854],[-66.30702683021282,-54.64043847445784],[-66.11799332191204,-54.640076078217604],[-65.90043350745891,-54.71331063632307],[-65.32305618812298,-54.725601590912916],[-65.2592439322636,-54.71877709750471],[-65.26215836097454,-54.81925240878401],[-65.34770676185344,-54.91323510531721],[-65.56909653236126,-54.940464414399244],[-66.10820480872844,-54.98171655062971],[-66.45801254798626,-55.06972543124495],[-66.62184616615032,-55.070042051117994],[-67.15256210853313,-54.90997735385237],[-67.49159714271282,-54.87041512851057],[-68.00916763831829,-54.858013547700025],[-68.37550064613079,-54.8520015848094],[-68.74939438392376,-54.888584531586744],[-69.21397110511516,-54.93401757602034]]],[[[-73.94837662269329,-43.45772210482893],[-74.14179703284954,-43.44524804477034],[-74.23627182533001,-43.36826363925276],[-74.29604813148235,-43.26549569491682],[-74.20158096839641,-43.05959359530745],[-74.13408371497844,-42.7638668191844],[-74.17348190833782,-42.532715238373854],[-74.16859909583782,-42.34649316195784],[-74.00481125404094,-42.01881829623518],[-73.6371965079472,-41.96675530795393],[-73.47507187415813,-42.114021695893385],[-73.45523544837688,-42.26160851840315],[-73.76489731361126,-42.461258329194166],[-73.83051773597454,-42.56413308505354],[-73.60860153724407,-42.91060296420393],[-73.69581314613079,-43.38647881869612],[-73.77129074622844,-43.508831418793775],[-73.94837662269329,-43.45772210482893]]],[[[-73.28059097816204,-52.95262566928206],[-73.24332901527141,-52.57389108065901],[-73.62555405189251,-52.60781899813948],[-73.65839096595501,-52.44195977572737],[-73.56045242835735,-52.28259698275862],[-73.19003769447063,-52.328289426606275],[-72.96130844642376,-52.23501626376448],[-72.86903091956829,-52.28125420932112],[-72.84486099769329,-52.64614907626448],[-72.96489426185344,-52.79915276889143],[-73.08035751868938,-53.03203622226057],[-73.28059097816204,-52.95262566928206]]],[[[-70.57931764813105,-40.57909976037915],[-71.6339245225337,-43.19554606268768],[-72.1905225951351,-45.990119696472405],[-72.04404941813473,-48.76638855343405],[-71.48745134553333,-51.103865341802766],[-71.16521035613252,-51.561440909776984],[-69.11474151787864,-51.35236245613261],[-69.07692429115032,-51.49934808139143],[-68.83096787025188,-51.9024166238719],[-68.51646133949016,-52.25296822909651],[-68.41052719642376,-52.40529290561018],[-68.4558992057011,-52.420181669037916],[-68.59378525306438,-52.46537057284651],[-68.99490829993938,-52.42632333163557],[-69.23708054115032,-52.29413262728987],[-69.34320541908001,-52.287701047700025],[-69.4830217032597,-52.360935605805494],[-69.6713533072636,-52.54045144442854],[-69.89519974281048,-52.62718621615706],[-70.4156388907597,-52.66802636508284],[-70.57267471839641,-52.70817986850081],[-70.73358627845501,-52.80150643710432],[-70.85382553626751,-53.08095589999495],[-70.90510269691204,-53.23410073642073],[-70.87805649329876,-53.47378579501448],[-70.95145126868938,-53.75391045932112],[-70.99802872230266,-53.82070962313948],[-71.2019929557011,-53.834446347992994],[-71.44228836585735,-53.88161126498518],[-71.8722810416386,-53.69564858798323],[-71.57216354896282,-53.40849725131331],[-71.42531296302532,-53.20848122958479],[-71.16355606605266,-53.02834741000471],[-71.15202042152141,-52.96183053378401],[-71.31958481361126,-52.88237801913557],[-71.44254013587688,-52.82944527987776],[-72.05114456702923,-53.06996575717268],[-72.50550552894329,-53.06417886142073],[-72.75086685706829,-53.137833036225416],[-72.8417863516972,-52.98503152255354],[-72.78421494056438,-52.89849511508284],[-72.3526277213261,-52.77804604892073],[-72.23311325599407,-52.79110757235823],[-71.87656113197063,-52.69741479281721],[-71.67799850990032,-52.64390984896956],[-71.95033737708782,-52.571392453950025],[-72.21230789710735,-52.57189217929182],[-72.55881210853313,-52.57256738070784],[-72.56516739417766,-52.38677255038557],[-72.4460115103886,-52.247295774262525],[-72.44915482093548,-52.16112939242659],[-72.64995285560344,-52.12837640170393],[-72.81020065833782,-51.929973996918775],[-73.1069230704472,-52.10275308017073],[-73.4080705313847,-52.023838437836744],[-73.27673050452923,-51.785252012055494],[-73.25848862220501,-51.705818570893385],[-73.42886063148235,-51.725994504731275],[-73.59120651771282,-51.792480863373854],[-73.77848526527141,-51.614231504242994],[-73.87530228187298,-51.56152001742659],[-73.68935867835735,-51.43557778720198],[-73.63793655921673,-51.35618630770979],[-73.67884537269329,-51.2307857644969],[-73.70285507728313,-51.197830594819166],[-73.86053177406048,-51.211346067231275],[-74.20847794105266,-51.02063409213362],[-74.26941391517376,-50.994358457367994],[-73.88940140296673,-50.90788689975081],[-73.77560898353313,-50.83514062289534],[-73.73058792640423,-50.703247464936354],[-73.55210587074016,-50.53821984652815],[-73.53017136146282,-50.432861722748854],[-73.81846329261516,-50.45974770907698],[-73.93423172523235,-50.5060543191844],[-74.07494827796673,-50.47341576937971],[-74.19024368812298,-50.17101708773909],[-73.93245407630657,-49.99314156894026],[-74.18661972572063,-49.82340279940901],[-74.24047562171673,-49.63373223666487],[-73.89992996741985,-49.430298246186354],[-73.96308609534954,-49.24083367709456],[-74.27156540443157,-49.43103448275862],[-74.31235214759563,-48.745132840912916],[-74.13296982337688,-48.47726479892073],[-74.21619888831829,-48.10582772616682],[-74.21032425452923,-48.008091367524244],[-73.9434480338261,-48.01407662753401],[-73.75890823890423,-48.12448159579573],[-73.43872543861126,-48.156441129487135],[-73.36163803626751,-48.04551736239729],[-73.36047073890423,-47.97384683017073],[-73.76372238685344,-47.77276269320784],[-74.15406509925579,-47.838638700287916],[-74.29662796546673,-47.76078835849104],[-74.53776260902141,-47.787292875092604],[-74.54526230384563,-47.68315926913557],[-74.39259048988079,-47.53318826083479],[-74.38108536292766,-47.42256585482893],[-74.41158005286907,-47.38359872226057],[-74.32800766517376,-47.29239694003401],[-74.08675095130657,-47.298416532319166],[-73.98341080238079,-47.129192746918775],[-73.97875687171673,-47.0317005289012],[-74.30358597327923,-46.856933988373854],[-74.46320816566204,-46.798809446137525],[-74.86196610023235,-46.819073118012525],[-75.0111970572636,-46.77391091708479],[-75.02187058021282,-46.553223050873854],[-75.44431015540813,-46.62543145541487],[-75.49602219154094,-46.58010522250471],[-75.4413728385136,-46.515091337006666],[-74.97675797034954,-46.280655301850416],[-74.8638810782597,-46.22855416659651],[-74.68378159095501,-46.046692289155104],[-74.56387039710735,-45.87150613192854],[-74.18900772620891,-45.844856656830885],[-74.06845566322063,-45.93531457309065],[-74.04179855872844,-46.09079781894026],[-74.3336076407597,-46.18212548617659],[-74.47889420081829,-46.30562249545393],[-74.42934891273235,-46.53258553866682],[-74.37646957923626,-46.558445371430494],[-74.29071518470501,-46.51284448031721],[-74.16998764564251,-46.337444700043775],[-74.08749863197063,-46.29835931186018],[-73.97867294837688,-46.34354440097151],[-73.99523636390423,-46.48629800204573],[-73.96972366859173,-46.71342507724104],[-73.57108780433391,-46.26491204623518],[-73.49872299720501,-45.96011392001448],[-73.47365280677532,-45.66858331088362],[-73.3669328360722,-45.5000728738719],[-73.33135696937298,-45.474102414887525],[-73.04726120521282,-45.37648812655745],[-73.13770004798626,-45.344314969819166],[-73.33456894447063,-45.28001824740706],[-73.35970017005657,-45.20892754916487],[-73.31409164954876,-45.085979856293775],[-73.20363327552532,-45.053448118012525],[-72.94659134437298,-44.94323388461409],[-72.67706009437298,-44.74931756381331],[-72.55524918128704,-44.54286614779768],[-72.58269974281048,-44.43984643344221],[-72.76007553626751,-44.369339383881666],[-73.05803391029094,-44.189609922211744],[-73.08199020911907,-44.022251523774244],[-73.01933762122844,-43.91270486239729],[-72.97188278724407,-43.706680692475416],[-72.99853226234173,-43.333660520356275],[-72.83392807533001,-43.18544427279768],[-72.52966019202923,-43.0627063882762],[-72.7235994010136,-42.79961053256331],[-72.74735733558391,-42.44639626864729],[-72.6874665885136,-42.37563363436995],[-72.43805405189251,-42.3045162332469],[-72.41380020667766,-42.16325799350081],[-72.46592423011516,-42.03499261264143],[-72.60860153724407,-41.99678460482893],[-72.73108383704876,-41.90719643954573],[-72.62617203284954,-41.75944939975081],[-72.58717819740032,-41.61827508334456],[-72.72818067052704,-41.55336179549616],[-72.0684836753677,-40.547229038878235],[-70.57931764813105,-40.57909976037915]]]]}},{"type":"Feature","properties":{"NAME":"Plateau fichers and hunter gatherers","ABBREVN":"Plateau fichers and hunter gatherers","wikipedia":null,"SUBJECTO":"Plateau fichers and hunter gatherers","BORDERPRECISION":1,"PARTOF":"Plateau fichers and hunter gatherers","polity_id":"ottoman_classical:plateau_fichers_and_hunter_gatherers","name":"Plateau fichers and hunter gatherers","ISO_A3":"PLATEAUFICHE","ADM0_A3":"PLATEAUFICHE","ADMIN":"Plateau fichers and hunter gatherers","fill_colour":"#487f2e","border_precision":1},"geometry":{"type":"MultiPolygon","coordinates":[[[[-113.20808350901764,45.70555408328616],[-113.42918491929733,45.35835704475414],[-113.20808350901764,45.70555408328617],[-113.20808350901764,45.70555408328616]]],[[[-114.21130016519734,45.52811969634975],[-116.12419605755781,44.7060247997253],[-114.21160987687487,45.52824845201906],[-114.21130016519734,45.52811969634975]]],[[[-120.3566306353794,46.99926365216032],[-120.4073639994329,46.962688436214776],[-120.41361100716118,47.128412903264085],[-120.39383014880563,47.11221030346901],[-120.35663063537939,46.99926365216032],[-120.0711384191265,46.944409252530946],[-120.3566306353794,46.99926365216032]]],[[[-115.03392686774305,52.03295961287972],[-115.03004586111297,52.032730750921665],[-114.46737387359948,51.99955012922175],[-114.26529355511259,49.604901911343504],[-115.68475175634603,49.485282317898736],[-117.33774395163805,49.34598251027045],[-119.1179431911146,49.1959627991639],[-120.61498239447313,49.06980535351244],[-124.75974582056752,52.44778520770332],[-125.757913379286,53.13079169844382],[-122.49112572639841,54.243561521059334],[-115.03392686774305,52.03295961287972]]],[[[-117.57052565867147,46.02358554583121],[-117.57052565867147,46.0235855458312],[-117.85214491591846,46.34744769166525],[-117.57052565867147,46.02358554583121]]],[[[-117.3945136228921,44.79150129537561],[-117.71133528729497,45.63635906711658],[-117.71133528729497,45.63635906711659],[-117.3945136228921,44.79150129537561]]]]}},{"type":"Feature","properties":{"NAME":"Ottoman Empire","ABBREVN":"Ottoman Emp","wikipedia":null,"SUBJECTO":"Ottoman Empire","BORDERPRECISION":1,"PARTOF":"Ottoman Empire","polity_id":"ottoman_classical:ottoman_empire","name":"Ottoman Empire","ISO_A3":"OTTOMANEMPIR","ADM0_A3":"OTTOMANEMPIR","ADMIN":"Ottoman Empire","fill_colour":"#3c9a8c","border_precision":1},"geometry":{"type":"MultiPolygon","coordinates":[[[[33.32531214639842,48.052268657035654],[33.236359422042575,46.95718734355883],[32.3304352651785,46.15208500578126],[32.20216659030078,46.170360170320315],[32.114104303923824,46.215621553376955],[31.92594054659961,46.409930787996096],[32.188792261687496,46.59223898501758],[31.95127013644336,46.864627443269534],[31.781046900359375,46.701861940339846],[31.537734064666015,46.70138128848438],[31.087231669036132,46.635535798982424],[30.83285621127246,46.57659109683399],[30.520461115447265,46.251407228425784],[30.43284740345622,46.17574956961106],[30.068821940032226,45.861400209382815],[29.729748758879882,45.76999243350391],[29.629511866179687,45.75035818667774],[29.50043014010547,45.52336844058399],[29.536093744841796,45.45219763369922],[29.615916285125,45.41020544619922],[29.68321135958789,45.37478979678516],[29.7107649179375,45.25833471866016],[29.578961405364257,45.0575023517168],[29.45752242526172,44.91514929385547],[29.261582407561523,44.895423494294924],[29.089749369231445,44.87573202700977],[28.91823676547168,44.765750490144534],[28.686247858611328,44.48805197329883],[28.573113474456054,44.19782217593555],[28.52988532504199,43.84347113223438],[28.510106119719726,43.74307592959766],[28.480538401213867,43.59228476138477],[28.445693049041015,43.476363740876955],[28.32809546908496,43.43752630801563],[28.187058481780273,43.450118623689455],[28.03463843783496,43.39190252871875],[27.88732055148242,43.06352575869922],[27.869908365813476,42.799876771882815],[27.836163553801757,42.73552282901172],[27.65404418429492,42.68373831363086],[27.50195029696582,42.51634558291797],[27.494702372161132,42.40090139956836],[27.607871088591796,42.41677816958789],[27.722533259001953,42.31621512027149],[27.73771003207324,42.24700125308399],[27.913407358733398,42.078101716951174],[27.91795257052539,41.977672182039065],[28.02620223483203,41.88238485904102],[28.01817801913379,41.75320776553516],[28.069838556853515,41.62496908755664],[28.104397806731445,41.59297140689258],[28.37145713290332,41.43312796206836],[28.740222010222656,41.32482870669727],[29.01236823519824,41.254832826570315],[29.08109954318164,41.200511537507815],[28.96445373019336,40.98923834414844],[28.827807459441406,40.91469915957813],[28.596150431243164,40.94698675723438],[28.173314127532226,41.05789526553516],[28.026368174163085,41.02620657534961],[27.932183298674804,40.95754965396289],[27.474169764128906,40.962833009675784],[27.31304648837207,40.789912782625],[27.26375678500293,40.66717108340625],[26.88892653903125,40.524676881746096],[26.613572153655273,40.39804037661914],[26.51393989047168,40.28197439761524],[26.375863108245117,40.21340902896289],[26.25515845736621,40.081561647371096],[26.140885386077148,40.044654451326174],[26.214289698210937,40.16066702456836],[26.22279647311328,40.223956666902346],[26.19482139071582,40.30307348819141],[26.457545313445312,40.434974275544924],[26.556477579680664,40.49829062075977],[26.45483878573535,40.584308229402346],[26.41806128939746,40.577823244050784],[26.12404159030078,40.602847658113284],[26.020724329558593,40.669322572664065],[25.992875132170898,40.85245855899219],[25.63570502719043,40.87737616153125],[25.301114115325195,40.89594229312305],[25.04631713351367,40.952273927644534],[25.018929514495117,41.01714666934375],[24.812115702239257,40.933421693757815],[24.700663599578125,40.878341279939455],[24.51912787875293,40.873065553621096],[24.504952463713867,40.98406942935352],[24.354302439299804,40.97096212954883],[24.21905806979297,40.82968481631641],[24.025155100432617,40.74636038394336],[23.885952982512695,40.732894502595705],[23.748394999114257,40.80443152041797],[23.634697947112304,40.77275427432422],[23.632977518645507,40.71316870303516],[23.7090559335625,40.63003500552539],[23.78517440280078,40.477191530183596],[23.92370322665332,40.450809083894534],[24.29535201510547,40.176490388826174],[24.220635447112304,40.144847475007815],[24.054778132048828,40.260882936433596],[24.047778162566406,40.3083568439043],[23.923533472625,40.34528311343555],[23.774773630706054,40.392764650300784],[23.722168955413085,40.348243318513674],[23.62723449191211,40.34528311343555],[23.658801111785156,40.28726156802539],[23.651745829192382,40.22922857852344],[23.803664240447265,40.15539129825],[23.868659052458984,40.16067465396289],[23.9201097818291,40.05519827456836],[23.906617197600585,39.997195802644534],[23.796032938567382,39.986651979402346],[23.595772776213867,40.19231756778125],[23.442486795989257,40.25560721011524],[23.34907821139453,40.2819782123125],[23.291760477629882,40.28726156802539],[23.293139490691406,40.24505575747852],[23.259058985320312,40.22922857852344],[23.32103446444629,40.15539129825],[23.36683944186328,40.107928834871096],[23.4364672037041,40.044654451326174],[23.523348841277343,40.018287263826174],[23.592185053435546,40.00246389956836],[23.638585123625976,39.96034201236133],[23.596890482512695,39.93405493350391],[23.37439254244922,39.955089174226565],[23.260525736418945,39.970870576814455],[23.27630904635547,40.04992254825],[23.214777979460937,40.181766115144534],[23.141140970793945,40.26615484805469],[22.960160288420898,40.314708314851565],[22.748055491057617,40.482467256501955],[22.86390212496875,40.535228334382815],[22.875462565032226,40.596324525789065],[22.85194686373828,40.65133627505664],[22.769967112151367,40.66717108340625],[22.701254877654296,40.57744940371875],[22.492066416350585,40.49829062075977],[22.60226539095996,40.39723929019336],[22.489617380706054,40.23052557559375],[22.467362436858398,40.118480287507815],[22.52561286410449,40.064166627839846],[22.555129084197265,39.986651979402346],[22.695097956267578,39.834483705476565],[22.75447371920703,39.81834753604297],[22.813431772795898,39.602740846589846],[23.07416823825,39.41345175357227],[23.236084971038085,39.20315893741016],[23.15849975070117,39.140079103425784],[23.05191710909961,39.10328634829883],[23.099806818572265,39.1873851642168],[23.045252832976562,39.27149923892383],[22.98130134066699,39.329330049470705],[22.918986353484375,39.345103822664065],[22.85085395297168,39.36613043399219],[22.720257792083007,39.287269197419924],[22.766058954802734,39.20278891177539],[22.83488372286914,39.16636236758594],[22.871062311736328,39.02434881778125],[22.784213099089843,38.94033392520313],[22.490498575774414,38.87685354800586],[22.60231307467578,38.856238923982424],[22.723288569060546,38.793170534089846],[22.899373087493164,38.766891084626955],[22.98423102816699,38.66704138369922],[23.099801096526367,38.67229803653125],[23.16949180087207,38.66704138369922],[23.190995249358398,38.61034353824024],[23.356156382170898,38.48950155825977],[23.493844065276367,38.483131013826174],[23.555766138640625,38.351764284089846],[23.682751688567382,38.34651144595508],[23.803948435393554,38.34651144595508],[23.96074393710254,38.20991476626758],[23.966990503875,38.15213354678516],[23.880024942961914,38.11535605044727],[23.987299952117187,37.76342733950977],[23.918181452361328,37.684642396882815],[23.83551314791797,37.684642396882815],[23.733683619109375,37.85785635562305],[23.634148630706054,37.878978334382815],[23.5407152505791,38.004100404695315],[23.495701822844726,38.06807669253711],[23.419257196990234,38.06807669253711],[23.195841822234375,38.00503882022266],[22.98061469515918,37.957767091707034],[22.898057016936523,37.89998968692188],[23.03996756991504,37.85796698184375],[23.045392069426757,37.773578248933596],[23.048874888030273,37.64263113589649],[23.151383432952148,37.59012182803516],[23.220547709075195,37.601825319246096],[23.32170775851367,37.63738211245899],[23.312159571257812,37.548106752351565],[23.418124231902343,37.46934088321094],[23.184979471770507,37.42733343692188],[23.185792002288085,37.374827943757815],[23.109564814177734,37.34664114566211],[22.970976862517578,37.38532217593555],[23.025345835295898,37.479842744783205],[22.94206908663867,37.518390260652346],[22.713290247527343,37.543433748201174],[22.64231780490039,37.58486517520313],[22.638745340911132,37.492286287263674],[22.726239237395507,37.28850897403125],[22.813349756804687,37.212054811433596],[22.79310897311328,37.1385570392168],[22.886887583342773,37.04668005557422],[22.982552561370117,36.6147533282793],[22.67355445345996,36.754283510164065],[22.524447474089843,36.722125612214846],[22.39029601534961,36.524371705964846],[22.191407236663085,36.855235658601565],[21.984171900359375,37.02048071475391],[21.78091529330371,36.82254370303516],[21.588168177214843,36.9814411029375],[21.531443628875,37.11514624209766],[21.626500162688476,37.30651815982227],[21.613707575408203,37.41484793277149],[21.517313990203125,37.53575857730274],[21.296347651091796,37.72654303164844],[21.221131357756835,37.82839544864063],[21.22843078097461,37.90490683169727],[21.440451654998046,38.179515443757815],[21.714499506560546,38.135440431550784],[21.90576652011035,38.26973684878711],[21.99668792208789,38.25078161807422],[22.747214350310546,37.95260580630664],[22.898655924407226,37.9975543841875],[23.116345438567382,38.157394014314455],[22.99674323519824,38.17934378238086],[22.875638041106445,38.204600892976565],[22.333741221038085,38.426707826570315],[21.826472315398437,38.46395834536914],[21.66125777682422,38.43810995669727],[21.364455256072265,38.412005983308596],[21.172404322234375,38.34783896060352],[20.771830591765625,38.85093268008594],[20.892598185149414,38.895831666902346],[21.00650886019824,38.87054403872852],[21.104685816375,38.92177542300586],[21.15951636752246,39.004825197175784],[21.007184061614257,39.112987123445315],[20.901148829070312,39.06173285098438],[20.67775252780078,39.08042486758594],[20.211808237639648,39.404925905183596],[20.122382196990234,39.551009736970705],[20.090828928557617,39.60253103824024],[20.028559717742187,39.81378134341602],[19.803648981658203,40.016963563875],[19.369067225066406,40.26028021426563],[19.38022521456836,40.32358130069141],[19.483712229338867,40.29589041324024],[19.49448302706836,40.4027171954668],[19.33922294100879,40.58873709292774],[19.527255091277343,40.865890108064455],[19.445403132048828,40.96489676089649],[19.529950174895507,41.21844442935352],[19.416991266814453,41.345252595857424],[19.498915705291015,41.52362021060352],[19.619383844939453,41.559302888826174],[19.60696509799121,41.761539064363284],[19.457886728850585,41.79808386416797],[19.36771300753711,41.84637030215625],[19.338465723601562,41.86202200503711],[19.14303687533496,41.93209036441211],[19.135544809905273,41.99954184146289],[18.909899744597656,42.217792116121096],[18.52864364108203,42.35274466128711],[18.51358893832324,42.362140260652346],[18.248711618987304,42.52743872256641],[18.001368555632812,42.69445761294727],[17.64638045748828,42.864600740388674],[17.59567931613086,42.888900361970705],[17.547980341521484,42.92011984439258],[17.30407422969127,43.07620747861257],[17.32624163546834,43.33677334064347],[17.163159587279704,43.39113402337301],[17.054438221820618,43.472675047467334],[16.992262873259765,43.32271536441211],[16.639813456145507,43.38973578067188],[16.711520227996093,43.77132757754688],[16.701476130095703,43.84666021914844],[16.184667298147904,43.907560509303686],[15.74978183631155,44.097822898857096],[15.494369067245392,43.88844455774298],[15.412318262664062,43.934756837800784],[15.149468454924804,44.23992880435352],[15.274405512419921,44.23661383242969],[15.548222574797851,44.229346834138674],[15.28594401797412,44.32891806216602],[14.98910621127246,44.54002722354297],[14.906961474028808,44.72332342715625],[14.945532831755859,44.92658957095508],[14.815391573516113,45.07786902041797],[14.524585756865722,45.26628454776172],[14.354488405791503,45.32289084048633],[14.5266664748968,45.78300406347297],[14.79846988854452,45.864545087567286],[14.880010912638838,45.48402030846048],[15.423617739934283,45.429659625730935],[15.469824320254395,45.734079449016384],[16.122152513008928,45.581869537373656],[16.2091296053762,45.734079449016384],[16.078663966825292,45.886289360659106],[16.2091296053762,46.14722063776092],[16.448316609386197,46.103732091577285],[16.535293701753467,46.364663368679096],[17.516934527255582,47.64151078205897],[18.186457110592453,48.055977143172264],[18.313985221704236,48.27915133761789],[18.223192900505826,48.9902843445161],[18.250373241870594,49.18054673406951],[18.52217665551832,49.561071513176316],[18.92670686530177,49.6219602967043],[19.108236977578674,49.59170527799148],[19.138491996291496,49.71272535284275],[19.380532145994035,49.803490408981204],[19.56206225827094,49.71272535284275],[19.56206225827094,49.53119524056584],[19.71333735183503,49.53119524056584],[19.894867464111936,49.470685203140214],[20.01588753896321,49.803490408981204],[20.348692744804204,49.74298037155557],[20.53022285708111,49.803490408981204],[20.6814979506452,49.652215315417116],[20.893283081634923,49.74298037155557],[20.80251802549647,49.833745427694026],[20.893283081634923,49.833745427694026],[20.984048137773375,49.74298037155557],[21.135323231337463,49.833745427694026],[21.286598324901554,49.77323539026839],[21.31685334361437,49.86400044640684],[21.770678624306637,49.74298037155557],[21.770678624306637,49.59170527799148],[23.888529934203877,49.25890007215049],[24.16082510261924,48.98660490373513],[25.666328204619678,48.69197572343361],[26.16266290937989,48.9405896176508],[26.524239254288243,48.826951337822464],[26.98940102500732,48.68075763845361],[27.107731508510145,48.643568057924156],[27.107731508510145,48.83258177775021],[27.485758948162246,48.6705700178993],[27.485758948162246,48.75157589782475],[27.647770708013145,48.75157589782475],[29.31636982970131,48.28641554286899],[32.865021409641784,48.18502549772783],[33.32531214639842,48.052268657035654]]]]}},{"type":"Feature","properties":{"NAME":"Bagirmi","ABBREVN":"Bagirmi","wikipedia":null,"SUBJECTO":"Bagirmi","BORDERPRECISION":1,"PARTOF":"Bagirmi","polity_id":"ottoman_classical:bagirmi","name":"Bagirmi","ISO_A3":"BAGIRMI","ADM0_A3":"BAGIRMI","ADMIN":"Bagirmi","fill_colour":"#2673c0","border_precision":1},"geometry":{"type":"MultiPolygon","coordinates":[[[[14.603000387316191,12.990576326679593],[14.61962890625,12.991552734374991],[14.66064453125,12.982373046874997],[14.685546875,12.993066406249994],[14.6943359375,13.023632812499997],[14.716015625000011,13.046630859375],[14.742773437500006,13.062353515624991],[14.742285156250006,13.078027343749994],[14.72764592507364,13.10223220954434],[17.15784109649117,13.472394387972177],[19.84503280216252,13.223421354539367],[20.20561443678935,12.047238403494717],[16.634139198580776,11.102857931853027],[14.992718105035632,12.097355254614666],[14.603000387316191,12.990576326679593]]]]}},{"type":"Feature","properties":{"NAME":"Bornu-Kanem","ABBREVN":"Bornu","wikipedia":null,"SUBJECTO":"Bornu-Kanem","BORDERPRECISION":1,"PARTOF":"Bornu-Kanem","polity_id":"ottoman_classical:bornu_kanem","name":"Bornu-Kanem","ISO_A3":"BORNUKANEM","ADM0_A3":"BORNUKANEM","ADMIN":"Bornu-Kanem","fill_colour":"#a34d33","border_precision":1},"geometry":{"type":"MultiPolygon","coordinates":[[[[14.72764592507364,13.10223220954434],[14.706640625,13.136962890625],[14.668261718750017,13.195263671874997],[14.653125,13.208447265624997],[14.59140625,13.213720703124991],[14.554394531250011,13.238476562499997],[14.495996093750023,13.238720703124997],[14.414648437500006,13.208837890624991],[14.36962890625,13.18505859375],[14.342382812500006,13.162109375],[14.330371093750017,13.134960937499997],[14.330371093750017,13.11640625],[14.311816406250017,13.087060546874994],[14.310742187500011,13.08203125],[14.30712890625,13.0654296875],[14.288867187500017,13.029248046874997],[14.2822265625,13.014453124999989],[14.258984375000011,13.004296875],[14.258886718750006,12.986083984375],[14.275,12.902929687499991],[14.294726562500017,12.884472656249997],[14.346582031250023,12.876757812499989],[14.406640625000023,12.899169921875],[14.474804687500011,12.951757812499991],[14.516210937500006,12.979736328125],[14.592187500000023,12.989941406249997],[14.603000387316191,12.990576326679593],[14.805106907359582,12.527354373208057],[11.909027041786288,11.069362996932934],[10.726510310804873,11.29108488399195],[10.209159241000506,13.73002564164111],[11.391675971981918,15.503800738113231],[11.613397859040933,20.603404140470577],[12.056841633158964,20.972940618902264],[13.313265659826719,20.972940618902264],[17.00863044414363,15.503800738113231],[17.30425962688899,14.469098598504495],[16.894928852928086,13.579446344430757],[16.47598687879659,13.368535798522009],[14.72764592507364,13.10223220954434]]]]}},{"type":"Feature","properties":{"NAME":"Poland-Llituania","ABBREVN":"Poland-Llituania","wikipedia":null,"SUBJECTO":"Poland-Llituania","BORDERPRECISION":1,"PARTOF":"Poland-Llituania","polity_id":"ottoman_classical:poland_llituania","name":"Poland-Llituania","ISO_A3":"POLANDLLITUA","ADM0_A3":"POLANDLLITUA","ADMIN":"Poland-Llituania","fill_colour":"#7a2958","border_precision":1},"geometry":{"type":"MultiPolygon","coordinates":[[[[18.794795099937534,53.31387797234402],[19.88059300301873,53.24601560340144],[20.33300879596923,52.97456612763114],[22.82129565719698,53.562706658466794],[22.391500653894006,54.03774324106482],[22.798674867549455,54.73898772013809],[21.961705650591032,55.033057985555914],[21.007927489577856,55.81651861781673],[20.995957407561523,56.024127565339846],[20.945448908416015,56.069957338289065],[21.904501310419565,56.35003932005873],[22.745429251018063,56.35003932005873],[22.856604043909087,56.32438359862234],[23.29676389381104,56.944608841665996],[23.414469751921875,56.892413698152346],[23.76781371554492,56.865882478669924],[24.15838340243457,56.97548636050586],[24.266305002776367,57.030147157625],[24.34649947604297,57.15972097964649],[24.32293990573047,57.336890779451174],[24.24295188197236,57.69764584096051],[24.236186060515625,57.728160463289065],[24.32544234713672,57.83747061343555],[24.345648798552734,57.86221655459766],[24.415644678679687,57.94793280215625],[24.414401087371093,58.10588797183399],[24.496785196868164,58.213153444246096],[24.33109191378711,58.307933412507815],[24.058350596038085,58.111529909089846],[23.908068689910156,58.22444876284961],[23.670859369841796,58.24138983340625],[23.690465006438476,58.665484987214846],[23.511870417205078,58.580875001863284],[23.360819849578125,58.76742132754688],[23.431979212371093,58.85808142276172],[23.337885889617187,58.97239264102344],[23.456978830901367,59.00549276919727],[23.415757212249023,59.11896475406055],[23.570183786956054,59.138072572664065],[24.03210738619922,59.17574270816211],[24.02955916842578,59.235416017488284],[24.28194526156543,59.28414114566211],[24.341567072478515,59.368880830720705],[24.53756812533496,59.323409639314455],[24.570923838225585,59.37432821841602],[24.713812861052734,59.35183294864063],[24.751221689788085,59.448463045076174],[25.248290094939453,59.36179693789844],[25.44879439791797,59.493960939363284],[25.48999312838672,59.42004355044727],[25.72112182101367,59.459842287019534],[26.34325889071582,59.44664724917774],[26.86190131625293,59.371749483064455],[26.999016794768554,59.31772955508594],[27.265091929045898,59.33804281802539],[27.702038797942382,59.297504030183596],[27.666289623047952,58.98250362218269],[27.523730468750017,59.00693359375],[27.298144531250017,58.994921875],[27.107324218750023,58.95419921875],[26.97412109375,58.88427734375],[26.96640625,58.805566406249994],[27.15673828125,58.64794921875],[27.236621093750017,58.45224609375],[27.32392578125001,58.401904296875],[27.42548828125001,58.303076171875],[27.47265625,58.216748046875],[27.4970703125,58.184130859375],[27.56855468750001,58.214794921875],[27.561328125000017,58.257421875],[27.58271484375001,58.306396484375],[27.590193640470098,58.31199120811888],[27.56310333954991,58.07328763333917],[27.510687581076215,57.61143123095648],[27.605902554454104,56.706888983866556],[28.09070157816403,56.748443185898836],[28.77207949197396,56.700425961974766],[30.173626059638128,56.27996199167552],[31.505095298919084,56.49019397682515],[31.20990839904013,55.73246612621775],[31.253292044517025,55.602315189787085],[31.513593917378373,55.55893154431019],[31.730512144762827,54.95156050763371],[31.426826626424592,54.908176862156814],[31.556977562855266,54.30080582548034],[32.20773224500863,54.43095676191101],[32.468034117869976,53.08606375212738],[31.3834429809477,53.25959833403495],[31.29667568999392,52.955912815696706],[31.3834429809477,52.001472615205095],[31.34417073252444,50.922556716539056],[33.169191545065246,51.429506942244835],[33.87892186105334,51.12533680682136],[33.87892186105334,50.21282640055096],[35.703942673594156,50.41560649083327],[36.21089289929995,49.90865626512748],[36.399390447085466,49.03577483535195],[36.00811280901763,48.996145858857076],[34.16305713851132,47.81064663517557],[33.32531214639842,48.052268657035654],[32.865021409641784,48.18502549772783],[29.31636982970131,48.28641554286899],[27.647770708013145,48.75157589782475],[27.485758948162246,48.75157589782475],[27.485758948162246,48.6705700178993],[27.107731508510145,48.83258177775021],[27.107731508510145,48.643568057924156],[26.98940102500732,48.68075763845361],[26.524239254288243,48.826951337822464],[26.16266290937989,48.9405896176508],[25.666328204619678,48.69197572343361],[24.16082510261924,48.98660490373513],[23.888529934203877,49.25890007215049],[21.770678624306637,49.59170527799148],[21.770678624306637,49.74298037155557],[21.31685334361437,49.86400044640684],[21.286598324901554,49.77323539026839],[21.135323231337463,49.833745427694026],[20.984048137773375,49.74298037155557],[20.893283081634923,49.833745427694026],[20.80251802549647,49.833745427694026],[20.893283081634923,49.74298037155557],[20.6814979506452,49.652215315417116],[20.53022285708111,49.803490408981204],[20.348692744804204,49.74298037155557],[20.01588753896321,49.803490408981204],[19.894867464111936,49.470685203140214],[19.71333735183503,49.53119524056584],[19.56206225827094,49.53119524056584],[19.56206225827094,49.71272535284275],[19.380532145994035,49.803490408981204],[19.138491996291496,49.71272535284275],[19.108236977578674,49.59170527799148],[18.92670686530177,49.6219602967043],[18.89645184658895,49.71272535284275],[18.79631522616504,49.71344717593555],[18.769068769057146,50.17698804082737],[18.74563352241608,50.266041978063406],[18.646036580345903,50.64451035793008],[18.140061199789763,50.98765893485682],[17.639767623620585,51.4368799575253],[17.552547491405942,51.65493028806191],[17.29088709476201,51.78576048638388],[17.203666962547363,51.61132022195459],[16.85478643368879,51.65493028806191],[16.85478643368879,51.916590684705845],[16.50590590483021,52.17825108134978],[16.50590590483021,52.003810816920485],[16.095099082099242,52.124174599376694],[15.764534781005738,52.26547121356442],[15.760173774395009,52.57074167631567],[15.815994659012382,52.57074167631567],[15.843905101321067,52.7102938878591],[16.05312067396849,52.71644728705461],[16.20375518114817,53.34332759838088],[16.415540312137896,53.52485771065779],[16.20375518114817,53.706387822934694],[16.65758046184044,53.85766291649878],[16.808855555404527,53.46434767323215],[16.808855555404527,53.85766291649878],[16.687835480553257,54.03919302877569],[16.990385667681434,54.19046812233977],[17.111405742532707,54.12995808491414],[17.746761135501878,54.43250827204232],[17.657612833586914,54.685462556794924],[18.279448542205078,54.72412069888477],[18.759530100432617,54.536414705232424],[18.362916025725585,54.66889151187305],[18.338496241179687,54.602645479158205],[18.453806910125,54.52537878604297],[18.513155970183593,54.315780244783205],[18.665211937776398,54.25812429246989],[18.342379306987034,53.96988087212224],[18.885278258527634,53.58532744811431],[18.794795099937534,53.31387797234402]]]]}},{"type":"Feature","properties":{"NAME":"Korea","ABBREVN":"Korea","wikipedia":null,"SUBJECTO":"Korea","BORDERPRECISION":1,"PARTOF":"Korea","polity_id":"ottoman_classical:korea","name":"Korea","ISO_A3":"KOREA","ADM0_A3":"KOREA","ADMIN":"Korea","fill_colour":"#3e4f84","border_precision":1},"geometry":{"type":"MultiPolygon","coordinates":[[[[126.54058498458714,37.6780925259977],[126.53065837213958,37.67832337744996],[126.517212,37.755829],[126.516098,37.761108],[126.513893,37.765831],[126.51053600000012,37.769989],[126.500549,37.776657],[126.495247,37.77971600000012],[126.443604,37.806343],[126.438026,37.81443800000011],[126.433594,37.818054],[126.42804,37.8211060000001],[126.420258,37.821938],[126.400543,37.818886],[126.396942,37.816666],[126.368042,37.790276],[126.36665300000016,37.784721],[126.364151,37.720268],[126.37168006408618,37.62979709087647],[126.33043197116015,37.66143377871875],[126.20971969088671,37.75405081363086],[126.05250075778125,37.60090597720508],[125.9090071054375,37.51145514102344],[125.74116805514453,37.78495367617969],[125.56173995455859,37.835548006013674],[125.26937392672656,37.484683595613284],[125.18160537203906,37.656444154695315],[125.07696059664843,37.77087362857227],[124.76971724948046,37.935855470613284],[124.69365981539843,38.13954123111133],[124.73619368991015,38.2797809466875],[124.92935470065234,38.46493872256641],[125.26861098727343,38.56758078189258],[125.29374221285937,38.68870123477344],[125.02792647799609,38.81562002749805],[125.21087935885546,39.211165986970705],[125.296092066375,39.36432608218555],[125.20653823336718,39.48528250308399],[124.92233565768359,39.61860617251758],[124.85995772799609,39.618480287507815],[124.68842605075,39.60537680240039],[124.54809096774218,39.541339479402346],[124.44284347018359,39.5730052814043],[124.20898726901171,39.738326631501955],[124.13388350924609,39.843143068269534],[124.30433181246875,40.08068045230274],[124.49109939059375,40.27958258242969],[124.72513106783984,40.42769964785938],[125.41501143893359,40.69969900699024],[125.87949660739062,40.945026002839846],[126.16551497897265,41.189437471345705],[126.47417739352343,41.651507936433596],[126.64752486666796,41.710025392488284],[126.84932998141406,41.71752890200977],[126.97237685641406,41.539107881501955],[127.19430068453906,41.42522390933399],[127.42280868014453,41.35615500064258],[127.86146071871875,41.37772711367969],[128.09849074801562,41.44936331363086],[128.07813552340625,41.50039251895313],[127.84928420504687,41.844546876863284],[127.86077407321093,41.99816855044727],[127.98404983004687,42.10763891787891],[128.16028884371875,42.13420446963672],[128.3099623056328,42.07742270083789],[128.51363662203906,42.05294378848438],[128.75553420504687,42.060645662263674],[129.03454116305468,42.17738302798633],[129.46447280367968,42.416610322908205],[129.5681867929375,42.73739584536914],[129.74045852145312,42.89849432559375],[129.85425857028125,42.956790529207034],[129.9656019540703,42.957393251375],[130.22588637789843,42.65130194278125],[130.35991958102343,42.45350607486133],[130.43509963473437,42.27675970645313],[129.82471755465625,41.861365877107424],[129.6412611337578,41.65584906192188],[129.59070876559375,41.46990545840625],[129.63106826266406,41.277789674714846],[129.56141189059375,41.07268866153125],[129.47782424410937,40.682025514558596],[129.17704299410937,40.63022192569141],[129.014842066375,40.52752264590625],[128.79102614840625,40.35433920474414],[128.44658950289843,40.065867982820315],[128.2362318368828,39.96959265323047],[127.93131545504687,39.95622595401172],[127.67152694186328,39.86643560977344],[127.55238631686328,39.76415976138477],[127.44079879244921,39.62365683169727],[127.27688888033984,39.2216869220293],[127.40455916842578,39.07533987613086],[127.95601943453906,38.69407232852344],[128.14414504489062,38.53463324160938],[128.26961771441506,38.42048735938179],[128.260529,38.411659],[128.2435610000001,38.395271],[128.224976,38.38166],[128.200806,38.365547],[128.17608600000017,38.349998],[128.166077,38.34388000000013],[128.150818,38.335266000000104],[128.139984,38.330276],[128.134155,38.328331],[128.07995600000015,38.311935],[128.054688,38.306656],[128.01052900000013,38.30555],[127.988037,38.306099],[127.9713670000001,38.30832700000013],[127.885269,38.31360600000011],[127.676086,38.320274],[127.661926,38.319160000000124],[127.53749100000016,38.307495],[127.45082100000013,38.312492000000134],[127.366379,38.323326],[127.251389,38.318886],[127.197479,38.311935],[127.133881,38.29916400000013],[127.127762,38.297218],[127.106087,38.28749800000014],[127.095833,38.28082300000011],[127.068047,38.259995],[127.058029,38.253883],[127.042213,38.246101000000124],[127.005798,38.22924],[126.99054,38.218048],[126.982758,38.209435],[126.972763,38.194153],[126.966927,38.183052],[126.9551090000001,38.154449],[126.935257,38.12860100000012],[126.824432,38.016106],[126.80721300000016,38.000549],[126.780273,37.97887400000013],[126.766663,37.968323],[126.745529,37.957771],[126.727768,37.952492],[126.688492,37.83390800000012],[126.680542,37.684433],[126.64137300000016,37.760551000000135],[126.546654,37.763611],[126.532761,37.762497],[126.531937,37.7211],[126.532211,37.715546],[126.54058498458714,37.6780925259977]]]]}},{"type":"Feature","properties":{"NAME":"Itelmen","ABBREVN":"Itelmen","wikipedia":null,"SUBJECTO":"Itelmen","BORDERPRECISION":1,"PARTOF":"Itelmen","polity_id":"ottoman_classical:itelmen","name":"Itelmen","ISO_A3":"ITELMEN","ADM0_A3":"ITELMEN","ADMIN":"Itelmen","fill_colour":"#294e7a","border_precision":1},"geometry":{"type":"MultiPolygon","coordinates":[[[[156.69430237553343,57.11380824277888],[161.98390120568644,55.96275754634424],[161.86132338961718,55.86087378116016],[161.60943129977343,55.55691488833789],[161.50274184664843,55.287372194246096],[161.64737990817187,54.985091768220705],[161.93853286227343,54.8451000079668],[162.0082044931328,54.738223634675784],[161.87586501559375,54.56412848086719],[161.56661513766406,54.42324026675586],[161.13636306246875,54.409068666414065],[160.837595972625,54.448566041902346],[160.68291762789843,54.448279939607424],[160.40430739840625,54.36758764834766],[160.02738479098437,54.15326651187305],[159.93114760836718,54.08635672183399],[159.69506362399218,53.85922583194141],[159.63321975192187,53.70584448428516],[159.6834974618828,53.57943304629688],[159.90476516207812,53.40018042178516],[159.92208388766406,53.30046804995899],[159.89686110934375,53.240577302888674],[159.59176162203906,53.133624635652346],[159.31981948336718,53.1264720782793],[158.78814223727343,52.95936544986133],[158.46136001071093,52.82596167178516],[158.4316664071953,52.713084779695315],[158.46236709078906,52.58713873477344],[158.38950637301562,52.20268591494922],[158.25802138766406,52.01712378116016],[157.8977766366875,51.6660228595293],[157.20952895602343,51.22900351138477],[156.82464126071093,51.00411947818164],[156.69637587985156,50.957748018220705],[156.56373122653125,51.234359346345705],[156.47469619235156,51.60382040591602],[156.36185744723437,51.91423758120899],[156.33323195895312,52.271556459382815],[156.175242457,52.609256349519534],[156.03809646090625,52.7814899310625],[155.9418440195,53.19308050723438],[155.71079543551562,53.8049388751543],[155.7074690195,54.064952455476565],[155.63807204684375,54.31840857119922],[155.63018325289843,54.465350709871096],[155.58306411227343,54.552074037507815],[155.46520522555468,54.91977270694141],[155.45347121676562,55.27581366153125],[155.5056867929375,55.63962133975391],[155.62757399996875,56.26791723819141],[155.70299819430468,56.36959799380664],[156.23583510836718,56.75682791324024],[156.55787185153125,56.94747122378711],[156.69430237553343,57.11380824277888]]]]}},{"type":"Feature","properties":{"NAME":"Koryaks","ABBREVN":"Koryaks","wikipedia":null,"SUBJECTO":"Koryaks","BORDERPRECISION":1,"PARTOF":"Koryaks","polity_id":"ottoman_classical:koryaks","name":"Koryaks","ISO_A3":"KORYAKS","ADM0_A3":"KORYAKS","ADMIN":"Koryaks","fill_colour":"#744acf","border_precision":1},"geometry":{"type":"MultiPolygon","coordinates":[[[[165.25446552158908,62.30923357639421],[173.30378410077196,61.51909274574955],[173.12633803805468,61.36941488833789],[172.9182844491875,61.27812918277149],[172.49244216403125,61.263324342683596],[172.10816482028125,60.9832836017168],[172.00008681735156,60.85757406802539],[171.24840835055468,60.654178224519534],[171.07238295992968,60.4521442279375],[170.51969436129687,60.339942537263674],[170.33680251559375,60.277103029207034],[170.26842788180468,60.145137392],[170.27305129489062,60.013431154207034],[170.0601301523125,59.88180121035938],[169.87749770602343,59.87456091494922],[169.61364272555468,60.0122028216875],[169.53161147555468,60.129893861726565],[169.4557142587578,60.296268068269534],[169.1541242929375,60.434642396882815],[168.67075637301562,60.45457800479297],[168.21090224703906,60.43286093325977],[167.68961623629687,60.35544928164844],[167.10398391207812,60.27102621646289],[166.86841872653125,60.17341574283008],[166.26851943453906,59.83327826114063],[166.02721694430468,59.70872076602344],[165.9449720712578,59.77061041446094],[166.20342544039843,60.352637849763674],[165.95633986910937,60.31051596255664],[165.77999404391406,60.35411413760547],[165.41538527926562,60.11518820376758],[165.1135969491875,60.03144033999805],[164.93296340426562,59.96187552066211],[164.88157180270312,59.7341380939043],[164.58460524996875,59.66465338321094],[164.44190505465625,59.74018820376758],[164.32805922946093,59.96072729678516],[164.11052993258593,60.07820852847461],[163.64969924410937,59.79202231021289],[163.76682570895312,59.88375815005664],[163.51627639254687,59.85569342227344],[163.38868239840625,59.814063631013674],[163.10639480075,59.579173646882815],[163.04290297946093,59.46200140567188],[163.09977248629687,59.35886725039844],[163.25451186617968,59.29037436099414],[162.83521560153125,59.05590780825977],[162.7534437509453,58.96646460147266],[162.90740493258593,58.891280733064455],[162.61590102633593,58.73296316714649],[162.22001174410937,58.48553045840625],[161.93841079196093,58.25918539615039],[161.80436233004687,58.101722322419924],[161.79993728121875,57.862735353425784],[161.98922255953906,57.719852052644534],[162.20365432223437,57.67936285586719],[162.82566359957812,57.70098074527149],[163.07837966403125,57.62649878116016],[163.1278333993828,57.55162390323047],[162.9320326181328,57.37424048037891],[162.59327224215625,57.169540010408205],[162.512400660125,57.033492647126955],[162.6128187509453,56.80288275332813],[162.74430373629687,56.599708162263674],[163.0979719491875,56.55972632022266],[163.1722669931328,56.38381537051563],[163.16599563082812,56.10649832339649],[163.00907424410937,55.944068513826174],[162.77128127535937,55.91659506411914],[162.55463698825,56.01072271914844],[162.5471906991875,56.10531576724414],[162.721873316375,56.342349611238284],[162.52181533297656,56.34873541446094],[162.317576441375,56.24010046573047],[161.98390120568644,55.96275754634424],[156.69430237553343,57.11380824277888],[156.81467727145312,57.260570131257815],[156.87765029391406,57.362742982820315],[156.83948806246875,57.50565680117969],[156.77685073336718,57.580455385164065],[157.51116469821093,57.74545248599414],[157.9616957040703,57.88275869937305],[158.32625869235156,58.02682074160938],[159.10428908785937,58.424884401277346],[159.39269545992968,58.61035116763477],[159.58628371676562,58.802676759675784],[159.649119410125,58.953746400789065],[160.4519300790703,59.3538890704668],[160.84424880465625,59.554244600251955],[161.53524306735156,59.941688142732424],[161.70084670504687,60.07350882144336],[161.81792739352343,60.26799353213672],[162.3811292978203,60.463573060945315],[163.329295191375,60.694949708894534],[163.44480422457812,60.8902660235918],[163.79265883883593,61.128192506746096],[163.8313703866875,61.23308905215625],[163.57572463473437,61.33047064395313],[163.9422865243828,61.73741491885547],[163.92588332614062,61.955001436189455],[164.00829604586718,62.130897127107424],[164.27720168551562,62.22288092227344],[165.05478957614062,62.25954397769336],[165.2857160898125,62.28813513369922],[165.25446552158908,62.30923357639421]]]]}},{"type":"Feature","properties":{"NAME":"Enets","ABBREVN":"Enets","wikipedia":null,"SUBJECTO":"Enets","BORDERPRECISION":1,"PARTOF":"Samoyedic people","polity_id":"ottoman_classical:enets","name":"Enets","ISO_A3":"ENETS","ADM0_A3":"ENETS","ADMIN":"Enets","fill_colour":"#2d647c","border_precision":1},"geometry":{"type":"MultiPolygon","coordinates":[[[[82.43625930270312,72.05058630557423],[90.66660371857405,72.41388791632032],[92.29610482658107,69.82407964155732],[82.90390351995161,68.53899724116076],[83.75223415216587,69.76132857140598],[83.38769505675961,70.34407744304102],[83.67697432955859,70.46026190371876],[83.65711501559375,70.59817083926563],[83.57093337496875,70.65170630069142],[83.50470260104296,70.81292303653126],[83.16804793795703,71.18223150821095],[83.25261977633593,71.2828555926836],[83.56109145602343,71.62442358584767],[83.20242598971484,71.82590826602345],[82.85464766940234,71.94214972110157],[82.43625930270312,72.05058630557423]]]]}},{"type":"Feature","properties":{"NAME":"Nenets","ABBREVN":"Nenets","wikipedia":null,"SUBJECTO":"Nenets","BORDERPRECISION":1,"PARTOF":"Samoyedic people","polity_id":"ottoman_classical:nenets","name":"Nenets","ISO_A3":"NENETS","ADM0_A3":"NENETS","ADMIN":"Nenets","fill_colour":"#995533","border_precision":1},"geometry":{"type":"MultiPolygon","coordinates":[[[[66.79749147423064,66.64522469500768],[67.64553669916856,68.44807272735193],[67.82653335055468,68.37205084414845],[68.2154035898125,68.20135077090626],[68.38463118991015,68.1793399676836],[68.48788741549609,68.22421606631642],[69.0026121469414,68.69536932559376],[69.10895064791796,68.83031042666798],[68.69183639010546,68.81454809756642],[68.5117674203789,68.83668097110157],[68.25765517672656,68.94111975283985],[68.09354690035937,69.13594397158985],[68.10592940768359,69.42932470889454],[67.77870467623828,69.55685003848438],[66.88444045504687,69.62308081241017],[66.79896834811328,69.74374731631642],[66.82803634127734,69.8193775043047],[66.96485427340625,69.95582159610157],[67.27720168551562,70.07055243106251],[67.38328841647265,70.13940008731251],[67.42175582369921,70.2234302386797],[67.3982420297539,70.59850653262501],[67.28530410250781,70.70580633731251],[66.77481368502734,70.73557623477345],[66.67020705660937,70.8661304339922],[66.81797316989062,71.10538061709767],[66.97964766940234,71.21384008975392],[67.15545180758593,71.22964819522267],[67.82254317721484,71.41665228457813],[68.31624892672656,71.63485296817188],[68.55076125582812,71.82196386905079],[68.81211379489062,72.09546240420704],[69.0566892953789,72.64471777530079],[69.34311202487109,72.83426245303517],[69.51156142672656,72.80304297061329],[70.21435836276171,72.73346289248829],[70.94033339938281,72.78995092959767],[71.66292098483203,72.8307071551836],[71.975779566375,72.79976233096485],[72.45530227145312,72.82427557559376],[72.71399978121875,72.76958807559376],[72.85272506198046,72.64393194766407],[72.84480575045703,72.49460943789845],[72.65456679782031,72.11825903506642],[72.49832442721484,71.9618106708086],[71.89781478366015,71.58716162295704],[71.797556910125,71.4318042621172],[72.13623336276171,71.27759131045704],[72.5549803110039,70.97724493594532],[72.67970565280078,70.82351263614063],[72.77420333346484,70.45523413272267],[72.69588759860156,70.35557898135548],[72.43689254244921,70.18696936221485],[72.55148604830859,69.65626104922657],[72.52553084811328,69.06907995791798],[72.64349654635546,68.80691107364063],[72.84616378268359,68.63523443789845],[73.30861190280078,68.51655157657032],[73.39412215670703,68.44205053897267],[73.39364913424609,68.38238867373829],[73.175242457,68.16592749209767],[72.98776534518359,67.79414709658985],[72.8376951547539,67.6456485614336],[72.48502639254687,67.43782385440235],[71.93047622164843,67.15627630801563],[71.6471433969414,67.06732519717579],[71.39950087985156,66.94906958194142],[71.54405501803515,66.71412237735157],[71.34951308688281,66.6623950824297],[70.83993056735156,66.55140265078907],[70.12074569186328,66.71882208438282],[69.79152205905078,66.75493200869923],[69.35537246188281,66.73943670840626],[69.0847654672539,66.68753393741017],[69.12689608738887,66.62075211110451],[69.17261031588671,66.54828985782032],[69.43512252291796,66.4242359027422],[69.76729873141406,66.32971533389454],[70.47356704196093,66.23597296328907],[70.98342421969531,66.20038946719532],[71.25953200778125,66.22281225772267],[71.79433730563281,66.15806158633595],[72.2088117929375,66.17345770450001],[72.42107680758593,66.33466681094532],[72.55741408785937,66.4959903583086],[73.1654539438164,66.64375647158985],[73.69016555270312,66.86506994815235],[73.81080916842578,66.99035223575001],[73.98450759371875,67.26336248965626],[74.35252669772265,67.40435370059376],[74.74171737155078,67.68622168155079],[74.77064803561328,67.84936865420704],[74.6693601938164,68.10174902530079],[74.39512923678515,68.34698828311329],[74.50497725924609,68.59347876162892],[74.6121092172539,68.63851507754688],[74.91630080660937,68.70638617129688],[75.53720382174609,68.77486761660938],[76.32775405367968,68.77634008975392],[76.66087630709765,68.67222174258595],[77.03982070407031,68.46377142520313],[77.10788253268359,68.11375006289845],[76.95493606051562,67.65331610293751],[77.09069350680468,67.52774389834767],[77.50477889498828,67.43239935489063],[78.08904555758593,67.41131170840626],[78.47786239108203,67.47854193301563],[78.53574660739062,67.6118350848711],[78.30457595309375,67.69286688418751],[77.94601729830859,67.77371557803517],[77.68886092623828,67.75840338321095],[77.4832258554375,67.80251654239063],[77.51418593844531,67.97325476260548],[77.97751906832812,68.14512213321095],[78.00718215426562,68.25683935733204],[77.90906051119921,68.32369574160938],[77.83420089205859,68.47270544619923],[77.63582900485156,68.81619604678517],[77.40597823580859,68.93561895938282],[77.02994826754687,68.97991522403126],[76.53798964938281,69.08405645938282],[76.17751601657031,69.13594397158985],[75.59802535494921,69.2100025043047],[75.1886473031914,69.12659796328907],[74.90170577487109,69.08100470157032],[74.31795791110156,69.16254004092579],[73.91452315768359,69.15427740664845],[73.90792373141406,69.27452429385548],[73.65407851657031,69.756465517],[73.79099563082812,70.05221136660938],[74.12222579440234,70.36587866397267],[74.24957564791796,70.57294806094532],[74.18918899020312,70.67260321231251],[73.69797042330859,71.1413989886797],[73.27066329440234,71.37258490176563],[73.21685317477343,71.45773657412892],[73.59136489352343,71.70685919375782],[74.1371565195,71.75452765078907],[74.58655074557421,71.87217291446095],[74.92115310153125,72.02874334903126],[74.99873641451953,72.13043554873829],[75.07459548434375,72.42029150576954],[75.01610854586718,72.7187686786211],[75.11987594088671,72.68748053164845],[75.40757277926562,72.66441687198048],[75.61734298190234,72.62549170108204],[75.66617873629687,72.41353949160938],[75.58253768405078,72.17061956973438],[75.296580347625,71.8968692645586],[75.22127059420703,71.64770849795704],[75.28428939303515,71.4460864886797],[75.45202926119921,71.32248266787892],[75.67058852633593,71.19912298770313],[76.29318526705859,71.13853033633595],[77.00164321383593,71.0626407489336],[77.73619368991015,71.02547796817188],[78.10473159274218,70.84130438418751],[78.24920943698046,70.83387335391407],[78.60852340182421,70.84992560000782],[78.37160018405078,71.25054510684376],[78.13690474948046,71.37392767520313],[77.28489974459765,71.41880377383595],[76.86612990817187,71.44902380557423],[76.60715011080859,71.51833685489063],[76.33285811862109,71.7197452411211],[76.45669845065234,71.86785467715626],[77.074900660125,71.89238318057423],[77.27492812594531,71.81488379092579],[77.78991988619921,71.77691229434376],[78.12636855563281,71.84759863467579],[78.08573440035937,72.17527350039845],[78.26955703219531,72.21474798770313],[78.64725783785937,72.26237829776173],[79.22255996188281,72.27128943057423],[79.70315841158984,72.17827948184376],[80.33872512301562,72.00764044375782],[80.82826522311328,71.76702459903126],[81.42526534518359,71.61268194766407],[81.67136672457812,71.57430609317188],[82.49135116061328,71.56809576602345],[82.81835463961718,71.64632757754688],[82.88012221774218,71.49126776309376],[82.52887252291796,71.32020147891407],[82.21532729586718,71.20361670108204],[82.10357192477343,70.85644110293751],[82.04561141451953,70.41893347354298],[82.19571975192187,70.35798224063282],[82.50152877291796,70.71113165469532],[82.6754637094414,70.84212835879688],[82.80373671969531,70.81927832217579],[83.07590774020312,70.58175238223438],[83.03633407076953,70.24492987246876],[83.37072280367968,70.33726080508595],[83.38769505675961,70.34407744304102],[83.75223415216587,69.76132857140598],[82.90390351995161,68.53899724116076],[80.93363764101856,65.70010681179247],[80.83245399067884,65.69831479338546],[73.53970267596988,65.56915613435521],[68.60227790474909,65.48171161102046],[68.07092169440246,66.6318461141755],[66.79749147423064,66.64522469500768]]]]}},{"type":"Feature","properties":{"NAME":"Nganasan","ABBREVN":"Nganasan","wikipedia":null,"SUBJECTO":"Nganasan","BORDERPRECISION":1,"PARTOF":"Samoyedic people","polity_id":"ottoman_classical:nganasan","name":"Nganasan","ISO_A3":"NGANASAN","ADM0_A3":"NGANASAN","ADMIN":"Nganasan","fill_colour":"#8c407f","border_precision":1},"geometry":{"type":"MultiPolygon","coordinates":[[[[105.364780709818,72.74959229884978],[99.91512352077622,71.35814155943672],[92.42822653804119,73.38331782427201],[97.97733841936244,74.36169335293792],[106.86712320943332,76.43314988243023],[107.29075149020312,76.43394812198048],[107.66595748385546,76.44307287783985],[107.77148726901171,76.40122564883595],[108.24447158297656,76.64641913028126],[108.85952285250781,76.64754828067188],[109.65640548190234,76.69128759951954],[109.94024947604296,76.6327319964922],[110.54772475680468,76.64229925723438],[111.42728713473437,76.56807287783985],[112.05716231783984,76.45135840030079],[112.5885496469414,76.25924261660938],[112.8223142953789,76.05888708682423],[113.1488752695,76.0594898089922],[113.5330076547539,76.09365423770313],[113.72303298434375,75.86883886905079],[113.11340621432421,75.49444922061329],[113.22163680514453,75.4368091449297],[113.6250486703789,75.27267035098438],[112.57712844332812,74.88621100039845],[112.11134627780078,74.78037603946095],[111.586619410125,74.73096045108204],[110.05470565280078,74.25368841739063],[108.69690230807421,73.81940802188282],[108.33986190280078,73.69124182315235],[107.26554397067187,73.52222784610157],[106.20830825289843,73.25850256533985],[105.27881911715625,72.75153692813282],[105.364780709818,72.74959229884978]]]]}},{"type":"Feature","properties":{"NAME":"Komi","ABBREVN":"Komi","wikipedia":null,"SUBJECTO":"Komi","BORDERPRECISION":1,"PARTOF":"Samoyedic People","polity_id":"ottoman_classical:komi","name":"Komi","ISO_A3":"KOMI","ADM0_A3":"KOMI","ADMIN":"Komi","fill_colour":"#338046","border_precision":1},"geometry":{"type":"MultiPolygon","coordinates":[[[[73.53970267596988,65.56915613435521],[71.80409093995571,63.462076182464045],[70.97027739959411,64.244828715124],[68.80585475610576,62.58482668706595],[66.23717739179192,60.061705351508834],[64.04068893103295,60.75897906388522],[66.97277065074607,65.49541876496028],[66.57134462937586,66.1644621339106],[66.79749147423064,66.64522469500768],[68.07092169440246,66.6318461141755],[68.60227790474909,65.48171161102046],[73.53970267596988,65.56915613435521]]]]}},{"type":"Feature","properties":{"NAME":"Khanty","ABBREVN":"Khanty","wikipedia":null,"SUBJECTO":"Khanty","BORDERPRECISION":1,"PARTOF":"Samoyedic people","polity_id":"ottoman_classical:khanty","name":"Khanty","ISO_A3":"KHANTY","ADM0_A3":"KHANTY","ADMIN":"Khanty","fill_colour":"#833441","border_precision":1},"geometry":{"type":"MultiPolygon","coordinates":[[[[71.80409093995571,63.462076182464045],[73.53970267596988,65.56915613435521],[80.83245399067884,65.69831479338546],[83.48799072924575,64.3642654908204],[80.75747535907178,60.14881161815984],[75.50431372471282,59.936536551112646],[75.23862977019192,62.1341278351447],[74.37151298221869,63.07895426139875],[72.36169195612237,62.93862149326707],[71.80409093995571,63.462076182464045]]]]}},{"type":"Feature","properties":{"NAME":"Khanate of Sibir","ABBREVN":"Khanate of Sibir","wikipedia":null,"SUBJECTO":"Khanate of Sibir","BORDERPRECISION":1,"PARTOF":"Khanate of Sibir","polity_id":"ottoman_classical:khanate_of_sibir","name":"Khanate of Sibir","ISO_A3":"KHANATEOFSIB","ADM0_A3":"KHANATEOFSIB","ADMIN":"Khanate of Sibir","fill_colour":"#36d421","border_precision":1},"geometry":{"type":"MultiPolygon","coordinates":[[[[75.61881142841146,58.989474632587715],[75.66408415320137,58.61500359769926],[78.39786864332953,58.58887058703125],[82.53616626600059,57.08035531913417],[79.3007699428214,54.399005245635244],[76.88256430509976,54.37259339979909],[68.59135730718171,54.282036137997714],[67.77105734843805,54.636729080019315],[64.67878500938362,55.97380969520192],[64.2273343596377,57.66184452184806],[64.63161108652106,58.48461409950466],[66.23717739179192,60.061705351508834],[67.88991846882351,61.685134720858215],[68.80585475610576,62.58482668706595],[70.97027739959411,64.244828715124],[71.80409093995571,63.462076182464045],[72.36169195612237,62.93862149326707],[74.37151298221869,63.07895426139875],[75.23862977019192,62.1341278351447],[75.50431372471282,59.936536551112646],[75.61881142841146,58.989474632587715]]]]}},{"type":"Feature","properties":{"NAME":"Khiva Khanate","ABBREVN":"Khiva Khanate","wikipedia":null,"SUBJECTO":"Khiva Khanate","BORDERPRECISION":1,"PARTOF":"Khiva Khanate","polity_id":"ottoman_classical:khiva_khanate","name":"Khiva Khanate","ISO_A3":"KHIVAKHANATE","ADM0_A3":"KHIVAKHANATE","ADMIN":"Khiva Khanate","fill_colour":"#84962c","border_precision":1},"geometry":{"type":"MultiPolygon","coordinates":[[[[68.78248445418943,40.944221880530336],[69.89885480118284,37.78461171280335],[69.23157780741465,37.367563591698236],[66.33588980061525,36.307380725406425],[64.68353697922532,36.52533380870022],[64.3466450660261,37.87290146149705],[62.66218550003006,39.22046911429389],[60.97772593403401,39.22046911429389],[58.61948254163954,39.05202315769429],[56.42968510584468,38.20979337469626],[53.937327417937496,38.15944632144336],[53.937327417937496,38.33184774966602],[53.937327417937496,38.5712962970293],[53.98521712741015,38.65749701114063],[54.03310683688281,38.79158743472461],[54.07141784152148,38.89694555850391],[54.03310683688281,38.992721162751955],[53.91817382296679,39.050189577058596],[53.774504694548824,39.136390291169924],[53.67872527560351,39.251327119783205],[53.65957168063281,39.318370424226565],[53.5829458566582,39.318370424226565],[53.49674514254687,39.337527833894534],[53.3339224191582,39.38541754336719],[53.24772170504687,39.29921682925586],[53.2094107004082,39.40457113833789],[53.24772170504687,39.45246084781055],[53.31476500949023,39.56739767642383],[53.37223342379687,39.519507966951174],[53.54463485201953,39.53866156192188],[53.73619368991015,39.500350557283205],[53.79366210421679,39.49077185244922],[53.812815699187496,39.54824026675586],[53.66914657076953,39.644019685701174],[53.55421355685351,39.65359839053516],[53.51590255221484,39.77811010928516],[53.59252456149218,39.89304693789844],[53.688303980437496,39.97924765200977],[53.506323847380855,39.99840124698047],[53.36265471896289,39.9600902423418],[53.19025329074023,39.9600902423418],[53.04658416232226,39.99840124698047],[52.98911574801562,39.93135794253711],[52.91249373873828,40.04629095645313],[52.84545043429492,40.18038138003711],[52.84545043429492,40.333629213289065],[52.82629302462695,40.46771963687305],[52.90291503390429,40.56349905581836],[52.95080474337695,40.707164369539065],[52.96996215304492,40.822101198152346],[53.017851862517574,40.946612916902346],[53.056162867156246,41.05197104068164],[53.15194228610156,40.89872320742969],[53.180674585906246,40.84125479312305],[53.257300409880855,40.764632783845705],[53.43927672824023,40.80294378848438],[53.61168197116015,40.745479188875],[53.65957168063281,40.81252249331836],[53.649992975798824,40.87956961245899],[53.69788268527148,40.87956961245899],[53.76492598971484,40.869990907625],[53.79366210421679,40.726321779207034],[53.84155181368945,40.640121065095705],[53.97564223727343,40.64969976992969],[54.10973266085742,40.67843206973438],[54.22466567477343,40.726321779207034],[54.33002379855273,40.68801077456836],[54.41622451266406,40.659278474763674],[54.45453551730273,40.71674307437305],[54.387488398162105,40.80294378848438],[54.3683348031914,40.89872320742969],[54.45453551730273,40.91788061709766],[54.50242522677539,40.850833497957034],[54.60778335055468,40.81252249331836],[54.7227163644707,40.850833497957034],[54.81849578341601,40.87956961245899],[54.828074488249996,40.98492392154102],[54.75144866427539,41.13817175479297],[54.5982046457207,41.24352987857227],[54.35875609835742,41.38719519229297],[54.16719726046679,41.482974611238284],[54.138464960662105,41.62664373965625],[54.11930755099414,41.779891572908205],[54.023528132048824,41.85651358218555],[54.023528132048824,41.95229300113086],[54.023528132048824,42.048072420076174],[53.98521712741015,42.10553701968555],[53.73619368991015,42.1342731341875],[53.4584341379082,42.09596212954883],[53.266875300017574,42.086383424714846],[53.06574157199023,42.028915010408205],[52.9795408578789,41.904403291658205],[52.94122985324023,41.77031286807422],[52.998694452849605,41.68411215396289],[52.96996215304492,41.55960043521289],[52.931651148406246,41.37762030215625],[52.96038344821093,41.272262178376955],[52.96996215304492,41.13817175479297],[52.85502532443164,41.38719519229297],[52.692202601042965,41.53086432071094],[52.71136001071093,41.60749014468555],[52.68262389620898,41.69369085879688],[52.55927184542773,41.75783880801563],[52.600745234099605,41.93767889590625],[52.573767695037105,42.01860388369922],[52.51981643160937,42.072555147126955],[52.58275893649218,42.1894489154375],[52.672678980437496,42.279368959382815],[52.73562148532031,42.42324026675586],[52.75360778292773,42.558116517976565],[52.8345327707207,42.64803656192188],[52.76259902438281,42.755939088777346],[52.58275893649218,42.82787283511524],[52.37594893893359,42.80089529605274],[52.295020136443355,42.87283285708789],[52.16014388522265,42.84585531802539],[52.07022384127734,42.82787283511524],[51.98030379733203,42.90880163760547],[51.8813963266289,43.05266913028125],[51.737525019255855,43.17855414004688],[51.58466247042773,43.17855414004688],[51.42280868014453,43.1695628985918],[51.42280868014453,43.25948294253711],[51.458777460662105,43.38536795230274],[51.36885741671679,43.55621298404102],[51.260954889861324,43.61016424746875],[51.17103484591601,43.71806677432422],[50.99119857272265,44.077743135408205],[50.955229792205074,44.20362814517383],[50.703459772673824,44.257579408601565],[50.388743433562496,44.29354818911914],[50.32580092867968,44.365481935457034],[50.33479217013476,44.563304506257815],[50.40672591647265,44.61725576968555],[50.54160598239062,44.64423330874805],[50.72144225558398,44.635238252595705],[50.874304804412105,44.62624701114063],[51.09010985812304,44.563304506257815],[51.332888636199215,44.482379518464846],[51.41381743868945,44.51834448428516],[51.57567122897265,44.55431326480274],[51.48575118502734,44.62624701114063],[51.36885741671679,44.68019827456836],[51.18902114352343,44.770118318513674],[51.09910109957812,44.87802084536914],[51.21599486788867,45.039874635652346],[51.34188369235156,45.0578571185625],[51.37784865817187,45.17475088687305],[51.458777460662105,45.30963095279102],[51.51272872408984,45.37257345767383],[51.62962249240039,45.354590974763674],[51.77349379977343,45.39055594058399],[51.845427546111324,45.43551596255664],[51.99829009493945,45.38156469912891],[52.10619262179492,45.38156469912891],[52.60973647555468,45.39955099673633],[53.059329065886715,45.33660467715625],[53.284129175749996,45.327613435701174],[53.21219161471484,45.36358221621875],[53.059329065886715,45.4534984454668],[52.84352401217578,45.5074535235918],[52.8345327707207,45.6423297748125],[52.92445281466601,45.732249818757815],[53.05033782443164,45.831161104158205],[53.14924910983203,45.95704611392383],[53.15386220104647,45.977036067128125],[60.610626661788565,45.43391941014539],[68.6327991869434,40.92043750242774],[68.78248445418943,40.944221880530336]]]]}},{"type":"Feature","properties":{"NAME":"Yukagir","ABBREVN":"Yukagir","wikipedia":null,"SUBJECTO":"Yukagir","BORDERPRECISION":1,"PARTOF":"Yukagir","polity_id":"ottoman_classical:yukagir","name":"Yukagir","ISO_A3":"YUKAGIR","ADM0_A3":"YUKAGIR","ADMIN":"Yukagir","fill_colour":"#3a7e46","border_precision":1},"geometry":{"type":"MultiPolygon","coordinates":[[[[161.9248583925694,68.14581896997709],[151.75087498359463,69.71748244463377],[152.31795238609797,70.66907025871122],[152.79058364352343,70.68098791690235],[153.40442946871875,70.72815283389454],[153.91649917086718,70.79046972842579],[155.04923537692187,70.93854864688282],[156.04317763766406,70.98655279727345],[157.39641860446093,70.92751654239063],[158.0779524179375,70.86731299014454],[158.40867141207812,70.81418951602345],[158.93413833102343,70.62346991153126],[159.22921279391406,70.54745062442188],[159.46557143649218,70.39498480410938],[159.62790969332812,70.21980627627735],[159.57267287692187,69.99896582217579],[159.44381240328906,69.76456030459767],[159.67295363864062,69.65192755313282],[160.01661208590625,69.62243231387501],[160.39239028414843,69.61560400576954],[160.68160537203906,69.57847937198048],[160.67403701266406,69.27026709170704],[160.86234572848437,69.08311804385548],[161.17081740817187,69.15864904971485],[161.41610244235156,69.35423620791798],[161.96099379977343,69.52816351504688],[162.11776259860156,69.55855902285938],[162.274851832,69.53628119082813],[162.6183639908987,69.54029795336498],[161.9248583925694,68.14581896997709]]]]}},{"type":"Feature","properties":{"NAME":"Tsardom of Muscovy","ABBREVN":"Muscovy","wikipedia":null,"SUBJECTO":"Tsardom of Muscovy","BORDERPRECISION":1,"PARTOF":"Tsardom of Muscovy","polity_id":"ottoman_classical:tsardom_of_muscovy","name":"Tsardom of Muscovy","ISO_A3":"TSARDOMOFMUS","ADM0_A3":"TSARDOMOFMUS","ADMIN":"Tsardom of Muscovy","fill_colour":"#58d5c4","border_precision":1},"geometry":{"type":"MultiPolygon","coordinates":[[[[29.412611586193336,62.52377286719253],[29.274048460146858,63.3307386224629],[29.71445416501362,65.62524029547087],[26.793009069203237,66.21176589817254],[27.097785861305503,66.83350550286096],[31.245854748797644,67.63635754560138],[32.64433959445117,67.04610022158985],[32.21943572482226,66.99374731631642],[32.35782149752734,66.9203296527422],[32.42472747286914,66.89102514834767],[32.75353911837695,66.649043642],[32.970862421599605,66.58338507266407],[33.469668421355465,66.31309851260548],[33.844214472380855,66.18213995547657],[34.258494410124996,66.10982855410938],[34.54369643649218,66.00083502383595],[34.726172480193355,65.79697760196095],[34.725588831511715,65.61499365420704],[34.60118773898242,65.4839282855547],[34.29341414889453,65.39624365420704],[34.33201507052539,65.34550818057423],[34.425662073699215,65.10652502627735],[34.772864374724605,64.68222387881642],[34.814768824187496,64.45981939883595],[34.884612116423824,64.36677130313282],[35.081763300505855,64.28833349795704],[35.62327102145312,64.25356634707813],[36.015471491423824,64.19702490420704],[36.23997024020312,63.91862066836719],[36.420622858611324,63.876102052644534],[36.98754027804492,63.84148367495899],[37.2465086313164,63.78487738223438],[37.41054061373828,63.749496065095705],[37.591460260955074,63.80693777652149],[37.94491866549609,63.85039480777149],[38.054080042449215,63.98631628604297],[38.05385879000781,64.12927588076954],[37.87985518893359,64.30789526553517],[37.668128046599605,64.34331091494923],[37.463286432830074,64.29996069522267],[37.26195052584765,64.31389196963673],[36.996741327849605,64.40655859561329],[36.56850722750781,64.76457556338673],[36.88390639742968,65.06769903750782],[37.10194304904101,65.06812628360157],[37.604094538298824,64.85277136416798],[38.25292113741992,64.70306738467579],[39.19344237765429,64.51103552432423],[39.62159636935351,64.47596319766407],[39.99705031832812,64.54121740908985],[40.322173151580074,64.4629321918047],[40.43979171237109,64.56356390567188],[40.46206191500781,64.75027807803517],[40.36595061740039,64.8579288348711],[39.97938826998828,65.15314062686329],[39.82310393771289,65.43561132998829],[39.95132735690234,65.58116491885548],[40.036868128386715,65.60313757510548],[40.681407007781246,65.79355963321095],[41.35424712618945,65.95517309756642],[41.62328246554492,66.06516607852345],[42.13344481906054,66.38788946719532],[42.21078780612109,66.41000708194142],[42.41852477511523,66.38109930606251],[43.241431269255855,66.2508960589922],[43.87621978243945,66.01096685977345],[44.02943328341601,66.0112491473711],[44.05284026583789,66.04050024600392],[44.12211135348437,66.26716192813282],[44.383608851042965,66.61201819033985],[44.36195281466601,66.90596350283985],[44.2191648813164,67.08982428164845],[43.83810714205859,67.16285284610157],[43.70359710177539,67.26593359561329],[44.21583465060351,67.71826513858204],[44.26107314547656,67.82963903994923],[44.1687498422539,68.09702643008595],[43.82216552218554,68.32731970401173],[43.85324386080859,68.46920355410938],[44.012026819792965,68.49190863223438],[44.66781142672656,68.3885913714922],[45.57964232882617,68.44253882022267],[45.86343673190234,68.38334997744923],[46.16195205172656,68.1081958636797],[46.439368280974605,67.90793951602345],[46.63406661471484,67.70051153750782],[46.16411498507617,67.67742498965626],[45.46258071383593,67.63906439395313],[45.092505488005855,67.54207953067188],[44.87120727023242,67.3124194964922],[44.95714095553515,67.23135717959767],[45.38563445529101,67.09937628360157],[45.71535018405078,66.8496280536211],[46.07677749117968,66.76208075137501],[46.40205291232226,66.71860083194142],[46.97264007052539,66.7784610614336],[47.57118895968554,66.81631048770313],[47.706187281218746,66.89010962100392],[47.82212737521289,67.11129339785938],[47.952918085662105,67.37729223819142],[48.08066085299609,67.56245764346485],[48.63532165011523,67.6523853168047],[49.18562987765429,67.83882483096485],[49.63012221774218,67.93619116397267],[50.4958982797539,68.15346869082813],[51.13895705660937,68.2663989886797],[51.83080962618945,68.40938147158985],[52.244875940886715,68.54455908389454],[52.33738234957812,68.33572729678517],[52.46266845187304,68.29867132754688],[52.719729456511715,68.35138281436329],[52.9387693735039,68.47117956729298],[53.00575164279101,68.68056830020313],[53.17943480929492,68.75574835391407],[53.50243285616992,68.81625708194142],[53.88911727389453,68.78699835391407],[53.80839446505664,68.60726507754688],[53.78207686862109,68.3384204730547],[53.39590743502734,68.30042608828907],[53.31618407687304,68.23320349307423],[53.316844019499996,68.13638647647267],[53.62573913058398,68.04768713565235],[53.85399154147265,68.08530005069142],[54.37974837741015,68.16070898623829],[54.575957331267574,68.16109045596485],[54.648467096892574,68.0719180926836],[54.752295527068355,68.04978521914845],[54.87719634493945,68.10954626651173],[54.99598601779101,68.20653112979298],[55.12649825533984,68.40060766787892],[55.335391077605465,68.48309668155079],[55.72289184054492,68.53610571475392],[56.19510177096484,68.56686743350392],[56.54026320895312,68.55256994815235],[57.02422622164843,68.44890936465626],[57.36369231661914,68.45701941104298],[57.52586654147265,68.49463995547657],[57.959197077361324,68.70476111026173],[58.40928939303515,68.83285864444142],[58.77038100680468,68.85600622744923],[59.19904998263476,68.77440985293751],[59.3458738656914,68.69986303897267],[59.06195739230273,68.49748571963673],[59.119788202849605,68.39309271426563],[59.217661890593746,68.34854467959767],[59.501860651580074,68.28942450137501],[59.76234725436328,68.29738958926563],[59.89204696139453,68.40200384707813],[59.92537597140429,68.58127173037892],[60.07908919772265,68.61895330996876],[60.51208404025195,68.58985479922657],[60.7562742563164,68.67254980655079],[60.93412307223437,68.8150821551836],[60.98595717867968,69.00259741397267],[60.36923507174609,69.4676929339922],[60.55171493014453,69.54342230410938],[60.84873488864062,69.71004065127735],[61.030039820281246,69.74060400576954],[61.30434707125781,69.73352392764454],[62.28127196749804,69.70512732119923],[62.85394957980273,69.61560400576954],[63.41231826266406,69.54873999209767],[63.92324355563281,69.45921667666798],[64.87299636325,69.22766455264454],[65.35536483248828,69.18344458194142],[66.12549880465625,68.99715765567188],[66.58425429782031,68.8855396136797],[67.17168715914843,68.64709814639454],[67.64553669916856,68.44807272735193],[66.79749147423064,66.64522469500768],[66.57134462937586,66.1644621339106],[66.97277065074607,65.49541876496028],[64.04068893103295,60.75897906388522],[63.49374513220428,59.87545446577737],[62.021849720513515,58.80498507545682],[55.465224704800136,58.13594170650648],[52.39368128550821,58.006158181747665],[45.96480886570524,57.734515685136266],[45.42957417054495,57.466898337556124],[44.76053080159461,55.32595955691503],[43.9576787588542,54.79072486175475],[40.74627058789254,54.38929884038454],[38.7391404810415,55.19215088312495],[38.337714459671304,54.38929884038454],[36.598201700400395,54.25549016659448],[35.12630628870964,54.38929884038454],[34.8586889411295,56.12881159965544],[32.71775016048841,57.19928098997599],[30.47238642593298,57.77149746363165],[29.995166325687176,58.20533391840056],[29.51794622544137,58.07518298196989],[28.09070157816403,56.748443185898836],[27.605902554454104,56.706888983866556],[27.510687581076215,57.61143123095648],[27.56310333954991,58.07328763333917],[27.590193640470098,58.31199120811888],[27.747851562500017,58.429931640625],[27.798144531250017,58.446826171875],[27.82050781250001,58.484912109375],[27.81367187500001,58.571337890625],[27.748437500000023,58.912060546875],[27.683007812500023,58.979638671874994],[27.666289623047952,58.98250362218269],[27.702038797942382,59.297504030183596],[27.893597635833007,59.34611090274219],[28.015851053801757,59.45415457339649],[28.01309302767871,59.45822104068164],[27.97339347323535,59.51671179385547],[27.89665702304004,59.53378256411914],[27.94168761691211,59.64759787173633],[28.094189676848632,59.664676271394534],[28.16310409030078,59.590682588533205],[28.266337427703125,59.56222876162891],[28.35098365267871,59.602061830476565],[28.30910018405078,59.66440161319141],[28.444363627043945,59.733741365388674],[28.662732157317382,59.64434012027149],[28.795933756438476,59.67222174258594],[28.93626883944629,59.82455023379688],[29.076066050139648,59.907794557527346],[29.413628611174804,59.860030733064455],[29.7654524179375,59.736243806794924],[29.963156733123046,59.736617647126955],[30.12663939913867,59.80604513736133],[29.952874216643554,59.98558386416797],[29.687296900359375,60.131000123933596],[29.29141483906929,60.93616061300404],[29.334604244566023,60.973995264190464],[29.53278681175609,61.65047919030159],[29.517548116887955,61.76920993503894],[29.531054687500017,61.778173828125],[29.60986328125,61.80205078125],[29.660058593750023,61.826074218749994],[29.6943359375,61.83427734375],[29.72705078125,61.84794921875],[29.73261718750001,61.874072265625],[29.776953125,61.889404296875],[29.775390625,61.9064453125],[29.75654296875001,61.949462890625],[29.685449218750023,62.0037109375],[29.638085937500023,62.004541015624994],[29.61484375,61.983056640624994],[29.55244140625001,62.002832031249994],[29.4921875,62.045751953125],[29.4697265625,62.079980468749994],[29.492089843750023,62.0888671875],[29.51777343750001,62.123095703125],[29.60664062500001,62.144775390625],[29.687597656250006,62.138037109375],[29.708300781250017,62.15107421875],[29.9111328125,62.115185546875],[29.981542968750006,62.1328125],[29.96044921875,62.16376953125],[29.87373046875001,62.18505859375],[29.79072265625001,62.19951171875],[29.727441406250023,62.19931640625],[29.647851562500023,62.223388671875],[29.599023437500023,62.269775390625],[29.620214843750006,62.294287109375],[29.640625,62.309912109375],[29.687597656250006,62.315869140625],[29.768457031250023,62.31298828125],[29.792578125,62.334765625],[29.801855468750006,62.361767578125],[29.8349609375,62.388720703125],[29.926171875000023,62.43359375],[29.885351562500006,62.462744140625],[29.825,62.518115234375],[29.775683593750017,62.577294921874994],[29.697265625,62.609326171875],[29.632714843750023,62.59716796875],[29.616308593750006,62.559375],[29.592871093750006,62.526757812499994],[29.5888671875,62.50029296875],[29.611718750000023,62.461767578125],[29.650292968750023,62.42744140625],[29.62646484375,62.418505859375],[29.508886718750006,62.4669921875],[29.42158203125001,62.52255859375],[29.412611586193336,62.52377286719253]],[[30.455859375000017,60.860009765624994],[30.502050781250006,60.843212890625],[30.527929687500006,60.81171875],[30.533203125,60.765527343749994],[30.525390625,60.7388671875],[30.504492187500006,60.731640625],[30.504003906250006,60.703564453125],[30.52392578125,60.65458984375],[30.53388671875001,60.630078125],[30.66328125000001,60.592822265625],[30.723730468750006,60.561767578125],[30.758593750000017,60.52451171875],[30.774218750000017,60.492089843749994],[30.775976562500006,60.448095703125],[30.803320312500006,60.446630859375],[30.81689453125,60.458837890625],[30.832128906250006,60.45751953125],[30.84912109375,60.442626953125],[30.956835937500017,60.263623046875],[31.018945312500023,60.192919921875],[31.108984375,60.146435546875],[31.11494140625001,60.13486328125],[31.095117187500023,60.083740234375],[31.10595703125,60.056298828124994],[31.142871093750017,60.031689453125],[31.145312500000017,60.005517578124994],[31.06318359375001,59.962890625],[31.042773437500017,59.9509765625],[31.06396484375,59.943212890625],[31.10625,59.927685546875],[31.176367187500006,59.92578125],[31.2744140625,59.937646484374994],[31.34931640625001,59.932763671874994],[31.4013671875,59.911328125],[31.45478515625001,59.907177734375],[31.509765625,59.920361328125],[31.547167968750017,59.94013671875],[31.567187500000017,59.966552734375],[31.565039062500006,59.998046875],[31.540917968750023,60.034521484375],[31.548242187500023,60.071875],[31.6064453125,60.133642578125],[31.605859375000023,60.14228515625],[31.596875,60.143798828125],[31.590625,60.15556640625],[31.598925781250017,60.16962890625],[31.69941406250001,60.23564453125],[31.84326171875,60.2478515625],[32.05712890625,60.226513671875],[32.19609375000002,60.195361328125],[32.26015625000002,60.154345703125],[32.36152343750001,60.148095703124994],[32.50039062500002,60.176513671875],[32.58388671875002,60.208935546875],[32.6123046875,60.245361328125],[32.614355468750006,60.285791015624994],[32.59023437500002,60.330224609374994],[32.59492187500001,60.35458984375],[32.655859375,60.3716796875],[32.67666015625002,60.392431640625],[32.66396484375002,60.427099609375],[32.61787109375001,60.4755859375],[32.59648437500002,60.511083984375],[32.59990234375002,60.53349609375],[32.641699218750006,60.536865234375],[32.72207031250002,60.521142578124994],[32.781835937500006,60.488232421875],[32.81572265625002,60.481884765625],[32.84140625,60.497021484375],[32.90693359375001,60.5859375],[32.9443359375,60.642578125],[32.9365234375,60.6703125],[32.90302734375001,60.693505859374994],[32.84355468750002,60.71220703125],[32.81191406250002,60.756494140624994],[32.80781250000001,60.8263671875],[32.76542968750002,60.88603515625],[32.640722656250006,60.96914062499999],[32.633398437500006,60.98671875],[32.59257812500002,60.997607421875],[32.58056640625,61.0138671875],[32.58125,61.044873046875],[32.56337890625002,61.079443359375],[32.52685546875,61.117529296875],[32.35957031250001,61.180517578125],[31.89863281250001,61.323974609375],[31.870703125,61.34736328125],[31.762304687500006,61.383691406249994],[31.697851562500006,61.415478515625],[31.63691406250001,61.462744140625],[31.620410156250017,61.461083984374994],[31.616503906250017,61.44248046875],[31.619726562500006,61.426953125],[31.603613281250006,61.42255859375],[31.57578125,61.43720703125],[31.533203125,61.49736328125],[31.486132812500017,61.550830078125],[31.36484375,61.62744140625],[31.334082031250006,61.62744140625],[31.32783203125001,61.616650390625],[31.30810546875,61.605029296875],[31.285937500000017,61.615234375],[31.25751953125001,61.641064453125],[31.238183593750023,61.643017578125],[31.172265625000023,61.629785156249994],[31.16064453125,61.618701171875],[31.098437500000017,61.620361328125],[31.071093750000017,61.6451171875],[31.056738281250006,61.689208984375],[31.02587890625,61.71435546875],[30.905664062500023,61.742236328125],[30.895898437500023,61.754443359375],[30.88818359375,61.764794921874994],[30.851953125000023,61.775048828124994],[30.75751953125001,61.733447265625],[30.594335937500006,61.605810546875],[30.593359375,61.579492187499994],[30.61669921875,61.560302734375],[30.605859375000023,61.54130859375],[30.55078125,61.53544921875],[30.5126953125,61.5251953125],[30.486328125,61.51494140625],[30.48066406250001,61.4900390625],[30.466210937500023,61.487158203125],[30.28515625,61.5166015625],[30.23876953125,61.51484375],[30.23486328125,61.492626953125],[30.2515625,61.47265625],[30.252050781250006,61.458642578124994],[30.2373046875,61.446337890625],[30.216894531250006,61.43134765625],[30.2099609375,61.41796875],[30.20087890625001,61.38896484375],[30.179296875,61.37265625],[30.1826171875,61.361083984375],[30.19599609375001,61.347802734374994],[30.19296875,61.32724609375],[30.173925781250006,61.3140625],[30.129980468750006,61.31259765625],[30.09003906250001,61.299267578125],[30.089453125,61.270556640625],[30.094140625000023,61.258544921875],[30.07929687500001,61.242626953125],[30.029101562500017,61.2544921875],[29.94941406250001,61.289404296875],[29.89130859375001,61.294970703125],[29.855078125,61.271240234375],[29.864550781250017,61.2509765625],[29.860156250000017,61.239306640625],[29.836718750000017,61.22607421875],[29.825,61.215576171875],[29.857226562500017,61.18798828125],[30.124902343750023,61.087353515625],[30.29267578125001,61.005126953125],[30.40869140625,60.92802734375],[30.435839843750017,60.902685546875],[30.441210937500017,60.8736328125],[30.455859375000017,60.860009765624994]],[[36.10869140625002,61.611083984375],[36.060644531250006,61.65439453125],[36.02558593750001,61.70361328125],[35.985449218750006,61.755859375],[35.92558593750002,61.806396484375],[35.870703125,61.854833984375],[35.84296875000001,61.901904296875],[35.818359375,61.951074218749994],[35.74951171875,61.999072265625],[35.68935546875002,62.040234375],[35.674414062500006,62.07939453125],[35.73017578125001,62.13916015625],[35.764257812500006,62.20517578125],[35.800390625,62.2814453125],[35.82265625000002,62.352197265624994],[35.821875,62.411767578124994],[35.80292968750001,62.4611328125],[35.77119140625001,62.4958984375],[35.73984375,62.52021484375],[35.69804687500002,62.53759765625],[35.641210937500006,62.555566406249994],[35.584570312500006,62.576025390625],[35.543554687500006,62.599365234375],[35.51943359375002,62.61728515625],[35.50371093750002,62.62470703125],[35.49501953125002,62.619189453125],[35.48759765625002,62.605908203125],[35.4638671875,62.60419921875],[35.41572265625001,62.626708984375],[35.32597656250002,62.666162109374994],[35.20195312500002,62.7052734375],[35.0830078125,62.741162109375],[35.00576171875002,62.772998046875],[34.958105468750006,62.797412109375],[34.91044921875002,62.8154296875],[34.85488281250002,62.825634765625],[34.78789062500002,62.831103515625],[34.70332031250001,62.84423828125],[34.60537109375002,62.87275390625],[34.53251953125002,62.91572265625],[34.48945312500001,62.90361328125],[34.479589843750006,62.873828125],[34.53554687500002,62.81845703125],[34.583105468750006,62.7556640625],[34.62109375,62.712353515625],[34.658203125,62.679931640625],[34.703710937500006,62.643408203125],[34.7392578125,62.6212890625],[34.77607421875001,62.622314453125],[34.83857421875001,62.591162109375],[34.86796875000002,62.610546875],[34.943359375,62.642822265625],[34.96699218750001,62.63896484375],[35.02373046875002,62.613330078125],[35.09296875000001,62.58046875],[35.14716796875001,62.5591796875],[35.20136718750001,62.549658203125],[35.27089843750002,62.54541015625],[35.35175781250001,62.52265625],[35.43310546875,62.468603515625],[35.49833984375002,62.403564453125],[35.54023437500001,62.354248046875],[35.55859375,62.31875],[35.56718750000002,62.287109375],[35.56386718750002,62.26015625],[35.55351562500002,62.2359375],[35.51826171875001,62.210498046875],[35.45498046875002,62.180712890625],[35.38720703125,62.1578125],[35.34130859375,62.1490234375],[35.28398437500002,62.161572265625],[35.18837890625002,62.190234375],[35.09589843750001,62.21806640625],[35.0458984375,62.228759765625],[35.0517578125,62.211572265624994],[35.09375,62.172216796875],[35.1435546875,62.12724609375],[35.16777343750002,62.0966796875],[35.1650390625,62.0806640625],[35.14960937500001,62.07099609375],[35.11455078125002,62.053613281249994],[35.07490234375001,62.053613281249994],[35.02861328125002,62.0779296875],[34.975683593750006,62.117626953125],[34.92802734375002,62.15966796875],[34.89248046875002,62.187060546875],[34.87080078125001,62.219384765624994],[34.85927734375002,62.260400390624994],[34.85195312500002,62.29443359375],[34.84052734375001,62.31005859375],[34.810546875,62.33232421875],[34.75849609375001,62.382568359375],[34.695898437500006,62.44267578125],[34.640625,62.4890625],[34.5953125,62.519091796875],[34.556640625,62.539892578125],[34.53203125000002,62.546289062499994],[34.52021484375001,62.541650390624994],[34.526953125,62.523583984374994],[34.546972656250006,62.49775390625],[34.59218750000002,62.457958984375],[34.65957031250002,62.406298828125],[34.69560546875002,62.36455078125],[34.68154296875002,62.338818359375],[34.63320312500002,62.34833984375],[34.608984375,62.338818359375],[34.61484375,62.304345703124994],[34.65810546875002,62.24521484375],[34.64697265625,62.212646484375],[34.632421875,62.18193359375],[34.64404296875,62.136132812499994],[34.65322265625002,62.108544921874994],[34.63564453125002,62.09501953125],[34.59140625,62.096484375],[34.51416015625,62.119580078125],[34.4169921875,62.158203125],[34.342871093750006,62.19892578125],[34.32119140625002,62.227001953125],[34.32949218750002,62.245703125],[34.32753906250002,62.26396484375],[34.291601562500006,62.29726562499999],[34.21767578125002,62.352294921875],[34.13691406250001,62.414013671875],[34.08417968750001,62.4634765625],[34.05390625000001,62.49453125],[34.02714843750002,62.51181640625],[34.0029296875,62.516064453125],[33.97871093750001,62.515869140625],[33.95859375,62.5099609375],[33.94404296875001,62.50048828125],[33.940625,62.481591796874994],[33.947265625,62.452978515625],[33.96181640625002,62.42509765625],[33.9775390625,62.4080078125],[34.00332031250002,62.40078125],[34.04238281250002,62.396533203125],[34.09833984375001,62.378857421875],[34.16494140625002,62.33916015625],[34.22255859375002,62.293701171875],[34.25654296875001,62.2623046875],[34.26542968750002,62.238232421875],[34.26210937500002,62.210498046875],[34.25517578125002,62.185693359374994],[34.25517578125002,62.1685546875],[34.294042968750006,62.141503906249994],[34.380957031250006,62.092626953125],[34.47675781250001,62.038525390625],[34.53730468750001,61.998974609375],[34.56630859375002,61.968896484374994],[34.5859375,61.937841796875],[34.59375,61.906005859375],[34.594335937500006,61.8740234375],[34.58291015625002,61.846044921875],[34.56240234375002,61.823828125],[34.53125,61.811572265625],[34.49443359375002,61.8076171875],[34.4453125,61.81875],[34.38466796875002,61.843017578125],[34.33564453125001,61.864404296874994],[34.314550781250006,61.868701171875],[34.32265625000002,61.8544921875],[34.34453125000002,61.831201171874994],[34.38798828125002,61.796142578125],[34.4482421875,61.753320312499994],[34.53144531250001,61.704345703125],[34.629980468750006,61.65439453125],[34.7724609375,61.60087890625],[34.96162109375001,61.543408203125],[35.15390625,61.48515625],[35.30390625000001,61.429589843749994],[35.3984375,61.38583984375],[35.45742187500002,61.355908203125],[35.49462890625,61.328955078125],[35.53691406250002,61.292236328125],[35.577734375,61.24638671875],[35.611425781250006,61.197412109374994],[35.62939453125,61.149951171875],[35.63222656250002,61.1078125],[35.61464843750002,61.076123046875],[35.58339843750002,61.034228515625],[35.52734375,61.022802734375],[35.440625,61.062646484374994],[35.3453125,61.07255859375],[35.25927734375,61.066552734374994],[35.19208984375001,61.0689453125],[35.14199218750002,61.077294921874994],[35.10810546875001,61.0916015625],[35.07998046875002,61.108349609375],[35.06201171875,61.125634765624994],[35.05263671875002,61.14111328125],[35.077734375,61.151318359375],[35.143164062500006,61.155810546875],[35.20771484375001,61.1587890625],[35.231054687500006,61.165234375],[35.20693359375002,61.17724609375],[35.15664062500002,61.19365234375],[35.07470703125,61.207080078125],[34.97421875,61.211962890625],[34.887304687500006,61.206103515625],[34.83808593750001,61.19365234375],[34.81875,61.1736328125],[34.80400390625002,61.149560546874994],[34.79667968750002,61.122802734375],[34.795507812500006,61.096484375],[34.80244140625001,61.07353515625],[34.81494140625,61.055029296875],[34.82851562500002,61.038623046875],[34.84638671875001,61.02666015625],[34.86904296875002,61.027001953124994],[34.89628906250002,61.046875],[34.942480468750006,61.07041015625],[35.02236328125002,61.064453125],[35.092871093750006,61.044677734375],[35.116796875,61.022216796875],[35.132910156250006,61.007080078125],[35.18447265625002,61.0048828125],[35.2548828125,61.014599609375],[35.31611328125001,61.028076171875],[35.36328125,61.038232421874994],[35.39960937500001,61.039892578125],[35.42617187500002,61.033154296875],[35.449804687500006,61.022998046875],[35.47333984375001,61.0021484375],[35.49941406250002,60.96982421875],[35.55058593750002,60.93798828125],[35.63457031250002,60.91845703125],[35.71904296875002,60.904541015625],[35.771582031250006,60.88642578125],[35.80078125,60.871826171875],[35.828710937500006,60.86650390625],[35.855078125,60.870507812499994],[35.88027343750002,60.878320312499994],[35.899023437500006,60.889794921874994],[35.90986328125001,60.902490234374994],[35.90449218750001,60.916552734375],[35.88417968750002,60.931103515625],[35.88027343750002,60.94775390625],[35.91484375000002,60.966845703125],[35.97626953125001,60.993896484375],[36.03681640625001,61.0296875],[36.098730468750006,61.062646484374994],[36.16279296875001,61.082763671875],[36.22412109375,61.096484375],[36.279296875,61.113818359375],[36.325,61.135498046875],[36.363867187500006,61.159716796875],[36.38691406250001,61.18408203125],[36.394628906250006,61.20615234375],[36.38847656250002,61.225048828125],[36.378125,61.24189453125],[36.371191406250006,61.2568359375],[36.373632812500006,61.271142578124994],[36.38007812500001,61.28095703125],[36.38271484375002,61.285009765625],[36.395605468750006,61.302099609375],[36.40839843750001,61.319140625],[36.424902343750006,61.34912109375],[36.42792968750001,61.37314453125],[36.4189453125,61.3923828125],[36.40556640625002,61.4107421875],[36.37148437500002,61.43232421875],[36.31201171875,61.45947265625],[36.24726562500001,61.49326171875],[36.2001953125,61.531201171875],[36.15908203125002,61.571484375],[36.10869140625002,61.611083984375]],[[38.77949218750001,58.134765625],[38.80517578125,58.121972656249994],[38.81875,58.134814453125],[38.812109375,58.250732421875],[38.83046875000002,58.295556640624994],[38.87089843750002,58.3310546875],[39.00527343750002,58.358056640624994],[39.00039062500002,58.386767578125],[38.9703125,58.440820312499994],[39.00371093750002,58.475634765625],[38.9892578125,58.49560546875],[38.75283203125002,58.546923828125],[38.609960937500006,58.636572265625],[38.42734375,58.747021484375],[38.11943359375002,58.95458984375],[38.046972656250006,58.994189453125],[37.919921875,59.04208984375],[37.85771484375002,59.075146484375],[37.86640625000001,59.094091796875],[37.91015625,59.102734375],[38.170507812500006,59.0650390625],[38.23945312500001,59.0626953125],[38.33154296875,59.092578125],[38.407324218750006,59.152294921875],[38.414648437500006,59.1734375],[38.294042968750006,59.161328125],[38.18291015625002,59.203076171875],[38.14326171875001,59.209765625],[38.1240234375,59.202880859375],[38.176367187500006,59.1482421875],[38.18046875000002,59.13212890625],[38.1796875,59.113330078125],[38.159375,59.1015625],[38.1162109375,59.102587890625],[38.02724609375002,59.128076171874994],[38.007421875,59.14375],[38.0015625,59.159765625],[37.9873046875,59.1767578125],[37.940039062500006,59.174072265625],[37.842871093750006,59.1552734375],[37.64492187500002,59.156787109375],[37.64003906250002,59.1376953125],[37.67626953125,59.10234375],[37.69560546875002,59.06396484375],[37.67324218750002,59.0251953125],[37.60888671875,58.98896484375],[37.499121093750006,58.944189453125],[37.484375,58.927197265625],[37.4658203125,58.874560546875],[37.471289062500006,58.857080078124994],[37.50136718750002,58.844775390625],[37.58125,58.89882812499999],[37.64238281250002,58.918896484375],[37.71367187500002,58.927734375],[37.77724609375002,58.926220703125],[37.82832031250001,58.9140625],[37.86943359375002,58.8970703125],[37.917578125,58.858251953125],[37.99589843750002,58.861669921875],[38.02392578125,58.7458984375],[37.96132812500002,58.743603515625],[37.94169921875002,58.735498046874994],[37.9453125,58.7203125],[37.98417968750002,58.6923828125],[37.98769531250002,58.672216796875],[38.09550781250002,58.63447265625],[38.103125,58.619482421875],[38.073828125,58.591552734375],[38.07392578125001,58.541943359375],[37.99492187500002,58.550439453124994],[37.76777343750001,58.617626953125],[37.71484375,58.617529296875],[37.63232421875,58.63623046875],[37.62089843750002,58.626220703125],[37.666601562500006,58.5724609375],[37.6611328125,58.557470703125],[37.60869140625002,58.5453125],[37.56464843750001,58.55283203125],[37.537695312500006,58.612695312499994],[37.45917968750001,58.633935546874994],[37.41035156250001,58.669970703125],[37.41035156250001,58.6890625],[37.4228515625,58.7265625],[37.37226562500001,58.7314453125],[37.30791015625002,58.760009765625],[37.15078125000002,58.84873046875],[37.16923828125002,58.725634765625],[37.15458984375002,58.70654296875],[37.1552734375,58.694970703124994],[37.31679687500002,58.657421875],[37.41689453125002,58.6130859375],[37.50712890625002,58.5353515625],[37.89716796875001,58.291796875],[37.94404296875001,58.30087890625],[38.14873046875002,58.2486328125],[38.22050781250002,58.2373046875],[38.2509765625,58.19873046875],[38.249609375,58.102685546874994],[38.25917968750002,58.0708984375],[38.28105468750002,58.053857421874994],[38.31015625,58.040576171875],[38.369238281250006,58.031591796875],[38.41533203125002,58.015576171875],[38.437109375,58.017529296875],[38.43691406250002,58.03564453125],[38.35703125,58.10009765625],[38.38310546875002,58.121875],[38.61171875000002,58.113134765625],[38.68095703125002,58.108203125],[38.70400390625002,58.113134765625],[38.69794921875001,58.132958984374994],[38.619238281250006,58.20126953125],[38.63828125,58.2203125],[38.69169921875002,58.20703125],[38.77949218750001,58.134765625]],[[34.98408203125001,63.564111328124994],[34.98955078125002,63.585107421874994],[34.861425781250006,63.68818359375],[34.85673828125002,63.720849609374994],[34.615820312500006,63.7662109375],[34.64404296875,63.78916015625],[34.562597656250006,63.816357421875],[34.42841796875001,63.8482421875],[34.347265625,63.851171875],[34.284375,63.777001953124994],[34.21435546875,63.676025390625],[34.215429687500006,63.613037109375],[34.26640625000002,63.656201171875],[34.30781250000001,63.69189453125],[34.35810546875001,63.696679687499994],[34.45332031250001,63.623388671875],[34.525390625,63.50244140625],[34.51679687500001,63.483935546875],[34.55214843750002,63.458984375],[34.70195312500002,63.39882812499999],[34.80400390625002,63.325634765625],[34.83535156250002,63.2763671875],[34.85292968750002,63.225244140624994],[34.858496093750006,63.172314453125],[34.890722656250006,63.10654296875],[34.89863281250001,63.0546875],[34.87343750000002,63.04033203125],[34.86396484375001,63.010400390624994],[34.86748046875002,62.97607421875],[34.86103515625001,62.941162109375],[34.86308593750002,62.91904296875],[34.91044921875002,62.950830078124994],[34.945898437500006,63.033251953125],[34.95732421875002,63.118994140625],[34.95302734375002,63.181054687499994],[34.88505859375002,63.293896484375],[34.82880859375001,63.43369140625],[34.87158203125,63.463769531249994],[34.97685546875002,63.429101562499994],[35.049414062500006,63.398876953125],[35.09941406250002,63.38310546875],[35.17236328125,63.380517578124994],[35.19277343750002,63.403955078124994],[35.38173828125002,63.43408203125],[35.413183593750006,63.44794921875],[35.373632812500006,63.49228515625],[35.24921875000001,63.491748046875],[35.144628906250006,63.482324218749994],[35.012792968750006,63.50556640625],[34.95253906250002,63.540234375],[34.98408203125001,63.564111328124994]],[[33.35527343750002,63.423974609374994],[33.257421875,63.4234375],[33.28291015625001,63.381689453125],[33.27382812500002,63.341357421875],[33.27382812500002,63.316357421875],[33.30683593750001,63.28369140625],[33.49921875000001,63.216259765625],[33.57216796875002,63.202685546875],[33.70332031250001,63.190185546875],[33.896875,63.18857421875],[34.01708984375,63.20068359375],[34.066015625,63.228759765625],[33.9912109375,63.296826171875],[33.93281250000001,63.418115234374994],[33.84707031250002,63.4384765625],[33.696875,63.40927734375],[33.65664062500002,63.433203125],[33.63710937500002,63.47626953125],[33.58623046875002,63.48740234375],[33.44140625,63.44375],[33.35527343750002,63.423974609374994]]]]}},{"type":"Feature","properties":{"NAME":"Sámi","ABBREVN":"Sámi","wikipedia":null,"SUBJECTO":"Sámi","BORDERPRECISION":1,"PARTOF":"Sámi","polity_id":"ottoman_classical:s_mi","name":"Sámi","ISO_A3":"SMI","ADM0_A3":"SMI","ADMIN":"Sámi","fill_colour":"#99339e","border_precision":1},"geometry":{"type":"MultiPolygon","coordinates":[[[[22.52758356871905,67.71569350303628],[18.771016616033968,67.93787713452745],[18.958706888762695,68.29369696231251],[19.821213755217773,69.36973150821095],[20.15765098055957,69.74782904239063],[20.286376032439453,69.7859073504961],[20.358317408171875,69.71038397403126],[20.278164896575195,69.58179052920704],[20.19650367220996,69.31769140811329],[20.552685770598632,69.52190741153126],[20.73393920382617,69.77918585391407],[21.1027269693291,69.81769140811329],[21.41196349581836,70.01541479678517],[21.608561548796875,69.9625430926836],[21.90807250460742,69.80404242129688],[22.163310083953125,70.09311255069142],[22.30644896945117,70.2156177386797],[22.745574030486328,70.17060431094532],[23.203606638518554,69.94277533145313],[23.292468103972656,70.01129492373829],[23.508408579436523,70.2790714129961],[23.82728866061328,70.47883947940235],[23.954854044524414,70.50205572696095],[24.207715067473632,70.47186621280079],[24.359614405242187,70.61029394717579],[24.570508036223632,70.74138220401173],[24.84903815707324,70.82660254092579],[25.389031443206054,70.90462835879688],[25.83205512484668,70.89776190371876],[25.230692896453125,70.55818518252735],[25.122424158660156,70.43524511905079],[25.07408050021289,70.14438208194142],[25.26302436312793,70.10654791446095],[25.5740404458916,70.36713751407032],[26.262717279998046,70.79074438662892],[26.6065168710625,70.91462286563282],[26.619105372039062,70.79908331485157],[26.61742309054492,70.39204748721485],[26.93435004672168,70.46928747744923],[27.13108161410449,70.57707556338673],[27.516011271086914,70.97030981631642],[27.947543177214843,71.01741369815235],[28.21115973910449,71.01790960879688],[28.30841353854297,70.9486499652422],[28.136439356414062,70.83272894473438],[27.985291514006835,70.71700628848438],[28.018929514495117,70.60945471377735],[27.875399622527343,70.42505987735157],[28.28972533663867,70.3722110614336],[28.38890746554492,70.57175024600392],[28.794812235442382,70.86477240176563],[28.98433783969043,70.85741003604298],[29.741230997649414,70.60498388858204],[30.041438135710937,70.54413946719532],[30.461960825530273,70.5372501239336],[30.75420287570117,70.43041571231251],[30.798840555754882,70.30796393008595],[30.251879725066406,70.1311450824297],[29.734896692839843,70.11489447207813],[28.73008063754199,70.13592871280079],[28.817093882170898,70.0979190692461],[29.08001998385547,69.96123083682423],[29.55593207797168,69.83340033145313],[29.728575739470703,69.69756659121876],[30.055806192961914,69.72085913272267],[30.361294779387695,69.76681097598438],[30.735358271208984,69.7523609027422],[31.0537824960625,69.63959082217579],[31.33127501925586,69.6627612933672],[31.782200846282226,69.7770191058672],[32.07155898532031,69.88349493594532],[32.07601073702929,69.81535681338673],[32.190562281218746,69.64171179385548],[32.35172561129687,69.51367529483204],[32.59630874117968,69.42361792178517],[33.00963118991015,69.38669165225392],[33.2805662485039,69.34201391787892],[33.3156004281914,69.07128485293751],[33.62837508639453,69.21468695254688],[33.81804564913867,69.19247778506642],[34.30514815768359,69.17082556338673],[34.698889765349605,69.16405066104298],[34.93413833102343,69.14944037051563],[35.436553034392574,69.15035589785938],[36.018279108611324,69.02370794864063],[37.24586394747851,68.7934985980547],[37.68857863864062,68.62961157412892],[38.406443628874996,68.2426944598711],[38.66845229586718,68.14634283633595],[39.33470824679492,68.03593786807423],[39.91807082614062,67.94037970157032],[40.826052698699215,67.66004522891407],[40.973391565886715,67.53437384219532],[40.95082763156054,67.33465918155079],[41.01687148532031,67.20186194033985],[41.20882705172656,67.06946142764454],[41.2552976938164,66.93697699160938],[41.14697173556445,66.7822681293047],[40.83637908419726,66.56139715762501],[40.34514907321093,66.3186450824297],[39.97752288302539,66.20091589541798],[39.19002822360156,66.03870733828907],[38.78211120089648,66.00145300479298],[38.04786971530078,66.00737341494923],[37.42243102511523,66.09382208438282],[36.505225214568355,66.17248877139454],[35.77174666842578,66.25886877627735],[35.16772368868945,66.41150244326954],[34.15295318087695,66.62963446231251],[33.65127852877734,66.68010290713673],[33.43749144991992,66.70173987002735],[33.157725367156246,66.91447790713673],[32.99095061740039,66.98781927676563],[32.64433959445117,67.04610022158985],[31.245854748797644,67.63635754560138],[27.097785861305503,66.83350550286096],[26.793009069203237,66.21176589817254],[25.849818500590207,66.40112609443693],[25.62589044961474,66.69969682907089],[22.221557717101856,66.94286345282181],[22.52758356871905,67.71569350303628]]]]}},{"type":"Feature","properties":{"NAME":"Tsardom of Muscovy","ABBREVN":"Muscovy","wikipedia":null,"SUBJECTO":"Tsardom of Muscovy","BORDERPRECISION":1,"PARTOF":"Tsardom of Muscovy","polity_id":"ottoman_classical:tsardom_of_muscovy","name":"Tsardom of Muscovy","ISO_A3":"TSARDOMOFM2","ADM0_A3":"TSARDOMOFM2","ADMIN":"Tsardom of Muscovy","fill_colour":"#58d5c4","border_precision":1},"geometry":{"type":"MultiPolygon","coordinates":[[[[35.33925781250002,62.0328125],[35.34707031250002,61.997802734375],[35.32578125,61.9353515625],[35.27363281250001,61.8703125],[35.201757812500006,61.8390625],[35.16035156250001,61.858642578125],[35.17070312500002,61.905664062499994],[35.19560546875002,61.987939453124994],[35.25175781250002,62.0796875],[35.30800781250002,62.0765625],[35.33925781250002,62.0328125]]]]}},{"type":"Feature","properties":{"NAME":"Sweden","ABBREVN":"","wikipedia":null,"SUBJECTO":"","BORDERPRECISION":1,"PARTOF":"","polity_id":"ottoman_classical:sweden","name":"Sweden","ISO_A3":"SWEDEN","ADM0_A3":"SWEDEN","ADMIN":"Sweden","fill_colour":"#2a7a46","border_precision":1},"geometry":{"type":"MultiPolygon","coordinates":[[[[12.422772440520507,60.03877981753711],[12.435860666838867,60.27809866519336],[12.547958407012207,60.43387182803516],[12.431030306426269,60.62584646792774],[12.174038920012695,60.956405244783205],[12.597381624785644,61.02862127871875],[12.791736635771972,61.32994803042774],[13.154899574959657,62.024227120513196],[15.049652873247693,63.52575508677045],[16.660709305680115,63.75590600568937],[17.73117869600067,64.55875804842978],[17.329752674630463,64.82637539600992],[17.362277230977185,64.86974147113888],[17.472515463420798,65.0167257810637],[14.699372164712281,66.12362694363401],[17.253725252939528,68.09256540649444],[18.771016616033958,67.93787713452744],[22.52758356871905,67.71569350303628],[22.221557717101856,66.94286345282181],[25.62589044961474,66.69969682907089],[25.849818500590207,66.40112609443693],[26.793009069203237,66.21176589817254],[29.71445416501362,65.62524029547087],[29.274048460146858,63.3307386224629],[29.412611586193336,62.52377286719253],[29.363867187500006,62.53037109375],[29.35175781250001,62.570556640625],[29.334570312500006,62.60029296875],[29.279199218750023,62.59873046875],[29.261328125,62.550830078125],[29.3,62.475830078125],[29.296679687500017,62.42626953125],[29.264550781250023,62.3935546875],[29.27802734375001,62.348876953125],[29.2984375,62.3126953125],[29.2984375,62.274804687499994],[29.31904296875001,62.2423828125],[29.352734375,62.2185546875],[29.3453125,62.185888671875],[29.330468750000023,62.1658203125],[29.197851562500006,62.177148437499994],[29.13935546875001,62.169189453125],[28.97578125000001,62.142431640625],[28.82578125,62.134130859375],[28.78632812500001,62.17724609375],[28.837304687500023,62.185400390625],[28.85224609375001,62.21240234375],[28.870410156250017,62.235009765624994],[28.835058593750006,62.267480468749994],[28.765039062500023,62.3484375],[28.69257812500001,62.38330078125],[28.665820312500017,62.386962890625],[28.667578125,62.368017578125],[28.699023437500017,62.328466796875],[28.670312500000023,62.305859375],[28.6298828125,62.294335937499994],[28.608496093750006,62.27890625],[28.597081222141473,62.26357323024208],[28.248760336852243,62.54185174438138],[28.274316406250023,62.565185546875],[28.34003906250001,62.5771484375],[28.367089843750023,62.587109375],[28.424218750000023,62.57529296875],[28.481738281250017,62.55517578125],[28.55537109375001,62.522607421874994],[28.56513671875001,62.498583984375],[28.496484375000023,62.501416015625],[28.52890625,62.47412109375],[28.659277343750006,62.419970703125],[28.80976562500001,62.381738281249994],[28.898046875,62.39033203125],[28.79902343750001,62.45576171875],[28.653125,62.527246093749994],[28.26435546875001,62.66279296875],[28.26826171875001,62.689208984375],[28.238867187500006,62.705957031249994],[28.211328125000023,62.730029296875],[28.1806640625,62.77177734375],[28.1494140625,62.8037109375],[28.143945312500023,62.825244140625],[28.186816406250017,62.857373046875],[28.15449218750001,62.932958984375],[28.192187500000017,62.963525390624994],[28.262304687500006,62.98359375],[28.308398437500017,63.0029296875],[28.349707031250006,63.025830078125],[28.351953125000023,63.03974609375],[28.279199218750023,63.031396484374994],[28.1064453125,63.008935546874994],[28.00556640625001,63.04033203125],[27.88818359375,63.018896484375],[27.85107421875,63.032080078125],[27.848437500000017,63.07070312499999],[27.80976562500001,63.09228515625],[27.767382812500017,63.099853515625],[27.73603515625001,63.058544921875],[27.774023437500006,62.995703125],[27.76972656250001,62.94560546875],[27.73538366659669,62.951995674952386],[27.344733241143384,63.26409186135466],[27.346972656250017,63.27939453125],[27.36279296875,63.315820312499994],[27.338183593750017,63.346044921875],[27.296972656250006,63.355712890625],[27.25019531250001,63.376171875],[27.210546875,63.416650390624994],[27.234375,63.427099609375],[27.233789062500023,63.45654296875],[27.183007812500023,63.51787109375],[27.175070568718272,63.52108352482161],[27.11279296875,63.546289062499994],[26.89863281250001,63.583984375],[26.8994140625,63.566015625],[26.958886718750023,63.524267578125],[27.020312500000017,63.501025390625],[27.038183593750006,63.5166015625],[27.06796875,63.523193359375],[27.134765625,63.496142578125],[27.1748046875,63.4384765625],[27.190234375000017,63.387548828125],[27.2392578125,63.33203125],[27.246484375000023,63.3083984375],[27.213476562500006,63.30908203125],[27.193164062500017,63.289306640625],[27.196582031250017,63.229248046875],[27.193164062500017,63.169384765625],[27.206835937500017,63.121630859375],[27.19482421875,63.09931640625],[27.176074218750017,63.08359375],[27.330078125,63.001318359375],[27.391210937500006,62.94052734375],[27.414648437500006,62.9015625],[27.494140625,62.8630859375],[27.559863281250017,62.85068359375],[27.56367187500001,62.87734375],[27.5875,62.899658203125],[27.621484375000023,62.916015625],[27.651953125,62.924707031249994],[27.68378906250001,62.911572265625],[27.666796875000017,62.873828125],[27.649511718750006,62.815966796875],[27.66621093750001,62.759521484375],[27.648339843750023,62.7349609375],[27.618554687500023,62.709814453125],[27.608007812500006,62.60078125],[27.669042968750006,62.528466796874994],[27.669921875,62.512841796874994],[27.64667968750001,62.4984375],[27.6,62.494140625],[27.398046875,62.57568359375],[27.37275390625001,62.562402343749994],[27.35205078125,62.5435546875],[27.339453125,62.519140625],[27.29541015625,62.518017578125],[27.19111328125001,62.57177734375],[27.15888671875001,62.577294921874994],[27.177734375,62.55341796875],[27.23583984375,62.507226562499994],[27.297167968750017,62.4767578125],[27.366601562500023,62.482324218749994],[27.41943359375,62.49609375],[27.459082031250006,62.479443359375],[27.48945312500001,62.44306640625],[27.546972656250006,62.411962890625],[27.596875,62.417822265625],[27.67890625000001,62.411962890625],[27.75537109375,62.428613281249994],[27.799609375000017,62.42939453125],[27.844042968750017,62.375634765624994],[27.85205078125,62.353955078125],[27.8765625,62.329248046874994],[27.884863281250006,62.306103515625],[27.902441406250006,62.244482421875],[27.899218750000017,62.1572265625],[27.925683593750023,62.133349609375],[28.03193359375001,62.108349609375],[28.086230468750017,62.100439453125],[28.16816406250001,62.09609375],[28.296679687500017,62.09677734375],[28.40283203125,62.069140625],[28.426855468750006,62.05244140625],[28.579199218750006,61.9927734375],[28.69697265625001,61.920703125],[28.737109375000017,61.89101562499999],[28.8350224911483,61.8643893002615],[28.83837890625,61.8634765625],[28.83894010397505,61.85642150538518],[28.839746093750023,61.8462890625],[28.806738281250006,61.827783203124994],[28.672167968750017,61.825585937499994],[28.5390625,61.840869140625],[28.44208984375001,61.767919921875],[28.36875,61.75078125],[28.33935546875,61.749267578125],[28.305566406250023,61.755517578124994],[28.26171875,61.744482421875],[28.247949218750023,61.715625],[28.234375,61.6212890625],[28.1845703125,61.5439453125],[28.147265625000017,61.550732421875],[28.12890625,61.548974609374994],[28.103906250000023,61.522412109375],[28.053808593750006,61.510546875],[27.999609375,61.54931640625],[27.94599609375001,61.6013671875],[27.920996093750006,61.626855468749994],[27.917773437500017,61.65703125],[27.865820312500006,61.696435546874994],[27.816308593750023,61.727880859375],[27.626367187500023,61.8009765625],[27.604785156250017,61.780810546875],[27.62255859375,61.76416015625],[27.705078125,61.7306640625],[27.773046875,61.68525390625],[27.75751953125001,61.65625],[27.678125,61.636376953124994],[27.664648437500006,61.606835937499994],[27.593164062500023,61.58134765625],[27.515039062500023,61.577099609375],[27.49873046875001,61.6],[27.48798828125001,61.618212890625],[27.47089843750001,61.5994140625],[27.472460937500017,61.54990234375],[27.476367187500017,61.538818359375],[27.45917968750001,61.523486328125],[27.358984375,61.53056640625],[27.339160156250017,61.596728515625],[27.327441406250017,61.631787109375],[27.329199218750006,61.692626953125],[27.276269531250023,61.6529296875],[27.29609375000001,61.55703125],[27.297753906250023,61.483642578125],[27.273730468750017,61.468115234375],[27.300585937500017,61.433349609375],[27.264550781250023,61.3787109375],[27.270312500000017,61.324267578125],[27.302832031250006,61.32939453125],[27.367968750000017,61.3259765625],[27.435351562500017,61.2955078125],[27.432421875000017,61.2701171875],[27.40625,61.25947265625],[27.519335937500017,61.22958984375],[27.625292968750017,61.213916015625],[27.677539062500017,61.232324218749994],[27.861914062500006,61.252294921875],[28.07246093750001,61.233154296875],[28.173730468750023,61.188134765624994],[28.197363281250006,61.163427734375],[28.17236328125,61.152880859375],[28.082421875000023,61.178515625],[27.96552734375001,61.188037109375],[27.881640625000017,61.1572265625],[27.891894531250017,61.1140625],[27.91865234375001,61.080322265625],[27.94677734375,61.06767578125],[27.9875,61.079736328124994],[28.291601562500006,61.079980468749994],[28.358789062500023,61.093359375],[28.609960937500006,61.161572265625],[28.787890625000017,61.204150390625],[28.866992187500017,61.247314453125],[28.820410156250006,61.297314453125],[28.714160156250017,61.3517578125],[28.66259765625,61.3677734375],[28.64082031250001,61.3515625],[28.476953125000023,61.332080078125],[28.35957031250001,61.33134765625],[28.345117187500023,61.349365234375],[28.40625,61.370019531249994],[28.463671875000017,61.399267578125],[28.56796875,61.4412109375],[28.58222656250001,61.472998046875],[28.6455078125,61.476171875],[28.69287109375,61.48388671875],[28.679492187500017,61.524365234375],[28.67988281250001,61.55810546875],[28.722460937500017,61.5806640625],[28.789648437500006,61.58994140625],[28.76044921875001,61.609912109375],[28.6083984375,61.6173828125],[28.62910156250001,61.641552734375],[28.73017578125001,61.671240234375],[28.941015625,61.62578125],[28.954310236872395,61.621777196610395],[29.098437500000017,61.578369140625],[29.115136718750023,61.6001953125],[29.265722656250006,61.61484375],[29.289941406250023,61.648681640625],[29.426171875000023,61.734375],[29.47675781250001,61.742138671875],[29.517548116887955,61.76920993503894],[29.53278681175609,61.65047919030159],[29.334604244566023,60.973995264190464],[29.29141483906929,60.93616061300404],[29.687296900359375,60.131000123933596],[29.510743174163085,60.14456518741016],[28.968979868499023,60.10878714175586],[28.69163421115039,60.14997824283008],[28.569397959319335,60.19842108340625],[28.43523124179004,60.33733709903125],[28.55124762972949,60.53264196963672],[28.52150824984668,60.62326391787891],[28.431775126067382,60.60346945376758],[28.01143744906543,60.51073034854297],[27.473618540374023,60.42607840152149],[27.40622046908496,60.34481772036914],[27.178481134978515,60.442393861726565],[26.945570978728515,60.37631186099414],[26.922308954802734,60.31612356753711],[26.61307624301074,60.34783133120899],[26.52587607821582,60.396468721345705],[26.55163863619922,60.570697389558596],[26.442835840789062,60.33334311099414],[26.322712931243164,60.270240388826174],[26.037745508757812,60.24929770083789],[25.890101465789062,60.2358356341875],[25.845532450286132,60.115481935457034],[25.58054450472949,60.2623363360918],[25.4498949380791,60.13839682193164],[25.14579108676074,60.1097484454668],[24.992980036345703,60.02957113833789],[24.969470057097656,60.08683355899219],[24.742980036345703,60.03823050113086],[24.515957865325195,59.9894977435625],[24.421050104705078,59.86975058169727],[24.281357798186523,59.938148103669924],[23.9789476724541,59.881148897126955],[23.961113962737304,59.932452760652346],[23.66465667208789,59.83555182071094],[23.41885474642871,59.82984884829883],[23.201441797820312,59.818458162263674],[22.982125315276367,59.932452760652346],[22.882000956145507,60.05556448550586],[23.005200419036132,60.208758912996096],[22.624615702239257,60.20110281558399],[22.39206603488086,60.121200166658205],[22.421467814055664,60.29318579287891],[22.220654520598632,60.25876959414844],[21.93095305880664,60.38077124209766],[21.746808085051757,60.40827139468555],[21.56015113314746,60.51248510928516],[21.443177256194335,60.693648897126955],[21.42725661715625,61.01509817691211],[21.498307261077148,61.183272920564455],[21.52078917941211,61.37956961245899],[21.56100562533496,61.48492010684375],[21.4052172037041,61.70243414492969],[21.21119979342578,61.870914064363284],[21.34644034823535,62.167132936433596],[21.33755591830371,62.343604646638674],[21.2001390787041,62.435184083894534],[21.03372863253711,62.477298341707034],[21.06180671176074,62.61173590274219],[21.194806131926757,62.760684572175784],[21.481284174529296,62.888812623933596],[21.545966181365234,62.97405966372852],[21.494656595793945,63.123031221345705],[21.666478190032226,63.18730505557422],[21.951323542205078,63.13101538272266],[22.07504371127246,63.102820955232424],[22.292357477751953,63.20269354434375],[22.42877486666797,63.39496573062305],[22.475831064788085,63.60161551089649],[22.569018396941406,63.72301443667774],[22.704222712126953,63.58064230533008],[22.825530085173828,63.58087881656055],[23.58028510531543,64.08205755801563],[24.094035181609375,64.37656744571095],[24.470093760100585,64.63552435489063],[24.93191626986621,64.81603582950001],[25.325089487639648,64.80239447207813],[25.35190490206836,64.93909796328907],[25.29341414889453,65.00389441104298],[25.13255980929492,65.0759464129961],[25.186125788298828,65.24265631289845],[25.251507792083007,65.4168887958086],[25.103611979094726,65.54012640567188],[24.591139826384765,65.5827823504961],[24.21480086764453,65.7859073504961],[23.94773200472949,65.79668005557423],[23.844082865325195,65.79847296328907],[23.405688318816406,65.72483404727345],[23.204020533171875,65.68075140567188],[22.7981615396416,65.85482367129688],[22.645554575530273,65.93478735537892],[22.489802393523437,65.883418642],[22.20156959017871,65.71528967471485],[21.95748237094043,65.44573553653126],[21.818726572600585,65.38013800235157],[21.52232840975879,65.37231024356251],[21.27734664401172,65.21227606387501],[21.423712763396484,65.10388525576954],[21.489449534026367,65.01716192813282],[21.329442057219726,64.89435156436329],[20.92119315585254,64.71382483096485],[21.06432250460742,64.59199865908985],[21.237046274749023,64.52054174991017],[21.385829004851562,64.38455542178517],[21.048895868865234,64.21916540713673],[20.866480860320312,64.02561529727345],[20.70065978488086,63.818126283601565],[19.984885248748046,63.51726873965625],[19.670275721160156,63.38854178042774],[19.465012583342773,63.48070486636524],[19.318224939910156,63.444827638582034],[19.075926813689453,63.202498994783205],[18.78499129733203,63.138011537507815],[18.48662475070117,62.98124273867969],[18.388949427214843,62.85337408633594],[18.303191217986328,62.789424501375],[17.967440638152343,62.77462347598438],[17.86816886386035,62.788619600251955],[17.93625548800586,62.54800375552539],[17.718112024871093,62.356734834626955],[17.29024032076953,62.44072302432422],[17.387362513152343,62.20076712222461],[17.496771845427734,62.08810003848438],[17.38697341403125,61.65843542666797],[17.16264251193164,61.62990530581836],[17.06517699679492,61.53837927432422],[17.150189432708007,61.19770773501758],[17.146208796111328,60.95282705874805],[17.317627939788085,60.753070436433596],[17.188498529998046,60.674293123201174],[17.60496428927539,60.63753851504688],[17.706456217375976,60.55358084292774],[17.93074897250293,60.590308748201174],[18.224387201873046,60.32296713443164],[18.416865381804687,60.181624971345705],[18.804085764495117,60.10839804263477],[18.89307120761035,59.92568930240039],[19.03732398470996,59.86324270816211],[19.043551477996093,59.71242483706836],[18.867892298308593,59.71242483706836],[18.639250788298828,59.56692846866016],[18.25142196139453,59.43193777652149],[18.030083689299804,59.35928305240039],[17.953201560937227,59.36098303658764],[17.82929687500001,59.37900390625],[17.772851562500023,59.414111328125],[17.80859375,59.55322265625],[17.785937500000017,59.597998046875],[17.760058593750017,59.620507812499994],[17.67158203125001,59.594775390625],[17.687304687500017,59.5416015625],[17.534472656250017,59.539404296875],[17.390527343750023,59.58447265625],[17.3720703125,59.495751953124994],[17.06269531250001,59.569238281249994],[16.994776619161584,59.55443948338956],[16.94236041439386,59.56017025350394],[16.84101562500001,59.5875],[16.814275377558747,59.574174050696946],[16.785538706389648,59.577315889314455],[16.742746837048234,59.54476341286353],[16.646875,59.55927734375],[16.573828125,59.611669921875],[16.537744962866643,59.57875622668579],[16.523207697478515,59.5825153216875],[16.468744769267893,59.518921336431276],[16.251757812500017,59.493212890625],[16.044238281250017,59.478466796875],[16.144335937500017,59.44775390625],[16.410614734899127,59.45104543129641],[16.40757659396289,59.44749792666797],[16.456256729793683,59.45160962105103],[16.610449218750006,59.45351562499999],[16.742285156250006,59.430615234375],[16.848688164854813,59.440062513454315],[16.99983504733203,59.35928305240039],[17.193155598729778,59.34420074675742],[17.304589843750023,59.27216796875],[17.324610022141542,59.27905822216983],[17.358122858611328,59.24517782779102],[17.57492164095996,59.21407278628711],[17.583855472883986,59.26776554704273],[17.611676659357276,59.268054425177034],[17.86173156222461,59.239993654207034],[17.976087222548568,59.326973735833135],[17.978146589230604,59.32813152303939],[18.11137870272754,59.322974763826174],[18.32816985568164,59.369666658357424],[18.429560694304687,59.33334692569141],[18.441370997039062,59.40079077334766],[18.515469584075195,59.40079077334766],[18.611327204314453,59.33334692569141],[18.59819510897754,59.297042451814455],[18.273371729460937,59.286666475251955],[18.371960672942382,59.15706976504688],[18.015667948333007,59.03791006656055],[17.940136942473632,58.90848883242969],[17.766465220061523,58.87226828189258],[17.726422342864257,58.91366156192188],[17.745200190154296,58.986129365876955],[17.739108118621093,59.110423646882815],[17.623181376067382,59.10007055850391],[17.582188639250976,58.89296682925586],[17.356675180999023,58.74296911807422],[17.245389017668945,58.71711691470508],[17.08299926241992,58.74813421817188],[17.080731424895507,58.64992865176563],[16.442866358367187,58.63442190738086],[16.51319411715625,58.42811544986133],[16.744044336882812,58.31195028872852],[16.773545298186523,58.03790243716602],[16.72458556613086,57.88932379336719],[16.597764048186523,57.86645468325977],[16.45953086337207,57.895206056550784],[16.476531061736328,57.70212896914844],[16.607205423918945,57.66581305117969],[16.55047896823047,57.545150361970705],[16.658679041472656,57.442950807527346],[16.49415877780078,57.27892263980274],[16.394524607268554,57.07430227847461],[16.376174006072265,56.82242163272266],[16.06315060859225,56.39623928206121],[15.426993333335687,56.765740886896175],[14.484980269853605,56.68010333567053],[14.17541209481496,56.81280296459675],[13.432448474722209,56.52387266789401],[13.226069691363112,57.101733261299486],[12.895863637988557,56.977905991284025],[12.730760611301278,57.43193931467404],[12.52438182794218,57.390663558002224],[12.318003044583083,57.679593854704954],[11.876622233000976,57.325206361726565],[11.88111403903125,57.50896414370899],[11.766084704009277,57.672679506257815],[11.736376188093523,57.69820870947779],[11.609838518706542,57.80694540591602],[11.709144625273925,58.024737916902346],[11.801886591521484,58.17793997378711],[11.613860163298828,58.24734839053516],[11.431094202605468,58.20152624698047],[11.406709704009277,58.33127173037891],[11.22135833224414,58.30832251162891],[11.14039138278125,58.85121878238086],[11.03924277743457,58.9103961810625],[11.171302719007878,59.061639878237116],[11.363298950346524,59.10650408964644],[11.440369948698207,58.89670084414736],[11.682593086374926,58.88532367542883],[11.792694512591618,59.63935528161971],[11.861094354692419,59.670201926465886],[12.42775975367419,59.92575407062508],[12.422772440520507,60.03877981753711]],[[12.328719298381436,58.37976871156117],[12.334667968750011,58.373779296875],[12.375,58.382861328125],[12.507031250000011,58.396923828125],[12.554296875,58.429833984374994],[12.571093750000017,58.432177734375],[12.572656250000023,58.419189453125],[12.554296875,58.394384765625],[12.550585937500017,58.378857421875],[12.561914062500023,58.373193359374994],[12.57958984375,58.372119140625],[12.601953125000023,58.3759765625],[12.624316406250017,58.38232421875],[12.649707031250017,58.396875],[12.67919921875,58.4205078125],[12.7275390625,58.452099609375],[12.79833984375,58.485693359375],[12.86865234375,58.503808593749994],[12.912792968750011,58.545751953125],[12.9521484375,58.571630859375],[13.040625,58.604296875],[13.115136718750023,58.608251953125],[13.148242187500017,58.59716796875],[13.14892578125,58.573388671874994],[13.1494140625,58.558544921875],[13.136523437500017,58.54130859375],[13.147558593750006,58.521435546875],[13.172167968750017,58.511865234374994],[13.194628906250017,58.510986328125],[13.240234375,58.51484375],[13.30029296875,58.561425781249994],[13.358105468750011,58.617089843749994],[13.436621093750006,58.641992187499994],[13.517285156250011,58.66328125],[13.631054687500011,58.684130859375],[13.7373046875,58.703857421875],[13.799511718750011,58.722412109375],[13.829882812500017,58.7443359375],[13.859277343750023,58.77216796875],[13.89013671875,58.80048828125],[13.924121093750017,58.823388671874994],[13.9541015625,58.843652343749994],[13.975195312500006,58.8654296875],[13.987207031250023,58.89814453125],[13.995214843750006,58.94482421875],[13.992578125000023,58.98642578125],[14.012109375000023,59.003662109375],[14.038671875,59.00439453125],[14.049902343750006,59.01220703125],[14.05625,59.01689453125],[14.071679687500023,59.028271484375],[14.0830078125,59.0642578125],[14.0908203125,59.07939453125],[14.089453125,59.091552734375],[14.0830078125,59.09990234375],[14.065820312500023,59.097216796875],[14.038378906250017,59.082666015624994],[14.004980468750006,59.0681640625],[13.973437500000017,59.065771484375],[13.945410156250006,59.067431640625],[13.930566406250023,59.089794921875],[13.9462890625,59.112939453124994],[13.99375,59.1572265625],[14.02734375,59.204296875],[14.047460937500006,59.2412109375],[14.054296875,59.2677734375],[14.0556640625,59.289990234375],[14.0517578125,59.304833984374994],[14.045507812500006,59.313623046874994],[14.028027343750011,59.320068359375],[13.9970703125,59.329052734375],[13.961718750000017,59.333984375],[13.933300781250011,59.33046875],[13.904296875,59.327734375],[13.867382812500011,59.3345703125],[13.830078125,59.34091796875],[13.80029296875,59.337060546874994],[13.766015625000023,59.330908203125],[13.751953125,59.33115234375],[13.743945312500017,59.341455078124994],[13.738476562500011,59.35947265625],[13.7197265625,59.37802734375],[13.6796875,59.38974609375],[13.628320312500023,59.38994140625],[13.54833984375,59.381298828125],[13.461132812500011,59.369970703125],[13.378222656250017,59.3640625],[13.315722656250017,59.361230468749994],[13.277539062500011,59.357324218749994],[13.261132812500023,59.3517578125],[13.251171875000011,59.344970703125],[13.248925781250023,59.3357421875],[13.2509765625,59.32451171875],[13.251660156250011,59.3150390625],[13.245703125,59.310302734375],[13.217871093750006,59.310546875],[13.19140625,59.32460937499999],[13.173144531250017,59.347509765625],[13.154882812500006,59.352929687499994],[13.142675781250006,59.34228515625],[13.130078125000011,59.31904296875],[13.1181640625,59.2955078125],[13.108105468750011,59.283837890624994],[13.10302734375,59.273974609375],[13.103320312500017,59.25458984375],[13.10986074323435,59.235757913876995],[13.123144531250006,59.197509765625],[13.17734375,59.096923828125],[13.221093750000023,58.99267578125],[13.243554687500023,58.93046875],[13.235742187500023,58.905078125],[13.195117187500017,58.898583984374994],[13.159765625,58.905078125],[13.1220703125,58.920849609375],[13.088085937500011,58.946630859375],[13.061718750000011,58.97734375],[13.040625,59.0142578125],[12.9453125,59.04765625],[12.868554687500023,59.07265625],[12.818359375,59.081982421875],[12.784082031250023,59.076220703125],[12.745898437500017,59.06484375],[12.708398437500023,59.03554687499999],[12.67578125,58.986669921875],[12.646875,58.931494140625],[12.618359375000011,58.8869140625],[12.599707031250006,58.845605468749994],[12.57578125,58.825732421875],[12.55712890625,58.8189453125],[12.535253906250006,58.832080078125],[12.5263671875,58.845605468749994],[12.519921875000023,58.8673828125],[12.51025390625,58.901220703125],[12.497265625000011,58.92001953125],[12.48193359375,58.930615234375],[12.47152488056346,58.933920190751756],[12.48789545729689,58.56291949244779],[12.328719298381436,58.37976871156117]],[[27.200097656250023,64.15791015625],[27.25849609375001,64.120361328125],[27.2875,64.130712890625],[27.2822265625,64.173388671875],[27.322851562500006,64.2091796875],[27.420703125000017,64.22978515625],[27.48115234375001,64.25048828125],[27.506445312500006,64.269580078125],[27.562402343750023,64.274462890625],[27.652636718750017,64.2248046875],[27.92890625000001,64.144775390625],[28.00947265625001,64.128076171875],[28.073339843750006,64.12119140625],[28.164453125000023,64.120654296875],[28.187890625000023,64.13115234375],[28.18574218750001,64.14228515625],[28.1572265625,64.15966796875],[28.0576171875,64.177685546875],[27.94013671875001,64.2048828125],[27.859179687500017,64.2328125],[27.7646484375,64.244677734375],[27.73779296875,64.28173828125],[27.800585937500017,64.304052734375],[27.88251953125001,64.308544921875],[27.9296875,64.30673828125],[27.9130859375,64.333251953125],[27.925,64.38134765625],[27.726953125000023,64.3966796875],[27.578222656250006,64.38046875],[27.469140625000023,64.3390625],[27.36542968750001,64.330419921875],[27.261621093750023,64.369287109375],[27.21728515625,64.413916015625],[27.213671875000017,64.4966796875],[27.11181640625,64.523291015625],[26.866113281250023,64.52998046875],[26.838604254257437,64.51281292460948],[26.826757812500006,64.505419921875],[26.813867187500023,64.469482421875],[26.830859375000017,64.440380859375],[26.81464843750001,64.414990234375],[26.779882812500006,64.391162109375],[26.79296875,64.36162109375],[26.917667314566042,64.2797757438418],[26.920703125000017,64.277783203125],[26.942480468750006,64.2384765625],[27.0732421875,64.20087890625],[27.200097656250023,64.15791015625]],[[26.568359375,62.9],[26.59492187500001,62.87177734375],[26.670703125000017,62.81689453125],[26.6890625,62.78720703125],[26.75,62.7423828125],[26.821875,62.697265625],[26.826757812500006,62.658642578125],[26.81318359375001,62.623291015625],[26.785449218750017,62.60869140625],[26.6904296875,62.6365234375],[26.562890625000023,62.70634765625],[26.502343750000023,62.749951171875],[26.446582031250017,62.796923828125],[26.359472656250006,62.853564453125],[26.35761718750001,62.82626953125],[26.387109375000023,62.7892578125],[26.469042968750017,62.70380859375],[26.450976562500017,62.63320312499999],[26.358984375,62.63330078125],[26.34228515625,62.6078125],[26.216796875,62.572216796875],[26.178125,62.55029296875],[26.184960937500023,62.460351562499994],[26.160058593750023,62.38828125],[26.083789062500017,62.420800781249994],[26.069140625000017,62.45361328125],[26.102929687500023,62.488183593749994],[26.096289062500006,62.51884765625],[26.05625,62.521044921875],[26.0244140625,62.4767578125],[25.938085937500006,62.462255859375],[25.833886718750023,62.5349609375],[25.82050781250001,62.613330078125],[25.912890625000017,62.64794921875],[26.029296875,62.63203125],[26.020410156250023,62.665478515625],[25.97968750000001,62.70615234375],[26.0068359375,62.70966796875],[26.01289062500001,62.7515625],[26.0375,62.796435546875],[26.06660156250001,62.819238281249994],[26.10322265625001,62.826416015625],[26.203222656250006,62.78076171875],[26.302050781250017,62.72890625],[26.370703125,62.725488281249994],[26.364062500000017,62.767578125],[26.2197265625,62.854052734375],[26.0771484375,62.929736328125],[26.014062500000023,62.971923828125],[26.015234375,62.990966796875],[26.079003906250023,62.981396484375],[26.08359375,62.99345703125],[25.99091796875001,63.042578125],[25.932421875000017,63.082177734374994],[25.903417968750006,63.110742187499994],[25.836816406250023,63.129833984375],[25.821679687500023,63.103466796875],[25.7919921875,63.09150390625],[25.68125,63.137451171875],[25.621484375000023,63.18203125],[25.622851562500017,63.215771484375],[25.588769531250023,63.21064453125],[25.50537109375,63.145361328125],[25.440332031250023,63.128271484375],[25.448535156250017,63.09794921875],[25.444238281250023,63.052001953125],[25.383886718750006,63.027587890625],[25.36787109375001,63.0068359375],[25.436328125000017,62.974511718749994],[25.495410156250017,62.957275390625],[25.522070312500006,62.96611328125],[25.541015625,63.030126953125],[25.617480468750017,63.07070312499999],[25.737402343750006,63.045556640624994],[25.832324218750017,63.013525390625],[25.87031250000001,62.98681640625],[25.93408203125,62.91259765625],[25.865820312500006,62.874902343749994],[25.85664062500001,62.825048828125],[25.818359375,62.794140625],[25.831152343750006,62.7830078125],[25.8876953125,62.7560546875],[25.893652343750006,62.719580078125],[25.827050781250023,62.725048828125],[25.794921875,62.704736328124994],[25.781054687500017,62.651513671874994],[25.632226562500023,62.62744140625],[25.64375,62.5890625],[25.689550781250006,62.5427734375],[25.76318359375,62.534228515625],[25.814843750000023,62.491259765625],[25.825,62.44833984375],[25.84052734375001,62.433007812499994],[25.864648437500023,62.44287109375],[25.897070312500006,62.440771484375],[25.922460937500006,62.385400390624994],[25.907128906250023,62.329980468749994],[25.881152343750017,62.291748046875],[25.824023437500017,62.252001953125],[25.7607421875,62.2345703125],[25.735253906250023,62.219189453125],[25.71640625,62.194238281249994],[25.712890625,62.161669921875],[25.667871093750023,62.135595703125],[25.54951171875001,62.14267578125],[25.472070312500023,62.142138671875],[25.498437500000023,62.111181640625],[25.585546875,62.10126953125],[25.671484375,62.0587890625],[25.62451171875,62.005273437499994],[25.542773437500017,61.989160156249994],[25.506152343750017,61.94990234375],[25.510351562500006,61.930712890625],[25.4234375,61.920654296875],[25.317480468750006,61.902001953124994],[25.313867187500023,61.877832031249994],[25.392968750000023,61.8716796875],[25.44355468750001,61.844091796875],[25.388671875,61.793505859375],[25.30625,61.777197265625],[25.2373046875,61.79619140625],[25.209277343750017,61.79365234375],[25.22802734375,61.759375],[25.35761718750001,61.697167968749994],[25.40302734375001,61.669970703125],[25.41816406250001,61.625927734375],[25.39814453125001,61.5837890625],[25.338476562500006,61.58037109375],[25.269921875000023,61.568261718749994],[25.23261718750001,61.54599609375],[25.187890625000023,61.531787109375],[25.19384765625,61.474511718749994],[25.26289062500001,61.388232421875],[25.25458984375001,61.366162109375],[25.2705078125,61.35224609375],[25.302539062500017,61.33369140625],[25.355566406250006,61.31455078125],[25.3935546875,61.28388671875],[25.40595703125001,61.250634765624994],[25.430761718750006,61.25],[25.441796875000023,61.272509765625],[25.465429687500006,61.28037109375],[25.49951171875,61.22890625],[25.458984375,61.15625],[25.3974609375,61.11591796875],[25.355566406250006,61.075585937499994],[25.405371093750006,61.058447265625],[25.454003906250023,61.07275390625],[25.480078125,61.087744140625],[25.518164062500006,61.06171875],[25.548730468750023,61.0265625],[25.591796875,61.023876953125],[25.60322265625001,61.05478515625],[25.563867187500023,61.079541015625],[25.53144531250001,61.11494140625],[25.582617187500006,61.166455078125],[25.656640625000023,61.205859375],[25.645312500000017,61.235009765624994],[25.621484375000023,61.26279296875],[25.670312500000023,61.272705078125],[25.7875,61.21513671875],[25.870996093750023,61.168408203125],[25.9125,61.183544921875],[25.960839843750023,61.190185546875],[26.026171875000017,61.1697265625],[26.10175781250001,61.101318359375],[26.070703125000023,61.00390625],[26.025292968750023,60.96142578125],[26.095117187500023,60.963818359375],[26.15009765625001,61.00302734375],[26.17529296875,61.040917968749994],[26.17841796875001,61.059228515624994],[26.216210937500023,61.08076171875],[26.241113281250023,61.10166015625],[26.18427734375001,61.147802734375],[26.19697265625001,61.17509765625],[26.175390625,61.218115234375],[26.147851562500023,61.25615234375],[26.17255859375001,61.27109375],[26.2119140625,61.26337890625],[26.233691406250017,61.242041015625],[26.256933593750006,61.247265625],[26.254980468750006,61.28447265625],[26.237890625,61.31669921875],[26.278417968750006,61.360302734375],[26.27509765625001,61.37412109375],[26.1625,61.310400390625],[26.10566406250001,61.24560546875],[26.1181640625,61.210546875],[26.08154296875,61.1955078125],[26.027148437500017,61.211865234375],[26.0125,61.234912109375],[25.977441406250023,61.255029296874994],[25.75927734375,61.278466796874994],[25.58027343750001,61.3078125],[25.547265625000023,61.3349609375],[25.557031250000023,61.392529296875],[25.54316406250001,61.42294921875],[25.60664062500001,61.44208984375],[25.640917968750017,61.466796875],[25.5732421875,61.49443359375],[25.582617187500006,61.540576171875],[25.585742187500017,61.59111328125],[25.629980468750006,61.602099609375],[25.705664062500006,61.600976562499994],[25.682031250000023,61.637939453125],[25.68037109375001,61.7119140625],[25.723046875000023,61.778466796874994],[25.721484375000017,61.812744140625],[25.682910156250017,61.801806640625],[25.621679687500006,61.77353515625],[25.588281250000023,61.79296875],[25.615136718750023,61.8416015625],[25.682031250000023,61.8689453125],[25.700976562500017,61.88515625],[25.651464843750006,61.903222656249994],[25.632421875,61.916162109374994],[25.64082031250001,61.950244140625],[25.70332031250001,61.96416015625],[25.774218750000017,61.9666015625],[25.78974609375001,61.99228515625],[25.85791015625,62.001416015625],[25.878320312500023,62.02099609375],[25.82099609375001,62.0720703125],[25.826464843750017,62.148193359375],[25.876269531250017,62.20556640625],[25.898242187500017,62.19951171875],[25.922656250000017,62.148876953125],[25.951171875,62.14462890625],[25.945898437500006,62.21005859375],[25.97421875,62.253564453124994],[26.002343750000023,62.27685546875],[25.978515625,62.3111328125],[25.955957031250023,62.355517578125],[25.992089843750023,62.372509765625],[26.049609375000017,62.347558593749994],[26.089453125,62.29501953125],[26.128222656250017,62.279833984375],[26.127734375000017,62.328955078125],[26.172656250000017,62.358349609375],[26.276953125,62.33994140625],[26.312304687500017,62.367626953125],[26.2880859375,62.406591796875],[26.254296875000023,62.437451171875],[26.238085937500017,62.481298828125],[26.23876953125,62.52197265625],[26.2734375,62.551025390625],[26.3828125,62.56650390625],[26.526464843750006,62.538916015625],[26.557714843750006,62.4900390625],[26.51025390625,62.452783203124994],[26.507617187500017,62.424462890624994],[26.465429687500006,62.427001953125],[26.407031250000017,62.41826171875],[26.38427734375,62.380859375],[26.37939453125,62.345947265625],[26.419921875,62.31767578125],[26.431640625,62.32919921875],[26.42597656250001,62.36591796875],[26.500097656250006,62.391455078125],[26.580468750000023,62.412060546875],[26.62939453125,62.479052734375],[26.66523437500001,62.550927734374994],[26.66230468750001,62.582763671875],[26.690234375000017,62.5955078125],[26.72421875,62.55341796875],[26.73554687500001,62.49443359375],[26.7783203125,62.478857421875],[26.908984375000017,62.45634765625],[26.930078125000023,62.481884765625],[26.886328125,62.495361328125],[26.850976562500023,62.497412109375],[26.825292968750006,62.526416015625],[26.818652343750017,62.563818359375],[26.852636718750006,62.605615234374994],[26.89570312500001,62.623974609375],[26.983691406250017,62.603173828124994],[26.99873046875001,62.613427734374994],[26.9521484375,62.652392578125],[26.98261718750001,62.686376953125],[26.915820312500017,62.744384765625],[26.88007812500001,62.7958984375],[26.957128906250006,62.794189453125],[27.018359375000017,62.80009765625],[27.017968750000023,62.831933593749994],[27.084277343750017,62.8330078125],[27.09228515625,62.84248046875],[26.986328125,62.857666015625],[26.94990234375001,62.85166015625],[26.92724609375,62.858740234375],[26.888671875,62.894580078125],[26.894140625,62.916845703125],[26.92988281250001,62.912744140624994],[26.947656250000023,62.915625],[26.93125,62.940771484375],[26.977929687500023,62.998388671875],[27.033496093750017,63.019433593749994],[26.996484375000023,63.030810546875],[26.91669921875001,63.006591796875],[26.765039062500023,62.97958984375],[26.761523437500017,62.958984375],[26.729101562500006,62.95712890625],[26.713281250000023,62.928955078125],[26.74335937500001,62.865625],[26.73017578125001,62.835888671875],[26.68017578125,62.846044921875],[26.589746093750023,62.90087890625],[26.568359375,62.9]],[[14.622460937500023,58.298876953125],[14.686425781250023,58.394677734374994],[14.827343750000011,58.4615234375],[14.946191406250023,58.510888671874994],[14.9625,58.5392578125],[14.891406250000017,58.591650390625],[14.899707031250017,58.6349609375],[14.929003906250017,58.69990234375],[14.94091796875,58.75615234375],[14.933007812500023,58.78388671875],[14.962109375000011,58.835498046875],[14.968066406250017,58.848828125],[14.93212890625,58.8541015625],[14.81689453125,58.79111328125],[14.725683593750006,58.731347656249994],[14.631640625000017,58.679833984374994],[14.506640625000017,58.5607421875],[14.390527343750023,58.406298828125],[14.213183593750017,58.1501953125],[14.12109375,57.92451171875],[14.159277343750006,57.7962890625],[14.245019531250023,57.80947265625],[14.339257812500023,57.93330078125],[14.499414062500023,58.085498046875],[14.54345703125,58.138134765625],[14.582421875000023,58.20166015625],[14.622460937500023,58.298876953125]],[[26.59130859375,62.02177734375],[26.644140625,61.968310546875],[26.697558593750017,61.930712890625],[26.764062500000023,61.912744140624994],[26.809375,61.902490234374994],[26.8095703125,61.8873046875],[26.79609375000001,61.870556640625],[26.774218750000017,61.860888671875],[26.744042968750023,61.870751953124994],[26.713281250000023,61.885644531249994],[26.691992187500006,61.88798828125],[26.68603515625,61.8814453125],[26.683886718750017,61.871533203125],[26.667773437500017,61.8677734375],[26.631445312500006,61.88583984375],[26.60273437500001,61.916796875],[26.57539062500001,61.937451171875],[26.531347656250006,61.939111328124994],[26.52734375,61.928466796875],[26.540332031250017,61.915234375],[26.5244140625,61.89951171875],[26.49072265625,61.890283203124994],[26.463671875000017,61.87470703125],[26.41845703125,61.862890625],[26.376074218750006,61.870263671874994],[26.390625,61.905322265625],[26.427832031250006,61.945068359375],[26.441503906250006,61.962255859375],[26.411914062500017,61.976025390625],[26.351171875,61.934814453125],[26.305468750000017,61.899951171875],[26.2763671875,61.866162109375],[26.29023437500001,61.854052734375],[26.35,61.834326171875],[26.405859375,61.8091796875],[26.46826171875,61.7908203125],[26.553808593750006,61.75810546875],[26.664648437500006,61.68095703125],[26.758105468750017,61.611865234375],[26.778222656250023,61.5759765625],[26.796191406250017,61.55810546875],[26.810546875,61.57070312499999],[26.833789062500017,61.573486328125],[26.86962890625,61.56357421875],[26.88984375000001,61.5689453125],[26.88623046875,61.58076171875],[26.88427734375,61.593505859375],[26.87939453125,61.626123046874994],[26.83710937500001,61.647705078125],[26.77021484375001,61.666357421875],[26.743261718750006,61.694238281249994],[26.795019531250006,61.70322265625],[26.8625,61.6955078125],[26.9375,61.669873046875],[26.99824218750001,61.663671875],[27.037109375,61.662353515625],[27.04453125,61.671240234375],[27.042773437500017,61.688330078125],[27.027636718750017,61.704003906249994],[26.98261718750001,61.71220703125],[26.926660156250023,61.730029296875],[26.9,61.752978515625],[26.894335937500017,61.796533203124994],[26.876757812500017,61.854833984375],[26.880859375,61.87148437499999],[26.872949218750023,61.901757812499994],[26.819238281250023,61.9482421875],[26.754785156250023,61.975146484375],[26.7046875,61.993017578125],[26.639941406250017,62.011474609375],[26.588281250000023,62.037255859374994],[26.59130859375,62.02177734375]],[[26.21943359375001,61.841210937499994],[26.176367187500006,61.79814453125],[26.12646484375,61.767480468749994],[26.032324218750006,61.77216796875],[25.943945312500006,61.79599609375],[25.935546875,61.7857421875],[25.952734375,61.766845703125],[25.96601562500001,61.74326171875],[25.9546875,61.7166015625],[25.93085937500001,61.691455078125],[25.891406250000017,61.675390625],[25.9,61.64697265625],[25.958398437500023,61.618701171875],[26.006640625000017,61.58955078125],[26.059179687500006,61.5546875],[26.113671875000023,61.541650390624994],[26.148242187500017,61.545751953125],[26.158105468750023,61.56494140625],[26.172460937500006,61.600390625],[26.183203125,61.629345703125],[26.166796875000017,61.6529296875],[26.1435546875,61.66904296875],[26.123046875,61.657177734375],[26.103320312500017,61.647998046875],[26.085253906250017,61.65732421875],[26.07246093750001,61.678955078125],[26.07666015625,61.703955078125],[26.12128906250001,61.716210937499994],[26.182714843750006,61.729736328125],[26.24042968750001,61.717822265625],[26.346289062500006,61.655175781249994],[26.473242187500006,61.611572265625],[26.544921875,61.609277343749994],[26.567187500000017,61.6162109375],[26.570214843750023,61.62314453125],[26.563378906250023,61.6482421875],[26.54345703125,61.687548828125],[26.50703125000001,61.718164062499994],[26.46601562500001,61.7353515625],[26.43798828125,61.734912109375],[26.406347656250006,61.716796875],[26.354296875000017,61.71484375],[26.328710937500006,61.713818359375],[26.29462890625001,61.71611328125],[26.279101562500017,61.7328125],[26.278417968750006,61.7505859375],[26.265234375,61.78466796875],[26.24609375,61.822412109374994],[26.237402343750006,61.840966796874994],[26.21943359375001,61.841210937499994]],[[24.32148437500001,61.632714843749994],[24.309472656250023,61.621240234374994],[24.33320312500001,61.606591796874994],[24.357519531250006,61.587451171875],[24.305566406250023,61.552734375],[24.25410156250001,61.5294921875],[24.171191406250017,61.48359375],[24.043261718750017,61.423095703125],[24.017480468750023,61.369091796875],[24.03535156250001,61.31181640625],[24.02099609375,61.28203125],[23.980761718750017,61.255761718749994],[23.952050781250023,61.224023437499994],[23.918847656250023,61.210546875],[23.844824218750006,61.22822265625],[23.802539062500017,61.259912109374994],[23.773046875,61.28251953125],[23.781347656250006,61.214111328125],[23.874804687500017,61.183251953124994],[24.030175781250023,61.153857421875],[24.277246093750023,61.092675781249994],[24.352148437500006,61.073144531249994],[24.413964843750023,61.03583984375],[24.439257812500017,61.031201171875],[24.39570312500001,61.070556640625],[24.3369140625,61.119580078125],[24.329882812500017,61.139013671875],[24.354101562500006,61.141796875],[24.3720703125,61.14521484375],[24.35517578125001,61.161865234375],[24.295507812500006,61.186962890625],[24.24189453125001,61.1951171875],[24.176367187500006,61.182519531249994],[24.091796875,61.185107421875],[24.04072265625001,61.207177734374994],[24.013964843750017,61.230615234374994],[24.024023437500006,61.24677734375],[24.080468750000023,61.259521484375],[24.1611328125,61.28046875],[24.244531250000023,61.288720703124994],[24.279296875,61.2931640625],[24.24042968750001,61.31494140625],[24.15839843750001,61.327539062499994],[24.12841796875,61.34375],[24.15283203125,61.3759765625],[24.168554687500006,61.403515625],[24.171875,61.423095703125],[24.194238281250023,61.45673828125],[24.2646484375,61.496435546875],[24.341894531250006,61.52021484375],[24.469335937500006,61.527978515624994],[24.506738281250023,61.552490234375],[24.455664062500006,61.59013671875],[24.49335937500001,61.6140625],[24.557519531250023,61.639599609375],[24.6083984375,61.6544921875],[24.635156250000023,61.655517578125],[24.659277343750006,61.656103515625],[24.673632812500017,61.667822265625],[24.7021484375,61.7021484375],[24.69111328125001,61.72138671875],[24.603613281250006,61.702539062499994],[24.52412109375001,61.686914062499994],[24.490820312500006,61.67900390625],[24.496972656250023,61.6677734375],[24.481054687500006,61.647412109375],[24.454003906250023,61.626123046874994],[24.421972656250006,61.620849609375],[24.36767578125,61.628808593749994],[24.32148437500001,61.632714843749994]],[[23.785742187500006,61.72880859375],[23.775781250000023,61.755810546875],[23.758398437500006,61.785693359375],[23.85175781250001,61.834912109375],[23.953515625000023,61.88017578125],[23.962011718750006,61.893798828125],[24.004296875000023,61.90693359375],[24.052832031250006,61.927490234375],[24.10498046875,61.951074218749994],[24.11933593750001,61.988183593749994],[24.094335937500006,62.02021484375],[24.180761718750006,62.010302734375],[24.2939453125,61.99638671875],[24.377050781250006,61.989794921875],[24.41748046875,61.987353515625],[24.416796875000017,61.9953125],[24.482421875,62.00126953125],[24.549121093750017,61.993066406249994],[24.59912109375,61.964746093749994],[24.677636718750023,61.929150390625],[24.7060546875,61.921484375],[24.683886718750017,61.9494140625],[24.63398437500001,61.985888671875],[24.63046875,62.042724609375],[24.685937500000023,62.0953125],[24.708886718750023,62.133740234375],[24.728417968750023,62.180712890625],[24.722265625,62.198046875],[24.681542968750023,62.193603515625],[24.67353515625001,62.229296875],[24.661523437500023,62.265625],[24.6298828125,62.26279296875],[24.61083984375,62.25107421875],[24.61328125,62.227197265624994],[24.615136718750023,62.20478515625],[24.60078125000001,62.201074218749994],[24.585253906250017,62.196826171875],[24.582421875000023,62.180322265624994],[24.59931640625001,62.145654296874994],[24.611328125,62.108544921874994],[24.5947265625,62.09023437499999],[24.53271484375,62.106347656249994],[24.437890625000023,62.140771484374994],[24.362597656250017,62.155810546875],[24.34296875000001,62.145556640625],[24.38398437500001,62.119042968749994],[24.45859375,62.0994140625],[24.52412109375001,62.080908203125],[24.56513671875001,62.0453125],[24.49755859375,62.027246093749994],[24.37519531250001,62.02900390625],[24.324316406250006,62.030029296875],[24.30439453125001,62.042382812499994],[24.318945312500006,62.0728515625],[24.335351562500023,62.102685546874994],[24.320898437500006,62.114794921875],[24.30078125,62.1203125],[24.28535156250001,62.117041015625],[24.257421875,62.0802734375],[24.220117187500023,62.045068359374994],[24.18115234375,62.044580078124994],[24.126269531250017,62.057421875],[24.1171875,62.0921875],[24.12265625,62.123486328125],[24.1455078125,62.142578125],[24.180957031250017,62.157080078125],[24.12177734375001,62.15087890625],[24.033789062500006,62.154052734375],[23.979882812500023,62.15966796875],[23.95429687500001,62.159814453124994],[23.952929687500017,62.177587890625],[23.97900390625,62.20830078125],[23.999121093750006,62.23193359375],[23.967871093750006,62.233203125],[23.92822265625,62.22138671875],[23.915136718750006,62.18789062499999],[23.905859375,62.1541015625],[23.88496093750001,62.14208984375],[23.85498046875,62.1396484375],[23.810449218750023,62.1552734375],[23.75,62.15869140625],[23.701171875,62.16357421875],[23.68310546875,62.19111328125],[23.691210937500017,62.2134765625],[23.699023437500017,62.227441406249994],[23.675195312500023,62.226708984374994],[23.64453125,62.215478515624994],[23.637988281250017,62.1974609375],[23.64912109375001,62.165625],[23.6734375,62.136621093749994],[23.68427734375001,62.125048828125],[23.68125,62.11630859375],[23.738085937500017,62.102880859375],[23.87265625,62.094873046874994],[23.97382812500001,62.090185546875],[24.00341796875,62.0759765625],[24.014550781250023,62.038134765625],[24.015917968750017,62.00029296875],[24.02460937500001,61.98671875],[24.031640625000023,61.97421875],[23.951464843750017,61.9435546875],[23.865136718750023,61.9111328125],[23.859375,61.894140625],[23.861328125,61.879052734374994],[23.837792968750023,61.86982421875],[23.750878906250023,61.877197265625],[23.70820312500001,61.864794921875],[23.724511718750023,61.8357421875],[23.70332031250001,61.82451171875],[23.6923828125,61.809814453125],[23.679785156250006,61.77685546875],[23.66748046875,61.744921875],[23.6669921875,61.728076171875],[23.62060546875,61.7115234375],[23.602832031250017,61.68789062499999],[23.626757812500017,61.665234375],[23.631933593750006,61.65166015625],[23.602929687500023,61.646875],[23.5703125,61.64140625],[23.59931640625001,61.623388671875],[23.626757812500017,61.589257812499994],[23.63837890625001,61.556103515625],[23.676660156250023,61.53056640625],[23.70859375,61.510888671874994],[23.638769531250006,61.49072265625],[23.508691406250023,61.450732421875],[23.41552734375,61.41767578125],[23.36474609375,61.403125],[23.349023437500023,61.389550781249994],[23.38037109375,61.381884765625],[23.43964843750001,61.37148437499999],[23.485253906250023,61.331298828125],[23.572265625,61.296142578125],[23.675,61.275830078125],[23.71748046875001,61.261621093749994],[23.724511718750023,61.270263671875],[23.71748046875001,61.286865234375],[23.711816406250023,61.303759765625],[23.706835937500017,61.317333984375],[23.646484375,61.331396484375],[23.56757812500001,61.34814453125],[23.52753906250001,61.36884765625],[23.506738281250023,61.3908203125],[23.511035156250017,61.41904296875],[23.610742187500023,61.46025390625],[23.73046875,61.495361328125],[23.776464843750006,61.52099609375],[23.790820312500017,61.56025390625],[23.79804687500001,61.59921875],[23.784375,61.6123046875],[23.771777343750017,61.618115234375],[23.83369140625001,61.636474609375],[23.819921875,61.645947265625],[23.73945312500001,61.651025390624994],[23.74287109375001,61.672509765624994],[23.766992187500023,61.70322265625],[23.785742187500006,61.72880859375]]]]}},{"type":"Feature","properties":{"NAME":"Chukchi","ABBREVN":"Chukchi","wikipedia":"https://en.wikipedia.org/wiki/Chukchi_people","SUBJECTO":"Chukchi","BORDERPRECISION":1,"PARTOF":"Chukchi","polity_id":"ottoman_classical:chukchi","name":"Chukchi","ISO_A3":"CHUKCHI","ADM0_A3":"CHUKCHI","ADMIN":"Chukchi","fill_colour":"#2d6780","border_precision":1},"geometry":{"type":"MultiPolygon","coordinates":[[[[173.30378410077196,61.51909274574955],[165.25446552158908,62.30923357639421],[165.0671644540703,62.435687623933596],[164.13767531832812,62.53265341372852],[163.81841567477343,62.48973806949024],[163.34025100192187,62.411300264314455],[162.99024489840625,62.32608374209766],[163.00915053805468,62.17827948184375],[162.71056655367968,61.763187013582034],[162.76685622653125,61.67209967227344],[162.74877456149218,61.608985506013674],[162.45061782321093,61.55937918277149],[162.23524001559375,61.509925447419924],[161.53577712496875,61.18681677432422],[160.64498427828906,60.71775396914844],[160.118845972625,60.56362494082813],[160.0071058603203,60.591250978425784],[160.07699111422656,60.737586580232424],[160.23559096774218,60.94700964541797],[159.81551650485156,60.981082521394534],[159.74351027926562,61.09963568301563],[159.85686782321093,61.3024974689043],[160.05623916110156,61.51285132022266],[160.14934829196093,61.660167299226565],[160.11825087985156,61.75127752871875],[159.96580031832812,61.76504095645313],[159.45463088473437,61.56075247378711],[159.23105910739062,61.546310029939455],[159.10642531832812,61.70729025454883],[158.841258082,61.78396948428516],[158.757240470711,61.776473675468125],[161.9248583925694,68.14581896997709],[162.6183639908987,69.54029795336498],[163.0382337900078,69.5452075824297],[163.72240737399218,69.67448767276173],[164.05369094332812,69.66003759951954],[164.31817153414843,69.46485479922657],[164.63646987399218,69.41282232852345],[165.3301496835625,69.40657385440235],[166.30924514254687,69.37832983584767],[166.70035842379687,69.4316593036211],[167.32007888278125,69.65857275576954],[167.50323012789843,69.56856115908985],[167.92161086520312,69.32873877139454],[168.09997085055468,69.23150213809376],[168.59241774996875,69.11246069522267],[168.98606399020312,68.9633975848711],[169.11321547946093,68.78420599551563],[169.38860610446093,68.71748694033985],[170.0888929696953,68.77854498477345],[170.83280471285937,68.92194708438282],[170.90487197360156,69.0343204364336],[170.79320815524218,69.1840015277422],[170.4313001962578,69.55891760440235],[170.05626967867968,69.61091955752735],[170.23629287203906,69.76195105166798],[170.45170119723437,70.01921423526173],[171.30224135836718,69.97523077578907],[171.84838393649218,69.93847998233204],[172.35924819430468,69.90922888369923],[172.90816787203906,69.83476599307423],[173.00828078707812,69.69170721621876],[173.63665297946093,69.76070746035938],[174.57445815524218,69.78506048770313],[175.61097243746875,69.77942999453907],[176.19217971285937,69.71265753360157],[176.54601577242968,69.6229434833086],[177.07915786227343,69.53360327334767],[177.70499709567187,69.4896427020586],[178.04284194430468,69.4076114520586],[178.62885573825,69.25851782412892],[178.96496108492968,69.22913702578907],[179.28148940524218,69.1472583636797],[180,68.91989477725392],[180,67.96313055606251],[180,66.96313055606251],[180,65.96313055606251],[180,65.3816333636797],[180,65.31103094668751],[180,65.05193670840626],[180,64.95347937198048],[179.3091078134453,64.78647192569142],[179.01597121676562,64.77292975039845],[178.726023707,64.60632666201954],[178.47384170016406,64.57721289248829],[178.00438979586718,64.54774054141407],[177.84412673434375,64.58320959658985],[177.4266615243828,64.60673864932423],[177.37353042086718,64.76135595889454],[177.25146010836718,64.85610540957813],[177.02625564059375,64.84421881289845],[177.13465407809375,64.92744024844532],[176.71245864352343,64.7816577777422],[176.33170608004687,64.77292975039845],[176.18017104586718,64.86799200625782],[175.96505263766406,64.90365942569142],[176.155955347625,64.67792852969532],[175.89977553805468,64.54742773623829],[176.04404738864062,64.50115545840626],[176.46778396090625,64.40898474307423],[176.75323012789843,64.57114752383595],[176.93052199801562,64.55288275332813],[177.08159926852343,64.51739843936329],[177.08158400973437,64.30297430606251],[177.19323256930468,64.21035345645313],[177.53472426852343,64.08968695254688],[178.0111341806328,64.19211157412892],[177.81341079196093,64.04743536563282],[178.14725783785937,64.1566348895586],[178.17650893649218,64.00532110782032],[178.28776076754687,63.912913881257815],[178.37162307223437,63.74938162417774],[178.4026136728203,63.66409262271289],[178.07767775973437,63.42905005069141],[178.34437087496875,63.457957826570315],[178.5011244150078,63.38018759341602],[178.71395400485156,63.153731904939455],[178.93949416598437,63.08333548159961],[179.00428298434375,62.970199190095705],[178.93163588961718,62.76506765933399],[179.28769973239062,62.81507834048633],[179.23177627047656,62.63853796573047],[179.24216750582812,62.525699220613284],[179.04876235446093,62.391395173982424],[178.73766616305468,62.29927023501758],[178.45186904391406,62.31985434146289],[178.2502699228203,62.38287314029102],[177.69097426852343,62.45226629825],[177.2908430429375,62.48678549380664],[177.13486770114062,62.549964509919924],[177.19034865817187,62.67001303286914],[176.96834853610156,62.69078405948047],[176.83198073825,62.676410280183596],[176.58050063571093,62.42905005069141],[176.54911330660937,62.37968786807422],[175.1726332040703,61.96908529849414],[174.65267470797656,61.8908649310625],[174.5423078866875,61.89065512271289],[174.34871962985156,61.79903372378711],[174.2504377695,61.71468313784961],[173.92676833590625,61.6159625873125],[173.4809065195,61.60110052676563],[173.34258559664843,61.551822267488284],[173.30378410077196,61.51909274574955]]],[[[-180,66.96313055606251],[-180,67.96313055606251],[-180,68.91692694278126],[-178.89124008694532,68.64245184512501],[-178.12918564358594,68.37364538760548],[-177.70938583889844,68.29199560733204],[-175.99059006253125,67.84674414248829],[-175.51398178616407,67.66881140323048],[-175.42215439358594,67.60198553653126],[-175.38904282132032,67.50534399600392],[-175.18892380276563,67.31261023135548],[-175.00623032132032,66.95733221621876],[-175.10054489651563,66.76504858584767],[-174.63516708889844,66.40478857608204],[-174.1933335928047,66.28795965762501],[-174.20201584378125,66.3688159808672],[-174.06827255764844,66.43529089541798],[-174.09120651760938,66.52358587832813],[-174.37830063382032,66.69997747989063],[-174.37114426175,66.9437442645586],[-174.33661362210157,67.07699926944142],[-173.87494370022657,67.15932806582813],[-173.4322251943672,67.03428228946095],[-173.17439743557813,66.9903751239336],[-172.82922836819532,66.96141394229298],[-172.37796494046094,67.0140567645586],[-171.95799728909375,66.95566900821095],[-171.53966232815625,66.76436194033985],[-171.22723862210157,66.60267218203907],[-170.47313400784375,66.2949405536211],[-170.32910629788282,66.25848730655079],[-170.06616684475782,66.17817267032032],[-169.87270065823438,66.08316382022267],[-169.83243271389844,66.02456244082813],[-169.9869126943672,66.00963934512501],[-170.44873520413282,66.05273779483204],[-170.61266037503125,66.0377612933672],[-170.9761705068672,65.67843969912892],[-171.66856857815625,65.88923987002735],[-171.60648056546094,65.8088565692461],[-171.40962692776563,65.70685156436329],[-171.20030685940625,65.5611759051836],[-171.7300309805,65.61127050967579],[-172.18362900296094,65.58850439639454],[-172.72432419339063,65.76287420840626],[-173.0431413320625,65.80616339297657],[-172.9825944570625,65.74776037783985],[-172.85268112698438,65.63107641787892],[-172.81468674221875,65.6311450824297],[-172.56233688870313,65.51480444522267],[-172.47015854397657,65.37645300479298],[-172.4112291006172,65.17272528262501],[-172.43655869046094,65.02004583926563],[-172.80272385159375,64.99756201358204],[-173.16508957425,64.96792944522267],[-173.25040146389844,64.89551123233204],[-173.02515121975782,64.50645788760548],[-173.07701584378125,64.38398321719532],[-173.54488083401563,64.41909369082813],[-173.72377487698438,64.38278540225392],[-174.26068588772657,64.46094091983204],[-174.379445043,64.61921270938282],[-175.18715378323438,64.84854467959767],[-175.3008775381172,64.72565039248829],[-175.82738205471875,64.93402441592579],[-175.95168015042188,65.00617560000782],[-176.07092758694532,65.18765600772267],[-175.99268051663282,65.26787146182423],[-176.13722702542188,65.45704229922657],[-176.52850815335157,65.60957678408985],[-176.78275009671094,65.63828619571095],[-177.12561508694532,65.62305029483204],[-177.51186081448438,65.52012213321095],[-178.11627670803907,65.48249395938282],[-178.6535386709297,65.53986700625782],[-178.62723251858594,65.68596991153126],[-178.6969499258125,65.83212622256642],[-178.97508713284375,66.05139502139454],[-179.37857529202344,65.9959903583086],[-179.58118149319532,65.81180151553517],[-180,65.25922735782032],[-180,65.31103094668751],[-180,65.38161810489063],[-180,65.96313055606251],[-180,66.96313055606251]]]]}},{"type":"Feature","properties":{"NAME":"Denmark-Norway","ABBREVN":"DenmarkNorwa","wikipedia":null,"SUBJECTO":"Denmark-Norway","BORDERPRECISION":1,"PARTOF":"Denmark-Norway","polity_id":"ottoman_classical:denmark_norway","name":"Denmark-Norway","ISO_A3":"DENMARKNORWA","ADM0_A3":"DENMARKNORWA","ADMIN":"Denmark-Norway","fill_colour":"#764393","border_precision":1},"geometry":{"type":"MultiPolygon","coordinates":[[[[11.285398516265136,55.18856772036914],[11.230098757354003,55.33680685611133],[11.101924929229003,55.633670412019534],[11.29626182040332,55.67459448428516],[11.567736658660156,55.884776674226565],[11.728052172270996,55.661883912996096],[11.962490114775878,55.58126410098438],[12.052621874419433,55.70307882876758],[12.087997469512207,55.96697577090625],[12.237717661467773,55.98757132144336],[12.444047960845214,55.96765097232227],[12.46922496279834,55.71063192935352],[12.409100565520507,55.54833181949024],[12.344366106597167,55.50770529361133],[12.158434900847656,55.379092775300784],[12.42971900424121,55.244693361238284],[12.301355394927246,55.17028006167774],[12.076974901763183,54.99468954654102],[11.969614061919433,54.95418509097461],[11.90733245333789,55.02129324527149],[11.76722243746875,55.17599829287891],[11.584776911345703,55.162181459382815],[11.285398516265136,55.18856772036914]]],[[[19.218064341155273,79.74022253604298],[18.330594095793945,79.8823657855547],[18.695826563445312,80.08740576358204],[19.06761840304492,80.16498144717579],[19.39876655062793,80.36864813418751],[19.91539672335742,80.63342627139454],[20.524457010833007,80.32244452090626],[20.97366431674121,80.27496679873829],[21.475871119109375,80.31472357364063],[21.88118270358203,80.27680548282032],[22.197699579802734,80.12329443545704],[22.58739951571582,80.26860388369923],[22.826014551726562,80.47298773379688],[23.216382059661132,80.61079748721485],[23.076764139739257,80.24058874698048],[23.11540893038867,80.09633978457813],[23.49826148470996,80.09711798282032],[23.944243464080078,80.31975897403126],[24.421435389128906,80.4372745379961],[24.782862696257812,80.37966497989063],[25.033976587859375,80.16746862979298],[25.35129645785449,80.14890631289845],[26.254410776702148,80.19886358828907],[26.948615107146484,80.11370428653126],[27.19679549655078,79.9443546161211],[26.96863082369922,79.85386236758595],[26.06695846041797,79.57410009951954],[25.336686167327148,79.40301092715626],[24.85516074618457,79.37533911319142],[24.416337046233398,79.3121524676836],[23.820517572966796,79.14745672793751],[20.99829390963672,79.1910816058672],[20.983325037566406,79.36089666934376],[21.654866251555664,79.47809942813282],[21.970780405608398,79.7828555926836],[21.252636942473632,79.78903540225392],[20.344210657683593,79.7962833270586],[19.561673197356445,79.76781805606251],[19.218064341155273,79.74022253604298]]],[[[14.25808814486621,79.53364904971485],[14.316590342131835,79.72191961856251],[14.574694666472656,79.78525885196095],[14.810112032500488,79.80369146914845],[15.237189325896484,79.58918341250782],[15.77414325198291,79.24228247256642],[16.133173975554687,79.13635595889454],[16.38881209811328,79.23457678408985],[16.289153132048828,79.36790808291798],[16.081957850066406,79.52817877383595],[15.935030970183593,79.7429386004961],[15.916598352996093,79.84177740664845],[16.32628348788379,80.02513464541798],[16.776646647063476,79.9785571918047],[16.995327982512695,79.89783819766407],[17.57058051547168,79.88994177432423],[17.834054026213867,79.80945166201954],[17.79819396456836,79.62093695254688],[17.72217849215625,79.48664435000782],[17.76900580844043,79.4153018817461],[18.015986475554687,79.36228521914845],[18.350546869841796,79.51463659854298],[18.548739466277343,79.55971869082813],[18.846463236418945,79.38169439883595],[19.15158179720996,79.23094519229298],[19.50487426241992,79.16055639834767],[19.931851420012695,79.10815008731251],[20.68418792208789,78.91487463565235],[20.908095392791015,78.80939062686329],[20.321175608245117,78.68498571963673],[19.429148707,78.58662756533985],[19.11582282504199,78.45454748721485],[18.786776575652343,77.93978460879688],[18.3886156412041,77.541621767],[17.82944396456836,77.48894842715626],[17.48486045321582,77.2480655536211],[17.279892954436523,76.98295935244923],[17.26699927767871,76.81286200137501],[16.912959131804687,76.71886786075001],[16.662911448088867,76.72687109561329],[15.94610312899707,76.88682135196095],[15.098876032439453,77.11526831241017],[14.484577211943847,77.37091406436329],[14.77792457064746,77.53477057071095],[15.482050928679687,77.55328711123829],[16.2868090005791,77.6151538714922],[16.711554560271484,77.7886157855547],[16.41804793795703,77.90059240908985],[15.59807780703662,77.8383975848711],[14.893422159758789,77.78515204043751],[14.13102916201709,77.76640661807423],[13.905090365020019,77.99990423770313],[14.336516413298828,78.02679022403126],[14.953421625701171,78.12359198184376],[15.920889887419921,78.26488073916798],[16.617047342864257,78.46726568789845],[15.480342897979003,78.64941748233204],[15.083908114043457,78.78065069766407],[14.819029841033203,78.71849402041798],[14.352827105132324,78.42791327090626],[13.871756586638671,78.29587896914845],[13.61843207797168,78.26922949405079],[13.062086138335449,78.34677466006642],[12.910100969878417,78.42518194766407],[12.43747333010791,78.59088476748829],[12.074569735137207,78.69565161319142],[11.760330233184082,78.88018377871876],[12.524833712187988,79.05856665225392],[12.156988176909667,79.3154483661211],[11.545166048613769,79.17202337832813],[11.335225138274414,79.20714148135548],[10.9194412561333,79.54516943545704],[11.284340891448242,79.70714148135548],[11.516539606658203,79.71653326602345],[12.000311884490234,79.77136572451954],[12.457693132964355,79.75425299258595],[12.717382464019042,79.78171118350392],[13.252219233123046,79.80073126407032],[13.282957110015136,79.48708685489063],[13.396730455962402,79.43371161075001],[14.158891710845214,79.36382635684376],[14.25808814486621,79.53364904971485]]],[[[18.148331,57.235275000000115],[18.158054,57.315826],[18.142498,57.409439],[18.115276000000108,57.480827],[18.110275,57.496109],[18.109997,57.513054000000125],[18.111385,57.51944],[18.119164,57.531105],[18.138611,57.551109],[18.179165,57.588333],[18.191441,57.596138],[18.211941000000138,57.605827],[18.227776,57.611382000000106],[18.242222,57.61749300000014],[18.249165,57.62082700000013],[18.276108,57.634163000000115],[18.29472,57.645828],[18.338886,57.681664],[18.355831000000137,57.69583100000011],[18.381943,57.718605],[18.401665,57.738609],[18.41972,57.760277],[18.456387,57.802773],[18.461388,57.8077770000001],[18.46722,57.811943],[18.48111,57.818604],[18.681942,57.913605],[18.689999,57.916107],[18.71611,57.921104],[18.724998,57.922775],[18.881943,57.919716],[18.902496,57.918327],[18.914165,57.917496],[19.004719,57.908607],[19.006107,57.90361],[19.003887000000134,57.898888],[19.033333,57.826942],[18.929443,57.739716],[18.848888,57.721107],[18.809166,57.703606],[18.793331,57.659164],[18.75972,57.508049],[18.768055,57.472221],[18.769444,57.467216],[18.78833,57.448326],[18.71444300000013,57.246941000000106],[18.711941,57.241661],[18.658054,57.220833],[18.551941,57.182777],[18.514721000000122,57.169441],[18.498333,57.165276],[18.455555,57.156944],[18.439442,57.152771],[18.417221,57.144165],[18.397221,57.134163],[18.391388,57.12999700000012],[18.386665,57.124992],[18.345554,57.07972],[18.341389,57.073883],[18.339165,57.06860400000011],[18.335552,57.023331],[18.335831,57.017494],[18.34333,57.014442],[18.346664,56.998604000000114],[18.302498,56.937492],[18.294998000000135,56.934715],[18.215553,56.913055],[18.206108,56.911942],[18.168888,56.909996],[18.147778,56.911942],[18.140274,56.914993],[18.142498,56.920273],[18.158333,56.94166600000011],[18.209164,56.989166],[18.256664,57.032219],[18.254444,57.079163],[18.173332,57.141937],[18.148331,57.235275000000115]]],[[[10.768937143889648,59.11769064517383],[10.656806025115234,59.22439535708789],[10.549271616545898,59.37863119693164],[10.633557352629882,59.44985159488086],[10.569742235747558,59.58050497622852],[10.407057795134765,59.49734839053516],[10.378625902739746,59.36674841494922],[10.429588350859863,59.25997122378711],[10.363341364470703,59.212535463289065],[10.211065325347167,59.070289216951174],[10.172335657683593,58.98736532779102],[9.937624010649902,58.94000204654102],[9.697579416838867,58.999217592195315],[9.346200022307617,58.84530981631641],[9.371620211211425,58.78614767642383],[9.145894083586914,58.65606649966602],[8.921734842864257,58.53789099307422],[8.175240549651367,58.17204626651172],[8.153747591582519,58.08954580874805],[8.03019622286914,58.06597860904102],[7.90843108615039,58.06597860904102],[6.958641085234863,57.97173651309375],[6.874181303588134,58.0777545795],[6.725660833922607,58.13668783755664],[6.64365533312915,58.04241140933399],[6.479116472808105,58.08954580874805],[6.651709589568359,58.17204626651172],[6.231332335082275,58.27817877383594],[5.873840365020019,58.431598268464846],[5.615484270659667,58.45521505923633],[5.39973500689624,58.71517523379688],[5.530999216643554,58.880809389070315],[5.474647554961425,58.975528322175784],[5.627488169280273,58.96367987246875],[5.665794405547363,58.82164724917774],[5.793662104216796,58.916324220613284],[6.093553576079589,58.797977052644534],[5.983710798827392,58.886722169832034],[6.041155848113281,58.95184286685352],[6.266145262328369,58.99328573794727],[6.050548109618408,58.98144491763477],[5.940400633422119,58.9340778216875],[5.822302374449951,59.01698263736133],[5.771857294646484,59.076217256501955],[6.032578501311523,59.200667940095705],[6.237526449767334,59.283694826082034],[6.020303759185058,59.2540355548418],[5.877495798674804,59.313350282625],[6.076250586119873,59.42016562075977],[6.113430533019287,59.52704580874805],[5.815908941832763,59.313350282625],[5.79950192889331,59.43203695865039],[5.680468592253906,59.50923117251758],[5.682913813201171,59.414229951814455],[5.717149290648681,59.337073884919924],[5.528521570769531,59.26589926333789],[5.343843969908935,59.26589926333789],[5.350331816283447,59.39049109073047],[5.282588991729003,59.27183111758594],[5.176648649779541,59.30741461367969],[5.086604151335937,59.50923117251758],[5.382628950682861,59.71127279849414],[5.41855767687915,59.51516684146289],[5.449307474700195,59.65776403994922],[5.64616826495288,59.58645208926563],[5.74112323245166,59.62804373355274],[5.666552576628906,59.67559774966602],[5.96990159472583,59.71127279849414],[6.185389551726562,59.82426031680469],[5.910496267882568,59.75289496035938],[5.694047484008056,59.75289496035938],[5.543337854949218,59.82426031680469],[5.631734404174072,59.883765779451174],[5.805763277617675,59.94925268741016],[5.894064459410888,60.1612621173418],[5.524619612303955,60.167525850251955],[5.279052290526611,60.12533529849414],[5.096230539885742,60.26413305850391],[5.261776003447753,60.327132783845705],[5.551142248717529,60.508887849763674],[5.45583156069873,60.59240683169727],[5.255226645079834,60.56414373965625],[5.075472387877685,60.591693483308596],[4.980375322905761,60.68924292178516],[5.108526739684326,60.90610846133594],[5.387047800627929,61.025584779695315],[5.11961272677539,61.13709982486133],[5.018313440886718,61.30513723941211],[5.140952620116455,61.38955648990039],[5.101146254149658,61.69858893008594],[5.148983511534912,61.740882478669924],[5.416030916777832,61.7695384845293],[5.592420134154541,61.78969534488086],[5.797088179198486,61.76991232486133],[5.833900007811767,61.819408021882815],[5.719467672911865,61.87954672427539],[5.528184446898681,61.93255194278125],[5.425686392394287,62.009261690095705],[5.469670805541259,62.09369619937305],[5.564593824950439,62.15030249209766],[5.823631319609863,62.179019533113284],[6.053489241210205,62.33480032534961],[6.308390650359375,62.28582724185352],[6.532513651458007,62.335696779207034],[6.612958941069824,62.58333548159961],[6.988682779875976,62.54157217593555],[7.289257082549316,62.48556479068164],[7.546737703887207,62.599254213289065],[7.101563486663085,62.70464285464649],[6.981860193816406,62.846141420320315],[7.088180098143798,62.91019781680469],[7.606488260833007,62.904056154207034],[7.989161524382812,62.94026907534961],[8.23129371127246,62.841407381013674],[8.25796607455371,63.0543170795],[8.472289118376953,63.17551764102344],[8.60590365847705,63.32509573550586],[8.957197222319824,63.40404089541797],[9.154221567717773,63.31901892276172],[9.216067347136718,63.28356131167774],[9.440897974578125,63.49752386660938],[9.832105669585449,63.68362005801563],[9.870058092681152,63.87643393130664],[10.06615928134082,64.05550726504688],[10.739846262541992,64.38617285342579],[10.890596422759277,64.47251471133595],[10.996618303862792,64.49424322696095],[11.213500055876953,64.41573675723438],[11.364055666533691,64.41601904483204],[11.50772193392871,64.51671942325001],[11.406536135283691,64.61703833194142],[11.46994117220996,64.67464026065235],[11.689727816191894,64.7756534442461],[11.895566973296386,64.91273077578907],[12.112141642180664,65.12991674991017],[12.222211870757324,65.10114630313282],[12.526453051177246,65.10895117373829],[12.496170076934082,65.38447149844532],[12.284087214080078,65.43488653750782],[12.47921851595996,65.61703070254688],[12.709057840911132,65.90887793155079],[13.08738902529834,65.8804126605547],[13.10879901370166,66.03374060244923],[13.151907000151855,66.1361270770586],[13.581009897795898,66.18811377139454],[13.402801546660644,66.34881933780079],[13.255395922270996,66.39254339785938],[13.16864779910205,66.45833929629688],[13.242076906768066,66.56853064151173],[13.383193049041015,66.67895086856251],[13.592026743499023,66.65732153506642],[13.991646799651367,66.68745764346485],[13.74718955477832,66.9224048480547],[13.85906699618457,66.95944555850392],[14.054739031401855,66.97455938907032],[14.37307837924121,67.09309729190235],[14.63926890811084,67.12311132998829],[14.777660402861816,67.21653326602345],[14.61647323092578,67.24526556582813],[14.56920817813037,67.32934149356251],[14.699147257415039,67.37438543887501],[14.976157221404296,67.52293737979298],[15.226662668791992,67.50855597110157],[15.384503397551757,67.46444281192188],[15.579943689910156,67.58331640811329],[15.745667490569335,67.59729345889454],[15.761817965117675,67.6762882098711],[15.572235140410644,67.8206973895586],[15.854214701262695,67.92523535342579],[15.919741663542968,68.0489688739336],[16.071057352629882,68.04467352481251],[16.232728037444335,67.91109045596485],[16.411614451018554,67.87424810977345],[16.648547205535156,68.04574926944142],[16.52190307101367,68.34090002627735],[16.71914008578418,68.31135901065235],[17.0332746835625,68.33763464541798],[17.126420054045898,68.41608007998829],[16.854756388274414,68.5577808246172],[17.039734873381835,68.65852697940235],[17.406914743987304,68.77154120059376],[17.448914560881835,68.88699682803517],[17.565863642302734,68.97436865420704],[17.894713434783203,69.0350757464922],[17.928147348967773,69.00507696719532],[18.05154517611621,69.02785833926563],[18.09735396823047,69.0580020770586],[18.319052729216796,69.35937841983204],[18.55324080905078,69.24687536807423],[18.984845194426757,69.31544073672657],[19.17015555819629,69.25552710147267],[19.289172205535156,69.2105899676836],[19.57997992953418,69.18105658145313],[19.821213755217773,69.36973150821095],[18.958706888762695,68.29369696231251],[18.771016616033968,67.93787713452745],[18.7469645500527,67.89227966242137],[18.74696455005269,67.89227966242137],[18.771016616033958,67.93787713452744],[17.253725252939528,68.09256540649444],[14.699372164712281,66.12362694363401],[17.472515463420798,65.01672578106371],[17.329752674630463,64.82637539600992],[17.73117869600067,64.55875804842978],[16.660709305680115,63.75590600568937],[15.049652873247693,63.52575508677045],[13.154899574959657,62.024227120513196],[12.791736635771972,61.32994803042774],[12.597381624785644,61.02862127871875],[12.174038920012695,60.956405244783205],[12.431030306426269,60.62584646792774],[12.547958407012207,60.43387182803516],[12.435860666838867,60.27809866519336],[12.422772440520507,60.03877981753711],[12.42775975367419,59.92575407062508],[11.861094354692419,59.670201926465886],[11.792694512591618,59.63935528161971],[11.682593086374926,58.88532367542883],[11.440369948698207,58.89670084414736],[11.363298950346524,59.10650408964644],[11.171302719007878,59.061639878237116],[11.178854975310546,59.070289216951174],[11.112050089446289,59.16510733218555],[10.829190287200195,59.1058421954668],[10.768937143889648,59.11769064517383]]],[[[8.116614374724609,56.09225805850391],[8.124479326812011,56.207477174714846],[8.183429751006347,56.43146475406055],[8.308830294219238,56.479205690339846],[8.452236208525878,56.41160162539844],[8.674888643828613,56.357745729402346],[8.868578943816406,56.61611136050586],[9.002701792327148,56.65715750308399],[9.135852846709472,56.46041830630664],[9.311874422637207,56.481124483064455],[9.322062525359375,56.718936525300784],[9.370146784392578,56.882266603425784],[9.834623369780761,56.88994177432422],[10.216188463774902,56.8498493060625],[10.229683909026367,56.60512503238086],[10.313760790435058,56.46947439761524],[10.825824770537597,56.44329031558399],[10.888675722686035,56.36874731631641],[10.75066855868457,56.09728201480274],[10.496092829314453,56.03362616153125],[10.442480120269042,56.15090139956836],[10.293446573821289,56.137069307283205],[10.175156626311523,56.07587393374805],[10.229878458586914,55.95089300723438],[10.147146257964355,55.76489218325977],[10.007120165435058,55.73038824649219],[9.975747141448242,55.62034948916797],[9.690073046294433,55.6048656329668],[9.738321065610545,55.534428382057676],[9.749,55.54],[9.813,55.547],[9.824,55.547],[9.832,55.545],[9.835,55.54],[9.835,55.527],[9.838,55.522],[9.843,55.519],[9.856,55.512],[9.865,55.51],[9.883,55.506],[9.895,55.506],[9.905,55.506],[9.922,55.51],[9.936,55.515],[10,55.541],[10.074,55.557],[10.125,55.568],[10.149,55.574],[10.165,55.579],[10.178,55.584],[10.213,55.599],[10.29,55.615],[10.299,55.617],[10.31,55.617],[10.327,55.612],[10.399,55.589],[10.406,55.586],[10.485,55.532],[10.474,55.515],[10.452,55.482],[10.445,55.479],[10.428,55.468],[10.422,55.464],[10.416,55.453],[10.418,55.447],[10.42,55.442],[10.426,55.439],[10.437,55.438],[10.469,55.437],[10.479,55.438],[10.6,55.483],[10.606,55.486],[10.609,55.492],[10.614,55.519],[10.617,55.564],[10.613,55.592],[10.607,55.602],[10.603,55.607],[10.611,55.617],[10.614,55.619],[10.619,55.619],[10.627,55.617],[10.634,55.61],[10.658,55.59],[10.662,55.585],[10.744,55.497],[10.747,55.491],[10.745,55.482],[10.791,55.363],[10.828,55.307],[10.835,55.294],[10.834,55.29],[10.816,55.205],[10.812,55.186],[10.786,55.128],[10.783,55.122],[10.779,55.118],[10.74,55.067],[10.733,55.064],[10.726,55.062],[10.666,55.061],[10.627,55.061],[10.616,55.061],[10.599,55.058],[10.584,55.053],[10.529,55.029],[10.519,55.029],[10.498,55.029],[10.153,55.084],[10.135,55.117],[10.151,55.122],[10.154,55.127],[10.153,55.133],[10.15,55.137],[10.119,55.179],[10.108,55.186],[10.099,55.188],[10.006,55.193],[9.897,55.28],[9.897,55.286],[9.888,55.337],[9.887,55.342],[9.811,55.437],[9.768,55.467],[9.729,55.474],[9.70448052681578,55.48347343282118],[9.630183252898437,55.45940741153125],[9.543865236846191,55.35126455874805],[9.51656154116748,55.223067842439455],[9.517821344939453,55.128680787996096],[9.421020540801269,54.97648199649219],[9.49598220309375,54.93829306216602],[9.610262903777343,54.880042634919924],[9.864443811980468,54.72629126162891],[9.986687693206054,54.592444978669924],[9.978010210601074,54.49014624209766],[9.864808115569335,54.41139944644336],[10.06492808779834,54.43389471621875],[10.141728434172851,54.33675345034961],[9.884802785007942,54.25410314727822],[9.826653504847892,54.27590912733824],[9.739429584607816,54.27590912733824],[9.674011644427761,54.18868520709817],[9.448683183807567,54.18868520709817],[9.44141452378756,54.24683448725822],[9.296041323387435,54.24683448725822],[9.259698023287404,54.304983767418264],[9.216086063167367,54.29044644737825],[9.165205443027324,54.31952108745828],[9.136130802947298,54.29771510739826],[9.05617554272723,54.3485957275383],[8.961682962467147,54.27590912733824],[8.884012255278808,54.229449830964846],[8.580725702849609,54.19368704409961],[8.553946528044921,54.27543982119922],[8.852422747222167,54.331649385408205],[8.950601610747558,54.418555818513674],[8.742068323699218,54.60780294986133],[8.595986399260742,54.76135214419727],[8.616097483245117,54.88736303897266],[8.64507487734912,55.06904562564258],[8.559559855071289,55.356124483064455],[8.481338533965332,55.3492389545],[8.318970713225585,55.481074892],[8.214038881865722,55.398597322419924],[8.03456691226123,55.47591360659961],[8.125073465911132,55.63582953067188],[8.320030245391113,55.76773413272266],[8.316974672881347,55.848914705232424],[8.116614374724609,56.09225805850391]]],[[[10.479459795562011,57.759131990388674],[10.558055910674316,57.74505194278125],[10.401182207671386,57.505878053621096],[10.45072844943164,57.45803030581836],[10.46283725222705,57.24166067691211],[10.333290133086425,57.17146261783008],[10.256552729216796,57.00591238589649],[9.503004107085449,56.97506292910938],[9.33376124819873,57.02273901553516],[9.141241106597167,57.008712373689455],[9.078547510710937,57.036761842683596],[8.97088054141162,57.00029715152149],[8.847024950591308,56.98628195376758],[8.778081926909667,56.798480592683596],[8.665981325713378,56.700458131746096],[8.507121119109375,56.64726599307422],[8.470928225127441,56.59688910098438],[8.368228945342285,56.66685827823047],[8.183486971465332,56.798480592683596],[8.35887340029834,57.02273901553516],[8.534035715666992,57.140582643464846],[8.661300692168457,57.10409887881641],[8.959858927336914,57.13216360659961],[9.302420649138671,57.165843568757815],[9.448685679045898,57.22761496158008],[9.849259409514648,57.58178671450977],[10.28952125033496,57.671859346345705],[10.390136751738769,57.660594545320315],[10.479459795562011,57.759131990388674]]],[[[15.426993333335687,56.765740886896175],[16.06315060859225,56.39623928206121],[16.031445536223632,56.353072725251955],[15.770541224089843,56.0332103595293],[15.696229014006835,56.06096228213672],[15.49704078158496,56.1672435626543],[15.220801386443359,56.08036383242969],[14.652893099395019,56.120616517976565],[14.605230364409667,55.980784975007815],[14.491827997771484,56.01803930850391],[14.258925470916015,55.89928015323047],[14.12602141818164,55.666583620027346],[14.28635028323291,55.51549490542774],[14.1171951623833,55.34711416812305],[13.901111635771972,55.405154787019534],[13.823299440947753,55.421817384675784],[13.301851305571777,55.300696931794924],[12.802372011748535,55.3529125079668],[12.801919970122558,55.416766725496096],[12.887555155364257,55.45160635562305],[12.859313997832519,55.532916627839846],[12.985865625945312,55.666583620027346],[12.699014696685058,55.90509756656055],[12.513357195464355,56.120616517976565],[12.414413485137207,56.24304159732227],[12.652379068938476,56.29553183169727],[12.61543563326953,56.43560751529102],[12.80480674227832,56.40119894595508],[12.871575388518554,56.51151617617969],[12.78585914095996,56.616683565095705],[12.65748122653125,56.61083944888477],[12.52603248080371,56.78039511294727],[12.288620981780273,56.87985571475391],[12.005142244902832,57.325206361726565],[11.876622233000976,57.325206361726565],[12.318003044583083,57.679593854704954],[12.52438182794218,57.390663558002224],[12.730760611301278,57.43193931467404],[12.895863637988557,56.977905991284025],[13.226069691363112,57.101733261299486],[13.432448474722209,56.52387266789401],[14.17541209481496,56.81280296459675],[14.484980269853605,56.68010333567053],[15.426993333335687,56.765740886896175]]],[[[14.887,55.229],[14.997,55.187],[15.065,55.162],[15.074,55.16],[15.091,55.155],[15.123,55.149],[15.134,55.144],[15.141,55.139],[15.149,55.129],[15.15,55.089],[15.148,55.082],[15.107,55.026],[15.103,55.021],[15.077,55.001],[15.061,54.996],[15.052,54.995],[15.043,54.995],[14.942,55.013],[14.882,55.029],[14.747,55.065],[14.729,55.073],[14.68,55.1],[14.678,55.102],[14.699,55.215],[14.744,55.292],[14.746,55.296],[14.76,55.304],[14.764,55.306],[14.77,55.306],[14.799,55.282],[14.806,55.276],[14.813,55.269],[14.82,55.261],[14.825,55.257],[14.839,55.251],[14.887,55.229]]],[[[16.486,56.231],[16.474,56.224],[16.437,56.211],[16.43,56.209],[16.421,56.211],[16.416,56.215],[16.411,56.225],[16.403,56.274],[16.392,56.465],[16.393,56.529],[16.396,56.536],[16.42,56.586],[16.543,56.776],[16.612,56.868],[16.617,56.874],[16.629,56.879],[16.645,56.884],[16.749,56.94],[16.848,57.064],[16.9,57.135],[16.959,57.224],[16.963,57.229],[16.966,57.242],[16.96,57.257],[16.959,57.274],[16.961,57.28],[16.966,57.294],[16.973,57.305],[16.983,57.316],[16.993,57.325],[17.01,57.337],[17.022,57.345],[17.036,57.352],[17.057,57.359],[17.099,57.351],[17.106,57.348],[17.124,57.321],[17.051,57.187],[17.009,57.132],[16.961,57.075],[16.927,57.038],[16.88,56.93],[16.848,56.844],[16.841,56.832],[16.837,56.827],[16.828,56.825],[16.817,56.826],[16.808,56.824],[16.785,56.81],[16.779,56.806],[16.77,56.796],[16.727,56.702],[16.636,56.519],[16.577,56.407],[16.571,56.394],[16.569,56.388],[16.57,56.377],[16.572,56.372],[16.575,56.367],[16.576,56.361],[16.572,56.355],[16.553,56.326],[16.496,56.241],[16.486,56.231]]],[[[12.072,54.786],[12.055,54.775],[11.981,54.71],[11.97,54.699],[11.963,54.685],[11.961,54.676],[11.959,54.663],[11.96,54.648],[11.963,54.63],[11.968,54.609],[11.974,54.587],[11.979,54.576],[11.98,54.57],[11.979,54.567],[11.969,54.562],[11.964,54.562],[11.945,54.567],[11.929,54.573],[11.923,54.576],[11.872,54.651],[11.871,54.667],[11.878,54.688],[11.892,54.701],[11.899,54.719],[11.856,54.774],[11.802,54.839],[11.793,54.845],[11.782,54.849],[11.756,54.855],[11.752,54.859],[11.709,54.937],[11.713,54.942],[11.732,54.954],[11.742,54.959],[11.751,54.961],[11.767,54.962],[11.847,54.956],[11.851,54.955],[11.865,54.948],[11.997,54.904],[12.02,54.896],[12.038,54.892],[12.061,54.891],[12.079,54.894],[12.085,54.894],[12.096,54.892],[12.104,54.89],[12.111,54.887],[12.119,54.882],[12.137,54.869],[12.168,54.842],[12.169,54.839],[12.169,54.836],[12.167,54.834],[12.158,54.829],[12.12,54.806],[12.107,54.8],[12.089,54.794],[12.078,54.789],[12.072,54.786]]],[[[11.834,54.661],[11.785,54.64],[11.776,54.641],[11.736,54.645],[11.723,54.651],[11.694,54.656],[11.641,54.662],[11.588,54.664],[11.579,54.663],[11.522,54.642],[11.473,54.623],[11.466,54.62],[11.461,54.619],[11.456,54.619],[11.451,54.621],[11.377,54.647],[11.35,54.659],[11.315,54.676],[11.278,54.7],[11.262,54.707],[11.246,54.712],[11.191,54.726],[11.144,54.737],[11.126,54.74],[11.099,54.742],[11.032,54.756],[11.026,54.759],[11.02,54.763],[10.995,54.783],[10.991,54.787],[10.99,54.791],[11.025,54.814],[11.014,54.89],[11.014,54.896],[11.027,54.91],[11.032,54.915],[11.042,54.923],[11.058,54.935],[11.071,54.941],[11.119,54.951],[11.136,54.954],[11.164,54.957],[11.193,54.957],[11.24,54.957],[11.276,54.95],[11.288,54.943],[11.331,54.919],[11.336,54.916],[11.34,54.911],[11.347,54.896],[11.351,54.892],[11.361,54.884],[11.393,54.868],[11.409,54.862],[11.514,54.83],[11.564,54.822],[11.643,54.878],[11.642,54.901],[11.642,54.904],[11.644,54.906],[11.649,54.907],[11.657,54.904],[11.709,54.875],[11.735,54.855],[11.845,54.77],[11.849,54.766],[11.862,54.746],[11.862,54.743],[11.858,54.689],[11.856,54.683],[11.844,54.669],[11.834,54.661]]],[[[21.904501310419565,56.35003932005873],[20.945448908416015,56.069957338289065],[20.91600707491992,56.09667166324024],[20.9490461679375,56.473189912751955],[20.96482757052539,56.60902365298633],[21.02205184420703,56.683875642732424],[21.32437995394824,56.854415498689455],[21.339747461882812,57.17707022281055],[21.459588083831054,57.24960669131641],[21.579514536467773,57.37260016055469],[21.67733100375293,57.46365698428516],[21.810254129973632,57.475379548982424],[22.28540328463672,57.565040193513674],[22.35992721041797,57.58566626162891],[22.432965311614257,57.615558229402346],[22.56363776644824,57.615558229402346],[22.585421595183593,57.508651338533205],[22.881373438445312,57.334144197419924],[23.070889505950195,57.26131781192188],[23.174664530364257,57.04849203677539],[23.215449366179687,56.98066671939258],[23.29676389381104,56.944608841665996],[22.856604043909087,56.32438359862234],[22.745429251018063,56.35003932005873],[21.904501310419565,56.35003932005873]]],[[[-24.218850102814454,65.53374060244923],[-24.16153618374707,65.60662420840626],[-23.972643819245118,65.68710669131642],[-23.570521321686524,65.68056830020313],[-23.26697060147168,65.72486456485157],[-23.426138844879883,65.82667120547657],[-23.608294454010743,65.9796329364336],[-23.465569463166016,66.13343390078907],[-23.341095891388672,66.13366278262501],[-22.910920110138672,65.94440802188282],[-22.609297719391602,65.92308386416798],[-22.474139180573243,65.9963794574297],[-22.56005569973828,66.11318548770313],[-22.84109398404004,66.28103979678517],[-22.676369634064454,66.39130743594532],[-22.209818807038086,66.28955420108204],[-21.779072728546875,66.25373419375782],[-21.443249669464844,66.12991674991017],[-21.24248978176953,65.88181646914845],[-21.296168294342774,65.69941290469532],[-21.494715657624024,65.56796606631642],[-21.07972046414258,65.20544775576954],[-20.830618825348633,65.36559637637501],[-20.67248245755078,65.42404516787892],[-20.38892647305371,65.47545202823048],[-20.16844650784375,65.55589636416798],[-20.141276326569336,65.65056952090626],[-20.217385259064454,66.00059851260548],[-19.973305669220704,66.11072882266407],[-19.747664418610352,65.90652807803517],[-19.556010213288086,65.76826056094532],[-19.33599564114453,65.67393072696095],[-19.239182439240235,65.66683539004688],[-19.15589424649121,65.72528418155079],[-19.274529424103516,65.92930182071095],[-19.165436711701172,66.00257452578907],[-19.0441236166084,66.01741369815235],[-18.67629906216504,66.09119757266407],[-18.369032826813477,65.89450415225392],[-18.12792679348828,65.78552588076954],[-17.883769002350586,65.75682409854298],[-17.861041036041993,65.83708532901173],[-18.02248283902051,66.07779272647267],[-17.569674458893555,66.01286657901173],[-16.92214104214551,65.97755011172657],[-16.567986455353516,66.02934607119923],[-16.375685658844727,66.13209112735157],[-16.38522240200879,66.45441778750782],[-15.859886136444825,66.4187198504961],[-15.573985066803711,66.20676764102345],[-15.070752110871094,66.06138952823048],[-14.763337102326172,66.05466040225392],[-14.640680280121583,65.94529303164845],[-14.75407120266797,65.69707068057423],[-14.400113072785157,65.5666919574297],[-13.646900144013184,65.49534185977345],[-13.58978840390088,65.43004187198048],[-13.525573697479981,65.18334539981251],[-13.557373967560547,65.00938757510548],[-13.62584396878125,64.89389380069142],[-13.694187131317872,64.77862890811329],[-13.8934249548042,64.72070654483204],[-14.260321584137696,64.71282538028126],[-14.348122563751954,64.66953619571095],[-14.365896191986817,64.47555883975392],[-14.597537961395997,64.2671314105547],[-14.821200337799805,64.19502600283985],[-15.07680889645459,64.2089038714922],[-15.266535725983399,64.28020819278126],[-15.634139981659668,64.05748327823048],[-15.876496282013672,63.99265631289844],[-16.533839192780274,63.78413351626758],[-16.91753860989453,63.73341330142383],[-17.24438187161328,63.732825838044924],[-17.591462102326172,63.689342103914065],[-17.944104161652344,63.424842439607424],[-18.156922307404297,63.36746176333789],[-18.641863789948243,63.32381781192188],[-18.96079155484082,63.33746298404102],[-19.553091969879883,63.4146800860918],[-19.826746907624024,63.47830160708789],[-20.40394684353711,63.69834478946094],[-20.879881825836915,63.74029120059375],[-21.07912346402051,63.711341463044924],[-21.547505345734375,63.71762045474414],[-22.372910466583985,63.77318533511524],[-22.50658890286328,63.865821443513674],[-22.31133743801953,63.951984010652346],[-21.804110494049805,64.11036261172657],[-21.48847481289746,64.3761401996172],[-21.85671326199414,64.38261755557423],[-22.08617874661328,64.4395938739336],[-22.278605428131836,64.61880072207813],[-22.392422643097657,64.66170080752735],[-22.553589787873047,64.62545355410938],[-23.25753113308789,64.57384070010548],[-23.508307423981446,64.55902441592579],[-23.67457672634961,64.65931280703907],[-23.61116692105176,64.74570044131642],[-23.436671224030274,64.80359228701954],[-23.135647740753907,64.84733923526173],[-22.778422322663086,64.85519751162892],[-22.450291600617188,64.90623053164845],[-21.978291478546875,64.9503360614336],[-21.80916496792676,65.03735693545704],[-21.728949513825196,65.18245276065235],[-21.79375931301953,65.29845007510548],[-21.95479675808789,65.37804754825001],[-22.146489110382813,65.38492163272267],[-22.361592259796875,65.44994696231251],[-22.813721623810547,65.47090490908985],[-23.183239903839844,65.42658575625782],[-23.37422844448926,65.35358770938282],[-23.678452458771485,65.31669958682423],[-24.14688774624707,65.43931921573048],[-24.218850102814454,65.53374060244923]]]]}},{"type":"Feature","properties":{"NAME":"Mi'kma'ki","ABBREVN":"Mi'kma'ki","wikipedia":null,"SUBJECTO":"Mi'kma'ki","BORDERPRECISION":1,"PARTOF":"Mi'kma'ki","polity_id":"ottoman_classical:mi_kma_ki","name":"Mi'kma'ki","ISO_A3":"MIKMAKI","ADM0_A3":"MIKMAKI","ADMIN":"Mi'kma'ki","fill_colour":"#7c316d","border_precision":1},"geometry":{"type":"MultiPolygon","coordinates":[[[[-61.24845978299024,45.79276617617969],[-61.4087533620918,46.04556234927539],[-61.38057419339063,46.33138998599414],[-61.04663178006055,46.66355475039844],[-60.62712189236524,47.132892213777346],[-60.259755101593754,46.938312135652346],[-60.42846008816602,46.74282034488086],[-60.47882935086133,46.53463705630664],[-60.58390900174024,46.38494452090625],[-60.701649632843754,46.33273275943164],[-60.96255203762891,46.18930395694141],[-61.07202621975782,45.98780783267383],[-60.8369874624336,45.8779369220293],[-60.761254277619145,45.89105948062305],[-60.63574692288282,46.00814398379688],[-60.446495976837895,46.170840822175784],[-60.16898056546094,46.314288698152346],[-60.02992722073438,46.2885700091875],[-59.807160344513676,46.081195436433596],[-59.88658234158399,45.92523153872852],[-59.997216191681645,45.853622041658205],[-60.507443395050785,45.66449698062305],[-60.814118352326176,45.644427858308596],[-61.02502914944532,45.669959627107424],[-61.24845978299024,45.79276617617969]]],[[[-66.02990433255079,49.16588171573047],[-65.36736771145704,49.23263891787891],[-64.95240494290235,49.20725592227344],[-64.54969498196485,49.07711371035938],[-64.32045456448438,48.94668539615039],[-64.2592286733711,48.86175497622852],[-64.19431397000196,48.65261801333789],[-64.25091263333204,48.5544505939043],[-64.39767166653516,48.45612295718555],[-64.87422653714063,48.32453116031055],[-65.2130860952461,48.12142523379688],[-65.4744386343086,48.10134085269336],[-65.85462662258985,48.205062471345705],[-66.18143173733594,48.18482931704883],[-66.47154709378125,48.09939154239063],[-66.3456544546211,48.06365545840625],[-65.83716293850782,47.960513673738284],[-65.76066299954297,47.90591391177539],[-65.64544388333204,47.70579870791797],[-65.61233994046094,47.66335638614063],[-65.02792831936719,47.88165243716602],[-65.04041763821485,47.78462179751758],[-64.8251237539375,47.8513255939043],[-64.65790268460157,47.778548799470705],[-64.82006546536329,47.675479494050784],[-64.92393967190625,47.56031759829883],[-64.87363907376172,47.439132295564455],[-64.94693466702344,47.43307074160938],[-64.98009201565625,47.33010061831836],[-65.38958450833204,47.13028296084766],[-64.84222122708204,47.124225221589846],[-64.80747696438672,47.03948935122852],[-64.89159866848829,46.91241415591602],[-64.85052963772657,46.71886786075],[-64.79732224026563,46.75515326114063],[-64.6897706655586,46.69467505069141],[-64.71813675442579,46.634227357820315],[-64.6966066030586,46.54354818911914],[-64.53875443020704,46.33810766787891],[-64.53479477444532,46.27165945620899],[-64.1639032034004,46.247508607820315],[-64.09448334256055,46.20523413272266],[-64.07633682766797,46.23542746158008],[-63.74918076077344,46.16900595279102],[-63.89088913479688,46.10862310977344],[-64.05869766751172,46.11466559024219],[-64.08001419583204,46.05429419131641],[-63.84349152127149,45.987899385408205],[-63.74844070950391,45.87928732486133],[-63.49218842068555,45.91548117251758],[-63.431210484894535,45.855140291169924],[-63.335961308869145,45.86118658633594],[-63.27559372464063,45.78276403994922],[-63.08744904080274,45.80085714908008],[-63.12107178250196,45.8491168841875],[-62.7416391042793,45.818954072908205],[-62.633114781769535,45.770701967195315],[-62.72609039822461,45.68022879214649],[-62.61699005642774,45.728473268464846],[-62.49985977688672,45.71641119571094],[-62.38964172879102,45.72244604678516],[-62.07625290432813,45.885318361238284],[-61.93980118313672,45.9215160235918],[-61.89317413845899,45.75863226504688],[-61.72339340725782,45.68625982852344],[-61.48120972195508,45.740542970613284],[-61.26151367703321,45.55361136050586],[-61.443722691925785,45.439090333894534],[-61.40336700955274,45.39089163394336],[-61.03208633938672,45.37883337588672],[-60.95838638821485,45.30050619693164],[-61.19283005276563,45.246295534089846],[-61.26517578640821,45.30050619693164],[-61.40005203762891,45.240272127107424],[-61.3471078542793,45.19810827823047],[-61.57892319241407,45.19810827823047],[-61.68282791653516,45.21617468448047],[-61.63366028347852,45.143905244783205],[-61.83627029934766,45.12584265323047],[-61.81096741238477,45.07767065616016],[-62.01047989407422,45.07165487857227],[-62.06810089627149,45.00542791934375],[-62.27053543606641,44.98737295718555],[-62.436207738312504,44.8732868060625],[-62.47688385525586,44.921310029939455],[-62.79448029080274,44.795245729402346],[-62.81516739407422,44.7712360248125],[-63.05326935330274,44.71121557803516],[-63.10667511502149,44.83126410098438],[-63.22998520413282,44.78324469180469],[-63.30328842678907,44.66320379825],[-63.38769623318555,44.74722632022266],[-63.4185189870918,44.63320120425586],[-63.51650711575391,44.59719427676563],[-63.558861699494145,44.513187013582034],[-63.78971954861524,44.513187013582034],[-63.82587524929883,44.549190126375],[-63.90214630642774,44.57318838687305],[-63.88782974758985,44.72922094912891],[-63.99667068997266,44.56719168277149],[-64.0875978139961,44.513187013582034],[-64.14651581326368,44.627200685457034],[-64.30579849758985,44.61519583316211],[-64.28634354153516,44.507186494783205],[-64.39108749905469,44.48919256778125],[-64.25063034573438,44.453189454988284],[-64.23605057278516,44.35721167178516],[-64.28229233303907,44.3032298907793],[-64.36075302639844,44.33321341128711],[-64.70627304592969,44.12932165713672],[-64.64902969876172,44.05736502261524],[-64.75465866604688,44.0034137591875],[-64.84202286282422,43.97943838687305],[-64.83514114895704,43.883521638826174],[-64.90763565579297,43.93746908755664],[-64.87052628079297,43.85955008120899],[-64.96812149563672,43.823592744783205],[-65.03088089505079,43.871539674714846],[-64.98755356350782,43.757667146638674],[-65.08738419094922,43.72771032901172],[-65.15293594876172,43.76366385074024],[-65.2196550039375,43.76366385074024],[-65.24873825589063,43.703738771394534],[-65.31887527981641,43.75168188662891],[-65.4282960561836,43.649818025544924],[-65.46712204495313,43.518016420320315],[-65.55764481106641,43.619857393220705],[-65.7125749258125,43.55995138736133],[-65.78162857571485,43.64382132144336],[-65.93871780911329,43.85955008120899],[-66.00088974514844,43.75168188662891],[-66.18949600735547,44.141307435945315],[-65.98447891751172,44.48919256778125],[-65.85662552395704,44.56118353457813],[-65.84080215969922,44.61519583316211],[-65.99815079251172,44.56118353457813],[-66.15902420559766,44.44119223208789],[-66.19296738186719,44.48919256778125],[-65.7770280508125,44.71721609683399],[-65.72095963040235,44.651202760652346],[-65.63328262844922,44.69321020694141],[-65.749318089875,44.741221986726565],[-65.2531251577461,44.9753490314043],[-64.75375839749219,45.22821768374805],[-64.45788284817579,45.39089163394336],[-64.30675980130079,45.348704896882815],[-64.33691879788282,45.15595205874805],[-64.25649735012891,45.18003424258594],[-64.14059540310743,45.053592287019534],[-64.16034790554883,45.143905244783205],[-64.16806503811719,45.22220190616016],[-63.88350388089063,45.318580232576174],[-63.5548715261543,45.37883337588672],[-63.46848389187696,45.348704896882815],[-63.37751099148633,45.38486059756641],[-63.44608017483594,45.427039705232424],[-63.73991486111524,45.45114477725391],[-64.00769897976758,45.427039705232424],[-64.19676300564649,45.45114477725391],[-64.55859848538282,45.45717581363086],[-64.69618698635938,45.445113740876955],[-64.80934616604688,45.40896566958789],[-64.9200944570625,45.36678274722461],[-64.90547653714063,45.463199220613284],[-64.39771744290235,45.71641119571094],[-64.3732194570625,45.806888185457034],[-64.25983139553907,45.843089662507815],[-64.28317734280469,45.9215160235918],[-64.51857468167188,45.79482611270313],[-64.47478958645704,45.85515173526172],[-64.70088669339063,46.084476076082034],[-64.56178757229688,45.885318361238284],[-64.72378250637891,45.66816671939258],[-64.87137314358594,45.66213949771289],[-65.75974747219922,45.29448278994922],[-65.88757034817579,45.258338533357424],[-66.05067917385938,45.348704896882815],[-66.1525163320625,45.37883337588672],[-66.04915329495313,45.288463197664065],[-66.40353104153516,45.10778006167774],[-66.43519489122934,45.13295071256959],[-67.35399553963548,48.845890707072265],[-66.97269913235547,48.95458944888477],[-66.49335190335157,49.06023367495899],[-66.02990433255079,49.16588171573047]]]]}},{"type":"Feature","properties":{"NAME":"Nogai Horde","ABBREVN":"Nogai Horde","wikipedia":null,"SUBJECTO":"Nogai Horde","BORDERPRECISION":1,"PARTOF":"Nogai Horde","polity_id":"ottoman_classical:nogai_horde","name":"Nogai Horde","ISO_A3":"NOGAIHORDE","ADM0_A3":"NOGAIHORDE","ADMIN":"Nogai Horde","fill_colour":"#4b88dd","border_precision":1},"geometry":{"type":"MultiPolygon","coordinates":[[[[52.39368128550821,58.006158181747665],[57.91962708705991,49.915139550039214],[60.9995241976131,45.40559389032003],[60.610626661788565,45.43391941014539],[53.15386220104647,45.977036067128125],[53.20320037325976,46.190833650544924],[53.257151636687496,46.316722475007815],[53.185217890349605,46.42462118716602],[53.12227538546679,46.496558748201174],[53.16723159274218,46.58647497744922],[53.284129175749996,46.676395021394534],[53.23017791232226,46.73034628482227],[53.185217890349605,46.86522635074024],[53.0233641000664,46.91917761416797],[52.8615103097832,46.93716009707813],[52.55578521212695,46.982120119050784],[52.46586516818164,46.91018255801563],[52.37594893893359,46.874217592195315],[52.14215758761523,46.83824881167774],[51.93534759005664,46.89220007510547],[51.79147628268359,47.00909384341602],[51.67458251437304,47.03607138247852],[51.36885741671679,47.09002264590625],[51.11708358248828,47.06304510684375],[50.82035354098437,46.91917761416797],[50.63152221163867,46.91018255801563],[50.27184966525195,46.68538626284961],[49.94814208468554,46.55950125308399],[49.72334578951953,46.53252371402149],[49.534514460173824,46.54151877017383],[49.4086294504082,46.43361624331836],[49.31320479830859,46.35268744082813],[49.23778441866992,46.262767396882815],[49.05794433077929,46.13688238711719],[48.88709929904101,46.082931123689455],[48.83314803561328,46.082931123689455],[48.83314803561328,46.01998861880664],[48.83314803561328,45.92107733340625],[48.770205530730465,45.885108552888674],[48.63532927950976,45.97502859683399],[48.48246673068164,45.885108552888674],[48.30262664279101,45.76821478457813],[48.01488784274218,45.71426352115039],[47.87101653536914,45.67829855533008],[47.75412276705859,45.71426352115039],[47.67319777926562,45.75023230166797],[47.628237757292965,45.732249818757815],[47.60126403292773,45.66031225772266],[47.6552114816582,45.54341848941211],[47.556304010955074,45.4534984454668],[47.47537520846484,45.318622194246096],[47.39445022067187,45.17475088687305],[47.250578913298824,44.98592337222461],[47.169653925505855,44.86003836245899],[47.02578261813281,44.78810080142383],[46.87292006930468,44.68019827456836],[44.75488708305846,44.439494870378866],[43.88049339662065,44.81423502170936],[43.38083986151332,46.1882822432545],[42.25661940752185,46.81284916213865],[40.63274541842304,46.68793577836182],[40.50783203464621,47.4374160810228],[39.258698196877916,48.43672315123745],[37.884650975332775,49.186203453898436],[36.399390447085466,49.03577483535195],[36.21089289929995,49.90865626512748],[35.703942673594156,50.41560649083327],[33.87892186105334,50.21282640055096],[33.87892186105334,51.12533680682136],[33.169191545065246,51.429506942244835],[31.34417073252444,50.922556716539056],[31.3834429809477,52.001472615205095],[31.29667568999392,52.955912815696706],[31.3834429809477,53.25959833403495],[32.468034117869976,53.08606375212738],[32.20773224500863,54.43095676191101],[31.556977562855266,54.30080582548034],[31.426826626424592,54.908176862156814],[31.730512144762827,54.95156050763371],[31.513593917378373,55.55893154431019],[31.253292044517025,55.602315189787085],[31.20990839904013,55.73246612621775],[31.505095298919084,56.49019397682515],[30.173626059638128,56.27996199167552],[28.77207949197396,56.700425961974766],[28.09070157816403,56.748443185898836],[29.51794622544137,58.07518298196989],[29.995166325687176,58.20533391840056],[30.47238642593298,57.77149746363165],[32.71775016048841,57.19928098997599],[34.8586889411295,56.12881159965544],[35.12630628870964,54.38929884038454],[36.598201700400395,54.25549016659448],[38.337714459671304,54.38929884038454],[38.7391404810415,55.19215088312495],[40.74627058789254,54.38929884038454],[43.9576787588542,54.79072486175475],[44.76053080159461,55.32595955691503],[45.42957417054495,57.466898337556124],[45.96480886570524,57.734515685136266],[52.39368128550821,58.006158181747665]]]]}},{"type":"Feature","properties":{"NAME":"Kazan Khanate","ABBREVN":"Kazan Khanate","wikipedia":null,"SUBJECTO":"Kazan Khanate","BORDERPRECISION":1,"PARTOF":"Kazan Khanate","polity_id":"ottoman_classical:kazan_khanate","name":"Kazan Khanate","ISO_A3":"KAZANKHANATE","ADM0_A3":"KAZANKHANATE","ADMIN":"Kazan Khanate","fill_colour":"#856138","border_precision":1},"geometry":{"type":"MultiPolygon","coordinates":[[[[67.77105734843805,54.636729080019315],[57.91962708705991,49.915139550039214],[52.39368128550821,58.006158181747665],[55.465224704800136,58.13594170650648],[62.021849720513515,58.80498507545682],[63.49374513220428,59.87545446577737],[64.04068893103295,60.75897906388522],[66.23717739179192,60.061705351508834],[64.63161108652106,58.48461409950466],[64.2273343596377,57.66184452184806],[64.67878500938362,55.97380969520192],[67.77105734843805,54.636729080019315]]]]}},{"type":"Feature","properties":{"NAME":"Quazaq Khanate","ABBREVN":"Quazaq Khanate","wikipedia":null,"SUBJECTO":"Quazaq Khanate","BORDERPRECISION":1,"PARTOF":"Quazaq Khanate","polity_id":"ottoman_classical:quazaq_khanate","name":"Quazaq Khanate","ISO_A3":"QUAZAQKHANAT","ADM0_A3":"QUAZAQKHANAT","ADMIN":"Quazaq Khanate","fill_colour":"#a75e35","border_precision":1},"geometry":{"type":"MultiPolygon","coordinates":[[[[76.88256430509976,54.37259339979909],[87.09286217134431,49.56098122805075],[80.31638335428576,42.77691134612837],[78.70718966995693,42.52121703677807],[68.78248445418943,40.944221880530336],[68.6327991869434,40.92043750242774],[60.610626661788565,45.43391941014539],[60.9995241976131,45.40559389032003],[57.91962708705991,49.915139550039214],[67.77105734843805,54.636729080019315],[68.59135730718171,54.282036137997714],[76.88256430509976,54.37259339979909]]]]}},{"type":"Feature","properties":{"NAME":"Bukara Khanate","ABBREVN":"Bukara Khanate","wikipedia":null,"SUBJECTO":"Bukara Khanate","BORDERPRECISION":1,"PARTOF":"Bukara Khanate","polity_id":"ottoman_classical:bukara_khanate","name":"Bukara Khanate","ISO_A3":"BUKARAKHANAT","ADM0_A3":"BUKARAKHANAT","ADMIN":"Bukara Khanate","fill_colour":"#2539d0","border_precision":1},"geometry":{"type":"MultiPolygon","coordinates":[[[[78.70718966995693,42.52121703677807],[84.47416517596388,36.882204808548515],[80.13166779602547,36.882204808548515],[79.3294463680683,35.62846298322298],[77.26429212972629,36.843848494346396],[75.24566308931769,38.031852974832695],[73.80860288146245,38.031852974832695],[71.5657266349665,36.91041485158471],[71.25292928660991,38.04134741809666],[70.57914546021149,38.20979337469626],[69.89885480118284,37.78461171280335],[68.78248445418943,40.944221880530336],[78.70718966995693,42.52121703677807]]]]}},{"type":"Feature","properties":{"NAME":"France","ABBREVN":"France","wikipedia":null,"SUBJECTO":"France","BORDERPRECISION":1,"PARTOF":"France","polity_id":"ottoman_classical:france","name":"France","ISO_A3":"FRANCE","ADM0_A3":"FRANCE","ADMIN":"France","fill_colour":"#34837b","border_precision":1},"geometry":{"type":"MultiPolygon","coordinates":[[[[3.039267615601351,42.8691948199401],[2.948875128434636,42.882970675163364],[2.824998419760575,42.849753178372794],[2.701121711086515,42.73002220618929],[2.489624891399095,42.71892429041346],[2.48056074198392,42.68561863167925],[2.272085305434892,42.69006041846055],[2.102887849684956,42.61450685035179],[1.728236340524384,42.501004432498135],[1.731257723662776,42.54553979026787],[1.79168538643061,42.57892047388559],[1.755428788769909,42.596716202383234],[1.577167183604798,42.64785062076061],[1.45631185806913,42.61895371848023],[1.320455842331295,42.60500633270455],[1.307450089064819,42.63517340274219],[0.744199428168518,42.77189215274219],[0.584142002669555,42.77189215274219],[0.591923627463562,42.628333650544924],[0.347843679991943,42.63517340274219],[0.196265372840148,42.607825838044924],[0.179550382701141,42.66251715274219],[-0.165626824440974,42.64883764834766],[-0.203663793,42.70031317325],[-0.216141254248637,42.717200838044924],[-0.409914609583634,42.785567842439455],[-0.46883657256009,42.75139196963672],[-0.586789485605973,42.765060029939455],[-0.611982133778351,42.73087652774219],[-0.840018358620423,42.90865286441211],[-0.907353666218537,42.881297670320315],[-1.397272315415162,43.031756959871096],[-1.44755240956189,42.98387869449024],[-1.515127864273804,42.997562013582034],[-1.557671156319397,43.04543264956836],[-1.465651359947937,43.15488775821094],[-1.491382804306763,43.20962103457813],[-1.702391829880494,43.19593771548633],[-1.914577808769959,43.3054157123125],[-1.746070232781189,43.36016043277149],[-1.561407771500367,43.524425111726565],[-1.314379182251709,44.558963380769534],[-1.135849919708985,44.600101076082034],[-1.230320539864319,44.730411134675784],[-1.331778016480225,44.61382635684375],[-1.275514092835206,45.12873037906055],[-1.175191727074402,45.50050314517383],[-1.123440351876038,45.431617341951174],[-0.900364187153595,45.29391058535938],[-0.814226653965729,45.12184103579883],[-0.728486028107422,45.01864203067188],[-0.854702380093354,45.321448884919924],[-1.138394918831604,45.58316382022266],[-1.247395124825257,45.688148103669924],[-1.236505594643372,45.8000446185625],[-1.075199690254944,46.01461752505664],[-1.165981498154419,46.18368109317188],[-1.256056633385437,46.30683096499805],[-1.402668443115967,46.403934083894534],[-1.710726466568726,46.44879110904102],[-1.942478146942872,46.70579870791797],[-2.129660334976929,46.85084494204883],[-2.004645553025025,47.04250296206836],[-2.109477606209534,47.124042116121096],[-2.263749804886597,47.18288382144336],[-2.493711915406006,47.24692114444141],[-2.575529757440609,47.32396831560688],[-2.010361521016347,47.745650369834415],[-1.75196905427781,48.17821145459153],[-1.999109269065851,48.67695685862887],[-1.870566811951416,48.711742006257815],[-1.857612696083802,48.60836752505664],[-1.591356840523499,48.63750036807422],[-1.456587758454102,48.683551393464846],[-1.575547900589722,48.76814230533008],[-1.588412251862305,48.88095053286914],[-1.563408580216187,49.036239229158205],[-1.579779472740906,49.2290111407793],[-1.638999786766785,49.219607912019534],[-1.891543593796509,49.526351533845705],[-1.941284146698731,49.70930441470508],[-1.52424713650586,49.65277060122852],[-1.250969496163147,49.69987829776172],[-1.288660493286866,49.520972810701174],[-1.177143421562928,49.33254965396289],[-1.023191001805085,49.39845999331836],[-0.464948442372101,49.35137899966602],[-0.239364930036086,49.28548773379688],[-0.203663793,49.291812501863284],[0.032870042530281,49.33370550723438],[0.330848249999267,49.45495565982227],[0.090372207967025,49.51055487246875],[0.115054044333679,49.60227545352344],[0.189372840729934,49.681026063875],[0.528559717742187,49.8258014545],[0.868757519332153,49.90724905581836],[1.274518880454284,50.00430258365039],[1.416228327361328,50.10984381289844],[1.551989111510498,50.22880896182422],[1.528296861258728,50.57772787661914],[1.58892014941333,50.821883760408205],[1.796177011925293,50.92141446442835],[1.825507855919507,50.24268837026159],[1.986621837213834,50.21967208721954],[1.986621837213834,50.08157438896726],[2.14773581850816,50.058558105925215],[2.400914931970674,50.196655804177496],[2.677110328475234,50.1506232380934],[2.907273158895701,49.94347669071498],[3.482680234946868,49.920460407672934],[3.820330011313015,50.039445521196306],[4.25521547314937,49.88723560955358],[5.361129202599225,49.69675577726925],[5.698878313039287,49.391190828942065],[5.909256214734315,49.200859868256885],[5.903866258970996,49.19576772523377],[5.611623228616965,49.209684060012535],[5.722953906847073,48.959190033994794],[5.87603358941347,49.070520712224905],[6.00128060242234,48.90352469487974],[5.83428458507718,48.77827768187087],[6.015196937201104,48.653030668862],[5.945615263307287,48.34687130372921],[6.237858293661318,48.29120596461415],[6.251774628440081,47.95721392992383],[6.098694945873683,48.02679560381765],[6.056945941537394,47.95721392992383],[5.95953159808605,47.98504659948136],[5.95953159808605,47.80413424735743],[5.820368250298417,47.73455257346362],[5.917782593749759,47.59538922567598],[5.792535580740889,47.5118912170034],[5.778619245962126,47.358811534437],[5.736870241625835,47.233564521428136],[5.667288567732019,47.10831750841926],[5.793872737848062,46.99723694590705],[5.757015581895596,46.88666547804965],[5.646444114038196,46.84980832209718],[5.625539563395728,46.64907846072007],[5.739656950049963,46.59782978772308],[5.724926528903053,46.4799864185478],[5.645716162577157,46.4567227963447],[5.415587684817945,46.52417768198853],[5.325494087615898,46.398046645905666],[5.268283473348847,46.31795178593179],[5.533431053993224,46.096995468728146],[5.533431053993224,46.008612941846685],[5.356666000230306,46.052804205287416],[5.356666000230306,45.876039151524495],[5.607083159727774,45.84657830923068],[5.823360340496054,45.39624171880529],[5.934538658337518,45.32212284024432],[5.946891804764347,45.26035710811017],[6.058070122605811,45.22329766882968],[6.033363829752153,45.334475986671144],[6.082776415459469,45.371535425951635],[6.144542147593617,45.32212284024432],[6.218661026154592,45.34682913309798],[6.26807361186191,45.32212284024432],[6.24336731900825,45.29741654739066],[6.280426758288739,45.19859137597602],[6.507319483367187,45.115707002595705],[6.665318045226318,44.95452078433399],[6.942603621093017,44.86865194888477],[7.003469976989013,44.71953543277149],[6.924694094268066,44.71501883120899],[6.782917532531005,44.54787405581836],[6.869778189269287,44.34917028994922],[6.786905761788741,44.296811686817485],[6.786905761788741,44.197986515402846],[6.836318347496059,44.11151449041504],[6.885730933203376,44.14857392969553],[6.935143518910694,44.1362207832687],[6.972202958191182,44.062101904707724],[6.996909251044841,44.04974875828089],[6.922790372483864,43.97562987971992],[6.959849811764352,43.91386414758577],[6.885730933203376,43.901511001158944],[6.922790372483864,43.81503897617114],[7.355150497422891,43.901511001158944],[7.397118601409179,43.76409491153125],[7.297616514769775,43.667300783113284],[6.923080000487548,43.44766577334766],[6.523014101592285,43.15085180850391],[6.331224951354248,43.11186941714649],[6.18777850588916,43.092288576082034],[5.828570398894531,43.020816408113284],[5.646554979888183,43.03331717105274],[5.434490236846191,43.103656373933596],[5.051816973296386,43.32809790225391],[4.909845861998779,43.366439424470705],[4.750594648925048,43.35325964541797],[4.646513971892578,43.320865236238284],[4.416764769164306,43.34614523501758],[4.078196081725341,43.48708685489063],[3.807468924132568,43.467227540925784],[3.478712830153686,43.31209524722461],[3.317868027297241,43.19595297427539],[3.067900213805419,42.944564424470705],[3.039267615601351,42.8691948199401]]]]}},{"type":"Feature","properties":{"NAME":"Spain","ABBREVN":"Spain","wikipedia":null,"SUBJECTO":"Spain","BORDERPRECISION":1,"PARTOF":"Spain","polity_id":"ottoman_classical:spain","name":"Spain","ISO_A3":"SPAIN","ADM0_A3":"SPAIN","ADMIN":"Spain","fill_colour":"#5e792f","border_precision":1},"geometry":{"type":"MultiPolygon","coordinates":[[[[-8.860485997589844,42.0145336017168],[-8.798570599945801,42.194530092195315],[-8.644062962921875,42.419749818757815],[-8.805045094879883,42.63155706973438],[-8.941723790558594,42.824195466951174],[-9.173123326691407,42.85590323062305],[-9.246859517487305,42.900775514558596],[-9.270803418549317,43.048690401033205],[-9.197466817291993,43.158214174226565],[-9.01358982602002,43.28085669131641],[-8.849216428192872,43.326243959382815],[-8.595722165497559,43.339618287996096],[-8.310413327606934,43.35304983706836],[-8.250697102936524,43.4304271564043],[-8.220224347504395,43.61720999331836],[-7.979528870972413,43.740054689363284],[-7.636274781616944,43.721412263826174],[-7.151302304657715,43.554942689851565],[-6.8079757360542,43.523421846345705],[-6.467573609741944,43.56272467227344],[-6.208046403321045,43.640521608308596],[-5.979656186493653,43.70537909121875],[-5.820451226624268,43.70568808169727],[-5.537417855652588,43.57745321841602],[-5.224896397980469,43.507247529939455],[-4.802335706146973,43.46944388003711],[-4.110216107758301,43.45151098819141],[-3.847605910691041,43.43916281314258],[-3.4170004991615,43.37565191836719],[-3.195965257080811,43.446883760408205],[-3.007205691727417,43.55027350039844],[-2.768362489136475,43.53787573428516],[-2.367384400757569,43.326243959382815],[-2.065644708069581,43.333270631746096],[-1.914577808769959,43.3054157123125],[-1.702391829880494,43.19593771548633],[-1.491382804306763,43.20962103457813],[-1.465651359947937,43.15488775821094],[-1.557671156319397,43.04543264956836],[-1.515127864273804,42.997562013582034],[-1.44755240956189,42.98387869449024],[-1.397272315415162,43.031756959871096],[-0.907353666218537,42.881297670320315],[-0.840018358620423,42.90865286441211],[-0.611982133778351,42.73087652774219],[-0.586789485605973,42.765060029939455],[-0.46883657256009,42.75139196963672],[-0.409914609583634,42.785567842439455],[-0.216141254248637,42.717200838044924],[-0.203663793,42.70031317325],[-0.165626824440974,42.64883764834766],[0.179550382701141,42.66251715274219],[0.196265372840148,42.607825838044924],[0.347843679991943,42.63517340274219],[0.591923627463562,42.628333650544924],[0.584142002669555,42.77189215274219],[0.744199428168518,42.77189215274219],[1.307450089064819,42.63517340274219],[1.320455842331295,42.60500633270455],[1.45631185806913,42.61895371848023],[1.577167183604798,42.64785062076061],[1.755428788769909,42.596716202383234],[1.79168538643061,42.57892047388559],[1.731257723662776,42.54553979026787],[1.728236340524384,42.501004432498135],[2.102887849684956,42.61450685035179],[2.272085305434892,42.69006041846055],[2.48056074198392,42.68561863167925],[2.489624891399095,42.71892429041346],[2.701121711086515,42.73002220618929],[2.824998419760575,42.849753178372794],[2.948875128434636,42.882970675163364],[3.039267615601351,42.8691948199401],[3.001891169158203,42.77080877871875],[3.045898947325927,42.53945501895313],[3.087081465331298,42.36864431949024],[3.086528334227783,42.329112611726565],[3.086286100951416,42.1207233295],[3.156553778258544,42.075721345857424],[3.128878864852172,41.85722693057422],[2.628259214965087,41.61954077334766],[2.200590166655761,41.44614752383594],[2.080724749175292,41.29848822207813],[1.60982862433551,41.20915564151172],[1.311244878379089,41.15725287051563],[0.879201922026855,41.0217357501543],[0.733751806822998,40.87495382876758],[0.709782037345153,40.78514822574024],[0.827125463095886,40.7274242267168],[0.787556442824584,40.65688665957813],[0.505141589251739,40.592757783845705],[0.237927589026672,40.24019964785938],[-0.160625037344712,39.886024080232424],[-0.203663793,39.79943808169727],[-0.284515861960667,39.63677176089649],[-0.394848432930726,39.434459291414065],[-0.235902842673081,39.06240423770313],[-0.203663793,39.012652955964846],[-0.165695284100789,38.95406302066211],[0.126115980950576,38.821353517488284],[0.172570082751495,38.738345704988284],[-0.107004006000775,38.59149893374805],[-0.203663793,38.54402884097461],[-0.435155328902024,38.43033941836719],[-0.56412681618573,38.21486624331836],[-0.664728876742142,38.17657431216602],[-0.872343566807526,37.75979956241016],[-0.802563574703949,37.61500509829883],[-0.918272283467072,37.57034262271289],[-1.364567962082642,37.54839285464649],[-1.625712480934876,37.439490877107424],[-1.816879835518616,37.2924762591875],[-1.940475192459839,36.95159872622852],[-2.238797393234986,36.728396974519534],[-2.35509749928357,36.82405050845508],[-2.62433144131543,36.811297975496096],[-2.761496749314087,36.69013937564258],[-2.915331569107789,36.69013937564258],[-2.969792333039063,36.74114950747852],[-4.446585622223633,36.72201880069141],[-4.757303681763428,36.48610647769336],[-5.216736283692139,36.40959509463672],[-5.374227490814942,36.23747595401172],[-5.386749711426514,36.10998495669727],[-5.424260106476563,36.07174261660938],[-5.457090821656006,36.16735800357227],[-5.487933125885743,36.173724733308596],[-5.485486474427002,36.06536825747852],[-5.660587277802247,36.008006654695315],[-5.850014176758545,36.07174261660938],[-6.204461064728516,36.28209646792774],[-6.30497166195752,36.45422323794727],[-6.288880792053956,36.57217749209766],[-6.444025006684083,36.62318380923633],[-6.50048586407544,36.718829713777346],[-6.4217133192146,36.79216345401172],[-6.632153954895752,37.02175100894336],[-6.947954621704834,37.14931448550586],[-7.010098424347657,37.165259920076174],[-7.227823701294678,37.22585638614063],[-7.491503682526368,37.20815619082813],[-7.487998452576416,37.216353975251955],[-7.351443734558838,37.64443548770313],[-7.242514577301758,37.810897432283205],[-6.844775166901368,38.10021170230274],[-7.028099027069825,38.239581666902346],[-7.393876519593018,38.294986329988284],[-7.317340817841309,38.49962576480274],[-7.08942457714917,38.79450186343555],[-6.933383431824463,38.961349092439455],[-7.006874528321045,39.05031546206836],[-7.211435761841553,39.29820593448047],[-7.43099876919629,39.5205150470293],[-7.301257100495118,39.578712068513674],[-7.084203687104004,39.59907492251758],[-6.878323045166749,39.702395997957034],[-6.858675923737305,39.79192312808399],[-6.884172883423584,40.214034639314455],[-6.824864831360596,40.656566225007815],[-6.857170548828858,40.8615795001543],[-6.834448781403321,41.06053503604297],[-6.796627965363282,41.09282644839649],[-6.241148915680665,41.320479951814455],[-6.11153790036084,41.41746100039844],[-6.139497723969239,41.526439271882815],[-6.518426862152833,41.74909933658008],[-6.586079564484375,41.857921205476565],[-6.708704438599366,41.96004446597461],[-6.85951849499585,41.98491247744922],[-7.098435845764893,41.86795385928516],[-7.918560948761719,41.8891673907793],[-8.15726133862378,42.087039552644534],[-8.405047383698243,42.00213583560352],[-8.806055035980958,41.889178834871096],[-8.860485997589844,42.0145336017168]]]]}},{"type":"Feature","properties":{"NAME":"Bidar","ABBREVN":"Bidar","wikipedia":null,"SUBJECTO":"Bidar","BORDERPRECISION":1,"PARTOF":"Deccan Sultanates","polity_id":"ottoman_classical:bidar","name":"Bidar","ISO_A3":"BIDAR","ADM0_A3":"BIDAR","ADMIN":"Bidar","fill_colour":"#81363f","border_precision":1},"geometry":{"type":"MultiPolygon","coordinates":[[[[77.99743626561295,16.465319160725013],[77.17392081962738,16.658273812483774],[77.07118945935211,17.361171633723306],[77.38743409986243,18.770916117223425],[78.17326478847012,19.01271017525656],[78.32174567760443,17.41541742915295],[77.99743626561295,16.465319160725013]]]]}},{"type":"Feature","properties":{"NAME":"Bijapur","ABBREVN":"Bijapur","wikipedia":null,"SUBJECTO":"Bijapur","BORDERPRECISION":1,"PARTOF":"Deccan Sultanates","polity_id":"ottoman_classical:bijapur","name":"Bijapur","ISO_A3":"BIJAPUR","ADM0_A3":"BIJAPUR","ADMIN":"Bijapur","fill_colour":"#714091","border_precision":1},"geometry":{"type":"MultiPolygon","coordinates":[[[[77.07118945935211,17.361171633723306],[77.17392081962738,16.658273812483774],[77.99743626561295,16.465319160725013],[77.92243661540213,16.245599858221798],[77.48542541828698,16.31164199916177],[77.2245824615065,16.31164199916177],[76.90957970995069,16.31164199916177],[76.10339571827987,15.966134574159993],[75.06687344327455,15.966134574159993],[74.37585859327099,16.31164199916177],[73.4942371633562,16.287958595761864],[73.40928939303515,16.558538042024416],[73.39573464248812,16.6164075182339],[75.41238086827632,18.499855690839688],[77.25508713495246,18.730193974174206],[77.38743409986243,18.770916117223425],[77.07118945935211,17.361171633723306]]]]}},{"type":"Feature","properties":{"NAME":"Ahmadnagar","ABBREVN":"Ahmadnagar","wikipedia":null,"SUBJECTO":"Ahmadnagar","BORDERPRECISION":1,"PARTOF":"Deccan Sultanates","polity_id":"ottoman_classical:ahmadnagar","name":"Ahmadnagar","ISO_A3":"AHMADNAGAR","ADM0_A3":"AHMADNAGAR","ADMIN":"Ahmadnagar","fill_colour":"#58d56f","border_precision":1},"geometry":{"type":"MultiPolygon","coordinates":[[[[76.9282456403432,23.89692302722776],[76.09256220492745,21.046963981675567],[78.57282758004725,20.438284063905545],[78.53339335239603,19.12351896415684],[78.17326478847012,19.01271017525656],[77.38743409986243,18.770916117223425],[77.25508713495246,18.730193974174206],[75.41238086827632,18.499855690839688],[73.39573464248812,16.6164075182339],[73.18471275460497,17.51732606174848],[73.06422713717578,18.031716905549807],[72.97611020330493,18.5385662105398],[72.85335067233203,19.244680009797854],[72.78919259567658,19.883197979639608],[73.48528545488139,19.906576034685543],[74.27144928500712,21.905666264880928],[73.71308028726574,22.945315502172253],[76.9282456403432,23.89692302722776]]]]}},{"type":"Feature","properties":{"NAME":"Golkonda","ABBREVN":"Golkonda","wikipedia":null,"SUBJECTO":"Golkonda","BORDERPRECISION":1,"PARTOF":"Deccan Sultanates","polity_id":"ottoman_classical:golkonda","name":"Golkonda","ISO_A3":"GOLKONDA","ADM0_A3":"GOLKONDA","ADMIN":"Golkonda","fill_colour":"#446897","border_precision":1},"geometry":{"type":"MultiPolygon","coordinates":[[[[82.3230553009172,17.004105065534894],[82.26742080172656,16.857019029573244],[82.23458388766406,16.647302232698244],[82.08141616305468,16.46274145694141],[81.78898147067187,16.32870253177051],[81.59676650485156,16.30287703128223],[81.36909774264453,16.34686430545215],[81.2531004281914,16.22591169925098],[81.08790114840625,15.826792322114748],[80.96311477145312,15.723398767427248],[80.73596480807421,15.837270341829104],[80.45975783785937,15.773146234468264],[79.43194022866344,16.017480187525738],[77.92243661540213,16.245599858221798],[77.99743626561295,16.465319160725013],[78.32174567760443,17.41541742915295],[78.17326478847012,19.01271017525656],[78.53339335239603,19.12351896415684],[78.75228597662682,19.19087054084324],[79.21296254329586,18.84536311584146],[78.86745511829409,18.269517407505173],[79.32813168496313,17.23299513249984],[79.9555400983786,17.603736467699896],[82.3230553009172,17.004105065534894]]]]}},{"type":"Feature","properties":{"NAME":"Islamic and Hindu states","ABBREVN":"Islamic and Hindu states","wikipedia":null,"SUBJECTO":"Islamic and Hindu states","BORDERPRECISION":1,"PARTOF":"Islamic and Hindu states","polity_id":"ottoman_classical:islamic_and_hindu_states","name":"Islamic and Hindu states","ISO_A3":"ISLAMICAND2","ADM0_A3":"ISLAMICAND2","ADMIN":"Islamic and Hindu states","fill_colour":"#2e9464","border_precision":1},"geometry":{"type":"MultiPolygon","coordinates":[[[[73.39573464248812,16.6164075182339],[73.18471275460497,17.51732606174848],[73.40928939303515,16.558538042024416],[73.39573464248812,16.6164075182339]]]]}},{"type":"Feature","properties":{"NAME":"Ayutthaya","ABBREVN":"Ayutthaya","wikipedia":null,"SUBJECTO":"Ayutthaya","BORDERPRECISION":1,"PARTOF":"Ayutthaya","polity_id":"ottoman_classical:ayutthaya","name":"Ayutthaya","ISO_A3":"AYUTTHAYA","ADM0_A3":"AYUTTHAYA","ADMIN":"Ayutthaya","fill_colour":"#4f3276","border_precision":1},"geometry":{"type":"MultiPolygon","coordinates":[[[[102.2983157917659,19.464717590884284],[103.46150341098749,19.049293441162284],[104.00476363619921,19.70102270694141],[103.88008407076953,19.535207353547854],[103.89931014498828,19.313087068513674],[103.9719953866875,19.269073091462893],[104.52772048434375,18.935790620759768],[104.81215957125781,18.721570573762698],[105.09863570651171,18.431155763582034],[105.41265395602343,18.083745561555666],[106.16977218112109,17.129317842439455],[106.42635634860156,16.718055330232424],[106.63819411715625,16.484338365510744],[106.94634536227343,16.30833014102344],[107.10751632174609,16.169568620637698],[107.16857436617968,15.992103181794924],[107.06714156588671,15.79464491458301],[107.09975722750781,15.667821489290041],[107.33807662448046,15.45328577609424],[107.43399337252734,15.256977640107912],[107.46341231783984,14.996761880830569],[107.39329055270312,14.583531938508791],[107.29674819430468,14.176478944734377],[107.30970290621875,13.878046594575686],[107.51459029635546,13.421952806428713],[107.4802961679375,13.256602846101565],[106.06073290081963,13.342657450517313],[105.01560168467714,13.406013804863036],[103.65654406918522,12.846401845542832],[102.73594954928515,12.116983972505373],[102.67077926119921,12.03772410006885],[102.6584959360039,12.066133104280276],[102.52975753268359,12.148449502900881],[102.32390883883593,12.186125360444827],[101.91858199557421,12.585492692903323],[101.72353652438281,12.65496214480762],[101.58664229830859,12.661016069368166],[101.32911208590625,12.558820329622073],[101.15365889987109,12.609263025239748],[101.02302840670703,12.67251642794971],[100.8716307016289,12.67854269595508],[100.87124160250781,12.805599771455569],[100.95698073825,13.364850603059573],[100.90870955905078,13.447337709382815],[100.58545211276171,13.472054086641116],[100.47393325289843,13.509931169465823],[100.23968032321093,13.490372262910647],[100.04000380953906,13.394650064424319],[99.93033126315234,13.26100119204883],[100.02316573580859,12.994373880342287],[99.97711471041796,12.841794572786135],[99.83370498141406,12.523833833650393],[99.87109664401171,12.263434015229983],[99.89526656588671,12.079245172456545],[99.76342299899218,11.780366502717776],[99.50129989108203,11.246126733735842],[99.18617537936328,10.489401422456545],[99.07134536227343,9.898278795198244],[99.11865523776171,9.371041856721682],[99.19562056979296,9.23778685183887],[99.29845717867968,9.161765657380862],[99.54617598971484,9.194064699128909],[99.7240476938164,9.257984720186037],[99.83726027926562,9.22645815463428],[99.8980207773125,9.067752443269534],[99.90211776217578,8.9216323718584],[99.8658933969414,8.711874566987795],[99.92937758883593,8.584942422822756],[100.0093489023125,8.49006613345508],[100.131541285125,8.53205069156055],[100.20770553073046,8.325048051790041],[100.30192092379687,7.886848531678957],[100.28748610934375,7.772442899659914],[100.34463027438281,7.440459810212893],[100.5396223398125,7.048657499269289],[100.61492446383593,6.97892864795093],[100.97531417330859,6.852635942415041],[101.21749404391406,6.802323423341555],[101.42795852145312,6.828196607545657],[101.55989364108203,6.739531599000735],[101.67956069430468,6.464325033143801],[101.97837356051562,6.219416700319094],[102.0738020273125,6.154240690187258],[102.08966353854296,6.143415533021731],[102.32511428317187,6.099444948152346],[102.80228713473437,5.560391508058352],[103.11419204196093,5.148063264802737],[103.34182265719531,4.805444799379153],[103.37855056246875,4.545016847566409],[103.36812118014453,4.182816110566897],[103.30778029879687,3.795101724580569],[103.33394155595983,3.393729771446281],[101.836989762564,3.460243553744125],[101.26427749117968,3.225161157563967],[101.06691268405078,3.53608401866321],[100.66430953463671,3.903745017961306],[100.57663253268359,4.202192865327639],[100.59420302828906,4.424622140840334],[100.607615503875,4.551729284242434],[100.55932906588671,4.735889039949221],[100.37971785983203,5.021427236512942],[100.22372725924609,5.853456102327151],[100.1391096445,6.177317224458498],[100.1587400766289,6.340098463014407],[100.16443923434375,6.387054525331301],[100.22198775729296,6.520606599763674],[100.15439895114062,6.603053174928469],[99.96908095797656,6.507349573091311],[99.83384231051562,6.538828454927248],[99.66299727877734,6.710008703187746],[99.61080459078906,6.938635431245608],[99.63965133151171,7.065781198457522],[99.571726832,7.262594781831545],[99.46808150729296,7.338616453126711],[99.29392531832812,7.319180093721194],[99.118601832,7.642843805269045],[99.02450850924609,7.871374689058108],[98.8894529672539,8.0172191485918],[98.74962142428515,8.086814485505862],[98.544627222625,8.264267526582522],[98.39026168307421,8.219458185151858],[98.2924070688164,8.15570791812305],[98.19523147067187,8.327052675203127],[98.1771726938164,8.600222192720217],[98.25056746920703,8.937120996431155],[98.5017576547539,9.719152055696291],[98.63262465914843,10.100653253511233],[98.59324172457812,10.120483003572268],[98.43165114840625,10.201866708711428],[98.39786056002734,10.563940607026858],[98.60528090914843,10.862991891816897],[98.68356612643359,11.085537515596194],[98.73837569674609,11.435081087068362],[98.86735061129687,11.645017229036135],[98.63706496676562,11.6572337970293],[98.59017470797656,11.695243440583987],[98.58831313571093,11.822311960176272],[98.67653945407031,12.0512128696001],[98.59676650485156,12.737181268647952],[98.48591903170703,13.111775957063479],[98.40265344005401,13.266404191028473],[98.48691848239062,14.372261606172366],[98.21724227389453,15.018537126497073],[98.1370344491875,15.189550958589358],[98.18432118450437,15.21445736037203],[97.78759292086718,17.575469575837893],[97.73726180514453,17.968904100374026],[97.70602706393359,18.051280580476565],[97.37346938571093,18.44939573855762],[97.63807967623828,18.50810583682422],[97.71114638766406,18.508534990266604],[97.73522332064702,18.575473584926502],[97.75005629977343,18.616712175325198],[97.72088149508593,18.80069502444629],[97.77231887301562,19.02960928531055],[97.78882125338671,19.39800413699512],[97.85290053805468,19.563476167634768],[98.01566604098437,19.748574815706057],[97.89481980471271,20.96024452988348],[98.56204132121646,21.115484933091512],[99.9653807016289,20.420341096833987],[100.00115493258593,20.458650194124026],[100.244822535125,20.383876405671877],[100.37747481783984,20.302108369783205],[100.43059829196093,20.226214967683596],[100.435252222625,20.03575285525684],[100.53379422605458,20.00554939901827],[102.2983157917659,19.464717590884284]]]]}},{"type":"Feature","properties":{"NAME":"Tuʻi Tonga Empire","ABBREVN":"Tuʻi Tonga Empire","wikipedia":null,"SUBJECTO":"Tuʻi Tonga Empire","BORDERPRECISION":1,"PARTOF":"Tuʻi Tonga Empire","polity_id":"ottoman_classical:tu_i_tonga_empire","name":"Tuʻi Tonga Empire","ISO_A3":"TUITONGAEMPI","ADM0_A3":"TUITONGAEMPI","ADMIN":"Tuʻi Tonga Empire","fill_colour":"#443c80","border_precision":1},"geometry":{"type":"MultiPolygon","coordinates":[[[[-170.550293,-14.298334],[-170.555878,-14.295],[-170.560822,-14.287781],[-170.54837,-14.282501],[-170.540039,-14.283892],[-170.536682,-14.288891],[-170.542511,-14.297503],[-170.546112,-14.298613],[-170.550293,-14.298334]]],[[[-170.660004,-14.255281],[-170.570282,-14.252779],[-170.565552,-14.255836],[-170.560028,-14.265837],[-170.560822,-14.269169],[-170.563324,-14.272503],[-170.578613,-14.279167],[-170.637268,-14.289446],[-170.743896,-14.375555],[-170.74942,-14.373888],[-170.766449,-14.363611],[-170.822266,-14.329447],[-170.826111,-14.325003],[-170.822266,-14.320278],[-170.809174,-14.308058],[-170.800293,-14.300556],[-170.795013,-14.298058],[-170.681671,-14.258059],[-170.66806,-14.255556],[-170.660004,-14.255281]]],[[[-169.50946,-14.276669],[-169.513062,-14.275833],[-169.517792,-14.272779],[-169.521698,-14.268333],[-169.535553,-14.242779],[-169.537231,-14.23778],[-169.536133,-14.231668],[-169.533936,-14.229721],[-169.522278,-14.226946],[-169.51532,-14.226665],[-169.449768,-14.226391],[-169.445587,-14.226665],[-169.439453,-14.231668],[-169.438324,-14.256668],[-169.440002,-14.260557],[-169.444489,-14.261667],[-169.50946,-14.276669]]],[[[-169.623077,-14.183889],[-169.62558,-14.189722],[-169.631409,-14.190834],[-169.641693,-14.186111],[-169.644196,-14.181112],[-169.644745,-14.176111],[-169.640564,-14.171667],[-169.626129,-14.166945],[-169.621948,-14.168612],[-169.621948,-14.176392],[-169.623077,-14.183889]]],[[[-169.683075,-14.166666],[-169.665588,-14.172777],[-169.662231,-14.175001],[-169.65976,-14.179169],[-169.65976,-14.180555],[-169.661438,-14.183332],[-169.681122,-14.191669],[-169.685577,-14.191944],[-169.686951,-14.191944],[-169.693054,-14.188889],[-169.694153,-14.18528],[-169.694153,-14.173613],[-169.690857,-14.167501],[-169.687256,-14.166389],[-169.683075,-14.166666]]],[[[-178.720856,-20.648056],[-178.705597,-20.670837],[-178.707764,-20.674442],[-178.715027,-20.674442],[-178.733337,-20.669445],[-178.737213,-20.666115],[-178.737762,-20.659721],[-178.733337,-20.650276],[-178.73056,-20.646114],[-178.724457,-20.644726],[-178.720856,-20.648056]]],[[[-178.211426,-19.852505],[-178.2164,-19.853336],[-178.22168,-19.851112],[-178.223053,-19.845554],[-178.22168,-19.84],[-178.212799,-19.827499],[-178.209747,-19.826389],[-178.203918,-19.827499],[-178.200317,-19.831116],[-178.19809,-19.835838],[-178.200317,-19.840839],[-178.20166,-19.843616],[-178.211426,-19.852505]]],[[[-178.391418,-19.176109],[-178.396698,-19.185001],[-178.41864,-19.185001],[-178.423096,-19.18222],[-178.425049,-19.177502],[-178.423096,-19.172504],[-178.411133,-19.143616],[-178.398621,-19.129169],[-178.392792,-19.130554],[-178.388367,-19.133888],[-178.386414,-19.138889],[-178.386414,-19.159447],[-178.391418,-19.176109]]],[[[179.773041,-19.123333],[179.77746600000012,-19.125],[179.789154,-19.141666],[179.796631,-19.178333],[179.797485,-19.184444],[179.79357900000014,-19.187778],[179.779694,-19.195278],[179.774689,-19.197498],[179.74661300000014,-19.195831],[179.7402340000001,-19.188053],[179.73968500000012,-19.181942],[179.7538760000001,-19.133057],[179.7583310000001,-19.13028],[179.773041,-19.123333]]],[[[-178.593323,-19.12056],[-178.585846,-19.113613],[-178.576416,-19.108612],[-178.569733,-19.108055],[-178.563904,-19.109447],[-178.558929,-19.111671],[-178.554443,-19.114166],[-178.550842,-19.117783],[-178.538605,-19.181946],[-178.545868,-19.181946],[-178.556122,-19.179169],[-178.580292,-19.167503],[-178.593323,-19.159164],[-178.596954,-19.155834],[-178.60141,-19.145832],[-178.602203,-19.139725],[-178.60141,-19.133614],[-178.599152,-19.128616],[-178.593323,-19.12056]]],[[[178.372192,-18.931667],[178.46829200000013,-18.956387],[178.490509,-18.969719],[178.49411,-18.973331],[178.49633800000015,-18.978054],[178.4982910000001,-18.989998],[178.49801600000012,-19.009445],[178.486359,-19.01889],[178.465515,-19.03389],[178.423035,-19.045555],[178.417206,-19.046947],[178.380524,-19.051945],[178.37384,-19.052502],[178.341644,-19.050835],[178.337463,-19.050556],[178.32803300000012,-19.027779],[178.328308,-19.012501],[178.329132,-19.00639],[178.325531,-19.002781],[178.307465,-18.999165],[178.30304,-18.999165],[178.191925,-19.045834],[178.18801900000017,-19.049168],[178.172485,-19.070557],[178.170258,-19.075279],[178.169128,-19.088333],[178.170532,-19.093891],[178.13610800000015,-19.137779],[178.094116,-19.162777],[178.0855100000001,-19.158333],[178.038879,-19.148056],[178.032745,-19.147778],[178.0158080000001,-19.159443],[178.0047,-19.162777],[177.99884,-19.162498],[177.96051,-19.143333],[177.956085,-19.140556],[177.9533080000001,-19.136387],[177.95108,-19.13139],[177.952179,-19.125278],[177.967743,-19.105556],[177.972198,-19.102779],[178.06857300000013,-19.066113],[178.171356,-19],[178.175262,-18.989719],[178.17804,-18.985554],[178.181915,-18.98222],[178.306915,-18.935555],[178.339142,-18.927498],[178.344971,-18.926388],[178.372192,-18.931667]]],[[[-178.94281,-18.925282],[-178.938629,-18.928059],[-178.93335,-18.936943],[-178.931427,-18.948608],[-178.930573,-18.960556],[-178.930573,-18.974171],[-178.933624,-18.985275],[-178.936707,-18.989445],[-178.94696,-18.99361],[-178.953369,-18.992779],[-178.958649,-18.990833],[-178.96225,-18.987225],[-178.967224,-18.978336],[-178.97226,-18.952782],[-178.968628,-18.942226],[-178.962799,-18.93417],[-178.949432,-18.925835],[-178.94281,-18.925282]]],[[[-179.853333,-18.972778],[-179.85083,-19.013062],[-179.857239,-19.012222],[-179.865265,-19.008617],[-179.868896,-19.005283],[-179.8703,-19.001118],[-179.865814,-18.977497],[-179.857483,-18.938335],[-179.853088,-18.928616],[-179.845001,-18.922504],[-179.838928,-18.922504],[-179.821686,-18.925282],[-179.81723,-18.926666],[-179.788605,-18.937225],[-179.78363,-18.946388],[-179.782257,-18.958889],[-179.78833,-18.972504],[-179.795013,-18.980278],[-179.80307,-18.986385],[-179.804443,-18.983608],[-179.805878,-18.971111],[-179.809479,-18.960835],[-179.812256,-18.95639],[-179.815857,-18.953056],[-179.826935,-18.949448],[-179.834198,-18.949448],[-179.840027,-18.950832],[-179.848053,-18.956947],[-179.852509,-18.966663],[-179.853333,-18.972778]]],[[[178.528046,-18.867222],[178.53637700000013,-18.892223],[178.53637700000013,-18.897778],[178.534149,-18.9025],[178.528046,-18.910831],[178.502197,-18.934723],[178.49719200000015,-18.933887],[178.47329700000012,-18.915001],[178.47106900000017,-18.91],[178.47189300000014,-18.896946],[178.47662400000013,-18.883057],[178.48025500000017,-18.879723],[178.50415,-18.860832],[178.509155,-18.858612],[178.521637,-18.859722],[178.525818,-18.862499],[178.528046,-18.867222]]],[[[-178.476654,-18.64695],[-178.473053,-18.650558],[-178.473053,-18.657501],[-178.478333,-18.666389],[-178.48642,-18.672504],[-178.498627,-18.674725],[-178.506134,-18.674725],[-178.511963,-18.673332],[-178.516113,-18.670555],[-178.519196,-18.666389],[-178.521393,-18.661388],[-178.521393,-18.654449],[-178.519745,-18.648891],[-178.516998,-18.644726],[-178.506683,-18.635281],[-178.501404,-18.637222],[-178.476654,-18.64695]]],[[[179.835785,-18.581669],[179.837463,-18.576389],[179.84024,-18.572224],[179.849121,-18.566666],[179.88134800000012,-18.551666],[179.905548,-18.545555],[179.928864,-18.540279],[179.949982,-18.539722],[179.96386700000016,-18.540558],[179.967468,-18.544167],[179.969696,-18.548889],[179.966644,-18.560001],[179.91275,-18.641945],[179.908325,-18.644722],[179.895813,-18.64389],[179.888031,-18.637501],[179.83941700000014,-18.590836],[179.8366390000001,-18.586666],[179.835785,-18.581669]]],[[[177.636108,-18.491386],[177.64471400000014,-18.495831],[177.649719,-18.504723],[177.65164200000015,-18.509724],[177.663605,-18.577778],[177.664154,-18.583889],[177.66330000000016,-18.590279],[177.660248,-18.594166],[177.65524300000016,-18.593613],[177.648041,-18.586388],[177.637482,-18.56889],[177.61911,-18.538334],[177.61358600000017,-18.516113],[177.61300700000015,-18.509724],[177.6152340000001,-18.505001],[177.63079800000014,-18.491943],[177.636108,-18.491386]]],[[[178.127167,-18.353889],[178.13970900000015,-18.351944],[178.145264,-18.353333],[178.14971900000012,-18.35611],[178.15332000000012,-18.360558],[178.155548,-18.365276],[178.156921,-18.370834],[178.156647,-18.377777],[178.150269,-18.406666],[178.13858,-18.416389],[178.13272100000017,-18.4175],[178.128296,-18.4175],[178.116638,-18.414722],[178.112457,-18.411667],[178.109406,-18.407501],[178.121063,-18.361946],[178.123566,-18.357224],[178.127167,-18.353889]]],[[[-178.747528,-18.201389],[-178.74472,-18.205559],[-178.742493,-18.210281],[-178.741119,-18.21611],[-178.741119,-18.222778],[-178.74472,-18.233334],[-178.747772,-18.237499],[-178.751404,-18.240833],[-178.760284,-18.246387],[-178.76532,-18.248337],[-178.778351,-18.249725],[-178.791718,-18.251118],[-178.798096,-18.250278],[-178.80307,-18.248337],[-178.811951,-18.242779],[-178.8367,-18.223888],[-178.843872,-18.216946],[-178.843079,-18.210835],[-178.828613,-18.190002],[-178.824188,-18.187225],[-178.818909,-18.185276],[-178.808044,-18.183334],[-178.786987,-18.182503],[-178.773071,-18.183334],[-178.763641,-18.188335],[-178.747528,-18.201389]]],[[[179.245789,-18.036388],[179.243011,-18.02528],[179.236359,-17.96833],[179.24328600000013,-17.951111],[179.266663,-17.936111],[179.27331500000014,-17.935555],[179.292206,-17.937222],[179.300262,-17.941944],[179.308014,-17.948334],[179.353302,-18.009167],[179.355225,-18.013889],[179.367737,-18.081944],[179.368286,-18.088055],[179.367462,-18.094444],[179.358582,-18.113613],[179.35189800000012,-18.121113],[179.341644,-18.122501],[179.33609000000013,-18.121113],[179.245789,-18.036388]]],[[[-178.991119,-17.950832],[-178.988892,-17.955559],[-178.988312,-17.974171],[-178.989746,-17.979721],[-178.992798,-17.987225],[-178.995544,-17.990002],[-179.011719,-17.995277],[-179.018097,-17.996109],[-179.023926,-17.99472],[-179.0289,-17.992496],[-179.060028,-17.973888],[-179.070587,-17.963333],[-179.076416,-17.954998],[-179.078613,-17.950275],[-179.07782,-17.944164],[-179.068359,-17.932503],[-179.058929,-17.927502],[-179.048096,-17.923615],[-179.026978,-17.923058],[-179.021393,-17.924442],[-179.016998,-17.927223],[-179.001709,-17.940277],[-178.991119,-17.950832]]],[[[-178.323883,-17.882504],[-178.310028,-17.88306],[-178.297546,-17.885281],[-178.265015,-17.9025],[-178.256134,-17.908054],[-178.244476,-17.917778],[-178.238617,-17.926109],[-178.238068,-17.93222],[-178.238617,-17.94278],[-178.240814,-17.947498],[-178.243896,-17.951668],[-178.247528,-17.955276],[-178.262817,-17.961391],[-178.286987,-17.96611],[-178.301392,-17.96611],[-178.318909,-17.963333],[-178.330597,-17.960556],[-178.340027,-17.955833],[-178.355286,-17.935558],[-178.357239,-17.930836],[-178.358032,-17.926109],[-178.354431,-17.908611],[-178.35083,-17.898338],[-178.347809,-17.894165],[-178.334747,-17.885838],[-178.323883,-17.882504]]],[[[179.421906,-17.848335],[179.416931,-17.850555],[179.411926,-17.848335],[179.4083250000001,-17.844723],[179.396088,-17.821945],[179.386108,-17.794167],[179.392761,-17.786388],[179.397217,-17.785],[179.416077,-17.788055],[179.421082,-17.797222],[179.430267,-17.828335],[179.428589,-17.840836],[179.421906,-17.848335]]],[[[-179.28833,-17.781116],[-179.292511,-17.783897],[-179.29837,-17.785282],[-179.331146,-17.771954],[-179.333313,-17.766953],[-179.334747,-17.761398],[-179.33252,-17.749725],[-179.325867,-17.735004],[-179.319153,-17.727509],[-179.313324,-17.726116],[-179.30249,-17.729729],[-179.292267,-17.733894],[-179.288086,-17.736671],[-179.285004,-17.740837],[-179.281708,-17.759727],[-179.281708,-17.76667],[-179.283081,-17.771954],[-179.285309,-17.776955],[-179.28833,-17.781116]]],[[[178.832733,-17.627224],[178.83609,-17.630554],[178.85025,-17.658611],[178.853027,-17.66972],[178.853577,-17.688332],[178.853302,-17.704998],[178.849701,-17.715275],[178.837738,-17.731941],[178.820251,-17.742775],[178.77191200000016,-17.754448],[178.74774200000013,-17.719719],[178.74411,-17.672501],[178.748566,-17.655834],[178.750824,-17.651112],[178.756653,-17.642776],[178.76052900000013,-17.639442],[178.77804600000013,-17.628613],[178.791931,-17.621113],[178.810242,-17.620556],[178.81665,-17.621387],[178.828308,-17.624443],[178.832733,-17.627224]]],[[[-179.147827,-17.478336],[-179.161682,-17.477505],[-179.166138,-17.474728],[-179.17337,-17.467781],[-179.18335,-17.449726],[-179.181671,-17.437225],[-179.178894,-17.433064],[-179.16806,-17.429729],[-179.153351,-17.429729],[-179.143341,-17.431114],[-179.128052,-17.450005],[-179.127472,-17.456116],[-179.128052,-17.462505],[-179.12973,-17.468063],[-179.132507,-17.472225],[-179.141998,-17.476952],[-179.147827,-17.478336]]],[[[178.175537,-18.241665],[178.16470300000015,-18.251945],[178.16024800000014,-18.254723],[178.154968,-18.256668],[178.019135,-18.26778],[177.96023600000012,-18.268333],[177.86413600000014,-18.263889],[177.619965,-18.181667],[177.616364,-18.178333],[177.611908,-18.175556],[177.606079,-18.173889],[177.516083,-18.153053],[177.47302200000013,-18.162777],[177.333313,-18.119446],[177.329681,-18.115833],[177.299133,-18.078613],[177.259155,-17.998333],[177.24884,-17.962776],[177.248291,-17.956387],[177.256653,-17.874168],[177.25943,-17.869999],[177.274994,-17.857224],[177.279419,-17.854446],[177.294128,-17.847778],[177.37133800000015,-17.8125],[177.429688,-17.761669],[177.43191500000012,-17.756668],[177.4330440000001,-17.74361],[177.432465,-17.737499],[177.4238590000001,-17.690834],[177.422485,-17.685276],[177.41970800000013,-17.68111],[177.390259,-17.6675],[177.3872070000001,-17.663055],[177.38525400000015,-17.65139],[177.38803100000018,-17.632778],[177.510254,-17.509445],[177.51913500000012,-17.503891],[177.62466400000017,-17.444721],[177.820251,-17.364723],[177.825256,-17.362778],[177.83108500000014,-17.362778],[177.834412,-17.373333],[177.835236,-17.379723],[177.834961,-17.386387],[177.833313,-17.396111],[177.897766,-17.407776],[177.94635000000017,-17.410557],[177.953583,-17.410557],[177.95941200000016,-17.409164],[178.124664,-17.357777],[178.170532,-17.342499],[178.18692,-17.323334],[178.18856800000015,-17.30389],[178.193024,-17.301113],[178.217468,-17.310001],[178.239685,-17.323334],[178.24411,-17.326111],[178.26913500000012,-17.343891],[178.27136200000018,-17.348888],[178.279694,-17.378056],[178.28164700000013,-17.389721],[178.280823,-17.403053],[178.302765,-17.430279],[178.372467,-17.474998],[178.591064,-17.635834],[178.598297,-17.643055],[178.60107400000015,-17.658054],[178.60080000000016,-17.670555],[178.598572,-17.682499],[178.595245,-17.693611],[178.597748,-17.784168],[178.620789,-17.89389],[178.693298,-18.025002],[178.69747900000016,-18.047222],[178.69220000000018,-18.056946],[178.681091,-18.074169],[178.67804,-18.078335],[178.66110200000014,-18.089722],[178.58828700000015,-18.135277],[178.5607910000001,-18.115555],[178.557465,-18.100277],[178.5533140000001,-18.0975],[178.532196,-18.092224],[178.400818,-18.103611],[178.395813,-18.104168],[178.348846,-18.116112],[178.338562,-18.119999],[178.27331500000014,-18.147499],[178.2435610000001,-18.18861],[178.23053,-18.189999],[178.21942100000012,-18.193054],[178.19442700000013,-18.217777],[178.18219,-18.234165],[178.175537,-18.241665]]],[[[177.099976,-17.314724],[177.10025,-17.271114],[177.111359,-17.258335],[177.141937,-17.247776],[177.145538,-17.25],[177.158325,-17.265278],[177.158325,-17.268059],[177.14331100000015,-17.295555],[177.11746200000016,-17.3125],[177.112457,-17.314445],[177.099976,-17.314724]]],[[[-179.116425,-17.26778],[-179.117828,-17.273338],[-179.120056,-17.278057],[-179.123657,-17.281673],[-179.128632,-17.283611],[-179.141724,-17.285004],[-179.148407,-17.284168],[-179.153381,-17.282227],[-179.156982,-17.278614],[-179.161469,-17.26889],[-179.163361,-17.257225],[-179.162811,-17.250835],[-179.158417,-17.248058],[-179.152557,-17.24667],[-179.146729,-17.248058],[-179.121429,-17.258617],[-179.117828,-17.262222],[-179.116425,-17.26778]]],[[[179.44165,-17.247776],[179.445251,-17.251392],[179.446625,-17.256947],[179.449707,-17.303333],[179.448029,-17.315834],[179.4441220000001,-17.333057],[179.440521,-17.343334],[179.427185,-17.372501],[179.423584,-17.375832],[179.399414,-17.394444],[179.3833310000001,-17.399723],[179.38443,-17.365833],[179.383881,-17.349724],[179.37912,-17.315834],[179.370514,-17.296391],[179.35800200000017,-17.262779],[179.357178,-17.259445],[179.41912800000011,-17.242775],[179.4330440000001,-17.242222],[179.44165,-17.247776]]],[[[-178.90863,-17.217777],[-178.923096,-17.252502],[-178.925293,-17.257225],[-178.929199,-17.260838],[-178.941406,-17.260002],[-178.971298,-17.289114],[-178.972961,-17.291447],[-178.975128,-17.297781],[-178.98584,-17.318058],[-179.011414,-17.18222],[-179.02005,-17.153053],[-179.015015,-17.150833],[-179.007782,-17.151115],[-178.922241,-17.197781],[-178.90921,-17.213058],[-178.90863,-17.217777]]],[[[177.208313,-17.08889],[177.235779,-17.059444],[177.240234,-17.056667],[177.246063,-17.055557],[177.281097,-17.051945],[177.285248,-17.054722],[177.288025,-17.058891],[177.291351,-17.069447],[177.291351,-17.076389],[177.289154,-17.081112],[177.2821960000001,-17.095554],[177.27609300000017,-17.108055],[177.270264,-17.11639],[177.263611,-17.123611],[177.199402,-17.170277],[177.188019,-17.1675],[177.17718500000012,-17.163612],[177.17718500000012,-17.160831],[177.1783140000001,-17.143612],[177.187469,-17.1175],[177.208313,-17.08889]]],[[[178.3402400000001,-16.830555],[178.338013,-16.835278],[178.333038,-16.835835],[178.29385400000012,-16.836666],[178.287476,-16.835835],[178.2821960000001,-16.833889],[178.27887,-16.83028],[178.276642,-16.825279],[178.274414,-16.793335],[178.277191,-16.789444],[178.324982,-16.794167],[178.329956,-16.796391],[178.33136,-16.800556],[178.33886700000016,-16.824722],[178.3402400000001,-16.830555]]],[[[179.892761,-16.94611],[179.904419,-16.929722],[179.93219,-16.900833],[179.94693,-16.886944],[179.954132,-16.880001],[179.95941200000016,-16.871113],[179.968842,-16.852501],[180,-16.787395],[180,-16.965725],[179.98468,-16.983055],[179.957458,-16.998608],[179.947479,-17.002781],[179.929138,-17.006111],[179.918579,-16.999165],[179.88665800000012,-16.973888],[179.883026,-16.970276],[179.882446,-16.964165],[179.884705,-16.959164],[179.892761,-16.94611]]],[[[-179.821106,-16.781094],[-179.902191,-16.875511],[-179.935883,-16.899696],[-179.987579,-16.946964],[-179.993317,-16.955276],[-180,-16.965729],[-180,-16.787363],[-179.938599,-16.715862],[-179.929535,-16.710121],[-179.895081,-16.688377],[-179.889832,-16.686424],[-179.868103,-16.679462],[-179.861633,-16.680321],[-179.853119,-16.69278],[-179.821106,-16.781094]]],[[[177.570526,-16.698334],[177.566925,-16.688053],[177.564148,-16.683887],[177.560516,-16.680279],[177.55996700000014,-16.677498],[177.566376,-16.678333],[177.583862,-16.682777],[177.593018,-16.687778],[177.594421,-16.693333],[177.593567,-16.699444],[177.58441200000016,-16.718887],[177.574127,-16.736111],[177.521637,-16.790001],[177.443024,-16.83778],[177.431366,-16.844444],[177.47662400000013,-16.796112],[177.558319,-16.721943],[177.5672,-16.709442],[177.570526,-16.698334]]],[[[179.943298,-16.651943],[179.938873,-16.654446],[179.929413,-16.659164],[179.914154,-16.661945],[179.88665800000012,-16.660278],[179.88443,-16.657501],[179.9166560000001,-16.625832],[179.947754,-16.613056],[179.949982,-16.617779],[179.95053100000018,-16.624168],[179.95053100000018,-16.638054],[179.949127,-16.643612],[179.943298,-16.651943]]],[[[180,-16.494274],[180,-16.537918],[179.9946900000001,-16.539169],[179.988281,-16.538334],[179.98468,-16.535],[179.9819030000001,-16.530834],[179.98107900000014,-16.524445],[179.9819030000001,-16.511391],[179.983582,-16.505836],[179.986359,-16.501667],[179.995239,-16.496109],[180,-16.494274]]],[[[-179.97113,-16.458889],[-179.949463,-16.446671],[-179.944519,-16.444447],[-179.914764,-16.431667],[-179.902252,-16.429443],[-179.896423,-16.43111],[-179.893677,-16.435276],[-179.926941,-16.518894],[-179.931976,-16.520844],[-179.969788,-16.534451],[-179.976166,-16.535278],[-180,-16.537918],[-180,-16.494274],[-179.997528,-16.48917],[-179.988617,-16.476952],[-179.97113,-16.458889]]],[[[179.568573,-16.758057],[179.616058,-16.720554],[179.64303600000017,-16.690834],[179.71469100000013,-16.625],[179.751923,-16.591389],[179.81301900000017,-16.540558],[179.852448,-16.508892],[179.91803,-16.467777],[179.932465,-16.460831],[179.937469,-16.461666],[179.941925,-16.464443],[179.944122,-16.469444],[179.945526,-16.474998],[179.95163000000014,-16.507504],[179.950256,-16.513058],[179.94720500000017,-16.517223],[179.92691000000013,-16.532501],[179.9238590000001,-16.536388],[179.901093,-16.577225],[179.87439,-16.636665],[179.87133800000015,-16.665001],[179.878021,-16.665833],[179.8872070000001,-16.670834],[179.95053100000018,-16.736385],[179.95190400000013,-16.741943],[179.945251,-16.749722],[179.937195,-16.754448],[179.90219100000013,-16.769447],[179.89804100000015,-16.770836],[179.870514,-16.773335],[179.866058,-16.771946],[179.85522500000013,-16.761391],[179.853302,-16.75639],[179.8446960000001,-16.743889],[179.810516,-16.734722],[179.77887,-16.727497],[179.74633800000015,-16.726387],[179.70996100000013,-16.729721],[179.66275,-16.739719],[179.571625,-16.801113],[179.409424,-16.810833],[179.331909,-16.802223],[179.333588,-16.771114],[179.343842,-16.766945],[179.348297,-16.764446],[179.35189800000012,-16.760834],[179.354675,-16.756668],[179.35553,-16.751945],[179.35580400000015,-16.739441],[179.349396,-16.731667],[179.278046,-16.692776],[179.272217,-16.691387],[179.265808,-16.690556],[179.20636,-16.705276],[179.16830400000015,-16.724167],[179.05304000000012,-16.800556],[179.049408,-16.804169],[179.046356,-16.808334],[179.01638800000012,-16.889721],[179.01638800000012,-16.895279],[179.0205380000001,-16.898056],[179.026367,-16.896667],[179.033051,-16.889168],[179.036926,-16.878887],[179.039703,-16.874722],[179.073578,-16.882778],[179.072205,-16.888332],[179.0699770000001,-16.893055],[179.023865,-16.925278],[179.01886000000013,-16.927223],[178.958862,-16.906387],[178.954681,-16.90361],[178.9497070000001,-16.894444],[178.948303,-16.888889],[178.944122,-16.879166],[178.90664700000013,-16.855],[178.8696900000001,-16.860832],[178.810242,-16.908054],[178.809418,-16.914444],[178.811646,-16.926109],[178.811371,-16.931667],[178.809692,-16.949722],[178.796082,-16.984165],[178.78830000000016,-16.990276],[178.758881,-17.009445],[178.753876,-17.011391],[178.747192,-17.011948],[178.72689800000012,-17.011669],[178.70968600000015,-17.007225],[178.700256,-17.002502],[178.696625,-17.000278],[178.690247,-16.992496],[178.681915,-16.973053],[178.679138,-16.961945],[178.670807,-16.921665],[178.624969,-16.835556],[178.551636,-16.808334],[178.543579,-16.814445],[178.525269,-16.816391],[178.518036,-16.816113],[178.502197,-16.810558],[178.49218800000017,-16.80611],[178.488556,-16.80278],[178.485779,-16.798336],[178.478851,-16.78167],[178.476074,-16.763615],[178.478302,-16.758892],[178.52832000000012,-16.706665],[178.595245,-16.641666],[178.60025,-16.64389],[178.683868,-16.671387],[178.695526,-16.674168],[178.707733,-16.675278],[178.731903,-16.645554],[178.7402340000001,-16.6325],[178.746063,-16.624168],[178.77304100000015,-16.601665],[178.77746600000012,-16.599167],[178.826904,-16.574722],[178.863281,-16.566666],[178.889435,-16.554722],[178.89386000000013,-16.551945],[178.89749100000017,-16.548336],[178.925537,-16.519722],[178.927765,-16.514725],[178.929962,-16.503056],[178.926361,-16.499443],[178.981903,-16.469719],[179.224121,-16.397499],[179.229401,-16.398056],[179.234955,-16.406666],[179.29858400000012,-16.412777],[179.331909,-16.413055],[179.400543,-16.413055],[179.404144,-16.409721],[179.404419,-16.402779],[179.40304600000013,-16.398609],[179.3916630000001,-16.381943],[179.401367,-16.349167],[179.463287,-16.292225],[179.50332600000013,-16.273891],[179.67276000000015,-16.228333],[179.770813,-16.203609],[179.842194,-16.2075],[179.871063,-16.205833],[179.9155270000001,-16.179165],[179.956085,-16.155834],[179.96109,-16.153053],[179.967743,-16.1525],[180,-16.154724],[180,-16.172741],[179.992737,-16.175556],[179.979675,-16.183609],[179.958008,-16.197498],[179.898315,-16.237221],[179.891663,-16.24472],[179.853027,-16.291111],[179.809692,-16.360832],[179.75692700000013,-16.442223],[179.7538760000001,-16.446388],[179.74661300000014,-16.453053],[179.738007,-16.458611],[179.689148,-16.488052],[179.674683,-16.49472],[179.653046,-16.501667],[179.591644,-16.539722],[179.484406,-16.692776],[179.478577,-16.701111],[179.493011,-16.761669],[179.539429,-16.764725],[179.54663100000016,-16.765003],[179.559692,-16.763615],[179.568573,-16.758057]]],[[[-169.89389,-19.145557],[-169.930878,-19.124443],[-169.951416,-19.076389],[-169.953064,-19.070278],[-169.931671,-19.016666],[-169.928894,-19.010559],[-169.894745,-18.97028],[-169.884766,-18.963333],[-169.868896,-18.963615],[-169.817505,-18.96833],[-169.812775,-18.972221],[-169.781708,-19.062778],[-169.781403,-19.067783],[-169.798096,-19.087223],[-169.824432,-19.110832],[-169.850281,-19.125835],[-169.859161,-19.130554],[-169.888062,-19.144447],[-169.89389,-19.145557]]],[[[-174.974701,-21.365833],[-174.973907,-21.358894],[-174.970551,-21.353889],[-174.935272,-21.324722],[-174.911438,-21.30611],[-174.910858,-21.426666],[-174.917267,-21.454166],[-174.924469,-21.452225],[-174.933929,-21.446114],[-174.96582,-21.417778],[-174.973602,-21.391392],[-174.974701,-21.365833]]],[[[-175.051697,-21.161671],[-175.118042,-21.260284],[-175.123627,-21.263889],[-175.13504,-21.26778],[-175.145294,-21.268063],[-175.186401,-21.252785],[-175.314453,-21.18],[-175.323639,-21.174442],[-175.336426,-21.161671],[-175.35141,-21.143333],[-175.356934,-21.133888],[-175.358032,-21.129444],[-175.360535,-21.102505],[-175.359467,-21.099171],[-175.35498,-21.091393],[-175.35141,-21.086117],[-175.343079,-21.076672],[-175.339172,-21.073055],[-175.316101,-21.064728],[-175.3125,-21.063618],[-175.305298,-21.065002],[-175.301941,-21.068058],[-175.302246,-21.071388],[-175.304749,-21.074448],[-175.276672,-21.125],[-175.152222,-21.175556],[-175.145844,-21.178059],[-175.141693,-21.178616],[-175.13504,-21.173058],[-175.131958,-21.163055],[-175.131958,-21.155277],[-175.129456,-21.144726],[-175.123322,-21.134998],[-175.119476,-21.132504],[-175.107239,-21.128059],[-175.093628,-21.125],[-175.07309,-21.124168],[-175.066986,-21.124725],[-175.060822,-21.127228],[-175.050293,-21.134445],[-175.047241,-21.139442],[-175.045563,-21.145832],[-175.046417,-21.1525],[-175.051697,-21.161671]]],[[[-174.767548,-20.278057],[-174.777527,-20.275558],[-174.785309,-20.271667],[-174.78833,-20.266396],[-174.795868,-20.245277],[-174.795319,-20.238609],[-174.791962,-20.234722],[-174.786438,-20.23167],[-174.779175,-20.230831],[-174.765564,-20.234722],[-174.76004,-20.237225],[-174.756683,-20.242496],[-174.756134,-20.264446],[-174.758362,-20.272507],[-174.760834,-20.27639],[-174.767548,-20.278057]]],[[[-174.41864,-19.928333],[-174.422791,-19.927776],[-174.42392,-19.914722],[-174.422546,-19.910004],[-174.420013,-19.90556],[-174.405273,-19.888058],[-174.401123,-19.883614],[-174.395844,-19.880554],[-174.390869,-19.881668],[-174.387512,-19.886948],[-174.386719,-19.89389],[-174.388947,-19.900558],[-174.392792,-19.905003],[-174.41394,-19.926666],[-174.41864,-19.928333]]],[[[-174.318604,-19.821945],[-174.327484,-19.825279],[-174.333313,-19.824722],[-174.348053,-19.818611],[-174.353088,-19.815559],[-174.35498,-19.811951],[-174.354431,-19.806393],[-174.325867,-19.768333],[-174.32254,-19.764446],[-174.315857,-19.764172],[-174.309723,-19.766949],[-174.306427,-19.77195],[-174.311707,-19.811394],[-174.314453,-19.817226],[-174.318604,-19.821945]]],[[[-175.078369,-19.708057],[-175.058929,-19.71806],[-175.054749,-19.721947],[-175.050293,-19.728336],[-175.043884,-19.759171],[-175.042511,-19.781391],[-175.042267,-19.787502],[-175.044189,-19.792229],[-175.047546,-19.796112],[-175.051392,-19.799171],[-175.056671,-19.800838],[-175.063324,-19.800838],[-175.069733,-19.798889],[-175.07724,-19.793613],[-175.080933,-19.789352],[-175.083893,-19.786118],[-175.085541,-19.782501],[-175.0914,-19.768063],[-175.098602,-19.749725],[-175.097809,-19.741386],[-175.090271,-19.711948],[-175.086945,-19.708057],[-175.081696,-19.70639],[-175.078369,-19.708057]]],[[[-174.263062,-19.74472],[-174.266449,-19.75],[-174.272522,-19.752785],[-174.279175,-19.753616],[-174.292816,-19.751118],[-174.299164,-19.748611],[-174.304749,-19.74472],[-174.30722,-19.740833],[-174.305298,-19.736942],[-174.261719,-19.691113],[-174.256134,-19.688053],[-174.250854,-19.692226],[-174.247528,-19.697224],[-174.249176,-19.707226],[-174.263062,-19.74472]]],[[[-175.015015,-19.651669],[-175.01059,-19.65139],[-175.005585,-19.6525],[-175.003082,-19.656944],[-175.002838,-19.660278],[-175.003937,-19.664448],[-175.013947,-19.685558],[-175.018341,-19.691387],[-175.021149,-19.692497],[-175.025574,-19.691944],[-175.032043,-19.68877],[-175.033936,-19.686668],[-175.035004,-19.683609],[-175.036133,-19.679443],[-175.035858,-19.676666],[-175.031403,-19.668056],[-175.02533,-19.659721],[-175.01889,-19.654167],[-175.015015,-19.651669]]],[[[-174.280029,-19.592777],[-174.241699,-19.642776],[-174.239197,-19.64695],[-174.238892,-19.651115],[-174.24057,-19.654449],[-174.244476,-19.656113],[-174.250336,-19.657227],[-174.260834,-19.651943],[-174.273926,-19.643333],[-174.281952,-19.634445],[-174.290588,-19.61861],[-174.293884,-19.607227],[-174.293884,-19.601112],[-174.291962,-19.594444],[-174.286438,-19.591393],[-174.280029,-19.592777]]],[[[-174.64978,-18.783058],[-174.645599,-18.785561],[-174.62442,-18.806667],[-174.623077,-18.809444],[-174.62442,-18.814167],[-174.63031,-18.823338],[-174.638611,-18.827499],[-174.646973,-18.83028],[-174.653656,-18.83028],[-174.666962,-18.825832],[-174.673096,-18.812778],[-174.675049,-18.804447],[-174.674164,-18.79417],[-174.670868,-18.790279],[-174.665283,-18.787228],[-174.655609,-18.783894],[-174.64978,-18.783058]]],[[[-174.073639,-18.68111],[-174.068909,-18.68222],[-174.065552,-18.687225],[-174.061707,-18.698608],[-174.061401,-18.704723],[-174.06665,-18.70639],[-174.090271,-18.703056],[-174.09613,-18.701115],[-174.097809,-18.696388],[-174.094177,-18.691113],[-174.085846,-18.68417],[-174.079712,-18.681393],[-174.073639,-18.68111]]],[[[-174.041138,-18.680283],[-174.037537,-18.680836],[-174.029724,-18.68417],[-174.019196,-18.694447],[-174.015015,-18.705276],[-174.016449,-18.711948],[-174.019745,-18.71722],[-174.0242,-18.719723],[-174.033356,-18.715553],[-174.03476,-18.713886],[-174.044464,-18.6875],[-174.045013,-18.683609],[-174.043335,-18.680836],[-174.041138,-18.680283]]],[[[-174.123627,-18.677502],[-174.115814,-18.671391],[-174.105835,-18.666664],[-174.091095,-18.663887],[-174.085297,-18.665554],[-174.0867,-18.67028],[-174.089722,-18.674171],[-174.123871,-18.704449],[-174.128052,-18.703335],[-174.128357,-18.697224],[-174.127808,-18.690277],[-174.126373,-18.682777],[-174.123627,-18.677502]]],[[[-174.070038,-18.639442],[-174.070587,-18.632504],[-174.068054,-18.626392],[-174.0625,-18.623611],[-174.05722,-18.621117],[-174.049469,-18.621117],[-174.041382,-18.621117],[-174.033356,-18.621117],[-174.027222,-18.618893],[-174.023376,-18.614449],[-174.017242,-18.603054],[-174.013062,-18.589725],[-174.005585,-18.580006],[-174.000854,-18.576389],[-173.995544,-18.573338],[-173.989441,-18.571117],[-173.967529,-18.568058],[-173.939209,-18.568893],[-173.935577,-18.570835],[-173.931671,-18.575279],[-173.916687,-18.599728],[-173.907501,-18.62056],[-173.906158,-18.626945],[-173.907257,-18.63306],[-173.910553,-18.638058],[-173.986969,-18.68417],[-174.054443,-18.669724],[-174.061951,-18.66222],[-174.064209,-18.656387],[-174.070038,-18.639442]]],[[[-175.679199,-15.615002],[-175.6828,-15.607779],[-175.684723,-15.593613],[-175.683929,-15.589724],[-175.67807,-15.576389],[-175.671661,-15.568611],[-175.667816,-15.566113],[-175.627228,-15.56028],[-175.621399,-15.560835],[-175.616669,-15.563334],[-175.608917,-15.570833],[-175.607239,-15.584999],[-175.609467,-15.600555],[-175.611969,-15.604445],[-175.636414,-15.625],[-175.644745,-15.629168],[-175.654724,-15.63028],[-175.665833,-15.627222],[-175.670013,-15.624166],[-175.679199,-15.615002]]],[[[-178.140564,-14.316389],[-178.1539,-14.308058],[-178.171112,-14.287781],[-178.177826,-14.278057],[-178.180878,-14.272779],[-178.188324,-14.256111],[-178.191101,-14.243334],[-178.189453,-14.236113],[-178.185577,-14.231668],[-178.177826,-14.233055],[-178.129974,-14.246944],[-178.124695,-14.250278],[-178.044769,-14.314445],[-178.042267,-14.316668],[-178.042511,-14.319447],[-178.060822,-14.323891],[-178.134216,-14.31778],[-178.140564,-14.316389]]],[[[-176.167816,-13.352777],[-176.170319,-13.35111],[-176.177246,-13.341391],[-176.18808,-13.313614],[-176.191101,-13.286945],[-176.185822,-13.257778],[-176.183075,-13.24361],[-176.178345,-13.232224],[-176.160553,-13.21611],[-176.156158,-13.213614],[-176.15033,-13.214169],[-176.145844,-13.218058],[-176.123627,-13.25139],[-176.121948,-13.256392],[-176.121094,-13.263334],[-176.138611,-13.338333],[-176.140564,-13.343613],[-176.14447,-13.346666],[-176.161438,-13.352777],[-176.165039,-13.353054],[-176.167816,-13.352777]]],[[[-171.465271,-14.052778],[-171.47998,-14.050556],[-171.516663,-14.047779],[-171.524445,-14.047779],[-171.546112,-14.05028],[-171.588928,-14.052502],[-171.648376,-14.05028],[-171.768097,-14.035833],[-171.911133,-14.012503],[-172.04837,-13.914448],[-172.052826,-13.910559],[-172.056976,-13.906113],[-172.060028,-13.900278],[-172.064758,-13.881945],[-172.064758,-13.874443],[-172.061707,-13.869165],[-172.0578,-13.864721],[-172.030853,-13.84111],[-172.027802,-13.839443],[-171.906708,-13.806667],[-171.883911,-13.805555],[-171.822266,-13.807503],[-171.748077,-13.831669],[-171.619141,-13.878613],[-171.446136,-13.9825],[-171.44223,-13.986387],[-171.431976,-13.999443],[-171.429443,-14.005281],[-171.42865,-14.012779],[-171.429749,-14.019724],[-171.441986,-14.057503],[-171.465271,-14.052778]]],[[[-172.222504,-13.563055],[-172.203064,-13.591946],[-172.193359,-13.613335],[-172.168884,-13.677502],[-172.167816,-13.684444],[-172.167816,-13.691389],[-172.210541,-13.805281],[-172.214172,-13.807777],[-172.225037,-13.808889],[-172.251953,-13.807503],[-172.257538,-13.805836],[-172.262268,-13.801947],[-172.393341,-13.79167],[-172.482788,-13.806667],[-172.489197,-13.806946],[-172.508911,-13.806667],[-172.51947,-13.805281],[-172.527222,-13.803888],[-172.532501,-13.800835],[-172.574432,-13.765837],[-172.590027,-13.739721],[-172.691101,-13.62611],[-172.75,-13.575832],[-172.753387,-13.572224],[-172.772827,-13.549999],[-172.779724,-13.539722],[-172.780609,-13.533335],[-172.780304,-13.530003],[-172.77948,-13.527225],[-172.775024,-13.519445],[-172.77005,-13.515556],[-172.758087,-13.511112],[-172.753082,-13.509445],[-172.741699,-13.507504],[-172.736115,-13.509445],[-172.728638,-13.513334],[-172.655273,-13.519169],[-172.596497,-13.509113],[-172.551941,-13.497223],[-172.475281,-13.479721],[-172.391113,-13.464169],[-172.36084,-13.460556],[-172.348358,-13.46139],[-172.311401,-13.469168],[-172.304443,-13.471111],[-172.29892,-13.474169],[-172.289734,-13.481943],[-172.285858,-13.486387],[-172.222504,-13.563055]]]]}},{"type":"Feature","properties":{"NAME":"Polynesians","ABBREVN":"Polynesians","wikipedia":null,"SUBJECTO":"Polynesians","BORDERPRECISION":1,"PARTOF":"Polynesians","polity_id":"ottoman_classical:polynesians","name":"Polynesians","ISO_A3":"POLYNESIAN2","ADM0_A3":"POLYNESIAN2","ADMIN":"Polynesians","fill_colour":"#708538","border_precision":1},"geometry":{"type":"MultiPolygon","coordinates":[[[[-109.241386,-27.133057],[-109.290848,-27.150002],[-109.321671,-27.14917],[-109.333893,-27.15139],[-109.388901,-27.177223],[-109.415848,-27.193336],[-109.42778,-27.201946],[-109.442497,-27.200836],[-109.446953,-27.198059],[-109.449173,-27.193058],[-109.446953,-27.180836],[-109.445282,-27.175282],[-109.422501,-27.107502],[-109.420563,-27.101948],[-109.415558,-27.092503],[-109.40918,-27.084446],[-109.396118,-27.068336],[-109.390839,-27.066669],[-109.371399,-27.063892],[-109.365837,-27.063335],[-109.22139,-27.095837],[-109.217789,-27.099445],[-109.217216,-27.105556],[-109.218338,-27.111946],[-109.224167,-27.121113],[-109.23584,-27.131111],[-109.241386,-27.133057]]]]}},{"type":"Feature","properties":{"NAME":"Crimean Khanate","ABBREVN":"Crimean Khanate","wikipedia":null,"SUBJECTO":"Ottoman Empire","BORDERPRECISION":1,"PARTOF":"Ottoman Empire","polity_id":"ottoman_classical:crimean_khanate","name":"Crimean Khanate","ISO_A3":"CRIMEANKHANA","ADM0_A3":"CRIMEANKHANA","ADMIN":"Crimean Khanate","fill_colour":"#2c8753","border_precision":1},"geometry":{"type":"MultiPolygon","coordinates":[[[[32.3304352651785,46.15208500578126],[33.236359422042575,46.95718734355883],[33.32531214639842,48.052268657035654],[34.16305713851132,47.81064663517557],[36.00811280901763,48.996145858857076],[36.399390447085466,49.03577483535195],[37.884650975332775,49.186203453898436],[39.258698196877916,48.43672315123745],[40.50783203464621,47.4374160810228],[40.63274541842304,46.68793577836182],[40.382918650869385,45.438801940593514],[39.6334383482084,45.68862870814717],[37.47389129122851,44.692359529451174],[37.31793883761523,44.92420919986133],[36.959868464080074,45.22735556216602],[37.22774795016406,45.3120189532793],[37.46097091158984,45.312476716951174],[37.661265406218746,45.345233522371096],[37.70609572848437,45.57840307803516],[37.86787703951953,45.79251440616016],[37.98994353732226,46.00666006656055],[38.22715285739062,46.020091615632815],[38.45897963961718,46.07891424746875],[38.26491454562304,46.31855734439258],[37.97017196139453,46.44128378482227],[37.75709823092578,46.60319098086719],[37.86659911593554,46.65535696597461],[38.031863245574215,46.66868170352344],[38.401091608611324,46.721351228669924],[38.72273925265429,46.87792166324024],[39.282359156218746,47.07403143496875],[39.194094690886715,47.24295004458789],[39.159853968230465,47.26889380069141],[38.80024627169726,47.22916754336719],[38.209727320281246,47.15045889468555],[37.85925200900195,47.103744111970705],[37.42214492282031,47.076881013826174],[37.19263366183398,46.894420228914065],[36.86455825289843,46.80929144473438],[36.35396865328906,46.77579840274219],[35.85055831393359,46.66439016909961],[35.624331507292965,46.521060548738284],[35.41610244235156,46.49468954654102],[35.21237472018359,46.63714178653125],[35.04636672457812,46.357650361970705],[34.906809839812496,46.273021303132815],[34.69234755953906,46.25312765689258],[34.4956541391289,46.27870138736133],[34.06421569308398,46.26487310977344],[33.83908370455859,46.19305380435352],[34.1272573800957,46.06389959903125],[35.00805190524218,45.6119457110918],[35.031897577849605,45.53427466006641],[34.99001220187304,45.450015626863284],[35.063418421355465,45.340098939851565],[35.31667617282031,45.32118185611133],[35.54621795138476,45.379893861726565],[35.84976485690234,45.445228181794924],[36.32316497286914,45.43969687075977],[36.52104857882617,45.38828619571094],[36.41513350924609,45.27157171817188],[36.3671141000664,45.161483369783205],[36.26475432833789,45.09658773990039],[36.0046987863457,45.04433401675586],[35.865454706755855,45.03111990542774],[35.59955504855273,45.10174139590625],[35.386660608855465,45.08192404361133],[35.0673208566582,44.86172445865039],[34.61416152438281,44.841468416169924],[34.3722410531914,44.75717505069141],[34.13495543917773,44.53749807925586],[34.01372436007617,44.49212225528125],[33.66015532931445,44.523658357576174],[33.39549544772265,44.60049017520313],[33.55937865695117,44.93613775821094],[33.516673121062496,45.12350805850391],[33.39787200411914,45.2526813373125],[33.013491663542965,45.38137014956836],[32.92628768405078,45.387672029451174],[32.64344695529101,45.380633912996096],[32.57530120333789,45.36108358950977],[32.50324157199023,45.44510229678516],[32.902258905974605,45.67258032412891],[33.19164946993945,45.78977545352344],[33.539458307830074,45.874713502839846],[33.63883880099414,45.92677267642383],[33.52794555148242,46.13406332583789],[33.33253386935351,46.16611059756641],[32.97293380221484,46.14594992251758],[32.51644423922656,46.12558325381641],[32.3304352651785,46.15208500578126]]]]}},{"type":"Feature","properties":{"NAME":"Ottoman Empire","ABBREVN":"Ottoman Emp","wikipedia":null,"SUBJECTO":"Ottoman Empire","BORDERPRECISION":1,"PARTOF":"Ottoman Empire","polity_id":"ottoman_classical:ottoman_empire","name":"Ottoman Empire","ISO_A3":"OTTOMANEMP2","ADM0_A3":"OTTOMANEMP2","ADMIN":"Ottoman Empire","fill_colour":"#3c9a8c","border_precision":1},"geometry":{"type":"MultiPolygon","coordinates":[[[[8.020752939788085,33.02027853579883],[6.269234644500006,31.873469044264244],[0.873159063104652,31.985887285543306],[-1.066134393604055,32.450299832737755],[-1.081275251301545,32.45392569156055],[-1.112570431622284,32.54910620303516],[-1.340927687081116,32.694007478669924],[-1.610150661858338,33.04845007510547],[-1.68113121071698,33.257815919832034],[-1.673919525536316,33.829951845125],[-1.663989510926026,34.205054841951174],[-1.738150325211304,34.60509451480274],[-1.823284712227601,34.69997366519336],[-2.076577034386414,34.82567556949024],[-2.192973938378113,35.05424841494922],[-2.035251822861451,35.054568849519534],[-1.738327947052735,35.11883123965625],[-1.495096531304139,35.23390158267383],[-1.329105701836365,35.48890646548633],[-1.146667149456757,35.62936743350391],[-0.917491999062317,35.66803701968555],[-0.734306838902253,35.73846014590625],[-0.428770822080391,35.86006888003711],[-0.282988813313263,35.75847586245899],[-0.203663793,35.75072058291797],[-0.09165417084338,35.73976858706836],[0.015310812202674,35.803668580964846],[0.198671731559021,36.033309541658205],[0.474390897361022,36.22496374698047],[0.781242343989593,36.38485296817188],[1.057602915374023,36.461856447175784],[1.57969311198352,36.51388891787891],[2.293774160948974,36.54082449527149],[2.52436355075,36.57315023990039],[2.809869083968383,36.71390112491016],[3.070006403533203,36.61885794253711],[3.323837790099365,36.65123327823047],[3.586873087493164,36.79195364566211],[3.741224560347778,36.83686789126758],[4.16391900500415,36.83135183902149],[4.394624266234619,36.83819159121875],[4.532551798430664,36.8129840716875],[4.632117304412109,36.79406698794727],[4.777191671935302,36.743384920076174],[5.144465002623779,36.66767843814258],[5.382732424346191,36.67453344912891],[5.730162176696044,36.7517047748125],[6.047393831816894,36.841556154207034],[6.322870287505371,37.090648256257815],[6.770537409392578,36.86214789004688],[6.923042807189209,36.81784018130664],[7.063241037932617,36.881854616121096],[7.204853090850097,36.99046667666797],[7.306981119719726,37.06078299136524],[7.544922861663085,37.04214438052539],[7.719043287841064,36.95327719302539],[7.792040857878906,36.83235891909961],[7.913174662200195,36.77524908633594],[8.145014795867187,36.813949190095705],[8.636709246245605,36.885257326082034],[8.865518602935058,36.96835287661914],[9.150280031768066,37.17287405581836],[9.416118654814941,37.27537878604297],[9.732199701873046,37.28239782901172],[10.021354708281738,37.20013388247852],[10.132734331694824,37.104747377351565],[10.15887168368457,36.99647482486133],[10.27150824984668,36.754554353669924],[10.392797503081542,36.716571412996096],[10.580582651702148,36.79342230410938],[10.843251261321289,36.99148901553516],[11.023757013884765,37.06832464785938],[11.039403948394042,36.90904577823047],[10.92006209811328,36.6539378985918],[10.633412394133789,36.424014650300784],[10.509244951812011,36.21355398745899],[10.511460337249023,36.08616980166797],[10.60260776003955,35.88894613833789],[10.830826792327148,35.679278932527346],[10.988951716033203,35.622298799470705],[11.12510875186084,35.2406078204668],[11.082800898162109,35.14503439517383],[10.839357409087402,34.8011546954668],[10.574025187102539,34.648109041169924],[10.116421732512695,34.234168611482424],[10.01948073825,34.08147390933399],[10.148656878081542,33.87839850039844],[10.412600550261718,33.63112600894336],[10.650217089263183,33.49818380923633],[10.778140101042968,33.473033510164065],[10.956539187041503,33.575057588533205],[11.09911826571582,33.53722723575],[11.20892051180957,33.25152166934375],[11.47068694552539,33.14409216494922],[12.117019686309082,32.87850149722461],[12.564756426421386,32.73963888736133],[12.798863443938476,32.733768068269534],[13.187125238982421,32.791759096101565],[13.458779368010742,32.77960928531055],[14.157023462859375,32.67937811465625],[14.433427843657714,32.46390875430469],[14.790810618010742,32.362994752839846],[15.00978663882373,32.363441072419924],[15.163704905120117,32.27480658145313],[15.241435083953125,32.17330130191211],[15.358129534331542,31.805022798494143],[15.533408197966796,31.55121573062305],[15.843325647917968,31.285003267244143],[16.013379129973632,31.22817000003223],[16.318387064543945,31.165261827424807],[16.782519373503906,31.128097139314455],[16.983780893889648,31.09674223513965],[17.421629938689453,30.99598654361133],[17.708979639617187,30.894923768953127],[17.95715812167285,30.768363557771487],[18.537213358489257,30.41374548526172],[18.885434168313786,30.221221390772325],[18.915026697722656,30.204860292390627],[19.124539408293945,30.198943696931643],[19.318795867131424,30.255372139199526],[19.322815928069335,30.256539903596682],[19.663914713469726,30.44150122256641],[19.98153785189746,30.721730791047854],[20.116768869963867,30.957103334382815],[20.116679224578125,31.071467958406252],[19.99209693392871,31.350774370149416],[19.941582712737304,31.611169420198244],[19.96147063693164,31.795470796541018],[20.06836417636035,32.03713568301563],[20.365721735564453,32.29824026675586],[20.515524897185546,32.38751181216602],[20.76505187472461,32.49603231997852],[21.054497751799804,32.630050264314455],[21.67341903170703,32.815589509919924],[22.215989145842773,32.79128988833789],[22.543126139250976,32.72207220645313],[22.922846827117187,32.55765875430469],[23.007332834807617,32.48158987613086],[23.02665618380664,32.25291021914844],[23.15333846530078,32.138812623933596],[23.288636240569335,32.13273199649219],[23.71403411349414,32.0764232501543],[23.742419271630055,32.0640980489926],[24.034403833953125,31.937314592317385],[24.23692229708789,31.92502363772754],[24.815857920256835,31.90715368838672],[24.951525721160156,31.818492494539065],[24.982237848845703,31.647012315706057],[25.106553110686523,31.51384123416309],[25.25822928866504,31.437919221833987],[25.507155451384765,31.444781862214846],[25.7895002695,31.48984106631641],[26.14333442172168,31.490577302888674],[26.823994669524414,31.358560167268557],[27.088095697966796,31.306726060823244],[27.438754114714843,31.25182493777637],[27.763331446257812,31.182614885286135],[27.919449839202148,30.99868544192676],[28.09982970675586,30.99905737491016],[28.51718238314746,30.9617992267168],[28.96642211398242,30.784841142610354],[29.248847040740234,30.753661714509768],[29.359381708708984,30.81107100100879],[29.68310264071582,31.053170762971682],[30.09913924655078,31.231925569490237],[30.476056131926757,31.31528814883594],[30.827059778777343,31.436736665681643],[30.99595550021289,31.468850694612307],[31.151381525603515,31.443749986604494],[31.39227012118457,31.44426115603809],[31.717415842620117,31.387752138093752],[31.80812362155078,31.178281389192385],[32.07651046237109,31.013650499299807],[32.30937865695117,31.08401831241016],[32.59724334200976,30.96390112491016],[32.76873305758593,30.95155294986133],[33.021391901580074,31.132072053865237],[33.1295652719414,31.051686845735354],[33.25459960421679,31.026528917268557],[33.55760100802539,30.967715822175784],[33.70960906466601,30.995709978059573],[33.916968378630855,31.070052705720705],[34.146304163542965,31.20857962222461],[34.19527724703906,31.238141618684573],[34.5006590219414,31.621099077180666],[34.59913543185351,31.817897401765627],[34.681338343230465,32.045978151277346],[34.75850203951953,32.30071981997852],[34.84289077242968,32.670699678376955],[34.894969019499996,32.66283377261524],[34.95658782443164,32.704818330720705],[34.959082636443355,32.79665716739063],[34.97200683077929,32.93840750308399],[35.08897307833789,33.069259248689455],[35.13231185397265,33.231517396882815],[35.20838836154101,33.33358725161914],[35.356089624968746,33.639781557039065],[35.3485594125664,33.74446829409961],[35.42986587008593,33.74446829409961],[35.491850885955074,33.83082541079883],[35.52440169772265,33.974769197419924],[35.532080683318355,34.11870535464649],[35.71620849093554,34.31236990542774],[35.82100585421679,34.34377630801563],[35.87306502780078,34.422286592439455],[35.85191634616015,34.49294622989063],[35.75075438937304,34.74680670352344],[35.80885222872851,35.013797365144534],[35.841380152312496,35.04263266177539],[35.79643157443164,35.27071722598438],[35.60734084567187,35.417544923738284],[35.66395858248828,35.45949514956836],[35.680430445281246,35.52767141909961],[35.73317626437304,35.58536108584766],[35.69143203219531,35.68502005191211],[35.739504847136715,35.690265260652346],[35.85594466647265,35.83450277896289],[35.829051050749996,35.884784303621096],[35.71850493868945,36.091556154207034],[35.664946589080074,36.133529268220705],[35.70863250216601,36.21223410220508],[35.81724074801562,36.301028810457034],[36.0952635141289,36.48246344180469],[36.104521784392574,36.56117209048633],[36.08243087252734,36.621532045320315],[35.95679381808398,36.74749334903125],[35.89087584933398,36.7711139545],[35.67174056491015,36.605784975007815],[35.56761458834765,36.58741720767383],[35.50617125949023,36.55855520816211],[35.54760268649218,36.54018362613086],[35.49458983859179,36.443099580720705],[35.417082819548824,36.43260534854297],[35.38869765719531,36.45359381289844],[35.35417846163867,36.41423758120899],[35.22052672824023,36.388003908113284],[35.07137206515429,36.487708650544924],[34.869910273162105,36.576922975496096],[34.662383112517574,36.64777334781055],[34.48512938937304,36.626781068757815],[34.103220972624996,36.38032492251758],[33.95171264132617,36.25157888980274],[33.95405486544726,36.15975912661914],[33.89098266085742,36.13877447696094],[33.8358755441582,36.107295595125],[33.83369735201953,36.07057150454883],[33.753176722136715,36.14664038272266],[33.481699976531246,36.05428274722461],[33.171336207,35.97088202090625],[32.904116663542965,35.976695619539065],[32.64034179171679,36.007999025300784],[32.33497909030078,36.128367982820315],[31.902007135955078,36.496863923982424],[31.37069037875293,36.712344728425784],[30.90531066378711,36.79421576114063],[30.59359076937793,36.76173361392383],[30.540066752043945,36.64696081729297],[30.496651682463867,36.37298163028125],[30.472832712737304,36.18825491519336],[30.394862207976562,36.118045412019534],[30.279892954436523,36.1178050860918],[30.166131052581054,36.18761786075],[29.661955866423828,36.078345857576174],[29.471932444182617,36.090694032625],[29.29818824252246,36.17311819644336],[29.002251658049804,36.69479712100391],[28.81352714022754,36.53515585513477],[28.46984580477832,36.73830755801563],[28.266922983733398,36.7124095782793],[28.014189753142578,36.527164064363284],[27.91190246066211,36.69894369693164],[27.941855463591796,36.75633963199024],[28.051039728728515,36.8330150470293],[27.998808893767578,36.909366212800784],[27.55347732028125,36.91482504458789],[27.30811027011035,36.92070730777149],[27.268630060759765,37.04168280215625],[27.52563956698535,37.131412111238284],[27.49252418002246,37.23967321963672],[27.364632639495117,37.328631959871096],[27.160407099333984,37.36008032412891],[27.12256148776172,37.49385031314258],[27.141085657683593,37.64686544986133],[27.179783854094726,37.77442892642383],[27.13977340182422,37.88909109683399],[26.961377176848632,37.94610556216602],[26.67933181246875,38.104938112214846],[26.51232055148242,38.066348634675784],[26.393214258757812,38.10436209292774],[26.39159873446582,38.219127260164065],[26.468710932341796,38.44475897403125],[26.527411493865234,38.41824301333789],[26.742451700774414,38.27838858218555],[26.997431788054687,38.40005835147266],[26.819674524871093,38.52725180240039],[26.828822168914062,38.58296164126758],[26.69569686373828,38.640765748933596],[26.709471735564453,38.69857367129688],[26.9663801523125,38.76993139834766],[27.034913096038085,38.82109793277149],[27.004220041838867,38.88482626529102],[26.936802897063476,38.924563966707034],[26.78533652743457,38.94033392520313],[26.78984740695117,39.024425111726565],[26.87075141390918,39.05596884341602],[26.797139200774414,39.12955816836719],[26.70794394930957,39.18212851138477],[26.704054865447265,39.250472627595705],[26.602242502776367,39.25572928042774],[26.7201586099541,39.33724936099414],[26.85351279696582,39.46076925845508],[26.92615226229785,39.476546846345705],[26.957518610564453,39.54832800479297],[26.8042650552666,39.56715353579883],[26.546177897063476,39.51334723086719],[26.138976130095703,39.43973883242969],[26.06405738314746,39.45551260562305],[26.084887537566406,39.604007326082034],[26.14190391024707,39.66058310122852],[26.140706095305664,39.74998053164844],[26.127575907317382,39.878558717683596],[26.186009440032226,39.997195802644534],[26.320334467498046,39.99192389102344],[26.40305236300586,40.176490388826174],[26.481711420623046,40.18703802676563],[26.76528266390918,40.37694128604297],[26.996474299041015,40.371661745027346],[27.056124720183593,40.4296947345293],[27.271754297820312,40.450809083894534],[27.32923415621875,40.35583456607227],[27.449610743132812,40.30979498477344],[27.525994333831054,40.297137819246096],[27.76389411410449,40.28725393863086],[27.830164942351562,40.34528311343555],[27.79984382113574,40.40331991763477],[27.679287943450195,40.46135290713672],[27.80783179720996,40.50357016177539],[27.953805002776367,40.48773916812305],[28.00645926913379,40.450809083894534],[27.908217463103515,40.35055502505664],[28.00399116000293,40.36212881656055],[28.47771933993457,40.39510305972461],[28.75644019564746,40.37645300479297],[28.926756891814453,40.35583456607227],[29.052424463835937,40.33473166079883],[29.122286829558593,40.41387137027149],[29.08352759799121,40.45607718081836],[28.873215708342773,40.471908174470705],[28.77795890292285,40.524676881746096],[28.90162185153125,40.62010534854297],[29.52519706210254,40.68828924746875],[29.713147196379882,40.693561159089846],[29.882718119231445,40.746356569246096],[29.683445963469726,40.75163611026172],[29.41717246493457,40.741073213533205],[29.320355448333007,40.741073213533205],[29.28964332064746,40.806686006501955],[29.014533075896484,40.97867163272266],[29.161208185759765,41.21636541934375],[29.577780756560546,41.153365694001955],[30.13762381991504,41.13183554263477],[30.25608733615039,41.18466528506641],[30.744805368987304,41.04032476992969],[31.21768287142871,41.05409201236133],[31.404126200286132,41.16353949160938],[31.385666880217773,41.2850414142168],[31.666388544646484,41.394813142732424],[31.871287378875,41.49144323916797],[32.418982538787105,41.74916800113086],[32.68791106661914,41.84597357364063],[33.15546325167773,41.94960745425586],[33.55554107150195,41.982501588777346],[33.8966551156914,41.95108374209766],[34.30390075167773,41.89411886783008],[34.66290954074023,41.87558325381641],[35.001868280974605,42.043162904695315],[35.09883025607226,41.80586203189258],[35.286074671355465,41.67147787661914],[35.4114370675957,41.626815401033205],[35.67785552462695,41.62093313784961],[35.957793268767574,41.685645662263674],[36.16136840304492,41.35250052066211],[36.38289550265429,41.23751791568164],[36.641245874968746,41.31498297305469],[36.81701186617968,41.289683900789065],[37.25282576998828,41.027721010164065],[37.821841272917965,41.00963171573047],[38.31396392306445,40.920901857332034],[38.6511831613457,40.92156942935352],[39.13864425143359,41.0443187579668],[39.3701773019707,41.06399878116016],[39.66300490817187,41.0004955157793],[40.00671294650195,40.95632895083789],[40.36101439913867,40.963443361238284],[40.609892878142574,41.028026185945315],[41.29311660250781,41.28582342715625],[41.48396209200976,41.436542116121096],[42.02903655490039,41.39981039615039],[42.25010970553515,41.368968568757815],[42.35151961764453,41.40158041568164],[42.69377807101367,41.5637164935625],[42.87842467745898,41.54550512881641],[43.95678618868945,42.59115561099414],[44.052519831267574,42.55924566836719],[44.169531855193355,42.612430177644534],[44.2971792550957,42.612430177644534],[44.37163833102343,42.686893068269534],[44.414187464324215,42.729442201570315],[44.509924921599605,42.76135214419727],[44.6694822641289,42.76135214419727],[44.78649428805468,42.729442201570315],[44.871592554656246,42.66561850161914],[44.93541625460742,42.74007757754688],[44.9779653879082,42.771991334871096],[45.03115371188281,42.771991334871096],[45.13752654513476,42.71880301089649],[45.20135024508593,42.676253877595705],[45.29708388766406,42.676253877595705],[45.38218596896289,42.62306936831836],[45.47791961154101,42.54860647769336],[45.64811614474414,42.54860647769336],[45.8076773019707,42.5379711017168],[45.86086181124804,42.47414740176563],[45.8076773019707,42.389049135164065],[45.75448897799609,42.25076254458789],[45.91405013522265,42.12311514468555],[46.041697535124996,42.04865225406055],[46.15870955905078,42.00610312075977],[46.28635695895312,41.98482855410938],[46.392729792205074,41.995467744783205],[46.49910262545703,41.96355398745899],[46.55577758273242,41.878455720857424],[46.658659967986324,41.88909491153125],[46.66929915866015,41.81463202090625],[46.76503661593554,41.83590658755664],[46.850134882537105,41.83590658755664],[46.91395858248828,41.75080832095508],[47.12670424899218,41.62316092105274],[47.169253382292965,41.56997641177539],[47.22243789157031,41.56997641177539],[47.35008529147265,41.442325197175784],[47.35008529147265,41.30404242129688],[47.61601928195117,41.261493287996096],[47.81812957247851,41.197669588044924],[47.98832610568164,41.218944154695315],[48.06278518160937,41.31467779727344],[48.20107177218554,41.463599763826174],[48.22371258025433,41.4711466998491],[47.24856164173707,42.78491050892555],[47.19483867485455,43.37586314463319],[47.49336150607226,43.58319052310352],[47.520335230437496,43.51125677676563],[47.56529525241015,43.601173006013674],[47.61025527438281,43.7540355548418],[47.66420653781054,43.85294684024219],[47.73614028414843,43.86193808169727],[47.67319777926562,43.66411551089649],[47.57428649386523,43.502261720613284],[47.60126403292773,43.322425447419924],[47.6552114816582,43.27746542544727],[47.58327773532031,43.18754919619922],[47.56529525241015,43.007709108308596],[47.73614028414843,42.89980658145313],[47.79009154757617,42.85484655948047],[47.8440428110039,42.62105902285938],[47.96992782076953,42.59408529849414],[48.13178161105273,42.40525396914844],[48.22170165499804,42.279368959382815],[48.419524225798824,42.09053763003711],[48.50044921359179,41.92868383975391],[48.662303003874996,41.901710115388674],[48.683238062468746,41.83590658755664],[48.89249709567187,41.68698462100391],[48.998869928923824,41.516788087800784],[49.115881952849605,41.43168982119922],[49.24352935275195,41.29340323062305],[49.28607848605273,41.05938299746875],[49.3499021860039,40.9530101642168],[49.477549585906246,40.836001954988284],[49.60519698580859,40.761539064363284],[49.60519698580859,40.687076173738284],[49.80730346163867,40.58070334048633],[50.02005294283984,40.60197790713672],[50.190249476042965,40.57006796450977],[50.31789687594531,40.49560507388477],[50.42426970919726,40.410506807283205],[50.46681884249804,40.32540854068164],[50.46681884249804,40.26158484073047],[50.30725768527148,40.32540854068164],[50.12642577609179,40.346683107332034],[50.0306883188164,40.346683107332034],[49.91368010958789,40.32540854068164],[49.849856409636715,40.2722240314043],[49.66902068575976,40.24031027408008],[49.57328322848437,40.17648657412891],[49.55200866183398,40.091388307527346],[49.54137328585742,39.87864264102344],[49.48818496188281,39.76163061709766],[49.44563582858203,39.655257783845705],[49.403086695281246,39.48506125064258],[49.49882415255664,39.37868841739063],[49.48818496188281,39.293590150789065],[49.381812128630855,39.32550009341602],[49.339262995330074,39.28295096011524],[49.30735305270312,39.1340289935625],[49.2754392953789,39.01702078433399],[49.22225478610156,39.03829535098438],[49.17970565280078,39.14466818423633],[49.115881952849605,39.18721731753711],[49.041419062224605,39.14466818423633],[49.020144495574215,39.00638159366016],[49.05205825289843,38.931922517732424],[48.998869928923824,38.878734193757815],[48.945681604949215,38.836185060457034],[48.988230738249996,38.71917685122852],[48.824954065886715,38.3095775470293],[48.83150771578906,38.306312166169924],[48.80918792208789,37.98856695742969],[48.744780573455074,37.72701605410938],[48.837229761687496,37.51097448916797],[49.05953124484179,37.397559724763674],[49.475806269255855,37.291610322908205],[49.84801391085742,37.26821478457813],[50.03871444186328,37.22470434756641],[50.11132338961718,37.097755037263674],[50.25221160372851,36.894786439851565],[50.4693731329615,36.74823225777081],[49.55710308687251,34.255944236249405],[49.47792328981614,30.0528471823046],[49.45236495455859,30.07772596927051],[49.321360621062496,30.102862916902346],[49.235083613005855,30.223380647615237],[49.2222280832207,30.47745855899219],[49.020171198455074,30.43257101626758],[48.94572356661914,30.387942872957034],[48.8013296457207,30.08272513003711],[48.713843378630855,29.99996145816211],[48.5536489816582,29.99462278933887],[48.51058486422656,29.993188463166994],[48.21184829196093,29.94809301944141],[48.02827743014453,29.973121248201174],[47.95715239962695,29.94756468387012],[47.91136077365039,29.89029272647266],[47.935923609343746,29.80140646548633],[47.9960317941582,29.490258775666994],[47.8449087472832,29.50315435977344],[47.61403945407031,29.272241197541994],[47.803557428923824,29.184920869783205],[47.99150756320117,29.277490220979494],[48.12906173190234,29.268191896394534],[48.44353393038867,28.44023474307422],[48.462683710662105,28.38585051150684],[48.58751204928515,28.093883119539065],[48.751738581267574,27.871879182771487],[48.83184340914843,27.57345350833301],[48.85502150973437,27.52269133181934],[49.13191131075976,27.53597220034961],[49.243506464568355,27.479030214265627],[49.151927027312496,27.37245710940723],[49.23915770968554,27.28848799319629],[49.321604761687496,27.161550126985354],[49.427317652312496,27.131045900300784],[49.532542261687496,27.009526811555666],[49.93138411959765,26.934125505403323],[50.1217642160332,26.737586580232424],[50.09017470797656,26.61149176211719],[49.983958277312496,26.59574469180469],[49.934172663298824,26.48306807132129],[50.07624724825976,26.311841569856448],[49.99197677096484,26.04484137149219],[49.93686202487109,25.95578344912891],[50.01140502413867,25.835229478791994],[50.14689162692187,25.535644136384768],[50.214324030486324,25.588124834016604],[50.38191894015429,25.461173616365237],[50.429209742156246,25.18402250857715],[50.61889556368945,24.870853029207034],[50.606543573943355,24.68021734805469],[50.70592025241015,24.559718690828127],[50.77828124484179,24.470929704622073],[50.90739348849414,24.433082185701174],[50.968333277312496,24.436244569734377],[50.56882690905954,23.854467511249652],[49.70419928565464,24.410299554867095],[49.39540370586717,26.077795685719416],[48.46901696650477,26.69538684529435],[47.67212584933398,28.44319113345508],[47.589026484099605,28.550696931794924],[47.43863967379687,28.829289995149416],[47.25528243502734,28.853646837190432],[46.509158167449215,28.97005232425098],[46.74396422824023,29.225440584138674],[46.90507516233225,29.437615717313662],[45.86971438514614,29.85600173414204],[44.839021615724675,29.993427436731572],[44.08318025148226,30.33699169320539],[40.02912202509114,34.39104991959652],[39.34199351214349,34.59718847348081],[38.03644933754296,34.59718847348081],[37.211895122005785,33.56649570405934],[36.52476660905813,31.161545908742568],[36.593479460352896,29.78728888284727],[37.363535735354745,27.957371649352076],[37.42091199004359,27.834118954094563],[38.81405584118259,24.841439570166326],[40.64753768674403,24.152835076676563],[41.07042045024812,22.262737159805738],[41.8124565280542,21.71258711067685],[41.922550675010456,20.766511713374978],[43.06599035309232,18.65375446750768],[43.48795395996116,16.621825637141917],[44.508690330728925,14.096846193663826],[45.2608118670841,13.828231359251259],[46.335271204734354,14.096846193663826],[46.711331972911935,13.935677293016287],[46.87773410632187,13.473871601441703],[46.601199183074215,13.400545679048342],[46.079287561980465,13.399416528657717],[45.825903925505855,13.405233941987795],[45.69247725924609,13.347759805635256],[45.51863769015429,13.207596384004397],[45.39597991427539,13.073898874238772],[45.19341567477343,12.93368300052051],[44.963572535124996,12.825172029451174],[44.78880217990039,12.805737100557131],[44.681067499724605,12.824559770540041],[44.44053557833789,12.6397777423418],[44.062747034636715,12.613552652314944],[43.84059050997851,12.663913331941409],[43.60489847715067,12.828886858386788],[43.56005004366992,12.860278688386721],[43.483645472136715,12.930004678682131],[43.340849909392574,13.12666567416553],[43.30284789523242,13.240954004243655],[43.38397887667773,13.565180383638186],[43.347563776580074,13.851036630586428],[43.20694259127734,14.079471193269534],[43.05326369723437,14.60650786013965],[42.79587844332812,15.470080934480471],[42.763525995818355,15.666981302217287],[42.883879694548824,15.984922014192385],[42.82804778536914,16.321475587800784],[42.81439879855273,16.40412863345508],[42.76366332491992,16.645455919221682],[42.53529265841601,17.07066687198047],[42.206519159880855,17.514735780671877],[42.00944426974414,17.73668058963184],[41.62855819186328,18.047204576448244],[41.39917663058398,18.440644823030276],[41.033022913542965,19.284907899812502],[40.81975844821093,19.68472059817676],[40.69382003268359,19.86870726199512],[40.33634856661914,20.0966869220293],[39.76407912692187,20.406795106843752],[39.52690032443164,20.692212663606448],[39.16673949679492,21.218801103547854],[39.13041213473437,21.650762163118166],[39.10333922824023,22.000165544465823],[39.10219481906054,22.40044554324512],[39.0556021066582,22.571889482454104],[38.91509536227343,22.87021406741504],[38.490122828093746,23.612683855012698],[38.329417261687496,23.8347183093584],[37.98842147311328,24.11356123538379],[37.78184798678515,24.214786134675784],[37.55722335299609,24.2714858874834],[37.41881087741015,24.398265443757815],[37.201453241912105,24.65831335635547],[37.26854232272265,24.96978148074512],[37.21826842745898,25.166631303743166],[37.00525573214648,25.534686647371096],[36.66929534396289,26.016835771516604],[36.32976209126139,26.40276266446908],[36.312224421111324,26.42269667239551],[35.83107284030078,27.095153413728518],[35.59481337985156,27.513986192659182],[35.43649581393359,27.72965582461719],[35.11159041842578,28.072061143831057],[34.87561706027148,28.09697302432422],[34.76388076266406,28.09674795718555],[34.798899683562496,28.230243287996096],[34.88559249362109,28.357480607942385],[35.02567962130664,28.948632799104494],[35.07210448702929,29.211360536531252],[35.09547332247851,29.342677675203127],[35.07339766940234,29.418868623689455],[34.9846792550957,29.467219911531252],[34.95425704440234,29.43680914492969],[34.93554213961718,29.418094240144534],[34.76433471163867,29.246686540559573],[34.54894927462695,28.731626115754885],[34.398840937224605,28.095985017732424],[34.32201293429492,27.828979097322268],[34.24119857272265,27.758920274690432],[34.05800536593554,27.790313325837893],[33.85604384860156,28.024955354646487],[33.504057917205074,28.32918318362598],[33.33074096163867,28.551192842439455],[33.17847350558398,28.995608888582034],[32.94378188571093,29.198421083406252],[32.81360534152148,29.477700792268557],[32.73727706393359,29.693547807649416],[32.647959742156246,29.85220106692676],[32.43838027438281,29.7755199298418],[32.318491968718746,29.54019697757129],[32.59057525118945,28.93719633670215],[32.64934447726367,28.76578100772266],[32.93467620333789,28.37882574649219],[33.354216608611324,27.9095474109209],[33.56693938693164,27.369950853303713],[33.80406478366015,26.93206938357715],[33.928809198943355,26.56382330508594],[34.10422042330859,26.354524217561526],[34.514842066374996,25.573916994050784],[34.99740127047656,24.71719893069629],[35.18986419161914,24.399919115022463],[35.453459772673824,24.152688585237307],[35.65656951388476,23.994273744539065],[35.72469619235156,23.91181906314258],[35.616301569548824,23.83534773440723],[35.48792937716601,23.79059561343555],[35.46848967990039,23.720668397859377],[35.57585051974414,23.231660448030276],[35.68928817233203,23.021319948152346],[35.74630263766406,22.91434057803516],[36.11136153658984,22.64825590701465],[36.2902212472832,22.57238157840137],[36.47324660739062,22.337684236482424],[36.660429987517574,22.16653784366016],[36.800112757292965,21.914899431184573],[35.25054864164662,21.36938639551212],[32.661727152233055,20.999554754167328],[31.644690138534873,21.276928485175922],[31.61657392264768,21.295396123922504],[32.16137597182477,20.643373199356958],[33.87690491850263,19.663070944112462],[34.612131609936,18.070079779340162],[33.631829354691504,15.741861923134486],[33.999442700408196,13.658719630739924],[33.141678227069264,11.575577338345376],[31.671224844202516,11.575577338345376],[31.426149280391396,13.29110628502324],[31.671224844202516,15.864399705040036],[30.690922588958024,16.84470196028454],[29.4655447699024,19.172919816490214],[29.4655447699024,20.76591098126252],[30.346361205137764,22.111400591415908],[29.425700290466107,22.6637971402189],[26.1714823420025,30.315606910930608],[22.429432528192088,31.26488872689992],[22.12152537390641,31.077466980812986],[21.19694627054442,31.077466980812986],[20.364825077518635,30.3378036981234],[20.280828829006403,30.331184435831425],[19.97024852772674,29.723181658957692],[18.85865466952491,29.56216240771757],[17.581183500626388,30.34273983624285],[15.649471650372499,30.522719518795792],[15.634077778931923,30.51810135736362],[15.1447614181766,25.096705374997708],[9.670226286804233,24.217677390714584],[9.45743516862368,25.184265893032865],[13.674568238020067,26.14324713625792],[13.877496814073512,31.058845691406717],[13.078438899835579,31.825941289075136],[8.770583097822628,33.18925043867925],[8.020752939788085,33.02027853579883]]],[[[25.76635112135116,36.33755930622052],[25.713135546885383,36.34980613615219],[25.73594222165643,36.38653506822634],[25.789157796122215,36.40489303146257],[25.872782270282734,36.35592882884054],[25.76635112135116,36.33755930622052]]],[[[25.492671024098556,36.331435169041356],[25.386239875166982,36.319185450416924],[25.31781985085383,36.39877419215787],[25.3330243007012,36.45994089964729],[25.37103542531962,36.49661778527289],[25.492671024098556,36.42324665835019],[25.492671024098556,36.331435169041356]]],[[[26.024826768756405,36.95968659606273],[26.085644568145874,36.89891612690345],[25.956406744443257,36.84418129487496],[25.834771145664316,36.78331883149609],[25.751146671503797,36.78331883149609],[25.751146671503797,36.81375611186905],[25.857577820435367,36.83809722624421],[25.94880451951957,36.91107409621058],[26.024826768756405,36.95968659606273]]],[[[24.67923295726441,36.75896029963509],[24.46637065940127,36.649251177336765],[24.29912171108023,36.75286945753905],[24.42835953478285,36.79549519508755],[24.588006258180208,36.86851272864293],[24.67923295726441,36.75896029963509]]],[[[24.97571972928807,36.637051610171376],[24.94531082959334,36.56991946228899],[24.8236752308144,36.637051610171376],[24.8236752308144,36.661448812220584],[24.876890805280183,36.679741640978875],[24.97571972928807,36.637051610171376]]],[[[25.10495755299069,36.637051610171376],[25.05934420344859,36.618748636935905],[25.044139753601222,36.661448812220584],[25.16577535238016,36.74068632260297],[25.196184252074893,36.673644514576154],[25.10495755299069,36.637051610171376]]],[[[25.431853224709084,36.6980301207178],[25.386239875166982,36.637051610171376],[25.26460427638805,36.704125314038706],[25.241797601616994,36.75286945753905],[25.249399826540678,36.75896029963509],[25.29501317608278,36.807669623462985],[25.431853224709084,36.6980301207178]]],[[[24.42835953478285,37.20833853996449],[24.534790683714423,37.11746294371295],[24.44356398463022,37.0992747162255],[24.42835953478285,37.20833853996449]]],[[[24.261110586461815,37.540613155635555],[24.29912171108023,37.66107502189996],[24.39795063508812,37.667092994189616],[24.382746185240748,37.570746906161986],[24.261110586461815,37.540613155635555]]],[[[24.3599395104697,37.39580161737422],[24.39795063508812,37.46824245164144],[24.48917733417232,37.39580161737422],[24.3599395104697,37.30515202694268],[24.3599395104697,37.39580161737422]]],[[[24.84648190558545,37.36559724964213],[24.861686355432816,37.52855624381453],[24.94531082959334,37.51046722146939],[25.044139753601222,37.377680456560746],[24.84648190558545,37.36559724964213]]],[[[25.469864349327505,37.43806729073237],[25.31781985085383,37.40184103098311],[24.922504154822285,37.69116000393879],[24.65642628249336,37.901413077728705],[24.76285743142493,38.003319956303606],[25.27220650131173,37.56472113091166],[25.469864349327505,37.43806729073237]]],[[[24.67923295726441,36.90499535372954],[24.648824057569676,37.014338584785854],[24.71724408188283,37.050751425742014],[24.78566410619598,36.947536378182036],[24.67923295726441,36.90499535372954]]],[[[25.112559777914374,36.94146054239683],[24.937708604669652,36.95968659606273],[25.15057090253279,37.17200141281893],[25.31021762593015,37.19622810717101],[25.31021762593015,37.00219709179456],[25.112559777914374,36.94146054239683]]],[[[25.599102173030126,37.026478138264174],[25.545886598564337,36.95968659606273],[25.454659899480134,36.9232301280182],[25.36343320039593,37.00826808071462],[25.34062652562488,37.087146804747654],[25.378637650243302,37.11746294371295],[25.538284373640657,37.220447029530426],[25.60670439795381,37.12352471549815],[25.599102173030126,37.026478138264174]]],[[[27.730274,35.91333],[27.728611,35.916664],[27.722221,35.929718],[27.719166,35.94082600000013],[27.72138600000011,35.94944],[27.730831000000137,35.978882],[27.740829000000133,36.10443900000013],[27.719719,36.1661],[27.788883000000112,36.251656],[27.803055,36.268326],[27.805832,36.27055400000012],[27.876106,36.31971],[27.895828,36.332222],[27.909161,36.339722],[28.068333,36.404999],[28.107494,36.41861],[28.207222000000115,36.44249],[28.210831,36.452492],[28.212772,36.455544000000145],[28.215832,36.45776400000011],[28.219166,36.456940000000145],[28.225826,36.453049],[28.233887,36.441376],[28.238049,36.431107],[28.206944,36.343597],[28.186939,36.299988],[28.141388,36.210541],[28.122772,36.185822000000144],[28.063606,36.111931],[28.009163,36.068886],[27.95666100000011,36.044991],[27.945827,36.03471400000012],[27.931664,36.0186],[27.906109,35.988052],[27.898888000000113,35.975555],[27.89277600000014,35.960831],[27.865555,35.93222],[27.842777000000126,35.91360500000013],[27.839443,35.911659],[27.799721,35.893326],[27.786663,35.890549],[27.781387,35.890274],[27.768608,35.893608],[27.733055,35.91111],[27.730274,35.91333]]],[[[26.919167,36.946663],[26.881943,37.068886],[26.886662,37.073318],[26.890831,37.076378],[26.960548,37.056107],[26.985828,37.044167],[27.04832800000014,36.993607],[27.049995,36.990555],[27.049995,36.949158000000125],[27.049438,36.946106],[27.04583,36.944153],[26.975552,36.924431],[26.969719,36.924431],[26.946384000000137,36.928055],[26.935555000000136,36.932213],[26.919167,36.946663]]],[[[26.946384000000137,36.679153],[26.923054,36.7061],[26.92083,36.708878],[26.91861,36.716103],[26.917770000000132,36.755272],[26.921944,36.761101],[27.060833000000116,36.837212000000136],[27.06415900000013,36.838875],[27.152493000000106,36.881386],[27.168053,36.887215],[27.177498000000128,36.888878],[27.284443,36.900551],[27.340549000000124,36.885277],[27.346661,36.881104],[27.35277600000012,36.872208],[27.355553,36.865273],[27.35527,36.858887],[27.344166,36.849442],[27.329437,36.842766],[27.302498,36.837494],[27.27944200000013,36.83416],[27.243332,36.826935],[27.218327,36.8197100000001],[27.03611,36.766106],[27.028049,36.763611],[26.992222,36.751389],[26.980553,36.746941000000106],[26.974159,36.742775],[26.971943000000124,36.740273000000116],[26.970551,36.736382],[26.966389,36.703606],[26.965832,36.681664],[26.971386,36.672211],[26.96666,36.672493000000145],[26.953053,36.675278],[26.946384000000137,36.679153]]],[[[26.849442,37.097771],[26.820553,37.11055],[26.769444,37.169434],[26.768330000000105,37.173325],[26.76916100000011,37.176384],[26.778049,37.187775],[26.7808270000001,37.189995],[26.785553,37.190819],[26.820553,37.18721800000014],[26.855,37.18277],[26.85833,37.181107],[26.860554,37.177216],[26.87249800000012,37.150551],[26.888882,37.1091540000001],[26.889721,37.101662],[26.889164,37.09861],[26.886662,37.09665700000011],[26.863888,37.095276],[26.853886,37.09665700000011],[26.849442,37.097771]]],[[[37.39818480929492,18.91500052066211],[37.47998717745898,18.81987150760059],[37.76123717745898,18.642554841951174],[38.02859786471484,18.47793921084766],[38.306651148406246,18.24978407473926],[38.527468714324215,18.161315523103518],[37.43050059376394,17.70246643362347],[36.45019833851943,18.070079779340162],[35.96004721089719,19.417995380301335],[36.695273902330555,20.398297635545838],[37.165026901801795,20.764269181727983],[37.25457290133593,19.65172728152637],[37.39818480929492,18.91500052066211]]],[[[32.81665709933398,34.538638673738284],[32.78413680514453,34.625228486970705],[32.60339263400195,34.61473425479297],[32.357180628386715,34.680335603669924],[32.27109054049609,34.71969565005664],[32.27097991427539,34.81415518374805],[32.19850066622851,34.86138876529102],[32.14372161349414,35.042544923738284],[32.18047622164843,35.05831488223438],[32.23445800265429,35.01363333316211],[32.30098632296679,35.01626165957813],[32.48311522921679,35.15294226260547],[32.5969839425957,35.15557440371875],[32.74495223483203,35.11427267642383],[32.77952483615039,35.15294226260547],[32.81907180270312,35.2817455157793],[32.79511168917773,35.36061056704883],[33.07747939547656,35.3186107501543],[33.37370971163867,35.30648001284961],[33.53904250582812,35.33169516177539],[33.907317194548824,35.436847291902346],[34.21733764132617,35.573566041902346],[34.45821288546679,35.64456137271289],[34.24465468844531,35.511844240144534],[34.04842666110156,35.40793188662891],[33.78049758395312,35.2081371173418],[33.77266601046679,35.129283510164065],[33.92467406710742,34.95322760196094],[33.79195693453906,34.95737036319141],[33.73257735690234,34.90862234683399],[33.685820612517574,34.93486746402149],[33.5385122629082,34.944156251863284],[33.4839353891289,34.79579123111133],[33.13139251193164,34.680335603669924],[32.95861724337695,34.659339509919924],[32.91454604586718,34.635726533845705],[32.91451552828906,34.54125937075977],[32.81665709933398,34.538638673738284]]],[[[23.665133509246093,35.66665609927539],[23.696656260100585,35.698123537019534],[23.733677897063476,35.62731894107227],[23.742875132170898,35.56175955386524],[23.87945273837207,35.55241736026172],[23.956812891570312,35.52767141909961],[24.03900435885547,35.56175955386524],[24.033263239470703,35.59847220034961],[24.081856760588867,35.611583314851565],[24.152676615325195,35.56438025088672],[24.135817560759765,35.52242621035938],[24.091456446257812,35.51980169864063],[24.073323282805664,35.49620398135547],[24.11320403536914,35.48571737857227],[24.17774489840625,35.46998556704883],[24.21970275363086,35.44900091739063],[24.22960380038379,35.39131888003711],[24.38828376254199,35.37296637149219],[24.768567118254882,35.42802771182422],[24.99748137911914,35.42102011294727],[25.01360038241504,35.36247976870899],[25.100091013518554,35.34674795718555],[25.374018702117187,35.31790503116016],[25.51163581332324,35.29476507754688],[25.67320731600879,35.349368654207034],[25.713534388152343,35.327010713533205],[25.66846755465625,35.18682058902149],[25.741803202239257,35.13700445742969],[25.788973841277343,35.13700445742969],[25.935492548552734,35.21303518863086],[26.0641527505791,35.23924978824024],[26.099352869597656,35.215648256257815],[26.16882613619922,35.247108064607424],[26.2735090585625,35.312659822419924],[26.236044916716796,35.228763185457034],[26.24266723116992,35.144874177888674],[26.16048530062793,35.02428396792774],[25.898680719939453,35.04525717349414],[25.74173644503711,35.008853517488284],[25.590724024382812,35.01641806216602],[24.693467173186523,34.94047125430469],[24.715638193694335,35.03477057071094],[24.69006637057422,35.09244116397266],[24.324357065764648,35.20778997989063],[24.013197931853515,35.21041449160938],[23.7855940195,35.26285132022266],[23.567723307219726,35.254981599763674],[23.513134989348632,35.275958620027346],[23.466885599700195,35.31790503116016],[23.529439005461914,35.569625459626955],[23.67146590670703,35.572249971345705],[23.669087442961914,35.611583314851565],[23.665133509246093,35.66665609927539]]],[[[23.242412446688213,39.04411813294447],[23.409661395009252,38.943672845059965],[23.78977264119343,38.71863293758614],[24.131872762759194,38.65335708482884],[24.207895011996026,38.5523591317064],[24.291519486156545,38.19476089687233],[24.588006258180208,38.15292605377605],[24.527188458790736,37.967368965721576],[24.3143261609276,37.98534666287396],[24.192690562148663,38.15292605377605],[24.02544161382762,38.38569989188942],[23.660534817490806,38.40357465937644],[23.59971701810134,38.45717244335585],[23.63772814271976,38.52262680680808],[23.462876969475033,38.62366656002873],[23.120776847909273,38.86676557896794],[22.869903425427715,38.83716368115139],[23.014345698977706,38.961408842619434],[23.242412446688213,39.04411813294447]]]]}}]}