{"type":"FeatureCollection","features":[{"type":"Feature","properties":{"NAME":"Meroe","ABBREVN":"Meroe","SUBJECTO":"Meroe","BORDERPRECISION":1,"PARTOF":"Meroe","polity_id":"roman_peak:meroe","name":"Meroe","ISO_A3":"MEROE","ADM0_A3":"MEROE","ADMIN":"Meroe","fill_colour":"#7d3597","border_precision":1},"geometry":{"type":"MultiPolygon","coordinates":[[[[33.76532574883418,22.47661272300238],[34.41212209908663,20.536223672245036],[34.4217777775482,20.50604967705261],[34.52779006636866,20.17476127448868],[34.551252367032575,20.183338169145948],[34.62361194077956,19.922843703656795],[35.22911804149705,18.509996135315994],[35.498231864038154,17.231705478245743],[35.969181053485094,15.482465631728555],[35.71782847259508,13.221631094918767],[35.38399995306791,12.804345445509801],[34.2156001347228,12.55397405586442],[32.8802860566141,12.470516925982626],[32.879012053950184,12.47057777553059],[31.79791680409795,12.522213583776395],[31.057853792109913,13.127719684493883],[29.846841590674938,15.347908720458005],[29.510449312498555,17.433540845151573],[29.846841590674938,20.124679070562628],[30.788739969568812,21.941197372715095],[31.057853792109913,22.68126038470313],[31.999752171003777,22.68126038470313],[32.60525827172126,22.815817295973687],[33.3453212837093,23.354044941055896],[33.76532574883418,22.47661272300238]]]]}},{"type":"Feature","properties":{"NAME":"Saka Kingdom","ABBREVN":"Saka King.","SUBJECTO":"Saka Kingdom","BORDERPRECISION":1,"PARTOF":"Saka Kingdom","polity_id":"roman_peak:saka_kingdom","name":"Saka Kingdom","ISO_A3":"SAKAKINGDOM","ADM0_A3":"SAKAKINGDOM","ADMIN":"Saka Kingdom","fill_colour":"#bcd33c","border_precision":1},"geometry":{"type":"MultiPolygon","coordinates":[[[[79.63710286456018,21.35227581139939],[73.03224302031273,18.215689800322718],[72.97611020330488,18.5385662105398],[72.85335067233198,19.244680009797854],[72.78251174410933,19.94968756289844],[72.75949386080855,20.057649217561526],[72.86443618258589,20.311982713655276],[72.88083899026422,20.3370863573711],[73.10968306979292,20.687320314363284],[73.11286452731245,20.827090822175784],[72.93113234957808,20.95375784488086],[72.76573470553511,21.150355897859377],[72.71466353854292,21.436120592073244],[72.66594222506636,21.848943315461916],[72.69562056979292,22.128535829500002],[72.31904891451948,22.11503180117969],[72.23298171481245,22.01955183596973],[72.12713912448042,21.8287425860918],[72.13103774508589,21.746179185823244],[72.25569442233198,21.632083497957034],[72.28899672946089,21.549569688752932],[72.25619796237105,21.352563463166994],[72.1208601327812,21.155339799836916],[71.89442733248823,20.989677034333987],[71.52892592867964,20.823730073884768],[71.30259231051558,20.772426210359377],[71.0244474740898,20.657476030305666],[70.85505202731245,20.650762163118166],[70.46747878512495,20.77700003238086],[70.20994857272261,20.94797857852344],[69.75222304782027,21.398070894197268],[69.12606337985152,21.9685073718584],[68.8941755624687,22.285655580476565],[69.01423171481245,22.30496748538379],[69.49224379977339,22.248809419587893],[69.76916793307417,22.287507615999026],[69.96852401217573,22.351457200959963],[70.17620376071089,22.478955827668948],[70.41056350192183,22.752622209504885],[70.3806486459648,22.860560975984377],[70.31022170504683,22.828643403962893],[70.04594710787886,22.777261339143557],[69.66488936862105,22.789163194612307],[69.39181807955855,22.83940466494922],[69.10719588717573,22.898904405549807],[68.88241103610152,22.997148118928713],[68.79081252535933,23.028724275544924],[68.37294295748823,23.326415620759768],[68.0721769662773,23.675187669709963],[68.04699996432417,23.764070115999026],[67.69232467135542,23.81415518374805],[67.48602584323042,23.92806013675098],[67.31589034518355,24.092885576204104],[67.2042341562187,24.588166795686526],[67.1535978647148,24.65159185977344],[66.99953750094527,24.714782319978518],[66.70171645602339,24.75227888675098],[66.65421584567183,24.783935152009768],[66.64811233004683,24.90462454409961],[66.70050338229292,25.114379487947268],[66.62050918063277,25.31748541446094],[66.43233016451948,25.488610826448244],[67.38733040284343,28.226412022265137],[70.28747874729059,31.287679719181586],[74.13999196485973,32.6082647965003],[74.75078206482645,33.655333539300386],[75.50695665825674,33.61519903063308],[76.04634723722334,33.50955812943602],[75.71059507905986,31.997474696533587],[75.36157216479317,29.6415700252334],[75.44882789335983,28.33273409673329],[76.05961799332655,26.587619525399816],[77.54296537896,25.54055078259973],[79.46259140742684,24.842504954066342],[79.46259140742684,23.969947668399605],[78.67728985032677,23.533669025566233],[78.9390570360268,23.09739038273286],[79.63710286456018,22.486600282766148],[79.63710286456018,22.15587082348458],[79.63710286456018,21.35227581139939]]]]}},{"type":"Feature","properties":{"NAME":"Satavahanihara","ABBREVN":"Satava.","SUBJECTO":"Satavahanihara","BORDERPRECISION":1,"PARTOF":"Satavahanihara","polity_id":"roman_peak:satavahanihara","name":"Satavahanihara","ISO_A3":"SATAVAHANIHA","ADM0_A3":"SATAVAHANIHA","ADMIN":"Satavahanihara","fill_colour":"#936343","border_precision":1},"geometry":{"type":"MultiPolygon","coordinates":[[[[73.03224302031273,18.215689800322718],[79.63710286456018,21.35227581139939],[80.61705181615513,21.01667685537372],[80.42240442166025,20.043439882899285],[80.68417160736027,19.345394054365894],[82.86556482152712,19.170882597232545],[84.26165647859388,19.258138325799223],[84.75349051589534,19.02801643635877],[84.65877059420698,18.933131776765627],[84.32450759163291,18.53029366639126],[84.2627287240898,18.455840669587893],[83.9876814218437,18.20749434085254],[83.68471816500777,18.08344992251758],[83.38139632662886,17.71067961306934],[83.07697585543745,17.500392518953127],[82.84608708480508,17.383410614907284],[82.74959090670698,17.33451994510059],[82.5464201303398,17.226087175325198],[82.35399917086714,17.085914216951174],[82.26742080172652,16.857019029573244],[82.23458388766402,16.647302232698244],[82.08141616305464,16.46274145694141],[81.78898147067183,16.32870253177051],[81.59676650485152,16.30287703128223],[81.36909774264448,16.34686430545215],[81.25310042819136,16.22591169925098],[81.0879011484062,15.826792322114748],[80.96311477145308,15.723398767427248],[80.73596480807417,15.837270341829104],[80.45975783785933,15.773146234468264],[80.30021956881636,15.64574297519092],[80.16343215426558,15.391318880037112],[80.08940413912886,15.175155244783205],[80.0870695444023,14.946433626130862],[80.16166213473433,14.254099451020998],[80.16971877535933,13.89198549838428],[80.07589248141402,13.669416986421389],[80.17812636813277,13.52351626010303],[80.20183669122476,13.491685502285232],[80.31988051852339,13.333213411287112],[78.9390570360268,12.975725868998712],[77.63022110752668,12.975725868998712],[74.77759773639649,13.527907138893337],[74.73362258395308,13.683358751252932],[74.70298936209608,13.75127050916374],[74.52085177984029,14.155057072991605],[74.42143634916296,14.375454283976262],[74.40150741061323,14.419635377839846],[74.37707415187174,14.461922598887266],[74.15313195022644,14.849504684560506],[74.03218368014448,15.058832727388186],[73.84143355807417,15.390475831941409],[73.57273391207808,16.037927232698244],[73.50805146588431,16.243956660049577],[73.49423716335616,16.287958595761864],[73.40928939303511,16.558538042024416],[73.39573464248808,16.6164075182339],[73.18471275460493,17.51732606174848],[73.06422713717573,18.031716905549807],[73.03224302031273,18.215689800322718]]]]}},{"type":"Feature","properties":{"NAME":"Hadramaut","ABBREVN":"Hadramaut","SUBJECTO":"Hadramaut","BORDERPRECISION":1,"PARTOF":"Hadramaut","polity_id":"roman_peak:hadramaut","name":"Hadramaut","ISO_A3":"HADRAMAUT","ADM0_A3":"HADRAMAUT","ADMIN":"Hadramaut","fill_colour":"#71ae37","border_precision":1},"geometry":{"type":"MultiPolygon","coordinates":[[[[49.712863001433554,14.773288331941409],[48.997288495506076,17.606574856552353],[51.453502537524564,17.949302397299117],[53.19861710885804,17.77479094016577],[54.75607970675582,16.95067175479297],[54.406874689665976,17.04522093387012],[54.08425811251754,17.01911886783008],[53.68125060519332,16.897540651277346],[53.335734400359335,16.763379655793948],[53.20845321139449,16.718633256868166],[53.020949396697226,16.65376814456348],[52.89432433566207,16.60995253177051],[52.652167353240195,16.488719545320315],[52.35659697970504,16.233945451692385],[52.237643274871054,16.10025557132129],[52.162856134978476,15.871372781709475],[52.13516906222457,15.687059961274905],[51.950411829558554,15.540526948884768],[51.59900174758794,15.378753642226663],[51.31256392916793,15.246890626863284],[50.291117701140585,14.958784662202639],[49.712863001433554,14.773288331941409]]]]}},{"type":"Feature","properties":{"NAME":"Himyarite Kingdom","ABBREVN":"Himyarite Ki","SUBJECTO":"Himyarite Kingdom","BORDERPRECISION":1,"PARTOF":"Himyarite Kingdom","polity_id":"roman_peak:himyarite_kingdom","name":"Himyarite Kingdom","ISO_A3":"HIMYARITEKIN","ADM0_A3":"HIMYARITEKIN","ADMIN":"Himyarite Kingdom","fill_colour":"#94d123","border_precision":1},"geometry":{"type":"MultiPolygon","coordinates":[[[[48.997288495506076,17.606574856552353],[49.712863001433554,14.773288331941409],[49.33384993991012,14.632695756868166],[49.17317870577926,14.498915277437014],[48.960387262908164,14.218897424653811],[48.87929629780623,14.168719980525356],[48.764601740447226,14.097749315217776],[48.53674605807418,14.046437822297854],[48.27014449557418,14.077626787141604],[48.036166224089804,14.045357309297366],[47.66229537448043,13.847587190583987],[47.369574579802695,13.669052682832522],[46.93939498385543,13.490221582368655],[46.87773410632183,13.473871601441703],[46.60119918307418,13.400545679048342],[46.07928756198043,13.399416528657717],[45.82590392550582,13.405233941987795],[45.692477259246054,13.347759805635256],[45.51863769015426,13.207596384004397],[45.39597991427535,13.073898874238772],[45.1934156747734,12.93368300052051],[44.96357253512496,12.825172029451174],[44.78880217990035,12.805737100557131],[44.68106749972457,12.824559770540041],[44.44053557833785,12.6397777423418],[44.06274703463668,12.613552652314944],[43.840590509978476,12.663913331941409],[43.604898477150634,12.828886858386788],[43.56005004366988,12.860278688386721],[43.48364547213668,12.930004678682131],[43.34084990939254,13.12666567416553],[43.30284789523238,13.240954004243655],[43.383978876677695,13.565180383638186],[43.34756377658004,13.851036630586428],[43.206942591277304,14.079471193269534],[43.053263697234335,14.60650786013965],[42.795878443328085,15.470080934480471],[42.76352599581832,15.666981302217287],[42.88387969454879,15.984922014192385],[42.8280477853691,16.321475587800784],[42.814398798552695,16.40412863345508],[42.76366332491988,16.645455919221682],[42.535292658415976,17.07066687198047],[42.20651915988082,17.514735780671877],[42.0094442697441,17.73668058963184],[41.62855819186324,18.047204576448244],[41.399176630583945,18.440644823030276],[41.20152310611193,18.89638667390136],[41.03302291354293,19.284907899812502],[40.8197584482109,19.68472059817676],[40.693820032683554,19.86870726199512],[40.3363485666191,20.0966869220293],[39.764079126921835,20.406795106843752],[39.5269003244316,20.692212663606448],[39.16673949679488,21.218801103547854],[39.130412134734335,21.650762163118166],[39.103339228240195,22.000165544465823],[39.10219481906051,22.40044554324512],[39.055602106658164,22.571889482454104],[40.372025009557,22.74836746846617],[40.98281510952372,22.39934455419948],[42.33780954994884,20.716350983435106],[43.466347014733365,19.17926376663643],[43.794690438927255,18.65979506567296],[45.43285726642407,17.77479094016577],[47.70150620915759,17.425768025899075],[48.997288495506076,17.606574856552353]]]]}},{"type":"Feature","properties":{"NAME":"Hindu kingdoms","ABBREVN":"Hindu kingdoms","SUBJECTO":"Hindu kingdoms","BORDERPRECISION":1,"PARTOF":"Hindu kingdoms","polity_id":"roman_peak:hindu_kingdoms","name":"Hindu kingdoms","ISO_A3":"HINDUKINGDOM","ADM0_A3":"HINDUKINGDOM","ADMIN":"Hindu kingdoms","fill_colour":"#372a8d","border_precision":1},"geometry":{"type":"MultiPolygon","coordinates":[[[[79.63710286456018,21.35227581139939],[79.63710286456018,22.15587082348458],[79.63710286456018,22.486600282766148],[78.9390570360268,23.09739038273286],[78.67728985032677,23.533669025566233],[79.46259140742684,23.969947668399605],[79.46259140742684,24.842504954066342],[77.54296537896,25.54055078259973],[76.05961799332655,26.587619525399816],[75.44882789335983,28.33273409673329],[75.36157216479317,29.6415700252334],[75.71059507905986,31.997474696533587],[76.04634723722334,33.50955812943602],[77.19792914174486,33.28401813126077],[79.11356849316014,31.037661682300175],[82.86556482152712,27.89645545389992],[86.18128250706071,26.41310806826647],[87.92639707839419,26.064085153999773],[89.75876737829434,25.976829425433095],[91.59113767819447,26.587619525399813],[93.07448506382794,26.849386711099836],[93.77253089236133,26.50036379683314],[93.68527516379466,25.715062239733076],[93.42350797809463,25.017016411199688],[92.085238076814,23.168500221462665],[92.04127738200583,23.11504751253914],[92.04127738188208,23.115047512755766],[91.57107070396687,22.543313585478685],[91.571070704071,22.54331358523821],[91.57107070407027,22.543313585237307],[91.41017440280073,22.720834337190432],[91.08137801608198,22.561330400422854],[90.90481093844527,22.560958467439455],[90.88918593844527,22.599036775544924],[90.78029159030073,22.6940933093584],[90.61970809420698,22.96055182071094],[90.5640974374687,22.979495607332034],[90.4953947397148,22.922177873567385],[90.48376754244917,22.68076094241504],[90.65185073336714,22.325391374543948],[90.64937118014448,22.134809099153323],[90.58523086032027,22.05844648929004],[90.38045791110152,22.0199046954668],[90.27456191500777,21.778283678010744],[90.15706923922652,21.733573518708987],[90.04241469821089,21.930253587678713],[89.90268996676558,22.107825838044924],[89.86968520602339,22.13322790713672],[89.79633620699995,21.832069002107424],[89.6701765390312,21.719838701204104],[89.57895186862105,21.70058210940723],[89.45661452731245,21.94171293826465],[89.23388198336714,21.65538176150684],[89.07225326022261,21.77433928103809],[88.99476912936323,21.62947615237598],[89.02553847750777,21.546960435823244],[88.88093856295698,21.51488646121387],[88.72346023043745,21.53995283694629],[88.65697768649214,21.857440553621096],[88.56759932955855,21.89536627383594],[88.45388320407027,21.73631437869434],[88.37705520114058,21.577336870149416],[88.2995710702812,21.551770769075198],[88.24792769869917,21.596122346833987],[88.12160781344527,21.86265143008594],[88.09043083093854,21.897249832309726],[88.05304244479292,21.93874128909473],[87.86748794039839,21.696960054353518],[87.64071944674605,21.563081346467776],[87.19423964938277,21.384255968049807],[86.93719771823042,21.288428865388674],[86.81869796237105,21.186534486726565],[86.09402677849404,24.92976068263301],[85.48323667852732,25.802317968299754],[84.61067939286058,26.151340882566444],[83.82537783576052,25.889573696866428],[83.04007627866046,22.74836746846617],[82.2547747215604,21.963065911366108],[80.94593879306028,21.701298725666085],[80.68417160736027,21.35227581139939],[80.61705181615513,21.01667685537372],[79.63710286456018,21.35227581139939]]]]}},{"type":"Feature","properties":{"NAME":"Hainan","ABBREVN":"Hainan","SUBJECTO":"Hainan","BORDERPRECISION":1,"PARTOF":"Hainan","polity_id":"roman_peak:hainan","name":"Hainan","ISO_A3":"HAINAN","ADM0_A3":"HAINAN","ADMIN":"Hainan","fill_colour":"#642bde","border_precision":1},"geometry":{"type":"MultiPolygon","coordinates":[[[[109.5503263803398,19.913556657747073],[109.65765670260542,19.901086412385744],[109.91588118991011,19.800006471589846],[110.06061843356245,19.940053544954104],[110.25832656344527,19.940475069001955],[110.61735061129683,20.017461381868166],[110.88536361178511,19.706782899812502],[110.81180861910933,19.630410753206057],[110.61250594576948,19.471187196687502],[110.4270353647148,19.22941931338672],[110.2987165780937,18.898843370393557],[110.36146834811323,18.765576921418948],[110.26251510104292,18.625627122834963],[110.13131240328902,18.587236009553713],[109.66907027682417,18.41473539920215],[109.42965224703902,18.096622072175784],[108.93858626803511,18.33060225100879],[108.65192702731245,18.482448183015627],[108.56047347506636,19.06029661746387],[108.57689956149214,19.18737181277637],[108.68497756442183,19.295583330110354],[108.87368300875777,19.40395887942676],[109.19816115817183,19.684140764192385],[109.42011550387495,19.659205995515627],[109.44225600680464,19.7354751452959],[109.5503263803398,19.913556657747073]]]]}},{"type":"Feature","properties":{"NAME":"Simhala","ABBREVN":"Simhala","SUBJECTO":"Simhala","BORDERPRECISION":1,"PARTOF":"Simhala","polity_id":"roman_peak:simhala","name":"Simhala","ISO_A3":"SIMHALA","ADM0_A3":"SIMHALA","ADMIN":"Simhala","fill_colour":"#3b9795","border_precision":1},"geometry":{"type":"MultiPolygon","coordinates":[[[[79.72417739352339,8.416576944307131],[79.80870345553511,8.647491060212893],[79.67463210543745,8.804930292085452],[79.70579055270308,8.930883966401858],[79.89601424655073,8.92038782687549],[80.05261519869917,9.113884530977053],[80.07652572116011,9.279133401826662],[80.17807296237105,9.445190034822268],[80.10958388766402,9.686597429231448],[80.34759810885542,9.47033079715137],[80.66241744479292,9.29945620150928],[80.76762679537886,9.121781907991213],[81.01491836032027,8.772848688081545],[81.09344008883589,8.626881204561037],[81.04907515963667,8.47429522128467],[81.06007674655073,8.410785280183596],[81.32613662203902,8.25886782260303],[81.44597152194136,7.928720079377932],[81.80485824069136,7.313169561342043],[81.86616805514448,7.084561429933352],[81.77901748141402,6.753964982942385],[81.59991744479292,6.448580347017092],[81.43387893160933,6.270314298585696],[81.20268538912886,6.079191289857668],[80.85180190524214,5.951348863557619],[80.5628996225273,5.931666456178469],[80.3410749765312,5.969314657167239],[80.22215560397261,6.058007322267336],[80.12766555270308,6.216660104707522],[80.01677230319136,6.49599989505176],[79.85409072360152,7.061153493837161],[79.83872512301558,7.353393636659426],[79.8407316537773,7.696509443239016],[79.83217147311323,8.103148065522952],[79.72417739352339,8.416576944307131]]]]}},{"type":"Feature","properties":{"NAME":"Maya chiefdoms and states","ABBREVN":"Maya","SUBJECTO":"Maya chiefdoms and states","BORDERPRECISION":1,"PARTOF":"Maya chiefdoms and states","polity_id":"roman_peak:maya_chiefdoms_and_states","name":"Maya chiefdoms and states","ISO_A3":"MAYACHIEFDOM","ADM0_A3":"MAYACHIEFDOM","ADMIN":"Maya chiefdoms and states","fill_colour":"#b8cb48","border_precision":1},"geometry":{"type":"MultiPolygon","coordinates":[[[[-92.93793796123093,18.586177050813347],[-92.45908829251177,18.688920579866213],[-92.09788223782427,18.75961645694141],[-92.1070222524727,18.515859209016604],[-91.72974106350786,18.41570433230762],[-91.61098953762895,18.544532381013674],[-91.47900101223833,18.633794389680666],[-91.52561661282427,18.744794450715823],[-91.7024812368477,18.823484025911135],[-91.21970078030473,19.102496705964846],[-90.93481155911333,19.38150557132129],[-90.89623734036333,19.75351484866504],[-90.67244431057817,19.94667585940723],[-90.71477982083208,20.161298356965823],[-90.67311569729692,20.6763931140459],[-90.5588044790352,20.991174303010744],[-90.27753159085161,21.141408525422854],[-90.20366379300005,21.160729967073244],[-89.86282822171098,21.249875627473635],[-89.54745956936723,21.2950511798418],[-89.05808731594927,21.397792421296877],[-88.6010636953438,21.564044557527346],[-88.33372208157427,21.59004171939258],[-88.10938736477739,21.565087877229494],[-87.59693619290239,21.483537279084963],[-87.37093063870317,21.570655427888674],[-87.20057388821489,21.528873048738284],[-86.92158981839067,21.30062635989551],[-86.9002351430977,21.167178712800784],[-86.93589493313677,20.97639998050098],[-87.06995865383989,20.80448492617969],[-87.31330582180864,20.581485353425784],[-87.5081452993477,20.390227876619143],[-87.65071579495317,20.189910493806643],[-87.65972610989458,19.87513693423633],[-87.77397629300005,19.741412721589846],[-87.85821243801958,19.58231123538379],[-87.78857895413286,19.512536607698244],[-87.63708969632036,19.574662767366213],[-87.68220993557817,19.281348787263674],[-87.80035873928911,18.74336203189258],[-87.84949204007036,18.488984666780276],[-87.87709518948442,18.380864702180666],[-88.03013321438677,18.62128408999805],[-88.10500809231645,18.824548326448244],[-88.13767715969927,18.894399248079104],[-88.31140610257036,18.74146994204883],[-88.32046219387895,18.49439962954883],[-88.39922043362505,18.30902823062305],[-88.12371536770708,18.387090288118166],[-88.11193558255083,18.19392927737598],[-88.30037399807817,17.635434709504885],[-88.22047897854692,17.514291368440432],[-88.32700821438677,17.15658339114551],[-88.24188705960161,17.01350363345508],[-88.28342911282427,16.834651552156252],[-88.44453903714067,16.44117697329883],[-88.57977005520708,16.28378637881641],[-88.74182602444536,16.269479356721682],[-88.76614853421098,16.140704713777346],[-88.94081589260942,16.03339346499805],[-88.94077774563677,15.904618822053713],[-88.80428024807817,15.861696802095217],[-88.66434189358598,15.725766740754885],[-88.60139175930864,15.811617456392092],[-88.63129898587114,15.983316026643557],[-88.48015305081255,15.912461839631838],[-88.27393051663286,15.747230134919924],[-88.13347336331255,15.76064833255176],[-87.8581437734688,15.882015787080569],[-87.57061478176958,15.90804823489551],[-88.24292813880605,14.83583723653705],[-90.10501819355306,13.752979928649655],[-90.13557144680864,13.772705636934084],[-90.20366379300005,13.797786317781252],[-90.62111374417192,13.951556764558596],[-90.89727493801958,13.937248788789553],[-91.2420320180977,13.951556764558596],[-91.5157136587227,14.058868013337893],[-91.92468735257036,14.3541332110918],[-92.15540024319536,14.542796693757815],[-92.47207352200395,14.792342744783205],[-92.90052506008989,15.19187506289844],[-93.33048721829302,15.534199319795412],[-93.58785745347076,15.741059799465255],[-93.14401958498463,16.982492271385922],[-92.93793796123093,18.586177050813347]]]]}},{"type":"Feature","properties":{"NAME":"Paleo-Inuit","ABBREVN":"Paleo-Inuit","SUBJECTO":"Paleo-Inuit","BORDERPRECISION":1,"PARTOF":"Paleo-Inuit","polity_id":"roman_peak:paleo_inuit","name":"Paleo-Inuit","ISO_A3":"PALEOINUIT","ADM0_A3":"PALEOINUIT","ADMIN":"Paleo-Inuit","fill_colour":"#2b6ade","border_precision":1},"geometry":{"type":"MultiPolygon","coordinates":[[[[-57.86013886013871,49.98790320010547],[-57.35559937039262,50.59522970767383],[-56.70151611843949,51.18450125308399],[-56.37553116360551,51.38363989444141],[-56.152432408722696,51.47014959903125],[-55.56076523342973,51.557410798982424],[-55.47163101712113,51.524459444001955],[-55.42203995266801,51.42521246524219],[-55.556519475373086,51.325660310701174],[-55.81847855130082,51.311927400544924],[-55.92742630520707,51.25215872378711],[-55.77033707180863,51.054061494783205],[-56.11002823391801,50.70324286075],[-56.66153427639848,50.05606039615039],[-56.78360840359574,49.81942709536914],[-56.73264023342973,49.68838842959766],[-56.68308350125199,49.68849142642383],[-56.490437474640665,49.76755102725391],[-56.27307602444535,50.01732214541797],[-56.067063298615274,50.10332068057422],[-55.56535049954301,49.96609076114063],[-55.968377080353555,49.65711935611133],[-55.850823369416055,49.56558188052539],[-55.74758240261918,49.53301580996875],[-55.10733887234574,49.27880819888477],[-54.7661904958809,49.29257162661914],[-54.61985107937699,49.47625311465625],[-54.48106857815629,49.50271948428516],[-54.15790649929887,49.47714193911914],[-53.78617569485551,49.38615759463672],[-53.50910278836137,49.281924806550784],[-53.64291855374223,49.15072592349414],[-53.810757604035196,49.04568441958789],[-54.129578557404336,48.83571585269336],[-53.97684189358598,48.68562277408008],[-53.76256271878129,48.522647462800784],[-53.6454629568184,48.51633032412891],[-53.45784851590043,48.58859213443164],[-53.249043431671915,48.647822938875],[-53.12393280545121,48.595782838777346],[-53.11499496975785,48.523910127595705],[-53.229294743927774,48.406077943757815],[-53.411301579865274,48.294688783601565],[-53.81251617947465,48.24819525332813],[-53.88171097317582,48.18930014224414],[-53.75874039212113,48.026343904451174],[-53.70287796536332,47.843768678621096],[-53.57676025906449,47.73966559024219],[-53.494317021759805,47.831134401277346],[-53.35560699978715,47.94882544131641],[-53.11841293850785,47.87753256411914],[-53.16281982937699,47.67528494449024],[-53.09581467190629,47.55154760928516],[-52.773682561310586,47.53914602847461],[-52.73518082180863,47.54574164004688],[-52.728596654328165,47.45452459903125],[-52.804219212921915,47.31755789370899],[-52.91651245633012,47.02434118838672],[-53.06955811062699,46.731273256257815],[-53.169617619904336,46.76358374209766],[-53.48929688015824,46.82150610537891],[-53.62491318264848,46.88628729434375],[-53.64374634304887,47.179156862214846],[-53.91421982327348,46.996341310457034],[-54.08243652859574,46.98951681704883],[-54.12505814114457,47.11310537906055],[-53.90126129666215,47.40660818667774],[-53.89633270779496,47.556502901033205],[-54.08567139187699,47.77127035708789],[-54.211350407990274,47.80363806338672],[-54.38582703152543,47.627242647126955],[-54.57618042508012,47.496505342439455],[-54.74048706570512,47.43102224917774],[-54.93616196194535,47.339435182527346],[-55.18451782742387,47.09800299258594],[-55.40785309353715,46.947852693513674],[-55.804245915802774,46.96660193057422],[-55.90387817898637,47.06403311343555],[-55.82961365261918,47.129275880769534],[-55.27668472805863,47.312701784089846],[-55.066975560578165,47.54769095034961],[-54.782620397003946,47.711227022126955],[-55.0971116689766,47.769290529207034],[-55.367512669953165,47.79486044497852],[-55.51267334500199,47.58592947574024],[-55.697720494660196,47.579051576570315],[-55.75613876858598,47.6506305560625],[-55.738526311310586,47.87240942569141],[-56.078946080597696,47.865218721345705],[-56.145588841828165,47.7346263751543],[-56.330071416291055,47.63647421450977],[-56.80369278469926,47.615977846101565],[-57.122986760529336,47.64144095034961],[-57.63544556179887,47.725204072908205],[-58.09052368679887,47.763438783601565],[-58.700432744416055,47.736156068757815],[-59.156556096466836,47.6700511798418],[-59.22169586697465,47.75470694156055],[-59.31852051297074,47.963252626375],[-59.23448654690629,48.04174002261524],[-58.98199173489457,48.19237478824024],[-58.651795354279336,48.375892244294924],[-58.42566391507035,48.44818075747852],[-58.139450993927774,48.59906729312305],[-58.680466618927774,48.70259817691211],[-58.3920449880684,49.036754213289065],[-58.23106094876176,49.10906179995899],[-58.10562607327348,49.08312185855274],[-57.97400375882035,49.08337362857227],[-57.81418701687699,49.201522432283205],[-58.12770172634965,49.49563940616016],[-58.09229370633012,49.59399374575977],[-57.86013886013871,49.98790320010547]]]]}},{"type":"Feature","properties":{"NAME":"Dumonii","ABBREVN":"Dumonii","SUBJECTO":"Dumonii","BORDERPRECISION":1,"PARTOF":"Dumonii","polity_id":"roman_peak:dumonii","name":"Dumonii","ISO_A3":"DUMONII","ADM0_A3":"DUMONII","ADMIN":"Dumonii","fill_colour":"#d65196","border_precision":1},"geometry":{"type":"MultiPolygon","coordinates":[[[[-3.188912504599814,51.17873152457686],[-3.131739111068131,50.655335218208585],[-3.521466937454993,50.61743124575977],[-3.563183036240393,50.361434541658205],[-3.715036120804602,50.219337068513674],[-3.881743398102576,50.200397096589846],[-4.004238095673376,50.314063631013674],[-4.242629018219763,50.39146002383594],[-4.303295102509313,50.32354315371875],[-4.540565457733923,50.35795172305469],[-4.967033830078893,50.21224554629688],[-5.282338586243443,49.963824830964846],[-5.429218259247595,50.06785162539844],[-5.777813401612097,50.13411673159961],[-5.237766232880407,50.34629400821094],[-5.016647305878453,50.56051977725391],[-4.815270390900427,50.60416754336719],[-4.604564633759313,50.77874716372852],[-4.551536527069859,50.99715765567188],[-4.442557301911169,50.96866186709766],[-4.27728458920365,51.063670717195315],[-4.280993905457311,51.18723639102344],[-3.82523151913529,51.234778963044924],[-3.482996192368323,51.181109987214846],[-3.188912504599814,51.17873152457686]]]]}},{"type":"Feature","properties":{"NAME":"Moche","ABBREVN":"Moche","SUBJECTO":"Moche","BORDERPRECISION":1,"PARTOF":"Moche","polity_id":"roman_peak:moche","name":"Moche","ISO_A3":"MOCHE","ADM0_A3":"MOCHE","ADMIN":"Moche","fill_colour":"#a94b3d","border_precision":1},"geometry":{"type":"MultiPolygon","coordinates":[[[[-76.64871457954614,-12.842323458416352],[-76.71058365383989,-12.759679235502439],[-76.72494444190353,-12.730947490583695],[-77.33550735989458,-11.509389318510252],[-77.46394058743364,-11.388950742765623],[-77.67389389553911,-11.29409734158154],[-77.70724960842973,-11.256047643705564],[-77.68253799954302,-11.014555372282224],[-77.69160934964067,-10.836669363065916],[-77.75874802151567,-10.65892068295117],[-77.99172997928176,-10.234450054636413],[-78.30214401760942,-9.668905653043943],[-78.7509431509102,-8.786702550932127],[-79.06024643460161,-8.215522207304197],[-79.14755189271186,-8.092909335020492],[-79.48595695032432,-7.617649059118936],[-79.67460342923052,-7.352711595579343],[-79.79706284085161,-7.194126524015623],[-80.0659074453438,-6.756278909727293],[-80.27396866360552,-6.566111959501463],[-80.3427809813083,-6.526115567605728],[-80.61159225979692,-6.369872011228757],[-80.66836129147046,-6.347182308432932],[-81.02270218411333,-6.205557741209226],[-81.29700943508989,-6.040935911222654],[-81.24355789700395,-5.964570917173582],[-81.1623201040352,-5.913574136778074],[-80.88809677639848,-5.90026942638989],[-80.59682637518442,-5.743995130191408],[-80.35109876000737,-5.313971803631595],[-80.04393924103609,-5.252539899837334],[-79.61391591447627,-5.498267515014373],[-79.49105210688775,-6.112586552956962],[-78.56957354997387,-7.09549701366511],[-77.40236737788294,-9.675636973023984],[-76.35802501338054,-10.965706952703425],[-75.98943359061498,-12.19434502858861],[-76.64871457954614,-12.842323458416352]]]]}},{"type":"Feature","properties":{"NAME":"Monte Albán","ABBREVN":"Monte Albán","SUBJECTO":"Monte Albán","BORDERPRECISION":1,"PARTOF":"Monte Albán","polity_id":"roman_peak:monte_alb_n","name":"Monte Albán","ISO_A3":"MONTEALBN","ADM0_A3":"MONTEALBN","ADMIN":"Monte Albán","fill_colour":"#cb803a","border_precision":1},"geometry":{"type":"MultiPolygon","coordinates":[[[[-95.50142395712469,16.53181202377091],[-96.43745216370972,16.219802621575905],[-97.68548977248975,16.39314117835091],[-99.01583000798952,16.823658789072727],[-99.17620136075479,17.294501673580932],[-99.21086907210979,17.71051420984094],[-98.58685026771977,17.987855900680948],[-97.06147096809973,18.057191323390946],[-96.20592381187201,17.886081892145402],[-96.18788807089415,17.879781336011515],[-95.43208853441469,17.433172519000934],[-95.50142395712469,16.53181202377091]]]]}},{"type":"Feature","properties":{"NAME":"Axum","ABBREVN":"Axum","SUBJECTO":"Axum","BORDERPRECISION":1,"PARTOF":"Axum","polity_id":"roman_peak:axum","name":"Axum","ISO_A3":"AXUM","ADM0_A3":"AXUM","ADMIN":"Axum","fill_colour":"#d4c62b","border_precision":1},"geometry":{"type":"MultiPolygon","coordinates":[[[[39.796446833220664,15.088771425203127],[39.88854125460738,15.184274278596682],[39.85619262179488,15.400236688569827],[39.8978834482109,15.501986108735842],[40.037211451140585,15.387916170076174],[40.2174520822441,15.0833173617876],[40.38988402804488,14.905787073091311],[40.63053039034957,14.925351701692385],[40.73913863619918,14.919243417695803],[41.34125045260543,14.34232386203174],[41.7052564950859,13.930100999788088],[41.761088404265585,13.885752283052248],[42.078978571501914,13.86101397128467],[42.35708144625777,13.467672906831545],[42.36641982516402,13.359677873567385],[42.35496428927535,13.270696245149416],[42.40844253024215,13.175496660188479],[40.474884875857306,13.054716835155183],[39.55685644715758,13.054716835155183],[38.30499949893068,13.221631094918767],[37.88771384952171,13.555459614445944],[37.804256719639916,14.22311665350029],[38.0546281092853,14.72385943279105],[38.30499949893068,15.057687952318227],[39.51792815646285,15.463048540071291],[39.796446833220664,15.088771425203127]]]]}},{"type":"Feature","properties":{"NAME":"Suren Kingdom","ABBREVN":"Suren King.","SUBJECTO":"Kushan Empire","BORDERPRECISION":1,"PARTOF":"Kushan Empire","polity_id":"roman_peak:suren_kingdom","name":"Suren Kingdom","ISO_A3":"SURENKINGDOM","ADM0_A3":"SURENKINGDOM","ADMIN":"Suren Kingdom","fill_colour":"#823064","border_precision":1},"geometry":{"type":"MultiPolygon","coordinates":[[[[66.43233016451948,25.488610826448244],[66.30008986910933,25.494687639192385],[65.76880172213667,25.309339128450198],[65.21567061862105,25.270059190706057],[64.85119155367964,25.20576437564258],[64.42497542819136,25.17311628909473],[64.23826125582808,25.210826478914065],[64.12006667574995,25.312226854280276],[64.05922225436323,25.40103491397266],[63.65033248385543,25.336646638826174],[63.40352538546676,25.164601884797854],[63.01806167086715,25.157439790681643],[62.44957259616012,25.1625991687334],[62.13830092867965,25.104774080232424],[61.813265833464804,25.05325659366016],[61.56996444186324,25.03957136721973],[61.343993219939414,25.026860795930666],[60.858275446501914,25.095714174226565],[60.752230677214804,25.18442877383594],[60.47959044894332,25.29820593448047],[60.29817870577926,25.32323607058887],[59.6545858713066,25.321876131013674],[59.30209258517379,25.34019621463184],[59.56828529422523,27.285665353933204],[62.79674725119215,34.615146553533805],[70.56250709362611,34.87691373923382],[73.09292322205964,34.615146553533805],[74.2272476934264,34.178867910700426],[74.75078206482645,33.655333539300386],[74.13999196485973,32.6082647965003],[70.28747874729059,31.287679719181586],[67.38733040284343,28.226412022265137],[66.43233016451948,25.488610826448244]]]]}},{"type":"Feature","properties":{"NAME":"Kalinga","ABBREVN":"Kalinga","SUBJECTO":"Kalinga","BORDERPRECISION":1,"PARTOF":"Kalinga","polity_id":"roman_peak:kalinga","name":"Kalinga","ISO_A3":"KALINGA","ADM0_A3":"KALINGA","ADMIN":"Kalinga","fill_colour":"#a034cb","border_precision":1},"geometry":{"type":"MultiPolygon","coordinates":[[[[86.81869796237105,21.186534486726565],[86.79619124850386,21.13566931338672],[86.84421065768355,20.875316225007815],[86.92611220797652,20.69125898929004],[86.77521041354292,20.46860083194141],[86.6378507944023,20.31910666079883],[86.63238051852339,20.20364721866016],[86.38562301119917,20.01674421878223],[86.11916640719527,19.806542955354494],[85.9089460702812,19.723508439973635],[85.71477797946089,19.697682939485354],[85.37910750826948,19.60537489505176],[85.11320785006636,19.442306123689455],[84.90661910494917,19.18141134829883],[84.75349051589534,19.02801643635877],[84.26165647859388,19.258138325799223],[82.86556482152712,19.170882597232545],[80.68417160736027,19.345394054365894],[80.42240442166025,20.043439882899285],[80.61705181615513,21.01667685537372],[80.68417160736027,21.35227581139939],[80.94593879306028,21.701298725666085],[82.2547747215604,21.963065911366108],[83.04007627866046,22.74836746846617],[83.82537783576052,25.889573696866428],[84.61067939286058,26.151340882566444],[85.48323667852732,25.802317968299754],[86.09402677849404,24.92976068263301],[86.81869796237105,21.186534486726565]]]]}},{"type":"Feature","properties":{"NAME":"Hindu kingdoms","ABBREVN":"Hindu kingdoms","SUBJECTO":"Hindu kingdoms","BORDERPRECISION":1,"PARTOF":"Hindu kingdoms","polity_id":"roman_peak:hindu_kingdoms","name":"Hindu kingdoms","ISO_A3":"HINDUKINGD2","ADM0_A3":"HINDUKINGD2","ADMIN":"Hindu kingdoms","fill_colour":"#372a8d","border_precision":1},"geometry":{"type":"MultiPolygon","coordinates":[[[[80.31988051852339,13.333213411287112],[80.31345656832808,13.104481302217287],[80.22375777682417,12.831091485933108],[79.92280868014448,12.106162630037112],[79.86674412719768,11.969091013849939],[79.76935103854292,11.730975709871096],[79.7252796582073,11.515919075722639],[79.71073440035933,11.444942079500002],[79.71220807814025,11.424527911404496],[79.73182967623823,11.152719102815432],[79.82626632174605,10.358728013948244],[79.78994277438277,10.250633798555178],[79.50091842135542,10.250013910249514],[79.30626967867964,10.255945764497561],[79.22248366793745,10.192222200349612],[79.07228377780073,9.759851060823244],[78.92660811862105,9.492679201082034],[78.93772414645308,9.435519777253909],[79.15964797457808,9.277156434968752],[78.79764846285933,9.130231462434573],[78.66012862643355,9.123585306123537],[78.31383803805464,8.995764337495608],[78.18113234957808,8.81121214480762],[78.1357755990898,8.499774537996096],[78.06494430026167,8.385257326082034],[77.89976027926558,8.257814966157717],[77.84802767512734,8.232693772744899],[77.733926544006,8.177286614507493],[77.66318038424605,8.142932496980471],[77.61860946139448,8.117421709016604],[77.58883956393355,8.09830530734424],[77.48439315280073,8.028187356904787],[77.41947463473433,8.028042398408694],[77.34137252291792,8.053283296541018],[76.70353225192183,8.706356607393069],[76.6623869272148,8.884175859407229],[76.53785994967573,9.11899908633594],[76.46720982073158,9.41012571747114],[76.3852873178398,9.747702203706545],[76.29400169973891,9.984946143636972],[76.24837566157193,10.103524527432205],[76.07506087741011,10.553955636934084],[76.04670811017732,10.612195983893084],[75.73442294069488,11.253671169418046],[75.65175155123823,11.423489175752444],[75.5906967809253,11.517517622081254],[75.43986977298914,11.749801342877662],[75.21094039401167,12.102367959932131],[74.96174148043745,12.876961313203616],[74.77759773639649,13.527907138893337],[77.63022110752668,12.975725868998712],[78.9390570360268,12.975725868998712],[80.31988051852339,13.333213411287112]]]]}},{"type":"Feature","properties":{"NAME":"Teotihuacán","ABBREVN":"Teotihuacán","SUBJECTO":"Teotihuacán","BORDERPRECISION":1,"PARTOF":"Teotihuacán","polity_id":"roman_peak:teotihuac_n","name":"Teotihuacán","ISO_A3":"TEOTIHUACN","ADM0_A3":"TEOTIHUACN","ADMIN":"Teotihuacán","fill_colour":"#cb34be","border_precision":1},"geometry":{"type":"MultiPolygon","coordinates":[[[[-99.90892915519363,19.026980717077468],[-100.75496856900385,19.588321153542026],[-101.0087803931469,20.277238961930344],[-100.49357439224482,20.899943654501016],[-99.8348878764998,20.899943654501016],[-99.10686593804479,20.58628340890815],[-98.48284713365477,19.802132794925985],[-98.62151797907478,19.206178328299544],[-99.14153364939979,18.92388410726597],[-99.90892915519363,19.026980717077468]]]]}},{"type":"Feature","properties":{"NAME":"Guanches","ABBREVN":"Guanches","SUBJECTO":"Guanches","BORDERPRECISION":1,"PARTOF":"Guanches","polity_id":"roman_peak:guanches","name":"Guanches","ISO_A3":"GUANCHES","ADM0_A3":"GUANCHES","ADMIN":"Guanches","fill_colour":"#74322f","border_precision":1},"geometry":{"type":"MultiPolygon","coordinates":[[[[-16.081973477351212,28.539879155715276],[-16.227094930359154,28.36975954738149],[-16.638272380548322,28.050049749026638],[-17.339692736753364,28.028701784947305],[-17.291318919084052,28.284597224515256],[-16.88014146889489,28.327186915315913],[-16.081973477351212,28.539879155715276]]],[[[-13.518161140877599,29.42848330171172],[-13.421413505538974,29.090868332331816],[-13.784217138058823,28.87929453021188],[-13.880964773397448,28.19936673357924],[-14.509824403098525,28.050049749026638],[-14.147020770578672,28.391039461179965],[-13.808404046893479,29.04858821187777],[-13.518161140877599,29.42848330171172]]],[[[-15.404740029980827,28.19936673357924],[-15.211244759303572,27.900525135454227],[-15.574048391823421,27.729386561264484],[-15.912665115508618,27.900525135454227],[-15.574048391823421,28.178048475293522],[-15.404740029980827,28.19936673357924]]]]}},{"type":"Feature","properties":{"NAME":"Boihaenum","ABBREVN":"Boihaenum","SUBJECTO":"Boihaenum","BORDERPRECISION":1,"PARTOF":"Boihaenum","polity_id":"roman_peak:boihaenum","name":"Boihaenum","ISO_A3":"BOIHAENUM","ADM0_A3":"BOIHAENUM","ADMIN":"Boihaenum","fill_colour":"#6f5734","border_precision":1},"geometry":{"type":"MultiPolygon","coordinates":[[[[18.98291344313779,49.869834353378906],[19.425309634730894,47.60099324948818],[17.803190265556196,47.10145779870038],[15.886140101986106,47.86547983497711],[16.476001690776908,49.58385625928141],[17.85234539795543,50.436743589494085],[18.98291344313779,49.869834353378906]]]]}},{"type":"Feature","properties":{"NAME":"Dacia","ABBREVN":"Dacia","SUBJECTO":"Dacia","BORDERPRECISION":1,"PARTOF":"Dacia","polity_id":"roman_peak:dacia","name":"Dacia","ISO_A3":"DACIA","ADM0_A3":"DACIA","ADMIN":"Dacia","fill_colour":"#348798","border_precision":1},"geometry":{"type":"MultiPolygon","coordinates":[[[[21.734298206156726,44.84516472831467],[22.86616890267723,47.26849501763038],[25.127304993041957,47.70033314695177],[27.339285951007444,46.90031916628867],[27.093510289011277,46.054085290193676],[25.56970118463505,45.64321634463933],[25.709180953652826,43.9255057496229],[25.264573716654585,43.8208922820939],[23.139385708590794,43.91329176070537],[22.954586751367856,44.65248758959712],[21.734298206156726,44.84516472831467]]]]}},{"type":"Feature","properties":{"NAME":"Armenia","ABBREVN":"Armenia","SUBJECTO":"Armenia","BORDERPRECISION":1,"PARTOF":"Armenia","polity_id":"roman_peak:armenia","name":"Armenia","ISO_A3":"ARMENIA","ADM0_A3":"ARMENIA","ADMIN":"Armenia","fill_colour":"#db504d","border_precision":1},"geometry":{"type":"MultiPolygon","coordinates":[[[[45.428142138749294,38.043481986853365],[44.611657213144255,38.00051774803545],[41.67774342306841,38.50896132440348],[41.79914675231291,40.39917609426979],[41.96331871664975,41.81310359426277],[42.76566686264308,41.86917068079961],[43.76708478152684,41.81026374439468],[44.789116926312964,41.75014420646609],[47.01094444720541,41.39306478346552],[48.558288613541215,40.55987946313086],[48.955043527986284,40.321826514463815],[49.669020685759726,40.24031027408008],[49.573283228484335,40.17648657412891],[49.552008661833945,40.091388307527346],[49.54137328585738,39.87864264102344],[49.48818496188277,39.76163061709766],[49.44563582858199,39.655257783845705],[49.40308669528121,39.48506125064258],[49.4988241525566,39.37868841739063],[49.48818496188277,39.293590150789065],[49.38181212863082,39.32550009341602],[49.33926299533004,39.28295096011524],[49.307353052703085,39.1340289935625],[49.27543929537887,39.01702078433399],[49.22225478610152,39.03829535098438],[49.17970565280074,39.14466818423633],[49.11588195284957,39.18721731753711],[49.04141906222457,39.14466818423633],[49.02014449557418,39.00638159366016],[49.0520582528984,38.931922517732424],[48.99886992892379,38.878734193757815],[48.98453787051251,38.86726895819019],[45.42814213874931,38.04348198685338],[45.428142138749294,38.043481986853365]]]]}},{"type":"Feature","properties":{"NAME":"Bosporian Kingdom","ABBREVN":"Rome","SUBJECTO":"Roman Empire","BORDERPRECISION":1,"PARTOF":"Bosporian Kingdom","polity_id":"roman_peak:bosporian_kingdom","name":"Bosporian Kingdom","ISO_A3":"BOSPORIANKIN","ADM0_A3":"BOSPORIANKIN","ADMIN":"Bosporian Kingdom","fill_colour":"#59832f","border_precision":1},"geometry":{"type":"MultiPolygon","coordinates":[[[[35.067320856658164,44.86172445865039],[34.61416152438277,44.841468416169924],[34.37224105319137,44.75717505069141],[34.134955439177695,44.53749807925586],[34.01372436007613,44.49212225528125],[33.660155329314414,44.523658357576174],[33.39549544772262,44.60049017520313],[33.55937865695113,44.93613775821094],[33.53285909695944,45.052492179619755],[34.78335749368626,45.2407449084288],[34.82993279689501,45.2199644342949],[35.04198961095895,45.372185919156465],[35.06341842135543,45.340098939851565],[35.31667617282027,45.32118185611133],[35.546217951384726,45.379893861726565],[35.849764856902304,45.445228181794924],[36.3231649728691,45.43969687075977],[36.52104857882613,45.38828619571094],[36.415133509246054,45.27157171817188],[36.36711410006637,45.161483369783205],[36.26475432833785,45.09658773990039],[36.004698786345664,45.04433401675586],[35.86545470675582,45.03111990542774],[35.599555048552695,45.10174139590625],[35.38666060885543,45.08192404361133],[35.28949324430858,45.01492263461748],[35.067320856658164,44.86172445865039]]]]}},{"type":"Feature","properties":{"NAME":"Parthian Empire","ABBREVN":"Parthian Emp","SUBJECTO":"Parthian Empire","BORDERPRECISION":1,"PARTOF":"Parthian Empire","polity_id":"roman_peak:parthian_empire","name":"Parthian Empire","ISO_A3":"PARTHIANEMPI","ADM0_A3":"PARTHIANEMPI","ADMIN":"Parthian Empire","fill_colour":"#df3050","border_precision":1},"geometry":{"type":"MultiPolygon","coordinates":[[[[58.36867812594527,25.54787977786426],[58.10963729342574,25.54732283206348],[57.90045455416793,25.540891252473635],[57.80509093722457,25.64833029361133],[57.46488097628707,25.70479353518848],[57.327982935515585,25.787087999299807],[57.25477126559371,25.793286882356448],[57.245070490447226,26.018462739900393],[57.11240294894332,26.076190553621096],[57.0663404794609,26.30746801944141],[56.934977564421835,26.464543901399416],[56.92908767184371,26.75186689944629],[56.79043105563277,26.97391279788379],[56.68355086764449,26.96835669131641],[56.667819056121054,27.049895845369143],[56.430949244109335,27.106566987947268],[56.06776717623824,27.11216887088184],[55.899733576384726,27.10480459781055],[55.80531981906051,27.005092225984377],[55.657572779265585,26.996945939973635],[55.424899134246054,26.96310766787891],[55.340086969939414,26.79935225100879],[55.09812835177535,26.73744162173633],[54.92553237399215,26.53802641482715],[54.75987533053512,26.41062506289844],[54.646056208220664,26.39131888003711],[54.06494430026168,26.70138319583301],[53.63393691500777,26.74793966861133],[53.38067916354293,26.909589372590823],[52.89083388766402,27.052323900178713],[52.77987197360152,27.187848649934573],[52.63377669772262,27.314601503328127],[52.41038802584762,27.580957017854494],[51.96155074557418,27.776948533967776],[51.69886306246871,27.81452139468555],[51.61130431613082,27.82704123111133],[51.35013488253707,28.0361343249834],[51.08225921115035,28.512019716218752],[50.79675582369918,29.01329382510547],[50.70245650729293,29.133781038240237],[50.70472243746871,29.40060766787891],[50.35983947238082,29.74293478579883],[50.13237288912887,30.06642874331836],[49.717848810759726,30.002053819612307],[49.51097396334762,30.020675264314455],[49.452364954558554,30.07772596927051],[49.32136062106246,30.102862916902346],[49.23508361300582,30.223380647615237],[49.222228083220664,30.47745855899219],[49.02017119845504,30.43257101626758],[48.9457235666191,30.387942872957034],[48.801329645720664,30.08272513003711],[48.71384337863082,29.99996145816211],[48.553648981658164,29.99462278933887],[48.51058486422652,29.993188463166994],[48.2118482919609,29.94809301944141],[48.02827743014449,29.973121248201174],[48.085022700126686,29.965384543235604],[43.64602721414321,32.47543763968794],[43.091885724812094,35.388057050617775],[41.36046866933874,35.70061270445125],[41.67774342306841,38.50896132440348],[44.611657213144255,38.00051774803545],[45.42814213874931,38.04348198685338],[48.984537870512504,38.86726895819019],[48.94568160494918,38.836185060457034],[48.98823073824996,38.71917685122852],[48.82495406588668,38.3095775470293],[48.83150771578902,38.306312166169924],[48.80918792208785,37.98856695742969],[48.74478057345504,37.72701605410938],[48.83722976168746,37.51097448916797],[49.05953124484176,37.397559724763674],[49.47580626925582,37.291610322908205],[49.84801391085738,37.26821478457813],[50.03871444186324,37.22470434756641],[50.11132338961715,37.097755037263674],[50.252211603728476,36.894786439851565],[50.560954126921835,36.68642767520313],[51.41704085787887,36.455691896394534],[51.79552367648238,36.432349763826174],[51.99305251559371,36.45890387149219],[52.60216430148238,36.576881013826174],[53.13901427706832,36.64352758975391],[53.799654993621054,36.67903860659961],[53.98448852023238,36.78191336245899],[54.0674391122734,36.94152411075],[57.30169303902503,38.08466052320486],[60.964376951292,37.32007413910069],[61.86050364242966,35.9972204521832],[62.79674725119215,34.615146553533805],[59.56828529422523,27.285665353933204],[59.30209258517379,25.34019621463184],[59.03145888766402,25.307866655305666],[58.818007502165976,25.478932939485354],[58.744425806609335,25.535960756257815],[58.36867812594527,25.54787977786426]]]]}},{"type":"Feature","properties":{"NAME":"Roman Empire","ABBREVN":"Roman Empire","SUBJECTO":"Roman Empire","BORDERPRECISION":1,"PARTOF":"Roman Empire","polity_id":"roman_peak:roman_empire","name":"Roman Empire","ISO_A3":"ROMANEMPIRE","ADM0_A3":"ROMANEMPIRE","ADMIN":"Roman Empire","fill_colour":"#8240d4","border_precision":1},"geometry":{"type":"MultiPolygon","coordinates":[[[[1.511889729109949,52.02575644107227],[1.031286153403467,51.812720857576174],[0.686218056288904,51.56038626284961],[0.254172805157846,51.453597627595705],[0.804253611174768,51.37826880069141],[1.0300673576271,51.35884817691211],[1.189365777579492,51.40547140689258],[1.36468068083877,51.35290487857227],[1.33496442755813,51.12069662661914],[0.886016640273279,50.981891237214846],[0.888346943465418,50.89267309756641],[0.672568890658563,50.930667482332034],[0.191810223666376,50.73128470034961],[-0.203663793000036,50.79532965274219],[-0.335705709251219,50.816714845613284],[-0.839040127190405,50.72180136294727],[-1.103359904679114,50.816714845613284],[-1.372512188347632,50.766273103669924],[-2.085358705910497,50.702823244050784],[-2.023685899170691,50.570010744050784],[-2.431994643601233,50.64588888736133],[-2.550505128296667,50.570010744050784],[-2.960618939789587,50.72180136294727],[-3.110884395035559,50.65736349673633],[-3.131739111068131,50.655335218208585],[-3.188912504599814,51.17873152457686],[-3.066043343933874,51.177737794832034],[-3.033148970993811,51.32989462466602],[-2.894663300904089,51.39384802432422],[-2.750154700669104,51.644027315095705],[-3.172751632126623,51.46690710635547],[-3.290847904894552,51.464283047650085],[-3.499117579850012,51.45965536685352],[-4.159330811890417,51.67681463809375],[-4.998957600983434,51.70170172305469],[-5.178603139313513,51.787471376375],[-5.248757806214147,51.860213838533205],[-5.06146427670365,52.00643499942188],[-4.619082894715124,52.093516908601565],[-4.294657674225622,52.200320802644534],[-4.123608317765051,52.37326391787891],[-4.093874898346716,52.74550970645313],[-4.147546019944006,52.83189734073047],[-4.468318429383093,52.81130179019336],[-4.62135025540238,52.83098181338672],[-4.491883244904333,52.990977846101565],[-4.317542043122106,53.09120901675586],[-3.956724610718542,53.205150209382815],[-3.329535689743811,53.233016572908205],[-2.914475407990271,53.26714285464649],[-3.056740966233069,53.513614259675784],[-2.979541268738562,53.82085379214649],[-2.865320411118323,54.02827414126758],[-2.885938134583288,54.16866644473438],[-3.261474337967688,54.14118155093555],[-3.479265180023962,54.274600587800784],[-3.569233384522253,54.41502722354297],[-3.4304058221901,54.64308127017383],[-3.169846987259319,54.825904097776125],[-1.5570160149371,54.92510455490735],[-1.555618610771948,54.92161139102344],[-1.388892021569067,54.68048056216602],[-1.192056861313635,54.595355592683596],[-0.870595899018103,54.54716833682422],[-0.604803499373251,54.30016287417774],[-0.295500930937582,54.03316839785938],[-0.23488095270341,53.79938467593555],[-0.319215585085207,53.57891424746875],[-0.318142512140932,53.57839764138827],[-0.203663793000036,53.52328451724414],[0.081015858260339,53.3862262591875],[0.174518886414713,53.29305990786914],[0.267848494855112,53.12666281314258],[0.250867608395761,53.04005392642383],[0.005501198974794,52.786666475251955],[0.326831850615686,52.707477174714846],[0.50467011651153,52.847510896638674],[0.741839024630731,52.901195131257815],[1.01266435107345,52.88841589541797],[1.375926766005701,52.809241853669924],[1.585714611617273,52.650043092683596],[1.691691670027918,52.311420045808596],[1.656872067061609,52.21178396792774],[1.511889729109949,52.02575644107227]]],[[[24.091456446257776,35.51980169864063],[24.073323282805628,35.49620398135547],[24.113204035369105,35.48571737857227],[24.177744898406214,35.46998556704883],[24.219702753630823,35.44900091739063],[24.229603800383753,35.39131888003711],[24.388283762541956,35.37296637149219],[24.768567118254847,35.42802771182422],[24.997481379119105,35.42102011294727],[25.013600382415003,35.36247976870899],[25.10009101351852,35.34674795718555],[25.37401870211715,35.31790503116016],[25.511635813323206,35.29476507754688],[25.673207316008753,35.349368654207034],[25.713534388152308,35.327010713533205],[25.668467554656214,35.18682058902149],[25.741803202239222,35.13700445742969],[25.788973841277308,35.13700445742969],[25.9354925485527,35.21303518863086],[26.064152750579066,35.23924978824024],[26.09935286959762,35.215648256257815],[26.168826136199183,35.247108064607424],[26.273509058562464,35.312659822419924],[26.23604491671676,35.228763185457034],[26.242667231169886,35.144874177888674],[26.160485300627894,35.02428396792774],[25.898680719939417,35.04525717349414],[25.741736445037073,35.008853517488284],[25.590724024382776,35.01641806216602],[24.693467173186487,34.94047125430469],[24.7156381936943,35.03477057071094],[24.690066370574183,35.09244116397266],[24.324357065764612,35.20778997989063],[24.01319793185348,35.21041449160938],[23.785594019499964,35.26285132022266],[23.56772330721969,35.254981599763674],[23.513134989348597,35.275958620027346],[23.46688559970016,35.31790503116016],[23.529439005461878,35.569625459626955],[23.671465906706995,35.572249971345705],[23.669087442961878,35.611583314851565],[23.665133509246058,35.66665609927539],[23.69665626010055,35.698123537019534],[23.73367789706344,35.62731894107227],[23.742875132170862,35.56175955386524],[23.879452738372034,35.55241736026172],[23.956812891570276,35.52767141909961],[24.039004358855433,35.56175955386524],[24.033263239470667,35.59847220034961],[24.08185676058883,35.611583314851565],[24.15267661532516,35.56438025088672],[24.13581756075973,35.52242621035938],[24.091456446257776,35.51980169864063]]],[[[8.374221834746546,39.307845674470705],[8.465033564177698,39.639937959626955],[8.508480105010218,39.946475587800784],[8.487975153533167,40.20879705996875],[8.42818931063766,40.464854799226565],[8.20155242404098,40.66299780459766],[8.159486803618616,40.7846752032793],[8.240707430449671,40.85533865542774],[8.40555289706344,40.86208304019336],[8.766072306243128,40.8628002032793],[8.91842368563766,40.94002493472461],[9.30620387515182,41.18444784732227],[9.590851816741175,40.902911745027346],[9.79373935183639,40.56368216128711],[9.787847551909632,40.44195517154102],[9.695723566619105,40.31368979068164],[9.630800280181116,40.09585531802539],[9.69800952395553,39.69349630923633],[9.648338350859827,39.45721396060352],[9.47892001589889,39.14415701480274],[9.296275171843714,39.23312338443164],[9.062541994658655,39.21989019961719],[8.998516115752405,39.175094209626955],[8.931367907134241,39.05370291324024],[8.819559130278773,38.976913057283205],[8.696099314299769,38.99581106753711],[8.582376513091273,39.06576880069141],[8.417174372283167,39.212203584626955],[8.374221834746546,39.307845674470705]]],[[[8.609300646392054,42.48734625430469],[8.87900260409469,42.624766908601565],[9.000392946807093,42.63458975406055],[9.018427881804651,42.69103964419727],[9.149460825530237,42.710670076326174],[9.23769286593551,42.664039216951174],[9.280391726103968,42.727855287507815],[9.270520243254847,42.882510744050784],[9.30318931063766,42.983192048982424],[9.367051157561487,42.988101564363284],[9.414238962737269,42.90952643008594],[9.432161364165491,42.79413565249805],[9.40549472293014,42.58059652896289],[9.458552393523401,42.55605658145313],[9.486711535063929,42.4063793048418],[9.452508959380335,42.04830511660938],[9.357456240264124,41.90121039004688],[9.304538759795374,41.575267396882815],[9.173024210540003,41.34990652652149],[9.038939509001917,41.36949881167774],[9.013268503752894,41.457679353669924],[8.828752550688929,41.49197729678516],[8.726921114531702,41.56056936831836],[8.854648623076624,41.65367849917774],[8.823254618254847,41.68797644229297],[8.626926455107874,41.73208960147266],[8.742449793425745,41.8815990314043],[8.692829165068812,41.913463197664065],[8.561865839568323,41.8815990314043],[8.537932428923792,41.94778021426563],[8.589588198271937,41.957591615632815],[8.66831210574264,42.02868612857227],[8.626454386321253,42.09734304995899],[8.510698351470179,42.13412436099414],[8.517246279326624,42.20770224185352],[8.628421816436,42.26165731997852],[8.500446352568812,42.359778963044924],[8.609300646392054,42.48734625430469]]],[[[33.37370971163863,35.30648001284961],[33.539042505828085,35.33169516177539],[33.90731719454879,35.436847291902346],[34.21733764132613,35.573566041902346],[34.45821288546676,35.64456137271289],[34.24465468844527,35.511844240144534],[34.04842666110152,35.40793188662891],[33.780497583953085,35.2081371173418],[33.77266601046676,35.129283510164065],[33.92467406710738,34.95322760196094],[33.79195693453902,34.95737036319141],[33.732577356902304,34.90862234683399],[33.68582061251754,34.93486746402149],[33.538512262908164,34.944156251863284],[33.48393538912887,34.79579123111133],[33.1313925119316,34.680335603669924],[32.958617243376914,34.659339509919924],[32.91454604586715,34.635726533845705],[32.91451552828902,34.54125937075977],[32.816657099333945,34.538638673738284],[32.78413680514449,34.625228486970705],[32.603392634001914,34.61473425479297],[32.35718062838668,34.680335603669924],[32.271090540496054,34.71969565005664],[32.27097991427535,34.81415518374805],[32.198500666228476,34.86138876529102],[32.1437216134941,35.042544923738284],[32.1804762216484,35.05831488223438],[32.23445800265426,35.01363333316211],[32.30098632296676,35.01626165957813],[32.48311522921676,35.15294226260547],[32.596983942595664,35.15557440371875],[32.74495223483199,35.11427267642383],[32.77952483615035,35.15294226260547],[32.819071802703085,35.2817455157793],[32.795111689177695,35.36061056704883],[33.07747939547652,35.3186107501543],[33.37370971163863,35.30648001284961]]],[[[26.888926539031214,40.524676881746096],[26.613572153655237,40.39804037661914],[26.513939890471644,40.28197439761524],[26.37586310824508,40.21340902896289],[26.255158457366175,40.081561647371096],[26.140885386077112,40.044654451326174],[26.2142896982109,40.16066702456836],[26.222796473113245,40.223956666902346],[26.194821390715784,40.30307348819141],[26.457545313445276,40.434974275544924],[26.556477579680628,40.49829062075977],[26.454838785735316,40.584308229402346],[26.418061289397425,40.577823244050784],[26.124041590300745,40.602847658113284],[26.020724329558558,40.669322572664065],[25.992875132170862,40.85245855899219],[25.635705027190394,40.87737616153125],[25.30111411532516,40.89594229312305],[25.046317133513636,40.952273927644534],[25.01892951449508,41.01714666934375],[24.812115702239222,40.933421693757815],[24.70066359957809,40.878341279939455],[24.519127878752894,40.873065553621096],[24.50495246371383,40.98406942935352],[24.35430243929977,40.97096212954883],[24.219058069792933,40.82968481631641],[24.02515510043258,40.74636038394336],[23.88595298251266,40.732894502595705],[23.748394999114222,40.80443152041797],[23.63469794711227,40.77275427432422],[23.632977518645472,40.71316870303516],[23.709055933562464,40.63003500552539],[23.785174402800745,40.477191530183596],[23.923703226653284,40.450809083894534],[24.295352015105433,40.176490388826174],[24.22063544711227,40.144847475007815],[24.054778132048792,40.260882936433596],[24.04777816256637,40.3083568439043],[23.923533472624964,40.34528311343555],[23.77477363070602,40.392764650300784],[23.72216895541305,40.348243318513674],[23.627234491912073,40.34528311343555],[23.65880111178512,40.28726156802539],[23.651745829192347,40.22922857852344],[23.80366424044723,40.15539129825],[23.86865905245895,40.16067465396289],[23.920109781829066,40.05519827456836],[23.90661719760055,39.997195802644534],[23.796032938567347,39.986651979402346],[23.59577277621383,40.19231756778125],[23.442486795989222,40.25560721011524],[23.349078211394495,40.2819782123125],[23.291760477629847,40.28726156802539],[23.29313949069137,40.24505575747852],[23.259058985320276,40.22922857852344],[23.321034464446253,40.15539129825],[23.366839441863245,40.107928834871096],[23.436467203704066,40.044654451326174],[23.523348841277308,40.018287263826174],[23.59218505343551,40.00246389956836],[23.63858512362594,39.96034201236133],[23.59689048251266,39.93405493350391],[23.374392542449183,39.955089174226565],[23.26052573641891,39.970870576814455],[23.276309046355433,40.04992254825],[23.2147779794609,40.181766115144534],[23.14114097079391,40.26615484805469],[22.960160288420862,40.314708314851565],[22.74805549105758,40.482467256501955],[22.863902124968714,40.535228334382815],[22.87546256503219,40.596324525789065],[22.851946863738245,40.65133627505664],[22.76996711215133,40.66717108340625],[22.70125487765426,40.57744940371875],[22.49206641635055,40.49829062075977],[22.602265390959925,40.39723929019336],[22.48961738070602,40.23052557559375],[22.467362436858362,40.118480287507815],[22.525612864104456,40.064166627839846],[22.55512908419723,39.986651979402346],[22.695097956267542,39.834483705476565],[22.754473719206995,39.81834753604297],[22.813431772795862,39.602740846589846],[23.074168238249964,39.41345175357227],[23.23608497103805,39.20315893741016],[23.158499750701136,39.140079103425784],[23.051917109099573,39.10328634829883],[23.09980681857223,39.1873851642168],[23.045252832976526,39.27149923892383],[22.981301340666956,39.329330049470705],[22.91898635348434,39.345103822664065],[22.850853952971644,39.36613043399219],[22.720257792082972,39.287269197419924],[22.7660589548027,39.20278891177539],[22.834883722869105,39.16636236758594],[22.871062311736292,39.02434881778125],[22.784213099089808,38.94033392520313],[22.490498575774378,38.87685354800586],[22.602313074675745,38.856238923982424],[22.72328856906051,38.793170534089846],[22.899373087493128,38.766891084626955],[22.984231028166956,38.66704138369922],[23.09980109652633,38.67229803653125],[23.169491800872034,38.66704138369922],[23.190995249358362,38.61034353824024],[23.356156382170862,38.48950155825977],[23.49384406527633,38.483131013826174],[23.55576613864059,38.351764284089846],[23.682751688567347,38.34651144595508],[23.80394843539352,38.34651144595508],[23.960743937102503,38.20991476626758],[23.966990503874964,38.15213354678516],[23.880024942961878,38.11535605044727],[23.98729995211715,37.76342733950977],[23.918181452361292,37.684642396882815],[23.835513147917933,37.684642396882815],[23.73368361910934,37.85785635562305],[23.63414863070602,37.878978334382815],[23.540715250579066,38.004100404695315],[23.49570182284469,38.06807669253711],[23.4192571969902,38.06807669253711],[23.19584182223434,38.00503882022266],[22.980614695159144,37.957767091707034],[22.898057016936487,37.89998968692188],[23.039967569915003,37.85796698184375],[23.045392069426722,37.773578248933596],[23.048874888030237,37.64263113589649],[23.151383432952112,37.59012182803516],[23.22054770907516,37.601825319246096],[23.321707758513636,37.63738211245899],[23.312159571257776,37.548106752351565],[23.418124231902308,37.46934088321094],[23.184979471770472,37.42733343692188],[23.18579200228805,37.374827943757815],[23.1095648141777,37.34664114566211],[22.970976862517542,37.38532217593555],[23.025345835295862,37.479842744783205],[22.942069086638636,37.518390260652346],[22.713290247527308,37.543433748201174],[22.642317804900355,37.58486517520313],[22.638745340911097,37.492286287263674],[22.726239237395472,37.28850897403125],[22.81334975680465,37.212054811433596],[22.793108973113245,37.1385570392168],[22.886887583342737,37.04668005557422],[22.98255256137008,36.6147533282793],[22.673554453459925,36.754283510164065],[22.524447474089808,36.722125612214846],[22.390296015349573,36.524371705964846],[22.19140723666305,36.855235658601565],[21.98417190035934,37.02048071475391],[21.780915293303675,36.82254370303516],[21.588168177214808,36.9814411029375],[21.531443628874964,37.11514624209766],[21.62650016268844,37.30651815982227],[21.613707575408167,37.41484793277149],[21.51731399020309,37.53575857730274],[21.29634765109176,37.72654303164844],[21.2211313577568,37.82839544864063],[21.228430780974573,37.90490683169727],[21.44045165499801,38.179515443757815],[21.71449950656051,38.135440431550784],[21.905766520110316,38.26973684878711],[21.996687922087855,38.25078161807422],[22.74721435031051,37.95260580630664],[22.89865592440719,37.9975543841875],[23.116345438567347,38.157394014314455],[22.996743235198206,38.17934378238086],[22.87563804110641,38.204600892976565],[22.33374122103805,38.426707826570315],[21.8264723153984,38.46395834536914],[21.661257776824183,38.43810995669727],[21.36445525607223,38.412005983308596],[21.17240432223434,38.34783896060352],[20.77183059176559,38.85093268008594],[20.892598185149378,38.895831666902346],[21.006508860198206,38.87054403872852],[21.104685816374964,38.92177542300586],[21.159516367522425,39.004825197175784],[21.007184061614222,39.112987123445315],[20.901148829070276,39.06173285098438],[20.677752527800745,39.08042486758594],[20.211808237639612,39.404925905183596],[20.1223821969902,39.551009736970705],[20.09082892855758,39.60253103824024],[20.02855971774215,39.81378134341602],[19.803648981658167,40.016963563875],[19.36906722506637,40.26028021426563],[19.380225214568323,40.32358130069141],[19.48371222933883,40.29589041324024],[19.494483027068323,40.4027171954668],[19.339222941008753,40.58873709292774],[19.527255091277308,40.865890108064455],[19.445403132048792,40.96489676089649],[19.529950174895472,41.21844442935352],[19.416991266814417,41.345252595857424],[19.49891570529098,41.52362021060352],[19.619383844939417,41.559302888826174],[19.606965097991175,41.761539064363284],[19.45788672885055,41.79808386416797],[19.367713007537073,41.84637030215625],[19.338465723601526,41.86202200503711],[19.143036875334925,41.93209036441211],[19.135544809905237,41.99954184146289],[18.90989974459762,42.217792116121096],[18.843149619713987,42.24141953915808],[18.528643641081995,42.35274466128711],[18.513588938323206,42.362140260652346],[18.24871161898727,42.52743872256641],[18.001368555632776,42.69445761294727],[17.646380457488245,42.864600740388674],[17.595679316130823,42.888900361970705],[17.54798034152145,42.92011984439258],[17.304074229691235,43.07620747861257],[17.07508758029098,43.22274740786914],[16.99226287325973,43.32271536441211],[16.639813456145472,43.38973578067188],[16.54851058444137,43.461314760164065],[16.36674788912887,43.51302298159961],[16.059407267180628,43.4334789142168],[15.912835154143519,43.65224798770313],[15.494369067245357,43.88844455774298],[15.412318262664026,43.934756837800784],[15.149468454924769,44.23992880435352],[15.274405512419886,44.23661383242969],[15.548222574797816,44.229346834138674],[15.285944017974085,44.32891806216602],[14.989106211272425,44.54002722354297],[14.906961474028773,44.72332342715625],[14.945532831755823,44.92658957095508],[14.815391573516077,45.07786902041797],[14.524585756865687,45.26628454776172],[14.354488405791468,45.32289084048633],[14.23862174471969,45.062354646638674],[14.174608263579554,45.010387025789065],[14.188512835112757,44.94254644961719],[14.060400042144007,44.89470251651172],[13.991256746855921,44.783099733308596],[13.89510253390426,44.75918158145313],[13.6720590921318,45.050357423738284],[13.643589052764124,45.179088197664065],[13.52689078768844,45.45431097598438],[13.556276354399866,45.4596019610918],[13.7490854593193,45.49433096499805],[13.799984011260218,45.56637152285938],[13.673180613127894,45.71450766177539],[13.564614328948206,45.72652395816211],[13.437729868498987,45.638431154207034],[13.367695841399378,45.69448813052539],[13.156165155974573,45.72652395816211],[13.104608568755335,45.58238562198047],[12.898650202361292,45.55837210269336],[12.44815543612594,45.39428671450977],[12.483212503997034,45.46231421084766],[12.279743227568812,45.40228994937305],[12.251417193022913,45.29028280825977],[12.180371317473597,45.27027853579883],[12.176189455596155,45.21429022403125],[12.312513384429163,45.178294740632815],[12.322136911956019,45.0423656329668],[12.408988031951136,44.9890094623125],[12.523090395537562,44.88275106997852],[12.476044687834925,44.787086091951174],[12.377765212721485,44.73152979882409],[12.27358439883346,44.67263754458789],[12.280731234160609,44.55012472720508],[12.345076593962855,44.30104025454883],[12.508117008152883,44.131458089893975],[12.697230372039026,43.934756837800784],[13.600871119109339,43.53480490298633],[13.731556925383753,43.37416037173633],[13.791634592620081,43.12334402652149],[13.91509059390182,42.87276419253711],[14.076401988875038,42.6337763953921],[14.092769655791468,42.60952719302539],[14.404933008757776,42.35311087222461],[14.429446711442168,42.326661124182635],[14.51930907687301,42.22970160098438],[14.719955477324671,42.141761384919924],[14.738527330962366,42.047156892732424],[14.922405275908655,41.97177084536914],[15.448605570403284,41.856727205232424],[16.012843165007776,41.90432318301563],[16.187411341277308,41.84086187930469],[16.198414835540003,41.745669923738284],[15.989146265593714,41.634646974519534],[15.873253855315394,41.50214346499805],[15.991044077483362,41.40614279361133],[16.42026809176559,41.278724275544924],[16.94596389254684,41.093814454988284],[17.258607996763015,40.95599425161939],[17.319272074309534,40.92925222964649],[18.033919367400355,40.59665258975391],[18.059941324797816,40.513534151033205],[18.3836126657402,40.307750307039065],[18.522648844329066,40.09413107486133],[18.433678660002894,39.89840658755664],[18.364918741790003,39.746722780183596],[18.16013053378219,39.87313421817188],[18.017067942229456,39.947894655183596],[17.967745813933558,40.16689261050586],[17.84960463961715,40.24349554629688],[17.61914924105758,40.2878375873125],[17.401650461760706,40.29192694278125],[17.20417121371383,40.39794119449024],[17.242802652922816,40.49576147647266],[17.08408072909469,40.52511175723438],[16.948712381926722,40.481090150789065],[16.84413054904098,40.363135896638674],[16.727564844695276,40.183604799226565],[16.604413065520472,40.089908204988284],[16.623852762786097,39.96775396914844],[16.535006556121058,39.83156546206836],[16.532101664153284,39.697513185457034],[16.873986277190394,39.543651185945315],[17.14906981906051,39.42180212588672],[17.107419046965784,39.28047140689258],[17.120997461882776,39.08602102847461],[17.18071273287887,39.02220877261524],[17.094689402190394,38.915023408845705],[16.797699961272425,38.92585714908008],[16.61332992037887,38.82732733340625],[16.522202524748987,38.72502478213672],[16.57200149020309,38.45711859317188],[16.330693277922816,38.320743165925784],[16.052943262664026,37.93117483706836],[15.785237345305628,37.909705720857424],[15.71022704562301,37.94143637271289],[15.627475771514124,38.00421103091602],[15.62657741030807,38.23308142276172],[15.790868792144007,38.296397767976565],[15.933466944304651,38.53991659732227],[15.827300104705042,38.62273367495899],[15.989846262541956,38.73476370425586],[16.15220931491012,38.70126684756641],[16.2122259469902,38.77795370669727],[16.177208933440394,38.93099173159961],[16.082562479582972,39.01247366519336],[15.989552530852503,39.4283519610918],[15.84651435050798,39.62985800079746],[15.824671778289026,39.660628877595705],[15.757021936980433,39.93362768741016],[15.666200670806116,40.091861329988284],[15.515924486724085,40.06594809146289],[15.432033571807093,39.988971315339846],[15.027263674346155,40.212195955232424],[14.898671183196253,40.241458497957034],[14.992320093718714,40.37221869082813],[14.951005014983362,40.55147894473438],[14.743317637053675,40.70481451602344],[14.334127459136194,40.593604646638674],[14.34976962527389,40.64252432437305],[14.494590792266077,40.72996100039844],[14.370310816374964,40.85147055240039],[14.239995989409632,40.852943025544924],[14.050873789397425,40.76751288028125],[13.941878351775355,40.99803503604297],[13.852500948516077,41.09095724673633],[13.797006640044398,41.19344671817188],[13.760507236170445,41.20669841632788],[13.49839023074264,41.301864229158205],[13.329107257915082,41.31109494864743],[13.271446261016077,41.31423910708789],[12.976777109709925,41.371375642732424],[12.641516718474573,41.53109701724414],[12.394848856536097,41.72954901309375],[11.963433298674769,42.00474127383594],[11.960132972376561,42.00737273955097],[11.497365030852503,42.376353822664065],[11.104763063994593,42.549083314851565],[10.742755922881312,42.850509248689455],[10.487745318022913,43.235938631013674],[10.337910145884006,43.596202827939074],[10.292479548064417,43.70543631167774],[10.261382708001236,43.74523947476491],[10.155236147769651,43.88110436777192],[10.136747393218226,43.904769502595705],[9.909300837126917,44.110477052644534],[9.82549804898012,44.152548314253266],[9.691935572234339,44.219600282625],[9.1570444436943,44.37323721499805],[8.896585497466273,44.43718679995899],[8.671724352446741,44.417403779939455],[8.342789137617475,44.22018781295507],[8.186360392180628,44.12639959903125],[8.089567661878142,44.05082949636362],[8.048067028406173,44.01842822901174],[7.979526552764124,43.964915834382815],[7.689120325652309,43.88704641909961],[7.552810225096888,43.867450319246096],[7.467525371397117,43.81083423022823],[7.397118601409144,43.76409491153125],[7.297616514769739,43.667300783113284],[6.923080000487513,43.44766577334766],[6.523014101592249,43.15085180850391],[6.331224951354212,43.11186941714649],[6.187778505889124,43.092288576082034],[5.828570398894495,43.020816408113284],[5.646554979888148,43.03331717105274],[5.434490236846155,43.103656373933596],[5.05181697329635,43.32809790225391],[4.909845861998743,43.366439424470705],[4.750594648925013,43.35325964541797],[4.646513971892542,43.320865236238284],[4.416764769164271,43.34614523501758],[4.078196081725307,43.48708685489063],[3.807468924132532,43.467227540925784],[3.47871283015365,43.31209524722461],[3.317868027297205,43.19595297427539],[3.067900213805383,42.944564424470705],[3.001891169158167,42.77080877871875],[3.045898947325891,42.53945501895313],[3.087081465331262,42.36864431949024],[3.086528334227747,42.329112611726565],[3.08628610095138,42.1207233295],[3.156553778258508,42.075721345857424],[3.128878864852136,41.85722693057422],[2.628259214965051,41.61954077334766],[2.200590166655725,41.44614752383594],[2.080724749175256,41.29848822207813],[2.065487708318266,41.295597639403624],[1.609828624335474,41.20915564151172],[1.442095519242574,41.17999861920224],[1.311244878379053,41.15725287051563],[0.879201922026819,41.0217357501543],[0.733751806822962,40.87495382876758],[0.709782037345117,40.78514822574024],[0.82712546309585,40.7274242267168],[0.787556442824548,40.65688665957813],[0.505141589251703,40.592757783845705],[0.237927589026636,40.24019964785938],[-0.160625037344748,39.886024080232424],[-0.203663793000036,39.79943808169727],[-0.284515861960703,39.63677176089649],[-0.394848432930762,39.434459291414065],[-0.235902842673117,39.06240423770313],[-0.203663793000036,39.012652955964846],[-0.165695284100825,38.95406302066211],[0.12611598095054,38.821353517488284],[0.172570082751459,38.738345704988284],[-0.107004006000811,38.59149893374805],[-0.203663793000036,38.54402884097461],[-0.43515532890206,38.43033941836719],[-0.564126816185766,38.21486624331836],[-0.664728876742178,38.17657431216602],[-0.872343566807562,37.75979956241016],[-0.802563574703985,37.61500509829883],[-0.918272283467108,37.57034262271289],[-1.364567962082678,37.54839285464649],[-1.625712480934912,37.439490877107424],[-1.816879835518652,37.2924762591875],[-1.940475192459875,36.95159872622852],[-2.238797393235022,36.728396974519534],[-2.355097499283606,36.82405050845508],[-2.624331441315466,36.811297975496096],[-2.761496749314123,36.69013937564258],[-2.915331569107825,36.69013937564258],[-2.969792333039099,36.74114950747852],[-4.446585622223669,36.72201880069141],[-4.757303681763464,36.48610647769336],[-5.216736283692175,36.40959509463672],[-5.374227490814977,36.23747595401172],[-5.38674971142655,36.10998495669727],[-5.424260106476599,36.07174261660938],[-5.457090821656042,36.16735800357227],[-5.487933125885778,36.173724733308596],[-5.485486474427038,36.06536825747852],[-5.660587277802282,36.008006654695315],[-5.850014176758581,36.07174261660938],[-6.204461064728552,36.28209646792774],[-6.304971661957556,36.45422323794727],[-6.288880792053991,36.57217749209766],[-6.444025006684119,36.62318380923633],[-6.500485864075475,36.718829713777346],[-6.421713319214636,36.79216345401172],[-6.632153954895788,37.02175100894336],[-6.947954621704869,37.14931448550586],[-7.010098424347691,37.165259920076174],[-7.227823701294714,37.22585638614063],[-7.491503682526403,37.20815619082813],[-7.603436437043005,37.16297873111133],[-7.836042371186071,37.03225287051563],[-8.033637967499548,37.00878866763477],[-8.280239072235876,37.088580690339846],[-8.541073766144567,37.088580690339846],[-8.667059865387731,37.12144049258594],[-8.990849461945349,36.990008912996096],[-9.016643491181188,37.069800935701174],[-8.841511693390661,37.52514608950977],[-8.848719534846378,37.81676788621598],[-8.851028409394079,37.91018255801563],[-8.93278595486527,37.96184118838672],[-8.822993245514684,38.206073366121096],[-8.847303357514196,38.384566865876955],[-8.788920369538122,38.43598135562305],[-8.853651967438513,38.4996410235918],[-9.022322621735388,38.46102102847461],[-9.236570325287634,38.41744955630664],[-9.2851581243599,38.61946829409961],[-9.069152799042516,38.64295919986133],[-8.941892590912634,38.74191626162891],[-8.960826840790563,38.81846197696094],[-9.040849652680212,38.92018087954883],[-9.175754514130407,38.73223074527149],[-9.361637082489782,38.671145997957034],[-9.522397008332067,38.6899371966875],[-9.54900738278275,38.77451666446094],[-9.459762540253454,38.95307882876758],[-9.3977069524849,39.23036154361133],[-9.415269818695837,39.366675935701174],[-9.299269643219763,39.417735658601565],[-9.117922749909216,39.64403494449024],[-8.915585484894567,40.13814886660938],[-8.969669309052282,40.19001730533008],[-8.69406982937699,40.992171846345705],[-8.851777997406774,41.40782888980274],[-8.854754414948278,41.59685095401172],[-8.920735326203161,41.76702078433399],[-8.806055035980993,41.889178834871096],[-8.86048599758988,42.0145336017168],[-8.798570599945837,42.194530092195315],[-8.644062962921911,42.419749818757815],[-8.805045094879919,42.63155706973438],[-8.94172379055863,42.824195466951174],[-9.173123326691442,42.85590323062305],[-9.24685951748734,42.900775514558596],[-9.270803418549352,43.048690401033205],[-9.197466817292028,43.158214174226565],[-9.013589826020056,43.28085669131641],[-8.849216428192907,43.326243959382815],[-8.595722165497595,43.339618287996096],[-8.31041332760697,43.35304983706836],[-8.25069710293656,43.4304271564043],[-8.22022434750443,43.61720999331836],[-7.979528870972448,43.740054689363284],[-7.636274781616979,43.721412263826174],[-7.151302304657751,43.554942689851565],[-6.807975736054234,43.523421846345705],[-6.467573609741979,43.56272467227344],[-6.208046403321081,43.640521608308596],[-5.979656186493688,43.70537909121875],[-5.820451226624304,43.70568808169727],[-5.537417855652624,43.57745321841602],[-5.224896397980505,43.507247529939455],[-4.802335706147009,43.46944388003711],[-4.110216107758337,43.45151098819141],[-3.847605910691077,43.43916281314258],[-3.417000499161536,43.37565191836719],[-3.195965257080847,43.446883760408205],[-3.007205691727453,43.55027350039844],[-2.768362489136511,43.53787573428516],[-2.367384400757605,43.326243959382815],[-2.142923348652433,43.33147102864046],[-2.065644708069617,43.333270631746096],[-1.914577808769995,43.3054157123125],[-1.746070232781225,43.36016043277149],[-1.561407771500403,43.524425111726565],[-1.314379182251745,44.558963380769534],[-1.135849919709021,44.600101076082034],[-1.230320539864355,44.730411134675784],[-1.331778016480261,44.61382635684375],[-1.275514092835242,45.12873037906055],[-1.175191727074438,45.50050314517383],[-1.123440351876074,45.431617341951174],[-0.900364187153631,45.29391058535938],[-0.814226653965765,45.12184103579883],[-0.728486028107458,45.01864203067188],[-0.85470238009339,45.321448884919924],[-1.13839491883164,45.58316382022266],[-1.247395124825293,45.688148103669924],[-1.236505594643408,45.8000446185625],[-1.07519969025498,46.01461752505664],[-1.165981498154455,46.18368109317188],[-1.256056633385473,46.30683096499805],[-1.402668443116003,46.403934083894534],[-1.710726466568762,46.44879110904102],[-1.942478146942908,46.70579870791797],[-2.129660334976965,46.85084494204883],[-2.004645553025061,47.04250296206836],[-2.10947760620957,47.124042116121096],[-2.263749804886633,47.18288382144336],[-2.493711915406042,47.24692114444141],[-2.576483931931311,47.324866853669924],[-2.46554347554093,47.49438437075977],[-2.613652196320349,47.572249971345705],[-2.842474189194494,47.49190481753711],[-3.062696423920447,47.60393866153125],[-3.433526244553381,47.71681173892383],[-3.7118680147255,47.79814871402149],[-3.858102050217444,47.79180868716602],[-3.954837766083533,47.90433844180469],[-4.36437365094071,47.82931097598438],[-4.390935388001257,47.94184836001758],[-4.510127511414343,47.99813040347461],[-4.675397363098913,48.01689489932422],[-4.700306382569128,48.06380423159961],[-4.312866177948766,48.10133322329883],[-4.350984063538366,48.204566560701174],[-4.587968316468054,48.25149496646289],[-4.38890167752152,48.298438631013674],[-4.350201573761755,48.390506349519534],[-4.473793950470739,48.382937990144534],[-4.59202143231278,48.392318330720705],[-4.779634442719275,48.354774080232424],[-4.761963334473425,48.55200155825977],[-4.625704255493932,48.546668611482424],[-4.488299336823278,48.61226614566211],[-4.25147720852738,48.65191229434375],[-3.998872962387854,48.73053701968555],[-3.902217355164343,48.64596136660938],[-3.821306434067541,48.721149049714846],[-3.607873406800085,48.692950807527346],[-3.557670083435827,48.810077272371096],[-3.43505784550553,48.83645971866016],[-3.091225352677161,48.87155111880664],[-2.914459433945471,48.70678671450977],[-2.790535416992956,48.58958014102344],[-2.636378016861731,48.55200155825977],[-2.342885461243445,48.67414816470508],[-2.200072136315161,48.598983369783205],[-2.075967636498266,48.65615805240039],[-1.870566811951452,48.711742006257815],[-1.857612696083838,48.60836752505664],[-1.591356840523535,48.63750036807422],[-1.456587758454138,48.683551393464846],[-1.575547900589758,48.76814230533008],[-1.588412251862341,48.88095053286914],[-1.563408580216223,49.036239229158205],[-1.579779472740942,49.2290111407793],[-1.638999786766821,49.219607912019534],[-1.891543593796545,49.526351533845705],[-1.941284146698767,49.70930441470508],[-1.524247136505896,49.65277060122852],[-1.250969496163183,49.69987829776172],[-1.288660493286902,49.520972810701174],[-1.177143421562964,49.33254965396289],[-1.023191001805121,49.39845999331836],[-0.464948442372137,49.35137899966602],[-0.239364930036122,49.28548773379688],[-0.203663793000036,49.291812501863284],[0.032870042530245,49.33370550723438],[0.330848249999231,49.45495565982227],[0.090372207966989,49.51055487246875],[0.115054044333643,49.60227545352344],[0.189372840729898,49.681026063875],[0.528559717742151,49.8258014545],[0.868757519332117,49.90724905581836],[1.274518880454248,50.00430258365039],[1.416228327361292,50.10984381289844],[1.551989111510462,50.22880896182422],[1.528296861258692,50.57772787661914],[1.588920149413294,50.821883760408205],[1.796177011925257,50.92141446442835],[1.823555264083093,50.93456228824024],[2.030328068343347,51.006656251863284],[2.44259599169845,51.04803045840625],[2.522131952849573,51.09112127871875],[2.995262178984827,51.313479982332034],[3.2136051984703,51.35356863589649],[3.472019943801111,51.31439169497852],[3.681297096816248,51.3214183673418],[3.775046858397669,51.38774450869922],[5.135158159771422,52.126689920244836],[5.448322555449071,52.048398821325414],[6.857562335998502,51.57865222780894],[6.857562335998502,51.34318559791618],[6.857562335998502,50.952323436453646],[7.562182226273215,50.48257684293717],[7.740685931809476,49.99090874172327],[8.291855268202141,49.94080243841484],[8.39206787481899,49.59005831525587],[8.542386784744263,49.389633102022174],[7.891004841734748,48.88857006893793],[7.740685931809476,48.43761333916211],[8.041323751660022,48.287294429236844],[8.592493088052686,48.13697551931157],[10.696957827006502,48.68814485570423],[11.448552376632863,48.738251159012655],[12.200146926259228,49.139101585480056],[12.75352162757752,48.93294238302814],[14.755568394988861,48.187081822619994],[15.757694461157344,48.53782594577896],[16.078781624466824,48.42668038924876],[15.886140101986106,47.86547983497711],[17.803190265556196,47.10145779870038],[18.905605154940865,47.44094904033701],[18.86428526627964,45.581554050581936],[19.065554967771348,45.53510719639154],[20.16704915229867,45.28091623073139],[20.385843565250656,44.797594038362774],[20.921798221915534,44.65248758959712],[21.19899665774994,44.92968602543153],[22.954586751367856,44.65248758959712],[23.139385708590794,43.91329176070537],[25.264573716654585,43.8208922820939],[26.835364853049565,44.19049019653978],[28.036558074998663,44.375289153762715],[27.944158596387194,44.92968602543153],[28.2213570322216,45.48408289710034],[29.615916285124964,45.41020544619922],[29.683211359587855,45.37478979678516],[29.710764917937464,45.25833471866016],[29.578961405364222,45.0575023517168],[29.457522425261683,44.91514929385547],[29.261582407561487,44.895423494294924],[29.08974936923141,44.87573202700977],[28.918236765471644,44.765750490144534],[28.686247858611292,44.48805197329883],[28.57311347445602,44.19782217593555],[28.529885325041956,43.84347113223438],[28.51010611971969,43.74307592959766],[28.48053840121383,43.59228476138477],[28.44569304904098,43.476363740876955],[28.328095469084925,43.43752630801563],[28.187058481780237,43.450118623689455],[28.034638437834925,43.39190252871875],[27.887320551482386,43.06352575869922],[27.86990836581344,42.799876771882815],[27.836163553801722,42.73552282901172],[27.654044184294886,42.68373831363086],[27.501950296965784,42.51634558291797],[27.494702372161097,42.40090139956836],[27.60787108859176,42.41677816958789],[27.722533259001917,42.31621512027149],[27.737710032073206,42.24700125308399],[27.913407358733362,42.078101716951174],[27.917952570525355,41.977672182039065],[28.026202234831995,41.88238485904102],[28.018178019133753,41.75320776553516],[28.06983855685348,41.62496908755664],[28.10439780673141,41.59297140689258],[28.371457132903284,41.43312796206836],[28.74022201022262,41.32482870669727],[29.012368235198206,41.254832826570315],[29.081099543181605,41.200511537507815],[28.964453730193323,40.98923834414844],[28.82780745944137,40.91469915957813],[28.596150431243128,40.94698675723438],[28.17331412753219,41.05789526553516],[28.02636817416305,41.02620657534961],[27.93218329867477,40.95754965396289],[27.47416976412887,40.962833009675784],[27.313046488372034,40.789912782625],[27.263756785002894,40.66717108340625],[26.888926539031214,40.524676881746096]]],[[[15.301346811858362,37.057899080232424],[15.220631632415003,37.000377260164065],[15.027343782988734,36.74511679263477],[14.942398104277796,36.738563142732424],[14.622022661772913,36.776141725496096],[14.215912851897425,37.0493236407793],[13.868404421416468,37.15695150943164],[13.011567148772425,37.52489431949024],[12.63687900027389,37.581500612214846],[12.532035860625452,37.63867148013477],[12.454147371855921,37.766009889558596],[12.516644510832972,37.91916998477344],[12.664325747100062,38.07249792666797],[12.782839808074183,38.11737783999805],[13.065952334014124,38.066932283357424],[13.322475466338343,38.22051199527149],[13.627963099089808,38.02980764956836],[13.809530291167444,37.966415010408205],[14.134472879973597,37.973453126863284],[14.765865358916468,38.0576129779375],[15.386741671172327,38.20554693789844],[15.453687700835413,38.16741522403125],[15.472892794219202,38.110057435945315],[15.42252353152389,38.05257376284961],[15.181032213774866,37.68228109927539],[15.1121807428276,37.45903357119922],[15.116248163787073,37.286944948152346],[15.301346811858362,37.057899080232424]]],[[[25.317819850853795,36.39877419215787],[25.333024300701165,36.45994089964729],[25.371035425319583,36.49661778527289],[25.49267102409852,36.42324665835019],[25.49267102409852,36.331435169041356],[25.386239875166947,36.319185450416924],[25.317819850853795,36.39877419215787]]],[[[24.679232957264375,36.75896029963509],[24.466370659401235,36.649251177336765],[24.299121711080193,36.75286945753905],[24.428359534782814,36.79549519508755],[24.588006258180172,36.86851272864293],[24.679232957264375,36.75896029963509]]],[[[24.823675230814363,36.661448812220584],[24.876890805280148,36.679741640978875],[24.975719729288034,36.637051610171376],[24.945310829593303,36.56991946228899],[24.823675230814363,36.637051610171376],[24.823675230814363,36.661448812220584]]],[[[25.059344203448553,36.618748636935905],[25.044139753601186,36.661448812220584],[25.165775352380123,36.74068632260297],[25.196184252074858,36.673644514576154],[25.104957552990655,36.637051610171376],[25.059344203448553,36.618748636935905]]],[[[25.431853224709048,36.6980301207178],[25.386239875166947,36.637051610171376],[25.264604276388013,36.704125314038706],[25.24179760161696,36.75286945753905],[25.249399826540643,36.75896029963509],[25.295013176082744,36.807669623462985],[25.431853224709048,36.6980301207178]]],[[[24.534790683714387,37.11746294371295],[24.443563984630185,37.0992747162255],[24.428359534782814,37.20833853996449],[24.534790683714387,37.11746294371295]]],[[[24.26111058646178,37.540613155635555],[24.299121711080193,37.66107502189996],[24.397950635088083,37.667092994189616],[24.382746185240713,37.570746906161986],[24.26111058646178,37.540613155635555]]],[[[24.489177334172286,37.39580161737422],[24.359939510469665,37.30515202694268],[24.359939510469665,37.39580161737422],[24.397950635088083,37.46824245164144],[24.489177334172286,37.39580161737422]]],[[[24.846481905585414,37.36559724964213],[24.86168635543278,37.52855624381453],[24.945310829593303,37.51046722146939],[25.044139753601186,37.377680456560746],[24.846481905585414,37.36559724964213]]],[[[24.92250415482225,37.69116000393879],[24.656426282493324,37.901413077728705],[24.762857431424894,38.003319956303606],[25.272206501311693,37.56472113091166],[25.46986434932747,37.43806729073237],[25.317819850853795,37.40184103098311],[24.92250415482225,37.69116000393879]]],[[[24.679232957264375,36.90499535372954],[24.64882405756964,37.014338584785854],[24.717244081882793,37.050751425742014],[24.785664106195945,36.947536378182036],[24.679232957264375,36.90499535372954]]],[[[25.11255977791434,36.94146054239683],[24.937708604669616,36.95968659606273],[25.150570902532756,37.17200141281893],[25.310217625930115,37.19622810717101],[25.310217625930115,37.00219709179456],[25.11255977791434,36.94146054239683]]],[[[25.59910217303009,37.026478138264174],[25.5458865985643,36.95968659606273],[25.4546598994801,36.9232301280182],[25.363433200395896,37.00826808071462],[25.340626525624845,37.087146804747654],[25.378637650243267,37.11746294371295],[25.53828437364062,37.220447029530426],[25.606704397953774,37.12352471549815],[25.59910217303009,37.026478138264174]]],[[[23.242412446688178,39.04411813294447],[23.409661395009216,38.943672845059965],[23.789772641193395,38.71863293758614],[24.13187276275916,38.65335708482884],[24.20789501199599,38.5523591317064],[24.29151948615651,38.19476089687233],[24.588006258180172,38.15292605377605],[24.5271884587907,37.967368965721576],[24.314326160927564,37.98534666287396],[24.192690562148627,38.15292605377605],[24.025441613827585,38.38569989188942],[23.66053481749077,38.40357465937644],[23.599717018101305,38.45717244335585],[23.637728142719723,38.52262680680808],[23.462876969474998,38.62366656002873],[23.120776847909237,38.86676557896794],[22.86990342542768,38.83716368115139],[23.01434569897767,38.961408842619434],[23.242412446688178,39.04411813294447]]],[[[48.085022700126686,29.965384543235604],[48.02827743014449,29.973121248201174],[47.957152399626914,29.94756468387012],[47.91136077365035,29.89029272647266],[47.93592360934371,29.80140646548633],[47.996031794158164,29.490258775666994],[47.844908747283164,29.50315435977344],[47.61403945407027,29.272241197541994],[47.80355742892379,29.184920869783205],[47.99150756320113,29.277490220979494],[48.129061731902304,29.268191896394534],[48.273871491123685,28.886929970554853],[44.47284555203297,29.340034319527597],[42.86033948553248,30.987583351727405],[39.342144431349574,31.987611883620747],[37.89258937270298,31.64311813844798],[37.5739543118168,32.03256565690869],[36.817830287410466,30.34329388339949],[34.29039380051872,31.35742049049394],[34.50065902194137,31.621099077180666],[34.599135431853476,31.817897401765627],[34.68133834323043,32.045978151277346],[34.75850203951949,32.30071981997852],[34.84289077242965,32.670699678376955],[34.89496901949996,32.66283377261524],[34.9565878244316,32.704818330720705],[34.95908263644332,32.79665716739063],[34.97200683077926,32.93840750308399],[35.08897307833785,33.069259248689455],[35.13231185397262,33.231517396882815],[35.208388361540976,33.33358725161914],[35.35608962496871,33.639781557039065],[35.34855941256637,33.74446829409961],[35.4298658700859,33.74446829409961],[35.49185088595504,33.83082541079883],[35.52440169772262,33.974769197419924],[35.53208068331832,34.11870535464649],[35.71620849093551,34.31236990542774],[35.82100585421676,34.34377630801563],[35.87306502780074,34.422286592439455],[35.85191634616012,34.49294622989063],[35.75075438937301,34.74680670352344],[35.808852228728476,35.013797365144534],[35.84138015231246,35.04263266177539],[35.7964315744316,35.27071722598438],[35.607340845671835,35.417544923738284],[35.66395858248824,35.45949514956836],[35.68043044528121,35.52767141909961],[35.73317626437301,35.58536108584766],[35.69143203219527,35.68502005191211],[35.73950484713668,35.690265260652346],[35.85594466647262,35.83450277896289],[35.82905105074996,35.884784303621096],[35.718504938689414,36.091556154207034],[35.66494658908004,36.133529268220705],[35.708632502165976,36.21223410220508],[35.81413775284691,36.29849189856277],[35.817240748015585,36.301028810457034],[36.09526351412887,36.48246344180469],[36.10452178439254,36.56117209048633],[36.082430872527304,36.621532045320315],[35.956793818083945,36.74749334903125],[35.890875849333945,36.7711139545],[35.67174056491012,36.605784975007815],[35.56761458834762,36.58741720767383],[35.506171259490195,36.55855520816211],[35.54760268649215,36.54018362613086],[35.49458983859176,36.443099580720705],[35.41708281954879,36.43260534854297],[35.38869765719527,36.45359381289844],[35.35417846163863,36.41423758120899],[35.220526728240195,36.388003908113284],[35.07137206515426,36.487708650544924],[34.86991027316207,36.576922975496096],[34.66238311251754,36.64777334781055],[34.48512938937301,36.626781068757815],[34.10322097262496,36.38032492251758],[33.95171264132613,36.25157888980274],[33.954054865447226,36.15975912661914],[33.89098266085738,36.13877447696094],[33.835875544158164,36.107295595125],[33.83369735201949,36.07057150454883],[33.75317672213668,36.14664038272266],[33.48169997653121,36.05428274722461],[33.17133620699997,35.97088202090625],[32.90411666354293,35.976695619539065],[32.64034179171676,36.007999025300784],[32.33497909030074,36.128367982820315],[31.90200713595504,36.496863923982424],[31.370690378752894,36.712344728425784],[30.905310663787073,36.79421576114063],[30.593590769377894,36.76173361392383],[30.54006675204391,36.64696081729297],[30.49665168246383,36.37298163028125],[30.47283271273727,36.18825491519336],[30.394862207976526,36.118045412019534],[30.279892954436487,36.1178050860918],[30.16613105258102,36.18761786075],[29.661955866423792,36.078345857576174],[29.47193244418258,36.090694032625],[29.298188242522425,36.17311819644336],[29.00225165804977,36.69479712100391],[28.813527140227503,36.53515585513477],[28.469845804778284,36.73830755801563],[28.266922983733362,36.7124095782793],[28.014189753142542,36.527164064363284],[27.911902460662073,36.69894369693164],[27.94185546359176,36.75633963199024],[28.05103972872848,36.8330150470293],[27.998808893767542,36.909366212800784],[27.553477320281214,36.91482504458789],[27.308110270110316,36.92070730777149],[27.26863006075973,37.04168280215625],[27.525639566985316,37.131412111238284],[27.492524180022425,37.23967321963672],[27.36463263949508,37.328631959871096],[27.16040709933395,37.36008032412891],[27.122561487761683,37.49385031314258],[27.141085657683558,37.64686544986133],[27.17978385409469,37.77442892642383],[27.139773401824183,37.88909109683399],[26.961377176848597,37.94610556216602],[26.679331812468714,38.104938112214846],[26.512320551482386,38.066348634675784],[26.393214258757776,38.10436209292774],[26.391598734465784,38.219127260164065],[26.46871093234176,38.44475897403125],[26.5274114938652,38.41824301333789],[26.742451700774378,38.27838858218555],[26.99743178805465,38.40005835147266],[26.819674524871058,38.52725180240039],[26.828822168914026,38.58296164126758],[26.695696863738245,38.640765748933596],[26.709471735564417,38.69857367129688],[26.966380152312464,38.76993139834766],[27.03491309603805,38.82109793277149],[27.00422004183883,38.88482626529102],[26.93680289706344,38.924563966707034],[26.785336527434534,38.94033392520313],[26.789847406951136,39.024425111726565],[26.870751413909144,39.05596884341602],[26.797139200774378,39.12955816836719],[26.707943949309534,39.18212851138477],[26.70405486544723,39.250472627595705],[26.60224250277633,39.25572928042774],[26.720158609954066,39.33724936099414],[26.853512796965784,39.46076925845508],[26.926152262297816,39.476546846345705],[26.957518610564417,39.54832800479297],[26.804265055266566,39.56715353579883],[26.54617789706344,39.51334723086719],[26.138976130095667,39.43973883242969],[26.064057383147425,39.45551260562305],[26.08488753756637,39.604007326082034],[26.141903910247034,39.66058310122852],[26.140706095305628,39.74998053164844],[26.127575907317347,39.878558717683596],[26.18600944003219,39.997195802644534],[26.32033446749801,39.99192389102344],[26.403052363005823,40.176490388826174],[26.48171142062301,40.18703802676563],[26.765282663909144,40.37694128604297],[26.99647429904098,40.371661745027346],[27.056124720183558,40.4296947345293],[27.271754297820276,40.450809083894534],[27.329234156218714,40.35583456607227],[27.449610743132776,40.30979498477344],[27.52599433383102,40.297137819246096],[27.763894114104456,40.28725393863086],[27.830164942351526,40.34528311343555],[27.799843821135706,40.40331991763477],[27.67928794345016,40.46135290713672],[27.807831797209925,40.50357016177539],[27.95380500277633,40.48773916812305],[28.006459269133753,40.450809083894534],[27.90821746310348,40.35055502505664],[28.003991160002894,40.36212881656055],[28.477719339934534,40.39510305972461],[28.756440195647425,40.37645300479297],[28.926756891814417,40.35583456607227],[29.0524244638359,40.33473166079883],[29.122286829558558,40.41387137027149],[29.083527597991175,40.45607718081836],[28.873215708342737,40.471908174470705],[28.777958902922816,40.524676881746096],[28.901621851531214,40.62010534854297],[29.525197062102503,40.68828924746875],[29.713147196379847,40.693561159089846],[29.88271811923141,40.746356569246096],[29.68344596346969,40.75163611026172],[29.417172464934534,40.741073213533205],[29.320355448332972,40.741073213533205],[29.289643320647425,40.806686006501955],[29.01453307589645,40.97867163272266],[29.16120818575973,41.21636541934375],[29.57778075656051,41.153365694001955],[30.137623819915003,41.13183554263477],[30.256087336150355,41.18466528506641],[30.74480536898727,41.04032476992969],[31.217682871428675,41.05409201236133],[31.404126200286097,41.16353949160938],[31.385666880217737,41.2850414142168],[31.66638854464645,41.394813142732424],[31.87128737887496,41.49144323916797],[32.41898253878707,41.74916800113086],[32.6879110666191,41.84597357364063],[33.155463251677695,41.94960745425586],[33.555541071501914,41.982501588777346],[33.89665511569137,41.95108374209766],[34.303900751677695,41.89411886783008],[34.662909540740195,41.87558325381641],[35.00186828097457,42.043162904695315],[35.098830256072226,41.80586203189258],[35.28607467135543,41.67147787661914],[35.411437067595664,41.626815401033205],[35.677855524626914,41.62093313784961],[35.95779326876754,41.685645662263674],[36.16136840304488,41.35250052066211],[36.38289550265426,41.23751791568164],[36.64124587496871,41.31498297305469],[36.81701186617965,41.289683900789065],[37.25282576998824,41.027721010164065],[37.82184127291793,41.00963171573047],[38.313963923064414,40.920901857332034],[38.651183161345664,40.92156942935352],[39.138644251433554,41.0443187579668],[39.370177301970664,41.06399878116016],[39.663004908171835,41.0004955157793],[40.006712946501914,40.95632895083789],[40.36101439913863,40.963443361238284],[40.60989287814254,41.028026185945315],[41.27776209668922,41.28002979163246],[41.29311660250777,41.28582342715625],[41.483962092009726,41.436542116121096],[41.52111342867965,41.46583517642383],[41.66611388644332,41.72915228457813],[41.68046859225387,41.793338380769534],[41.96331871664975,41.81310359426277],[41.79914675231291,40.39917609426979],[41.67774342306841,38.50896132440348],[41.36046866933874,35.70061270445125],[43.09188572481209,35.388057050617775],[43.091885724812094,35.388057050617775],[43.64602721414321,32.47543763968794],[48.085022700126686,29.965384543235604]]],[[[32.43838027438277,29.7755199298418],[32.31849196871871,29.54019697757129],[32.590575251189414,28.93719633670215],[32.64934447726363,28.76578100772266],[32.93467620333785,28.37882574649219],[33.35421660861129,27.9095474109209],[33.5669393869316,27.369950853303713],[33.80406478366012,26.93206938357715],[33.92880919894332,26.56382330508594],[34.104220423308554,26.354524217561526],[34.51484206637496,25.573916994050784],[34.99740127047652,24.71719893069629],[35.189864191483686,24.399919115245694],[35.1898641916191,24.399919115022463],[33.657230668213316,24.017988632918694],[33.690083292409675,23.54952842887194],[33.345321283718846,23.354044941061307],[33.3453212837093,23.354044941055896],[32.60525827172126,22.815817295973687],[31.999752171003777,22.68126038470313],[31.057853792109913,22.68126038470313],[28.40615598944454,27.74338300369825],[26.742965374438096,28.574978311201477],[22.307790401087573,29.960970490373516],[21.29139613636141,29.960970490373516],[19.351007085520557,29.406573618704698],[18.6118112566288,29.406573618704698],[14.453834719112688,31.162163712322617],[9.833860788539226,32.91775380594053],[8.63266756659013,34.02654754927816],[7.985871216309846,35.50493920706167],[-8.640263524445349,33.12173422427539],[-8.31441494503861,33.33848150821094],[-7.902406182678991,33.48548849673633],[-7.332620587738806,33.69637259097461],[-7.004007783325964,33.874984346345705],[-6.752974477204138,34.12335165591602],[-6.511472192200475,34.45429953189258],[-6.472049931118064,34.530940244894],[-6.32767397652496,34.81162115452381],[-6.302049127014929,34.86143835635547],[-5.928758588227087,35.72785910220508],[-5.807887044342809,35.78541525454883],[-5.565000024231725,35.862342439607424],[-5.479359116944128,35.80520590396289],[-5.171789613159948,35.42376288028125],[-5.10963150540238,35.37931402774219],[-4.592977490814977,35.151187501863284],[-4.29535099545365,35.15178640933399],[-4.027887788208776,35.13323553653125],[-3.440804210099036,35.166278444246096],[-3.205772366913611,35.26860769839649],[-3.009028163346106,35.38997992129688],[-2.829877105149084,35.14205893130664],[-2.714807000550085,35.09774359317188],[-2.355662789734656,35.05391653628711],[-2.325944383332021,35.053977160631526],[-2.192973938378149,35.05424841494922],[-2.035251822861487,35.054568849519534],[-1.738327947052771,35.11883123965625],[-1.495096531304175,35.23390158267383],[-1.329105701836401,35.48890646548633],[-1.146667149456793,35.62936743350391],[-0.917491999062353,35.66803701968555],[-0.734306838902289,35.73846014590625],[-0.428770822080427,35.86006888003711],[-0.282988813313299,35.75847586245899],[-0.203663793000036,35.75072058291797],[-0.091654170843416,35.73976858706836],[0.015310812202638,35.803668580964846],[0.198671731558985,36.033309541658205],[0.474390897360986,36.22496374698047],[0.781242343989557,36.38485296817188],[1.057602915373987,36.461856447175784],[1.579693111983484,36.51388891787891],[2.293774160948938,36.54082449527149],[2.524363550749964,36.57315023990039],[2.809869083968347,36.71390112491016],[3.070006403533167,36.61885794253711],[3.323837790099329,36.65123327823047],[3.586873087493128,36.79195364566211],[3.741224560347742,36.83686789126758],[4.163919005004114,36.83135183902149],[4.394624266234583,36.83819159121875],[4.532551798430628,36.8129840716875],[4.632117304412073,36.79406698794727],[4.777191671935266,36.743384920076174],[5.144465002623743,36.66767843814258],[5.382732424346155,36.67453344912891],[5.730162176696009,36.7517047748125],[6.047393831816859,36.841556154207034],[6.322870287505335,37.090648256257815],[6.770537409392542,36.86214789004688],[6.923042807189174,36.81784018130664],[7.063241037932581,36.881854616121096],[7.204853090850062,36.99046667666797],[7.306981119719691,37.06078299136524],[7.544922861663049,37.04214438052539],[7.719043287841028,36.95327719302539],[7.79204085787887,36.83235891909961],[7.913174662200159,36.77524908633594],[8.145014795867151,36.813949190095705],[8.63670924624557,36.885257326082034],[8.865518602935023,36.96835287661914],[9.15028003176803,37.17287405581836],[9.416118654814905,37.27537878604297],[9.73219970187301,37.28239782901172],[10.021354708281702,37.20013388247852],[10.132734331694788,37.104747377351565],[10.158871683684534,36.99647482486133],[10.271508249846644,36.754554353669924],[10.392797503081507,36.716571412996096],[10.580582651702112,36.79342230410938],[10.843251261321253,36.99148901553516],[11.02375701388473,37.06832464785938],[11.039403948394007,36.90904577823047],[10.920062098113245,36.6539378985918],[10.633412394133753,36.424014650300784],[10.509244951811976,36.21355398745899],[10.511460337248987,36.08616980166797],[10.602607760039515,35.88894613833789],[10.830826792327112,35.679278932527346],[10.988951716033167,35.622298799470705],[11.125108751860804,35.2406078204668],[11.082800898162073,35.14503439517383],[10.839357409087366,34.8011546954668],[10.574025187102503,34.648109041169924],[10.11642173251266,34.234168611482424],[10.019480738249964,34.08147390933399],[10.148656878081507,33.87839850039844],[10.412600550261683,33.63112600894336],[10.650217089263148,33.49818380923633],[10.778140101042933,33.473033510164065],[10.956539187041468,33.575057588533205],[11.099118265715784,33.53722723575],[11.208920511809534,33.25152166934375],[11.470686945525355,33.14409216494922],[12.117019686309046,32.87850149722461],[12.56475642642135,32.73963888736133],[12.79886344393844,32.733768068269534],[13.187125238982386,32.791759096101565],[13.458779368010706,32.77960928531055],[14.157023462859339,32.67937811465625],[14.433427843657679,32.46390875430469],[14.790810618010706,32.362994752839846],[15.009786638823694,32.363441072419924],[15.163704905120081,32.27480658145313],[15.241435083953089,32.17330130191211],[15.358129534331507,31.805022798494143],[15.53340819796676,31.55121573062305],[15.843325647917933,31.285003267244143],[16.013379129973597,31.22817000003223],[16.31838706454391,31.165261827424807],[16.78251937350387,31.128097139314455],[16.983780893889612,31.09674223513965],[17.421629938689417,30.99598654361133],[17.70897963961715,30.894923768953127],[17.957158121672816,30.768363557771487],[18.537213358489222,30.41374548526172],[18.608251734640834,30.374469834132547],[18.88543416831375,30.221221390772325],[18.91502669772262,30.204860292390627],[19.12453940829391,30.198943696931643],[19.31879586713139,30.255372139199526],[19.3228159280693,30.256539903596682],[19.66391471346969,30.44150122256641],[19.981537851897425,30.721730791047854],[20.11676886996383,30.957103334382815],[20.116768869963657,30.957103334605364],[20.11667922457809,31.071467958406252],[19.992096933928675,31.350774370149416],[19.94158271273727,31.611169420198244],[19.961470636931605,31.795470796541018],[20.068364176360316,32.03713568301563],[20.365721735564417,32.29824026675586],[20.51552489718551,32.38751181216602],[20.765051874724573,32.49603231997852],[21.05449775179977,32.630050264314455],[21.673419031706995,32.815589509919924],[22.215989145842737,32.79128988833789],[22.54312613925094,32.72207220645313],[22.92284682711715,32.55765875430469],[23.00733283480758,32.48158987613086],[23.026656183806605,32.25291021914844],[23.153338465300745,32.138812623933596],[23.2886362405693,32.13273199649219],[23.714034113494105,32.0764232501543],[23.74241927163002,32.0640980489926],[24.03440383395309,31.937314592317385],[24.236922297087855,31.92502363772754],[24.8158579202568,31.90715368838672],[24.95152572116012,31.818492494539065],[24.982237848845667,31.647012315706057],[25.106553110686487,31.51384123416309],[25.258229288665003,31.437919221833987],[25.50715545138473,31.444781862214846],[25.789500269499964,31.48984106631641],[26.143334421721644,31.490577302888674],[26.823994669524378,31.358560167268557],[27.08809569796676,31.306726060823244],[27.438754114714808,31.25182493777637],[27.763331446257776,31.182614885286135],[27.919449839202112,30.99868544192676],[28.099829706755823,30.99905737491016],[28.517182383147425,30.9617992267168],[28.966422113982386,30.784841142610354],[29.2488470407402,30.753661714509768],[29.35938170870895,30.81107100100879],[29.683102640715784,31.053170762971682],[30.099139246550745,31.231925569490237],[30.476056131926722,31.31528814883594],[30.827059778777308,31.436736665681643],[30.995955500212855,31.468850694612307],[31.15138152560348,31.443749986604494],[31.392270121184534,31.44426115603809],[31.71741584262008,31.387752138093752],[31.80812362155074,31.178281389192385],[32.076510462371054,31.013650499299807],[32.30937865695113,31.08401831241016],[32.36984576191369,31.05878722655157],[32.49112434922471,29.794817982634576],[32.43838027438277,29.7755199298418]]]]}},{"type":"Feature","properties":{"NAME":"Subarctic forest hunter-gatherers","ABBREVN":"Subarctic forest hunter-gatherers","SUBJECTO":"Subarctic forest hunter-gatherers","BORDERPRECISION":1,"PARTOF":"Subarctic forest hunter-gatherers","polity_id":"roman_peak:subarctic_forest_hunter_gatherers","name":"Subarctic forest hunter-gatherers","ISO_A3":"SUBARCTICFOR","ADM0_A3":"SUBARCTICFOR","ADMIN":"Subarctic forest hunter-gatherers","fill_colour":"#885b3f","border_precision":1},"geometry":{"type":"MultiPolygon","coordinates":[[[[-55.88126083900188,53.35193213101091],[-55.77977081824993,53.23871573086443],[-55.76966568519329,53.15869864102068],[-55.904347386853445,52.96515997524919],[-55.92698761512493,52.805255495268725],[-56.10974213172649,52.60522802944841],[-55.6590242057011,52.18734701748552],[-55.82356735755657,52.0210338460988],[-56.181271520154226,51.89429052944841],[-56.666153874890554,51.614886842924975],[-56.96410461951946,51.4884410726613],[-57.45761581947063,51.46762045498552],[-57.82794663001751,51.413924776274584],[-58.52433868934368,51.37948568936052],[-58.71933075477337,51.19382055874529],[-59.13156220008587,50.83605536099138],[-59.43996902991985,50.643966280180834],[-59.71551987220501,50.511466585356615],[-60.13784500648235,50.411700807768725],[-60.80984970618938,50.33399923916521],[-61.64020630408977,50.27692373867693],[-62.2935571341679,50.30863531704607],[-63.20739075233196,50.34640463467302],[-63.36737152625774,50.33290060635271],[-63.85007187415813,50.298995577055834],[-64.3259172110722,50.304671846587084],[-65.16869827796673,50.34915503140154],[-65.58150192786907,50.36156042690935],[-66.37273880531048,50.31387671108904],[-66.61907669593548,50.22109945889177],[-66.85474106361126,50.08888968105974],[-67.09636398841594,49.82562979336443],[-67.18860336829876,49.57630499478044],[-67.31770798255657,49.42533453579607],[-67.58378311683391,49.339660249907396],[-68.06532761146282,49.292872987944506],[-68.30696579505657,49.226920686919115],[-68.80112167884563,48.97719534512224],[-69.14960190345501,48.734481416899584],[-69.50712296058391,48.459212862212084],[-69.65325638343548,48.29560431118669],[-69.8017244010136,48.19080694790544],[-70.19233414222454,47.81147726650896],[-70.41080185462688,47.556720339018725],[-70.59882828284954,47.43250616665544],[-70.80607315589641,47.17151220913591],[-70.8710485562432,47.05010140305908],[-71.10315962567967,47.12924610310567],[-72.79894988231128,47.55646634183651],[-74.19036752877825,47.96567636392756],[-76.05577121730131,47.307967189135894],[-81.93098886565963,48.90187753952613],[-85.03622021806746,49.0940751201903],[-87.78991594567441,49.93094833834401],[-91.07804464695577,49.94774019877888],[-90.70602507539087,50.27036072336172],[-91.15296676137024,50.63623512890684],[-93.99423890795336,50.63623512890684],[-95.2712151536087,51.11967292342198],[-96.19702293170879,52.38441654763727],[-95.23929074746731,53.156969305201315],[-95.2712151536087,53.85941949539503],[-96.22894733785017,54.38328928874035],[-97.09090630366754,55.06542644067235],[-101.04953266519907,54.624267891019755],[-101.5603231634612,53.8970585706843],[-101.20915469590598,53.27167171471017],[-100.25142251166449,52.9843394114817],[-98.7190510168781,52.2282580087958],[-97.15475511595031,50.412981473886106],[-97.20058974030268,50.110958484297555],[-98.92187739770243,50.2317206620755],[-105.19092937331824,51.45252059422696],[-114.46737387359948,51.99955012922175],[-115.03004586111297,52.032730750921665],[-115.03392686774305,52.03295961287972],[-125.6971741533699,55.193958165256824],[-128.5879066342332,55.05741560353968],[-129.85166667284474,54.99772241705144],[-130.00269028236127,55.288539491850756],[-130.06500717689252,55.10212286587419],[-130.26733871986127,55.07184179897966],[-130.4128770499394,55.020736299712084],[-130.47570035171248,54.96824644247599],[-130.66179631968183,54.95945627584521],[-130.69032761146283,54.97167547817888],[-130.77339645911908,55.066215120512865],[-130.73390671302533,55.26570089932146],[-130.69536301185346,55.4653812276906],[-130.8923692374394,55.76919897671404],[-131.10103317786908,55.91288336392107],[-131.19051071693158,56.03476294155779],[-131.7670030265019,56.01000555630388],[-131.9636125235722,55.966090761382006],[-132.0324601798222,55.89350088711443],[-132.25558945228315,55.850036226469896],[-132.26401230384565,55.937152467924975],[-132.2791642813847,56.131557069975756],[-132.1837510733769,56.25405081387224],[-132.10095688392377,56.349383913237475],[-132.27107712318158,56.5055309164113],[-132.5593156485722,56.70247610684099],[-132.87128159095502,57.01559790249529],[-133.19673630286908,57.158370577055834],[-133.4004258780644,57.21945150967302],[-133.34084030677533,57.376815401274584],[-133.59685226966596,57.64328726406755],[-133.64128586341596,57.739127718169115],[-133.4741105704472,57.84225805874529],[-133.5047959952519,57.89706762905779],[-133.64030930091596,57.965419374663256],[-133.8404435782597,57.99935110684099],[-134.0166368155644,58.1226077901906],[-134.12349411536908,58.239215456206225],[-134.38007065345502,58.37622793789568],[-134.83029648353315,58.561183534819506],[-135.04585739661908,58.90538366909685],[-135.14375778724408,59.167533479887865],[-135.30861374427533,59.3469615804738],[-135.46945663978315,59.33973654385271],[-135.51483627845502,58.97349890347185],[-135.3257188468144,58.58088644619646],[-135.27911850501752,58.44331320400896],[-135.3003282218144,58.37449225063982],[-135.61589523841596,58.43578680630388],[-135.7382707266972,58.46997793789568],[-135.9684190421269,58.69678839321794],[-136.14838120033002,58.90328177090349],[-136.39011093665815,58.84076651211443],[-136.93880173255658,58.94317968960466],[-136.37030502845502,58.62023504849138],[-136.35608383704877,58.52386816616716],[-137.08501144935346,58.446769319731615],[-137.57666489173627,58.6041637289113],[-138.20122238685346,59.03053244229021],[-138.44572922279096,59.161883913237475],[-138.7444963126347,59.1814456808156],[-138.7801866202519,59.18139227505388],[-139.20009323646283,59.27733954067888],[-139.7850694327519,59.51837881680193],[-139.36736008216596,59.630004488188646],[-139.3066301016972,59.706344209868334],[-139.3998155265019,59.83094748135271],[-139.57256027747846,59.89999731655779],[-139.92891403724408,59.82994421597185],[-140.13290878822065,59.76717337246599],[-140.42836472083783,59.75967749233904],[-140.90451523353315,59.786483370024584],[-141.38519760658002,59.89656027432146],[-141.37289902259565,60.00773199673357],[-141.4394426016972,60.091231905180834],[-141.58554550697065,60.139754854399584],[-141.74712082435346,60.132499300200365],[-141.95845505286908,60.041461549956225],[-142.42458054115033,60.019671999174975],[-143.08368393470502,60.07418020840349],[-144.05295273353315,60.05142553921404],[-144.40642258216596,60.09257086392107],[-144.5179338126347,60.141166292387865],[-144.8107804923222,60.31508597012224],[-145.00285812904096,60.552360140044115],[-145.13838669349408,60.454215608794115],[-145.49269577552533,60.38364752407732],[-145.89316269447065,60.51569708462419],[-145.99838730384565,60.66243704434099],[-146.18587204505658,60.72510870571794],[-146.57832809974408,60.83646734829607],[-147.27010056068158,60.94031103726091],[-147.63798996497846,61.05192144985857],[-147.94012924720502,61.20585211392107],[-148.18898483802533,61.1000247823781],[-148.49261948158002,61.06433828945818],[-148.46587082435346,60.86794241543474],[-148.55266281654096,60.83973272915544],[-148.72780319740033,60.72730215664568],[-148.83966538001752,60.54507788296404],[-148.3360948233769,60.41319616909685],[-148.25754257728315,60.280623995024584],[-148.30090805579877,60.10610922451677],[-148.4935197501347,59.90396460171404],[-148.69987961341596,59.90356024380388],[-149.06190964271283,60.00011023159685],[-149.32562729408002,60.02748068447771],[-149.58115097572065,59.985194765288256],[-150.02109238197065,59.713771425444506],[-150.50098129798627,59.61584051724138],[-150.92232224036908,59.414245210844896],[-151.38795944740033,59.21278341885271],[-151.8809709220097,59.163451753813646],[-151.8006944327519,59.301879488188646],[-151.7722520499394,59.35726126309099],[-151.44797226478315,59.53785284634294],[-151.4899034171269,59.711017214018725],[-151.78467270423627,59.94630392666521],[-151.7829942374394,59.99495657559099],[-151.4150285391972,60.253707491118334],[-151.23036667396283,60.47061499233904],[-151.15955063392377,60.659652315337084],[-150.8284043936894,60.80037649746599],[-150.4371690421269,60.90628012295427],[-149.91281601478315,60.91427954312029],[-149.42468735267377,60.85911902065935],[-149.31694504310346,60.929435335356615],[-149.87436386634565,61.138976656157396],[-150.31123825599408,61.31387671108904],[-150.78056808997846,61.29190024014177],[-150.88225266029096,61.19327887173357],[-151.0840959220097,61.15071829434099],[-151.34189316322065,60.9536624776906],[-151.73100754310346,60.78466375942888],[-152.1896867423222,60.65769537563982],[-152.56100937415815,60.384234987456225],[-152.74359604408002,60.3419681417531],[-152.8777207999394,60.27886541958513],[-152.81886765052533,60.13242682095232],[-152.89868637611127,59.89561804409685],[-153.15216538001752,59.74253042813005],[-153.4063615470097,59.70737036343279],[-153.7097520499394,59.644435487944506],[-153.97601791908002,59.519210420805834],[-154.28227707435346,59.24877508755388],[-154.2982072501347,59.11740072842302],[-154.12692734290815,59.041747652251146],[-153.96481796790815,59.028251253325365],[-153.66443344642377,58.98046454067888],[-153.45496079017377,58.877338014799975],[-153.48860642005658,58.794494234282396],[-153.68230148841596,58.642474733549975],[-153.96358200599408,58.55239065762224],[-154.2138566641972,58.42795523281755],[-154.40448471595502,58.248763643462084],[-154.64931198646283,58.07648047085466],[-154.95322128822065,58.03468283291521],[-155.59814926673627,57.89615973110857],[-155.9031877188847,57.71725805874529],[-156.36938950111127,57.565612398344896],[-156.68457504798627,57.40069922085466],[-156.45070358802533,57.17548330898943],[-156.4957627921269,57.10023077603044],[-156.99342819740033,56.91489752407732],[-157.3970842032597,56.84590109463396],[-157.7474717765019,56.77021750088396],[-157.98029038001752,56.65388067837419],[-158.52673813392377,56.44850882168474],[-158.61484238197065,56.36667593594255],[-158.73808762122846,56.1896243917531],[-159.07692429115033,55.991962038237475],[-159.61395737220502,55.88911017056169],[-160.16940781165815,55.80663641567888],[-160.60742661048627,55.96186789150896],[-160.60661789466596,56.043361269194506],[-160.45729538490033,56.19991263027849],[-160.11386581947065,56.322990022856615],[-159.97600266029096,56.418483339507006],[-159.77594467689252,56.58230551357927],[-159.24870773841596,56.78096731777849],[-158.6172990470097,56.74808844204607],[-158.67104050208783,56.84346731777849],[-158.6620988516972,57.075580202299975],[-158.45070358802533,57.21266897793474],[-158.12465378333783,57.34321173306169],[-157.78513046790815,57.50813253994646],[-157.66533371497846,57.60424383755388],[-157.66455551673627,57.93339117642107],[-157.55373093177533,58.270255647856615],[-157.2418565421269,58.49105032559099],[-157.15456100990033,58.670341097075365],[-157.13942429115033,58.85578878994646],[-157.4242295890019,58.8008190023488],[-157.98740097572065,58.716998659331225],[-158.2914170890019,58.730208955962084],[-158.51666733314252,58.99888189907732],[-158.63615891029096,58.97104986782732],[-158.91186996986127,58.87389715786638],[-158.97314926673627,58.770289980132006],[-158.86552902747846,58.611957155424975],[-158.85645004798627,58.45356711025896],[-158.93266769935346,58.4327770101613],[-159.1100968985722,58.487506471831225],[-159.36554428626752,58.631671510893725],[-159.58441635658002,58.81052359219255],[-159.8135881095097,58.941188417632006],[-160.06520554115033,58.954513155180834],[-160.4305314688847,59.00216635342302],[-160.84013840247846,58.95994146938982],[-160.82761093665815,58.89784201260271],[-161.11713120033002,58.745528780180834],[-161.64595505286908,58.68247183438005],[-161.93819138099408,58.72328146572771],[-161.96730515052533,58.77841147061052],[-162.00392624427533,58.82661017056169],[-162.06010910560346,59.289332948882006],[-161.92517563392377,59.518031679350756],[-161.98914047767377,59.711932741362475],[-162.37810226966596,60.16311606045427],[-163.02179428626752,59.96670874233904],[-163.35376450111127,59.93137320156755],[-163.53639694740033,59.84078940029802],[-164.02740952064252,59.798244081694506],[-164.20760056068158,59.901996217924975],[-164.38472458411908,60.061671816069506],[-164.59421249915815,60.20777472134294],[-165.04755112220502,60.41646536465349],[-165.12799545814252,60.54220923062029],[-164.99634262611127,60.619445406157396],[-164.84467026283002,60.81589468594255],[-164.52809616615033,60.75341375942888],[-163.93779465247846,60.614459596831225],[-163.62695786048627,60.601031862456225],[-163.51997849036908,60.706290804106615],[-163.68877121497846,60.92328604336443],[-163.8948869376347,61.042228304106615],[-164.05811020423627,61.041915498930834],[-164.30165573646283,60.943168245512865],[-164.53925034095502,60.949733339507006],[-165.1431779532597,61.180358492094896],[-165.42334457923627,61.26419409390154],[-165.51204392005658,61.257003389555834],[-165.89809128333783,61.27033575649919],[-165.9091691641972,61.30549200649919],[-166.18953415443158,61.74890860195818],[-165.83408066322065,61.834289156157396],[-165.80214401771283,62.03929480190935],[-165.57922836829877,62.13877447720232],[-165.53346725990033,62.273395143706225],[-165.43123337318158,62.42954214688005],[-165.02963730384565,62.65036734219255],[-164.87785812904096,62.821246706206225],[-164.7044572501347,62.95676382656755],[-164.4670304923222,63.17097433682146],[-164.29176804115033,63.24977072354021],[-163.96799179603315,63.20044668789568],[-163.5270127921269,63.08008154507341],[-163.3086290030644,63.03774222012224],[-162.97005173255658,63.10251196499529],[-162.7781114249394,63.216937624174975],[-162.47446152259565,63.41023977871599],[-161.9107560782597,63.52564200039568],[-161.56256577064252,63.540587984282396],[-161.13301559974408,63.56284292813005],[-160.97394272376752,63.64181860562029],[-160.8900041251347,63.856776796538256],[-160.9394989447178,63.98492305338062],[-150.1289000770314,63.324002732781025],[-144.68009789261768,63.19218524961806],[-139.52424206220468,62.41569007667785],[-132.43494029538678,62.496969371290604],[-124.93551363296793,64.83463268032534],[-118.19774749095093,62.712635573894396],[-114.56521270134176,60.59956315497872],[-111.28421353653351,58.55314202309659],[-102.14428729171048,57.21394132630312],[-93.82461083808953,56.86329884105465],[-92.71141469288669,56.83125797836517],[-92.40409578747519,56.97508393725052],[-92.18014999915813,56.970458589751146],[-91.33692642738079,57.16312750454607],[-90.76973434974407,57.177856050688646],[-90.44457718421673,57.144347749907396],[-90.20366379310344,57.07395132656755],[-89.72552200843548,56.93423422451677],[-88.76747604896282,56.73846777554216],[-87.91419693519329,56.3319469320363],[-87.46717545081829,55.91202887173357],[-85.89243027259563,55.61023672695818],[-85.60286423255657,55.50931891079607],[-85.16096207191204,55.32764013882341],[-84.71716782142376,55.21365698452654],[-84.46836563636516,55.16687735195818],[-84.15240189124798,55.207992159087084],[-83.94863602210735,55.1881481039113],[-83.57600113441204,55.22261007900896],[-83.01604172279094,55.14942511196794],[-82.38272568275188,55.05616339321794],[-82.20208450843548,54.968871675688646],[-82.33566757728313,54.65296515103044],[-82.39934250404094,54.27056463833513],[-82.33005997230266,54.143424593169115],[-82.19209763099407,53.98969610806169],[-82.16040512611126,53.802421175200365],[-82.21217056800579,53.34127768154802],[-82.35113235999798,53.07412680264177],[-82.34120651771282,52.98082312222185],[-82.06906601478313,52.861381136137865],[-81.85244461585735,52.708610140044115],[-81.73378464271282,52.549098573882006],[-81.71294876624798,52.329669557768725],[-81.74736496497844,52.170096956450365],[-81.31071945716594,52.11780508633318],[-80.87710281898235,51.90618475552263],[-80.57278915931438,51.64144857998552],[-80.3964738516972,51.37678488369646],[-80.3612947135136,51.304034792143725],[-80.07332321693157,51.29795416470232],[-79.74672409583782,51.11329611416521],[-79.33848282386516,50.84304770107927],[-79.49529739906048,51.140258394438646],[-79.5943498282597,51.265792452055834],[-79.5340470938847,51.41818197842302],[-79.27615067054485,51.60419424648943],[-79.11176010658001,51.52498587246599],[-78.94055649329876,51.320006929594896],[-78.82266708900188,51.16139944668474],[-78.74842545081829,51.32038458462419],[-78.70010086585735,51.56555517788591],[-78.79678055335735,51.77088507290544],[-78.55341812659954,52.01023443813982],[-78.49098679115032,52.25613745327654],[-78.57313248206829,52.48867758389177],[-78.72467514564251,52.69467886563005],[-78.74176950876009,52.74413883037645],[-74.19720512004018,52.927225836668605],[-71.0333844968322,55.19604828321671],[-65.64317158321862,55.262874161982396],[-62.88947585561168,54.72511691082654],[-60.221656217027494,53.32492080384565],[-60.24602600623821,53.27679785366716],[-60.1714630701033,53.29857710058178],[-58.78822689960135,52.57259027862411],[-56.12695583342671,53.46584387832734],[-55.88126083900188,53.35193213101091]]]]}},{"type":"Feature","properties":{"NAME":"Southern Xiongnu","ABBREVN":"Southern Xiongnu","SUBJECTO":"S. Xiongnu","BORDERPRECISION":1,"PARTOF":"Southern Xiongnu","polity_id":"roman_peak:southern_xiongnu","name":"Southern Xiongnu","ISO_A3":"SOUTHERNXION","ADM0_A3":"SOUTHERNXION","ADMIN":"Southern Xiongnu","fill_colour":"#b0b036","border_precision":1},"geometry":{"type":"MultiPolygon","coordinates":[[[[98.292021315825,41.49677439920713],[98.7059504231329,42.823599936779374],[104.04245455391884,42.634682886847976],[106.35784350871387,42.04359074041621],[106.33735580596236,42.03188348170106],[105.92478337819132,41.18389978484549],[105.63930997742897,39.588723081834196],[105.29028706316227,39.50146735326752],[104.59224123462889,39.41421162470085],[103.80693967752882,39.50146735326752],[103.39676018042961,40.23979044804611],[103.37066103469546,40.28676891036759],[102.67261520616206,40.54853609606761],[101.36377927766195,40.63579182463428],[100.84024490626192,40.37402463893426],[100.57847772056189,39.588723081834196],[99.44415324919514,39.67597881040087],[98.48434023496172,39.85049026753422],[98.74610742066174,41.421093381734345],[98.292021315825,41.49677439920713]]]]}},{"type":"Feature","properties":{"NAME":"Yueban","ABBREVN":"Yueban","SUBJECTO":"Yueban","BORDERPRECISION":1,"PARTOF":"Yueban","polity_id":"roman_peak:yueban","name":"Yueban","ISO_A3":"YUEBAN","ADM0_A3":"YUEBAN","ADMIN":"Yueban","fill_colour":"#7a2a74","border_precision":1},"geometry":{"type":"MultiPolygon","coordinates":[[[[73.92950484102087,45.36745068653795],[73.43506673124497,44.505920074089424],[71.41928059138927,44.61431829612317],[71.49534799289326,46.687721348214765],[73.66326893575693,47.772402203209076],[75.2987180680927,47.41330815648718],[75.33675176884468,46.84403538956531],[74.11967334478086,46.2160567100311],[73.92950484102087,45.36745068653795]]]]}},{"type":"Feature","properties":{"NAME":"Australian aboriginal hunter-gatherers","ABBREVN":"Australian aboriginal hunter-gatherers","SUBJECTO":"Australian aboriginal hunter-gatherers","BORDERPRECISION":1,"PARTOF":"Australian aboriginal hunter-gatherers","polity_id":"roman_peak:australian_aboriginal_hunter_gatherers","name":"Australian aboriginal hunter-gatherers","ISO_A3":"AUSTRALIANAB","ADM0_A3":"AUSTRALIANAB","ADMIN":"Australian aboriginal hunter-gatherers","fill_colour":"#d11fad","border_precision":1},"geometry":{"type":"MultiPolygon","coordinates":[[[[142.33755019615435,-10.91538277987776],[142.64426711509967,-11.092706121247389],[142.74920180748248,-11.321312345307447],[142.77031997154498,-11.613681234162428],[142.82346633384967,-11.918680585663893],[142.93834975670123,-12.007422841828443],[143.12742141197467,-12.01337090853987],[143.17309096763873,-12.12133923892317],[142.9707899422481,-12.534967817109205],[143.29229262779498,-12.686838544648268],[143.37115004966998,-12.813800252717115],[143.43748000572467,-13.080647863190748],[143.4735212654903,-13.665407575409986],[143.5380964608028,-13.944986738007643],[143.7431745858028,-14.465823568146803],[143.87487319420123,-14.586329854767897],[144.06472304771685,-14.592281736176588],[144.21230605552935,-14.452100194733717],[144.38535598228717,-14.369087613862135],[144.5291853279903,-14.667567647736647],[144.6925917000606,-14.72443047885237],[144.94622329185748,-14.908246434968092],[145.11966994713092,-14.977798856537916],[145.1843366951778,-15.047596372407057],[145.18485549400592,-15.231954015534498],[145.22220900963092,-15.66417542819319],[145.34638503502154,-16.013568319123365],[145.32554152916217,-16.4904293191844],[145.45112136314654,-16.598232663910963],[145.86948684166217,-17.194960035126783],[145.99418166588092,-17.51257745150862],[146.01871779869342,-17.862209714692213],[145.92455581138873,-18.25660363559065],[146.10622695396685,-18.548672117035963],[146.22996047447467,-18.923536695283033],[146.32175734947467,-19.082291044037916],[146.94948867271685,-19.443359769623854],[147.07758620689654,-19.51303140048323],[147.41271499107623,-19.563177503388502],[147.5935926766231,-19.855278409760572],[147.97294143150592,-20.09608117465315],[148.1904402108028,-20.171909726899244],[148.70373061607623,-20.202618039887525],[148.75644973228717,-20.291510022919752],[148.68986037681842,-20.399742521088697],[148.56704238365435,-20.65432778720198],[148.70600417564654,-20.844784177582838],[149.10148147056842,-21.06012383822737],[149.2001600594356,-21.31423989657698],[149.41137221763873,-21.917835630219557],[149.50620559166217,-22.254627622407057],[149.55675795982623,-22.432550824921705],[149.67019179771685,-22.57220307711897],[150.01726821373248,-22.730434812348463],[150.00811294029498,-22.673225797455885],[149.94477370689654,-22.323645032685377],[150.35558608482623,-22.55167428378401],[150.61091140220904,-22.621080793183424],[150.69362929771685,-22.67811814669905],[150.7544050545528,-22.811520017426588],[150.80247024009967,-23.599888242524244],[151.2001600594356,-23.942411817353346],[151.4582167000606,-24.08811227206526],[151.73014357994342,-24.15748826388655],[151.85947707603717,-24.290745176117994],[151.9692488045528,-24.5512203348094],[152.07273391197467,-24.74175874118147],[152.31797316978717,-24.817552961152174],[152.3967390389278,-24.950924314301588],[152.39982131431842,-25.07173577670393],[152.48574355552935,-25.31320420626936],[152.5335798592403,-25.363981641572096],[152.76116469810748,-25.420729078095533],[152.83135512779498,-25.471462644379713],[152.90423110435748,-25.63030091647444],[153.06907180259967,-26.227749265473463],[153.0810194344356,-26.622030652802565],[153.08671096275592,-27.00997392062483],[153.02762893150592,-27.19453851107893],[152.94622329185748,-27.340992368500807],[153.2964735359981,-27.912666715424635],[153.39640334556842,-28.12870828036604],[153.47783950279498,-28.503797925751783],[153.4934950203731,-28.840868390839674],[153.36136916588092,-29.159185804169752],[153.2027235359981,-29.910084165375807],[152.93955520103717,-30.69940034274397],[153.00107863853717,-31.05550614718733],[152.97185805748248,-31.418175138276197],[152.83397963951373,-31.768339551728346],[152.5367079109981,-32.20791665438948],[152.44512465904498,-32.507114805024244],[152.17618850181842,-32.87666741732893],[151.97365859459185,-32.95978204135237],[151.76464370201373,-33.00473824862776],[151.5743055672481,-33.21509209994612],[151.36449721763873,-33.52090112094221],[151.2169294686153,-34.208328641694166],[151.00255874107623,-34.4950794351512],[150.84971145103717,-34.71808282260237],[150.8557234139278,-35.01075402621565],[150.7619734139278,-35.253128446381666],[150.61310866783404,-35.39366189364729],[150.34281447838092,-35.547222532075025],[150.22150710533404,-35.694107450287916],[150.08652785728717,-36.153511441987135],[150.01073745201373,-36.62571755770979],[149.97519973228717,-37.04692498568831],[149.98484328697467,-37.34688226107893],[149.85709670494342,-37.63442269686995],[149.7123670906856,-37.79433480624495],[149.50414565513873,-37.928848661225416],[149.1647596688106,-37.97423974398909],[148.64345839927935,-38.013611234467604],[148.27416518638873,-38.02713815097151],[148.0369978279903,-38.09787026767073],[147.80524733970904,-38.232456601899244],[147.11680129478717,-38.655456937592604],[146.91714003990435,-38.71336404208479],[146.82104018638873,-38.84133569125471],[146.6653700203731,-38.8736080301219],[146.42768386314654,-38.89964715365706],[146.29922011802935,-38.89352074984846],[146.43192580650592,-39.059387601655104],[146.52591994713092,-39.180637754242994],[145.93387893150592,-38.881470121186354],[145.53591445396685,-38.72253838900862],[145.53713515709185,-38.51171532992659],[145.50425246666217,-38.44150582675276],[145.25207045982623,-38.23123971347151],[144.96982863853717,-38.0657581460887],[144.78031447838092,-38.05975762728987],[144.56174758384967,-38.13682977084456],[144.41111281822467,-38.24571648959456],[144.74758437584185,-38.455810941498854],[144.31142714927935,-38.56529275302229],[143.89345839927935,-38.757793821137525],[143.46447280357623,-38.95674554232893],[143.36480239341998,-38.96973077182112],[143.09292128990435,-38.86803857211409],[142.69431594322467,-38.67078057650862],[142.39293960045123,-38.56917230014143],[141.90403274009967,-38.42963067416487],[141.67472365806842,-38.410923398774244],[141.56707290123248,-38.48141518954573],[141.54719069908404,-38.53255120639143],[141.22526076744342,-38.456550992768385],[140.88732436607623,-38.2975582254344],[140.6521864266231,-38.16391030673323],[140.2491560311153,-37.79436913852034],[140.01201919029498,-37.64163247470198],[139.82250503013873,-37.246258176606275],[139.86265090416217,-36.78035394076643],[139.82567885826373,-36.5954212320262],[139.74335769127154,-36.372330106537916],[139.44448378990435,-36.04130593661604],[139.38100722740435,-35.80551186923323],[139.36791518638873,-35.614273465912916],[139.12746718834185,-35.60838738803206],[138.77366164634967,-35.78762856845198],[138.50551894615435,-35.83917657260237],[138.35236648033404,-35.865005887787916],[138.27248671959185,-35.83327905062971],[138.19716933677935,-35.75692788485823],[138.42983535240435,-35.55244866732893],[138.53460219810748,-35.29727212313948],[138.56762221763873,-34.92772332553206],[138.45405105064654,-34.78163567904768],[138.21262649009967,-34.51493111972151],[138.10149672935748,-34.35610619906721],[137.88285354088092,-34.68737069491682],[137.68332961509967,-35.330879606049635],[137.59804824302935,-35.38203851107893],[137.23948195884967,-35.38277856234846],[137.14982131431842,-35.453079618256666],[137.06188491295123,-35.459629453461744],[136.94704726646685,-35.4726184976512],[137.03612807701373,-35.29395715121565],[137.0724745125606,-35.11543694857893],[137.1083631844356,-35.07076684359846],[137.39342788170123,-35.08929101352034],[137.5022840828731,-35.025345243256666],[137.55924514244342,-34.910705961030104],[137.51188186119342,-34.45911065463362],[137.71604445884967,-34.083347715180494],[137.8637342781856,-33.8794674051219],[137.90459731529498,-33.70126382235823],[137.91250136802935,-33.51676217440901],[137.98064711998248,-33.45936242465315],[138.09084609459185,-33.452774442475416],[138.18874648521685,-33.2935413492137],[138.16576674888873,-33.19179955844221],[138.0200300545528,-32.96945992831526],[137.86823562095904,-32.74712411288557],[137.81986525963092,-33.06528512362776],[137.69018081138873,-33.18006554965315],[137.45717910240435,-33.31413308505354],[137.31748488853717,-33.524490751069166],[137.27878859947467,-33.594395078461744],[137.19341567466998,-33.804504789155104],[137.06711867759967,-33.951084531586744],[136.7308454842403,-34.05992165927229],[136.40008071373248,-34.276897825043775],[136.10612014244342,-34.53196755770979],[135.9439344734981,-34.84402505282698],[135.71242812584185,-35.207439817231275],[135.52807143638873,-35.054886258881666],[135.3573103279903,-34.45715752963362],[135.23900893638873,-34.196575559418775],[135.15310195396685,-34.05044213656721],[134.84369948814654,-33.69482842807112],[134.71023086021685,-33.36431161288557],[134.63109878013873,-33.26905480746565],[134.31438735435748,-33.30151788119612],[134.2084608406856,-33.257202543061354],[134.14605239341998,-33.149185575287916],[134.1077986092403,-33.0284046304637],[134.25809768150592,-32.87542382602034],[134.23699477623248,-32.741890348237135],[134.08124831627154,-32.56410638217268],[133.83703139732623,-32.34197274569807],[133.71750930259967,-32.29769555453596],[133.34406569908404,-32.36843530062971],[133.1250868172481,-32.337078489106275],[132.69767287681842,-32.08988992099104],[132.57413772056842,-32.083782590668775],[132.37664321373248,-32.160522855561354],[132.18223098228717,-32.148201383393385],[131.99254897545123,-32.06590691928206],[131.69445327232623,-31.831182874482252],[131.2801618904903,-31.634849942963697],[131.18235305259967,-31.63506165866194],[130.85727981041217,-31.73113862399397],[130.28022292564654,-31.770496763032057],[129.97918227623248,-31.771118558686354],[129.1853895516231,-31.798204816620924],[128.91025832603717,-31.85602227572737],[128.61481765220904,-31.952036298554518],[128.17002395103717,-32.15013543490706],[127.73266128013874,-32.26553002719221],[127.26507857750202,-32.38098565463362],[126.58870223472859,-32.42055550936995],[126.23124984215046,-32.41492883090315],[126.05894759605671,-32.43436471347151],[125.64190963218952,-32.56243173007307],[125.19517043541218,-32.77325860385237],[124.84723189781452,-32.95208398227034],[124.60478499840046,-33.016182340424635],[124.41095260093952,-33.054748929780104],[124.24838546226765,-33.1441272867137],[123.97165969322468,-33.45637933139143],[123.62303451011921,-33.915073789399244],[123.3585539192989,-34.04284325961409],[123.01397231529499,-34.037186063569166],[122.76803115318562,-34.0313343179637],[122.35103133629109,-34.09579507235823],[122.17092421959187,-34.17886010531721],[121.87240889976765,-34.00136224154768],[121.74030593345906,-33.9634632242137],[121.40951827476765,-33.97050515536604],[120.70223525474812,-34.048294462006666],[120.28013900230671,-34.11913720492659],[120.07367232750202,-34.10046807650862],[119.77148726890827,-34.12017098788557],[119.5920744271114,-34.22230950717268],[119.32982924888874,-34.5790523660594],[119.17498305748249,-34.63661614779768],[118.74418929527546,-34.58025018100081],[118.67277053306843,-34.605842984955885],[118.41594222496296,-34.92440453891096],[118.20707992027546,-35.090340055268385],[117.79331496666218,-35.212253965180494],[117.52976516197468,-35.25102273349104],[116.84779647300984,-35.21419183139143],[116.56097701500202,-35.18929711703596],[116.25139144371296,-35.100723661225416],[115.96654036949421,-34.93578378085432],[115.61626723716999,-34.63118401889143],[115.28334334800984,-34.472847379487135],[115.11485579918171,-34.45411340121565],[115.04692367027546,-34.42245522860823],[114.96134475181843,-33.86925546054182],[114.98578933189656,-33.754715360444166],[115.20575240562702,-33.80515328769026],[115.40850356529499,-33.7665638101512],[115.5580168099239,-33.575447477143385],[115.64668563316609,-33.36537591342268],[115.7668562264278,-32.75454369906721],[115.74726394127156,-32.20761147860823],[115.67698195884968,-31.927919782441236],[115.56090072105671,-31.66103021029768],[115.0582609505489,-30.80351296786604],[114.96464827965046,-30.517527021210768],[114.89996627281452,-30.142443097870924],[114.91221145103718,-29.697262204926588],[114.84051040123249,-29.3858150613719],[114.63039687584187,-28.90295831088362],[114.33208754966999,-28.477526105683424],[114.06081679771687,-28.147436536591627],[113.96464065025593,-28.033178724091627],[114.02223494957234,-27.62608949069319],[113.92522719810749,-27.38466874484358],[113.5954695076778,-26.883037961762525],[113.15806868980671,-26.425062574189283],[113.03511336754109,-26.162660993378736],[113.0915861458614,-26.057699598115065],[113.17618850181843,-26.141670621674635],[113.24452498863484,-26.34109536532698],[113.32664779136921,-26.41456834201155],[113.43298629234577,-26.572010434907057],[113.57982924888874,-26.655979551117994],[113.73937514732624,-26.66653481845198],[113.58323195884968,-26.152166761201002],[113.38659957359577,-25.973730481904127],[113.28495315025593,-25.826788343232252],[113.32116225670124,-25.690336622040846],[113.65769484947468,-26.068197644990065],[113.88065627525593,-26.50903169040022],[114.09509566734577,-26.53862038974104],[114.05043319175984,-26.288614667695143],[114.18084243248249,-26.271389402192213],[114.18252089927937,-26.0170406473094],[114.0553083748653,-25.801126874726393],[113.59189895103718,-25.185356534760572],[113.43258956383015,-24.874161161225416],[113.37920669029499,-24.61360589389143],[113.36190322349812,-24.2830375802928],[113.52196029136921,-24.015673078339674],[113.66741469810749,-23.780147947114088],[113.76201919029499,-23.481134809296705],[113.72466567466999,-23.017105497162916],[113.6101179451778,-22.731264509003736],[113.62543014000202,-22.56592980746565],[113.82230666588093,-22.253988660615065],[113.87154677818562,-22.10767022494612],[113.90056899498249,-22.0376762521678],[114.02252486656452,-22.329861081879713],[114.02734664390827,-22.5205806863719],[114.07483199547077,-22.60312692050276],[114.23199752281452,-22.61550370578108],[114.30904677818562,-22.56448403720198],[114.39310744713093,-22.310005582612135],[114.45634749840046,-22.093716062348463],[114.8002043099239,-21.883192457001783],[115.34923842857624,-21.60229340915022],[115.56738570640827,-21.455606855195143],[115.87116530845906,-21.194311536591627],[116.1345548958614,-20.983953870576002],[116.41879561851765,-20.83712235812483],[116.77440932701374,-20.785517133515455],[117.08811477134968,-20.778484739106275],[117.40317824791218,-20.77781525973616],[117.59692672203327,-20.75833360080061],[117.75520614097859,-20.675350583832838],[117.96847060631062,-20.471458829682447],[118.19072249840046,-20.413759626191236],[118.6086759896114,-20.381090558808424],[118.73431685875202,-20.31724587802229],[118.86508468101765,-20.06903497103987],[118.93625167320515,-20.024374402802565],[119.13646224449421,-20.03666726474104],[119.53112319420124,-20.137548841279127],[119.81251815269734,-20.117874540131666],[120.22289565513874,-19.983488477509596],[120.71038344810749,-19.7726558816844],[120.87214950035359,-19.676941312592604],[121.19428542564656,-19.377451337617018],[121.38649276207234,-19.116382993500807],[121.51682570884968,-18.83638421420393],[121.57633498619343,-18.702747739594557],[121.76076796959187,-18.537056363862135],[122.19645217369343,-18.243687070649244],[122.23190597008015,-18.16732255343733],[122.20167830894734,-17.98303071383772],[122.09275344322468,-17.62090150241194],[122.08547500084187,-17.398397840302565],[122.56406691978718,-16.895162977021315],[122.73833754966999,-16.58328477267561],[122.86900618980671,-16.659296430390455],[123.02266982506062,-16.856033719819166],[123.30124953697468,-17.46574441317854],[123.41870406578327,-17.579918302338697],[123.49824813316609,-17.319094098847486],[123.50830367515827,-17.109293378632643],[123.70408919761921,-17.21694413546858],[123.82684615562702,-17.248470701020338],[123.91204360435749,-16.974916852753736],[123.88523391197468,-16.911405957978346],[123.63165572593952,-16.803881086152174],[123.55294326256062,-16.695965207856275],[123.55619338463093,-16.441679395478346],[123.5758390755489,-16.390787519257643],[123.97947219322468,-16.408991254609205],[124.27727034996296,-16.5227836740428],[124.56586745689656,-16.50945130709944],[124.71627334068562,-16.496412671845533],[124.8463468880489,-16.53004113559065],[124.53141311119343,-16.32516709689436],[124.33776381920124,-16.26200906161604],[124.39524367759968,-16.020317472260572],[124.36374953697468,-15.886891759675123],[124.42450240562702,-15.657898343842604],[124.61432937095906,-15.498568929474928],[124.68864730308796,-15.466621793549635],[125.01804641197468,-15.643917478364088],[125.10913375328327,-15.624654210846998],[125.05853560875202,-15.421336568635084],[125.10795882652546,-15.205084241669752],[125.17386916588093,-15.039676107209303],[125.15565780113484,-14.80450574282942],[125.31700423668171,-14.727873243134596],[125.49717238853718,-14.676636136811354],[125.86320022056843,-14.694914258759596],[126.10146621177937,-14.204934514802076],[126.26835921715046,-14.071074880402662],[126.42573836754109,-14.147019780915358],[126.54604628990437,-14.350181974213697],[126.66506484459187,-14.102008260529615],[126.7646589608028,-14.00008622531233],[126.8534269661739,-13.783772863190748],[127.16648391197468,-14.06279603366194],[127.39746383140827,-14.100444234650709],[127.52909377525593,-14.195505536835768],[127.67795852134968,-14.436746038239576],[127.96256545494343,-14.703128255646803],[128.01755813072467,-15.020859159272291],[127.9848738045528,-15.287912763398268],[128.06614211509967,-15.376742757599928],[128.18139174888873,-15.249349988740065],[128.38897231529498,-14.943780339997389],[128.45885756920123,-14.886408246796705],[128.98087600181842,-14.923437513154127],[129.1964216561153,-14.992895520966627],[129.4828749031856,-15.214777387421705],[129.63227370689654,-15.27802983645735],[129.70249465416217,-15.06174508456526],[129.83855727623248,-14.927954114716627],[129.84861281822467,-14.81985989932356],[129.7288465828731,-14.6739009988719],[129.4588270516231,-14.496494687836744],[129.42302993248248,-14.413933194916822],[129.42655471275592,-14.305860914033033],[129.49160293052935,-14.261222280305006],[129.76328566978717,-14.019071973603346],[129.76626113365435,-13.81564847354231],[129.85227492759967,-13.72011796359358],[130.0855360359981,-13.592476285737135],[130.20598891685748,-13.484157003205397],[130.27386001060748,-13.363228238862135],[130.23192885826373,-13.280684865754225],[130.23289016197467,-13.147189534943678],[130.46349624107623,-12.758938230317213],[130.51760390709185,-12.733391202729322],[130.6604872078731,-12.72037259463606],[130.83957961509967,-12.707269109528639],[130.95127395103717,-12.630752958100416],[130.85886672447467,-12.446610845368483],[131.02834609459185,-12.268255628388502],[131.1829481453731,-12.23614922885237],[131.53991225670123,-12.400642789643385],[131.8174696297481,-12.368270314972975],[132.3980360359981,-12.328884519379713],[132.62845900963092,-12.27117005709944],[132.73310378502154,-12.194671071808912],[132.75112441490435,-12.169199384492018],[132.71654799888873,-12.080284513276197],[132.62626174400592,-11.74993745211897],[132.51459792564654,-11.623050130646803],[132.30280593345904,-11.502738393586256],[132.13444045494342,-11.541232503693678],[132.02456191490435,-11.47790376071272],[132.04062941978717,-11.382525838654615],[132.20559218834185,-11.318603910248854],[132.38376906822467,-11.299159444611647],[132.66144851158404,-11.533748067658522],[132.7760114998653,-11.577992833893873],[132.92898086021685,-11.533173955720045],[133.09293654869342,-11.672655500214674],[133.39728835533404,-11.881771482270338],[133.55918410728717,-11.951347745698072],[134.14269545982623,-12.08357182864485],[134.40871718834185,-12.121143735688307],[134.59479812095904,-12.057175077241041],[134.76211074302935,-12.06317273501692],[134.93998244713092,-12.33612195376692],[135.12852004478717,-12.386565603058912],[135.19175246666217,-12.373721517365553],[135.4445448250606,-12.17612496737776],[135.6490125984981,-12.188396848481275],[135.9424696297481,-12.359384931367018],[136.09121230552935,-12.575194753449537],[136.29860976646685,-12.511177457612135],[136.35337356041217,-12.155095495026686],[136.43450454185748,-12.116775907319166],[136.6396131844356,-12.326100744050123],[136.79108718345904,-12.370272077363111],[136.85967544029498,-12.440060056489088],[136.66369155357623,-12.624820150178053],[136.60668471763873,-12.815645612519361],[136.52762893150592,-12.91117135409651],[136.52297500084185,-13.108231939118483],[136.4690809578731,-13.22276917819319],[136.23832229088092,-13.229627050202467],[136.0086317391231,-13.331823743622877],[135.8308973641231,-13.484774030488111],[135.8288221688106,-13.73269120578108],[135.96454909752154,-13.891323484223463],[135.88064101646685,-14.202999509614088],[135.70904067466998,-14.464002050202467],[135.45757583091998,-14.680681623261549],[135.38805678795123,-14.896969236176588],[135.41660598228717,-14.973190702241041],[135.6274519295528,-15.169813550751783],[136.0943708748653,-15.448520101349928],[136.4586286873653,-15.752892888825514],[136.6871443123653,-16.025764859955885],[136.79784682701373,-16.070034421723463],[136.95487502525592,-16.018833555024244],[137.07371047447467,-16.031298078339674],[137.42570022056842,-16.189468778412916],[137.75956252525592,-16.39855805758772],[137.95461562584185,-16.601568616669752],[138.26032546470904,-16.842495359223463],[138.41083816002154,-16.89939729098616],[138.61010268638873,-16.911690152924635],[138.96274856041217,-16.993572629731275],[139.07531264732623,-17.075981534760572],[139.17309096763873,-17.355503476899244],[139.24831679771685,-17.431642926972486],[139.4762831063106,-17.571018613617994],[139.81826308677935,-17.761026777070143],[140.06020644615435,-17.830437101166822],[140.2497206063106,-17.79824296359358],[140.43633559654498,-17.721550382416822],[140.70754531334185,-17.631971753876783],[140.80094436119342,-17.561829007905104],[141.1324110359981,-16.957149900239088],[141.31382277916217,-16.448162473481275],[141.40151503990435,-15.856735624116041],[141.51760390709185,-15.532259382050611],[141.71129897545123,-15.226692594330885],[141.65236953209185,-15.036095060151197],[141.4681501717403,-14.75677625064192],[141.47809890220904,-14.616904653351881],[141.58454421470904,-14.330600179474928],[141.66839126060748,-14.114287771027662],[141.59475234459185,-13.987305082123854],[141.51232436607623,-13.809475339692213],[141.55216506431842,-13.497904218476393],[141.59882644127154,-13.046469129365065],[141.6997938484981,-12.912751592438795],[141.84760573814654,-12.842509664338209],[141.91894057701373,-12.702511228364088],[141.67852309654498,-12.467817701142408],[141.69340041588092,-12.378801740449049],[141.95302871177935,-11.952336705964186],[142.09292128990435,-11.532499707978346],[142.12565139244342,-11.157391942780592],[142.21161941002154,-11.04914800051985],[142.33755019615435,-10.91538277987776]]]]}},{"type":"Feature","properties":{"NAME":"Tasmanian hunter-gatherers","ABBREVN":"Tasmanian hunter-gatherers","SUBJECTO":"Tasmanian hunter-gatherers","BORDERPRECISION":1,"PARTOF":"Tasmanian hunter-gatherers","polity_id":"roman_peak:tasmanian_hunter_gatherers","name":"Tasmanian hunter-gatherers","ISO_A3":"TASMANIANHUN","ADM0_A3":"TASMANIANHUN","ADMIN":"Tasmanian hunter-gatherers","fill_colour":"#3b4587","border_precision":1},"geometry":{"type":"MultiPolygon","coordinates":[[[[146.7127333016231,-43.721809781830885],[146.49712661216998,-43.61904946688948],[145.96689895103717,-43.40729180697737],[145.72265151451373,-43.24016610507307],[145.4938612313106,-42.918430722992994],[145.27936843345904,-42.6676754129344],[145.1825056404903,-42.48116723422346],[145.30095961998248,-42.4616207254344],[145.37702468345904,-42.506531156342604],[145.56630996177935,-42.58340493563948],[145.62429336021685,-42.51891747836409],[145.53049758384967,-42.345310605805494],[145.2141981453731,-42.03065911654768],[144.9360456795528,-41.70970574740706],[144.86892226646685,-41.59412804965315],[144.70011428306842,-41.16398660067854],[144.69687941978717,-40.862190641205885],[144.7761335701778,-40.84276238803206],[145.22802260826373,-40.983108915131666],[145.89188674400592,-41.142315305512525],[146.3822126717403,-41.30834618930159],[146.74070266197467,-41.29478494052229],[146.94913772056842,-41.23012200717268],[147.12060073326373,-41.17839089755354],[147.2885847420528,-41.15234795932112],[147.59635451744342,-41.16458932284651],[147.73382094810748,-41.02944222811995],[148.05588820884967,-40.919651426117994],[148.26952651451373,-41.09258309726057],[148.26568129966998,-41.137554563325025],[148.32305434654498,-41.497234739106275],[148.31925490806842,-41.80580560092268],[147.98119643638873,-42.48201409701643],[147.9256697029903,-42.82340279940901],[147.8153181404903,-42.96535149936018],[147.39066604088092,-43.08217660311995],[147.14171889732623,-43.256687558930494],[146.92144301841998,-43.566597379487135],[146.83597854088092,-43.68932381991682],[146.7127333016231,-43.721809781830885]]]]}},{"type":"Feature","properties":{"NAME":"Ainu","ABBREVN":"Ainu","SUBJECTO":"Ainu","BORDERPRECISION":1,"PARTOF":"Ainu","polity_id":"roman_peak:ainu","name":"Ainu","ISO_A3":"AINU","ADM0_A3":"AINU","ADMIN":"Ainu","fill_colour":"#cdc532","border_precision":1},"geometry":{"type":"MultiPolygon","coordinates":[[[[146.168854,43.467766],[146.156372,43.464157000000114],[146.137482,43.458885],[146.130798,43.458046],[146.12439,43.45916],[146.07608,43.513329],[146.08081100000015,43.51805100000013],[146.146088,43.543884000000105],[146.15219100000013,43.54583000000014],[146.15942400000017,43.54583000000014],[146.17352300000016,43.534698],[146.21414200000015,43.531662],[146.22219800000016,43.529716],[146.226074,43.525551],[146.210236,43.48555],[146.20553600000017,43.481102],[146.168854,43.467766]]],[[[146.874939,43.860794],[146.904968,43.839989],[146.861633,43.796661],[146.797485,43.759995],[146.780273,43.751938],[146.682739,43.707771],[146.66998300000012,43.704437],[146.6633,43.703606],[146.65554800000018,43.704437],[146.646942,43.707214],[146.598572,43.732208],[146.596069,43.736656],[146.599121,43.793053],[146.600525,43.798607],[146.604675,43.80387900000011],[146.610504,43.806656],[146.784698,43.861938],[146.84274300000016,43.874992],[146.850525,43.873878],[146.866913,43.86805],[146.874939,43.860794]]],[[[146.359955,44.42083],[146.4688420000001,44.422218],[146.488861,44.425552],[146.520538,44.434433],[146.538025,44.44249],[146.568024,44.43832400000014],[146.550262,44.39888],[146.53997800000013,44.380547],[146.534973,44.376099],[146.508331,44.358047],[146.329681,44.291664],[146.204407,44.26998900000012],[146.17718500000012,44.266663],[146.157471,44.263054],[146.138306,44.257774],[146.119965,44.251389],[146.102753,44.243324],[146.091919,44.236107],[145.940247,44.1280440000001],[145.930817,44.119156],[145.83108500000014,44.016937],[145.8172,44.002495],[145.808014,43.99249300000014],[145.799713,43.981659],[145.795807,43.975266],[145.78942900000015,43.947212],[145.786926,43.941376],[145.779419,43.928604],[145.774139,43.924995],[145.762756,43.919716],[145.70886200000018,43.89888],[145.695801,43.896103],[145.688293,43.896103],[145.672485,43.89888],[145.6574710000001,43.89971900000012],[145.595795,43.858887],[145.591644,43.853607],[145.580261,43.834435],[145.57775900000013,43.828606],[145.575256,43.817497],[145.574127,43.78555300000011],[145.574127,43.774994000000106],[145.57553100000018,43.738884],[145.56192,43.661377],[145.559418,43.655548],[145.554688,43.65082600000011],[145.54858400000012,43.6491620000001],[145.543304,43.65082600000011],[145.437469,43.716934],[145.426086,43.73999],[145.407471,43.829437],[145.409698,43.835266],[145.482452,43.895271],[145.488281,43.898048],[145.55246,43.92610200000013],[145.64498900000012,43.982208],[145.661377,43.992218],[145.74469,44.051659],[145.74939,44.056099],[145.75332600000013,44.062492],[145.755829,44.068604],[145.755829,44.073608],[145.754425,44.078606],[145.75332600000013,44.09388],[145.75943,44.111382000000106],[145.763885,44.11693600000012],[145.78997800000013,44.148331],[145.877747,44.237213],[145.8872070000001,44.246384],[145.892487,44.25],[145.90942400000017,44.258888],[145.921082,44.264442000000145],[145.92691000000013,44.266937],[145.939423,44.270546],[145.95163,44.274994],[145.96328700000015,44.280548],[145.973846,44.287773],[146.008026,44.339157],[146.050812,44.411934],[146.078033,44.463608000000136],[146.08163500000012,44.469711],[146.08609000000013,44.475266],[146.100525,44.48860200000013],[146.127441,44.507217],[146.133881,44.509163000000115],[146.14804100000015,44.509995],[146.160767,44.506622],[146.171356,44.508606],[146.179138,44.507774],[146.187469,44.505829],[146.194977,44.502777],[146.20135500000015,44.49943500000012],[146.232727,44.47693600000014],[146.24273700000015,44.469154],[146.260254,44.453323],[146.273041,44.446381],[146.3033140000001,44.434158],[146.3283080000001,44.425552],[146.344971,44.421936],[146.359955,44.42083]]],[[[148.52191200000016,45.287216000000114],[148.49301100000014,45.270271],[148.476349,45.2586060000001],[148.466644,45.254166],[148.44720500000017,45.248047],[148.42804,45.244438],[148.371338,45.234993000000145],[148.341919,45.23027],[148.332733,45.229713],[148.28524800000014,45.220825000000104],[148.26553300000012,45.21332600000011],[148.2355040000001,45.1988750000001],[148.215515,45.188881],[148.04803500000014,45.09638200000012],[148.038025,45.090546],[148.029694,45.084717],[147.998566,45.061378],[147.992188,45.05555],[147.987457,45.04943800000012],[147.98468,45.043053],[147.9771730000001,45.030823],[147.96414200000015,45.01166500000011],[147.946075,45.00166300000012],[147.94198600000016,45],[147.9166560000001,44.989716],[147.877747,44.974709],[147.868011,44.971375],[147.848846,44.96527100000014],[147.762482,44.938324],[147.753326,44.938881],[147.74441500000012,44.941101],[147.735779,44.944153],[147.727448,44.948875],[147.721069,44.955826000000116],[147.712463,44.969437],[147.703857,44.972488],[147.676636,44.974709],[147.65802,44.973602],[147.639435,44.9711],[147.62994400000014,44.96915400000012],[147.620514,44.966103],[147.604401,44.955551],[147.590515,44.93721],[147.587738,44.93110700000011],[147.585785,44.918327],[147.588287,44.911659],[147.60607900000014,44.907494],[147.614685,44.904434],[147.622742,44.897217],[147.548035,44.812492],[147.535248,44.80054500000011],[147.52719100000013,44.79471600000011],[147.517212,44.7888870000001],[147.507477,44.784439000000134],[147.49774200000013,44.78138],[147.479126,44.777489],[147.469421,44.773048],[147.344971,44.700272],[147.291077,44.66693900000013],[147.282196,44.654434],[147.251373,44.60527],[147.240509,44.579994],[147.22525,44.561935],[147.209137,44.55027],[147.199127,44.54444100000012],[147.180267,44.538048],[147.170807,44.53611],[147.143311,44.533051],[147.106354,44.52916],[147.08828700000015,44.52916],[147.079132,44.5283280000001],[147.040527,44.517769],[147.021088,44.5075],[147.002472,44.48943300000013],[146.988861,44.470825],[146.98080400000015,44.452217],[146.97912600000018,44.445267],[146.973572,44.43277],[146.96469100000013,44.420273],[146.958588,44.414436],[146.948853,44.4086],[146.929962,44.402214],[146.910522,44.399162],[146.883026,44.39694200000014],[146.865509,44.399437],[146.848572,44.408325],[146.840515,44.41554300000013],[146.832184,44.435265],[146.8355100000001,44.45832800000011],[146.838013,44.464714],[146.846924,44.47693600000014],[146.940796,44.554436],[147.00637800000015,44.571663],[147.09829700000012,44.619438],[147.106354,44.625267],[147.144135,44.661377],[147.15304600000013,44.67360700000012],[147.160248,44.686104000000114],[147.163025,44.692215],[147.163879,44.69860100000011],[147.162201,44.711662],[147.159424,44.71832300000011],[147.15304600000013,44.725266],[147.14444,44.728325],[147.111908,44.793884],[147.227173,44.836105],[147.310516,44.876099000000124],[147.39358500000014,44.920273],[147.47995,44.974709],[147.4863590000001,44.980545],[147.491913,44.99305],[147.504974,45.043884],[147.58941700000014,45.056938],[147.598572,45.05749500000013],[147.608002,45.059433],[147.61773700000015,45.062492],[147.656372,45.075272],[147.664429,45.081108],[147.669128,45.087212],[147.67746,45.105827],[147.691345,45.12416100000013],[147.70217900000011,45.136383],[147.71328700000015,45.148331],[147.745514,45.178329],[147.7538760000001,45.184158],[147.763885,45.189713],[147.7833250000001,45.197487],[147.8402400000001,45.208603],[147.858978,45.210602],[147.8780210000001,45.214714],[147.887482,45.217766],[147.894135,45.223602],[147.894989,45.229988000000105],[147.892487,45.236656],[147.8732910000001,45.289993],[147.857727,45.343048],[147.856079,45.356102000000135],[147.858856,45.362495],[147.868286,45.37471],[147.87939500000016,45.386658],[147.904144,45.404160000000104],[147.932739,45.421379],[147.9422,45.423325],[147.95135500000015,45.422493000000145],[147.959961,45.419159],[147.996918,45.3386],[148.002197,45.325272],[148.00192300000015,45.31221000000011],[148.001648,45.305267],[147.997742,45.279716],[148.000275,45.273048],[148.0086060000001,45.267212],[148.03442400000017,45.256104],[148.051636,45.24943500000012],[148.069702,45.248047],[148.079132,45.248604000000114],[148.312195,45.267212],[148.321899,45.270271],[148.342194,45.28138],[148.350525,45.287216000000114],[148.370239,45.304993],[148.384155,45.323326],[148.397217,45.335266000000104],[148.4605100000001,45.39222],[148.54025300000012,45.447769],[148.558868,45.45916],[148.700806,45.520828],[148.719971,45.524437],[148.763885,45.521935],[148.773041,45.521103],[148.790802,45.516937],[148.7997130000001,45.513611],[148.842194,45.488327],[148.85025,45.481102],[148.856354,45.474159],[148.858856,45.467491],[148.845245,45.365547],[148.84301800000014,45.35277600000012],[148.839966,45.34665700000011],[148.833588,45.340546],[148.825256,45.334991000000116],[148.78497300000015,45.316383],[148.775269,45.313324],[148.756104,45.309715],[148.718842,45.30777],[148.709961,45.308601],[148.682739,45.31221000000011],[148.6738590000001,45.314438],[148.656097,45.317215],[148.6196900000001,45.320274],[148.591919,45.318886],[148.582184,45.3169400000001],[148.562469,45.309715],[148.52191200000016,45.287216000000114]]],[[[149.54357900000014,45.585823],[149.533875,45.582771],[149.524414,45.5824970000001],[149.440796,45.580826],[149.437469,45.583603],[149.4422,45.589714],[149.450806,45.595543],[149.4607850000001,45.599716],[149.473541,45.603317],[149.481079,45.60833],[149.548035,45.701103],[149.61911,45.790276],[149.66275,45.844711],[149.667755,45.85083],[149.67608600000017,45.85527000000013],[149.856903,45.92305],[149.890533,45.971931],[149.929138,46.00750000000011],[149.958588,46.024162],[149.9688420000001,46.029716],[150.037476,46.064995],[150.072754,46.082497],[150.34274300000016,46.2116620000001],[150.352448,46.21332600000011],[150.437195,46.214157000000114],[150.498566,46.19249],[150.474976,46.159431],[150.425537,46.118881],[150.310242,46.050545],[150.250824,46.024994],[150.240509,46.019714],[150.22689800000012,46.007774],[150.221893,46.001938],[150.212738,45.98333],[150.202179,45.958328],[150.202759,45.95166],[150.198853,45.932495],[150.194122,45.927773000000116],[150.158875,45.899994000000106],[150.0663760000001,45.847488],[150.026917,45.82666000000012],[150.017761,45.827492],[149.991058,45.833878],[149.981628,45.833603],[149.878845,45.778603],[149.868561,45.77304800000013],[149.8107910000001,45.73443600000013],[149.784149,45.710823],[149.69247400000017,45.638603],[149.684143,45.633049],[149.6738590000001,45.628601],[149.54357900000014,45.585823]]],[[[150.867188,46.43526500000013],[150.8119200000001,46.44193300000012],[150.802765,46.443047],[150.798523,46.449982],[150.82220500000017,46.467766],[150.832184,46.470543000000134],[150.841919,46.4711],[150.85107400000015,46.469986],[150.873291,46.450829],[150.87551900000017,46.447212],[150.874115,46.440826],[150.867188,46.43526500000013]]],[[[150.764984,46.70388],[150.754425,46.699715],[150.745514,46.701935],[150.737457,46.70916000000011],[150.733307,46.716103],[150.730804,46.7227630000001],[150.739685,46.728561],[150.7435610000001,46.729431],[150.753326,46.729713],[150.7622070000001,46.72748600000011],[150.76886000000013,46.723045],[150.769989,46.709717],[150.764984,46.70388]]],[[[152.437195,47.38249200000013],[152.44693,47.38249200000013],[152.485504,47.381935],[152.503876,47.377213],[152.51193200000012,47.371101],[152.53164700000013,47.3491590000001],[152.537476,47.341934],[152.5416560000001,47.334991],[152.541931,47.328331],[152.5336,47.318886000000134],[152.51913500000012,47.307213],[152.508331,47.303322],[152.422516,47.30336],[152.40246600000012,47.316383],[152.39444,47.323608],[152.38858,47.330826],[152.38803100000018,47.344154],[152.391357,47.350273],[152.40164200000015,47.364159],[152.408875,47.369987],[152.4163820000001,47.375549],[152.42691,47.379715],[152.437195,47.38249200000013]]],[[[153.074127,47.808327],[153.0819090000001,47.80082700000014],[153.087738,47.793327],[153.095795,47.779434],[153.097748,47.772491],[153.09829700000012,47.759163],[153.096619,47.75305200000014],[153.080261,47.714157],[153.0691220000001,47.708885],[153.04776,47.702217],[153.016083,47.693047],[153.006104,47.691658],[152.99661300000014,47.692764],[152.990784,47.699997],[152.986633,47.70694],[152.98111,47.723297],[153.005829,47.77166],[153.014709,47.783882],[153.025818,47.795547],[153.046082,47.813049],[153.05609100000015,47.81443800000011],[153.0652470000001,47.81193500000012],[153.074127,47.808327]]],[[[153.174683,48.13499500000012],[153.184692,48.136383],[153.20468100000016,48.136383],[153.21414200000015,48.135269],[153.223297,48.133049],[153.241058,48.125549],[153.274994,48.105553],[153.2833250000001,48.099159],[153.287476,48.09360500000014],[153.290527,48.053604],[153.279694,48.043053],[153.236694,48.051064],[153.224396,48.04999500000014],[153.21496600000012,48.051102],[153.205811,48.053322],[153.14636200000018,48.088326],[153.139984,48.094437],[153.137756,48.101105],[153.146942,48.113327],[153.156097,48.12526700000012],[153.163605,48.130821],[153.174683,48.13499500000012]]],[[[154.14053300000012,48.90971400000012],[154.161377,48.912491],[154.18191500000012,48.913605],[154.211365,48.911102],[154.220795,48.9086],[154.228851,48.902489],[154.23080400000015,48.895546],[154.2271730000001,48.882767],[154.21942100000012,48.870544],[154.188873,48.834991000000116],[154.063293,48.742767],[154.053589,48.737213],[154.030823,48.726936],[154.01944,48.72332],[154.009155,48.721931],[153.99939000000018,48.72304500000013],[153.98080400000015,48.734688],[153.974976,48.73555],[153.973022,48.742218],[153.973022,48.748878],[153.976624,48.761665],[153.98800700000015,48.779991],[154.112183,48.8949970000001],[154.119965,48.900543],[154.12939500000016,48.905823],[154.14053300000012,48.90971400000012]]],[[[154.008881,48.957771],[154.011108,48.95082900000011],[154.011108,48.937492],[154.00360100000012,48.931938],[153.981903,48.926659],[153.9405210000001,48.922768],[153.930817,48.923882],[153.92114300000014,48.926460000000134],[153.904144,48.943321],[153.900269,48.950272],[153.89831500000014,48.957214],[153.901917,48.96998600000012],[153.9074710000001,48.975822],[153.918854,48.979713],[153.966919,48.972214],[154.0047,48.963608000000136],[154.008881,48.957771]]],[[[154.593018,49.106102000000135],[154.583313,49.10054800000012],[154.521088,49.075829],[154.51025400000015,49.073326],[154.500549,49.07444],[154.491638,49.078331],[154.483032,49.083328],[154.471344,49.098328],[154.4402470000001,49.155266],[154.44220000000018,49.161659],[154.446075,49.16777000000013],[154.454681,49.169159],[154.464722,49.167923],[154.46856700000012,49.168602],[154.488556,49.167496],[154.4982910000001,49.16610000000014],[154.56469700000014,49.152214],[154.5830380000001,49.14582800000011],[154.591064,49.139435000000105],[154.596924,49.131935],[154.60080000000016,49.12471],[154.60080000000016,49.118324],[154.598846,49.111938],[154.593018,49.106102000000135]]],[[[154.745239,49.579163],[154.743286,49.586105],[154.749115,49.591934],[154.81442300000015,49.636383],[154.85635400000012,49.633331],[154.8952640000001,49.62665600000014],[154.904419,49.62416100000013],[154.904419,49.61749300000014],[154.882172,49.547493000000145],[154.878296,49.541664],[154.870789,49.537216],[154.847748,49.528328],[154.837738,49.52304800000013],[154.82995600000015,49.51749400000011],[154.81802400000015,49.505829],[154.79412800000011,49.4561],[154.79025300000012,49.443321],[154.79025300000012,49.42999300000014],[154.793854,49.42305],[154.799713,49.415543],[154.823029,49.392494],[154.826904,49.385269],[154.834961,49.345825000000104],[154.814972,49.308884],[154.811096,49.302773],[154.803314,49.297218],[154.791656,49.292221],[154.71579,49.263885],[154.707184,49.262215],[154.69747900000016,49.263611],[154.6316220000001,49.280273],[154.593903,49.291031],[154.598572,49.347488],[154.600525,49.36721],[154.602448,49.373604000000114],[154.606354,49.379715],[154.638306,49.42305],[154.70303300000012,49.48082],[154.751099,49.571663],[154.745239,49.579163]]],[[[154.438568,49.831383],[154.45581100000015,49.821106],[154.459961,49.813881],[154.461914,49.806938],[154.45608500000014,49.788048],[154.432465,49.738045],[154.424988,49.73360400000013],[154.41442900000015,49.732491],[154.404419,49.73360400000013],[154.37634300000013,49.742493],[154.367462,49.746384],[154.35495,49.766663],[154.3652340000001,49.812767],[154.367188,49.819160000000124],[154.374969,49.82499700000011],[154.398315,49.833878],[154.4086,49.833878],[154.428864,49.832497],[154.438568,49.831383]]],[[[152.174133,47.063049],[152.087357,46.977882000000136],[152.035248,46.925552],[152.029968,46.91971600000011],[152.02664200000015,46.913605],[152.024994,46.907211],[152.018311,46.894714],[152.01303100000018,46.888885],[151.831909,46.782768],[151.82162500000015,46.778603],[151.80108600000017,46.77304800000013],[151.781647,46.77137800000014],[151.77221700000018,46.772217000000126],[151.763306,46.774712000000136],[151.737183,46.785271],[151.720245,46.794998000000135],[151.712189,46.801102],[151.70440700000017,46.841103],[151.70581100000015,46.847488],[151.714691,46.853325],[151.72525,46.857216],[151.745239,46.86166400000013],[151.76470900000015,46.86221300000011],[151.829956,46.854996],[151.83941700000014,46.85527000000013],[151.849396,46.856659],[151.859955,46.860825],[151.8688350000001,46.866386],[152.020462,46.98872],[152.04480000000012,47.013386],[152.051117,47.02055],[152.104401,47.073051],[152.120239,47.0908280000001],[152.181091,47.143051],[152.202454,47.160271],[152.216919,47.171661],[152.225525,47.174713],[152.206604,47.125015],[152.236633,47.145271],[152.259705,47.16082],[152.26858500000014,47.1586],[152.286377,47.152489],[152.29303,47.147774],[152.289703,47.14166300000011],[152.277191,47.12999],[152.26998900000012,47.124435],[152.25360100000012,47.113052],[152.231903,47.102493],[152.174133,47.063049]]],[[[155.483307,50.119438],[155.47106900000017,50.108047],[155.357452,50.053047],[155.33828700000015,50.057213000000104],[155.318573,50.059715],[155.29776000000015,50.05999],[155.25582900000018,50.05777],[155.244965,50.056656],[155.226166,50.052597000000105],[155.224121,50.053322],[155.212189,50.06694],[155.208588,50.080826],[155.221619,50.23443600000013],[155.247742,50.301384],[155.392212,50.353325],[155.427185,50.364441],[155.438293,50.36693600000012],[155.449127,50.36805],[155.545258,50.374992],[155.627747,50.3780440000001],[155.638031,50.3780440000001],[155.6491390000001,50.380547],[155.66137700000013,50.385269],[155.66943400000014,50.390831000000105],[155.749115,50.446381],[155.761383,50.458046],[155.765533,50.463882000000126],[155.851624,50.59166],[155.855804,50.604439],[155.858307,50.61749300000014],[155.860779,50.63694],[155.8613590000001,50.650269],[155.86358600000017,50.656654],[155.88272100000017,50.68721],[155.888885,50.693047],[155.896942,50.698601],[155.97912600000018,50.746941],[156.00997900000016,50.76249700000011],[156.022217,50.767494],[156.034149,50.771103],[156.045532,50.773605],[156.06720000000018,50.775826],[156.07690400000013,50.773048],[156.104126,50.761108],[156.11245700000018,50.754715],[156.116364,50.74749],[156.121338,50.71998600000012],[156.12466400000017,50.699715],[156.15304600000013,50.524994],[156.148865,50.518883],[155.892761,50.263611],[155.795258,50.188881],[155.78552200000013,50.18499],[155.763611,50.1813810000001],[155.741913,50.179161],[155.73162800000011,50.179436],[155.70190400000013,50.183601],[155.69165,50.183601],[155.6185610000001,50.183052],[155.596344,50.178329],[155.525543,50.146942],[155.51553300000012,50.141663],[155.49939,50.130547],[155.483307,50.119438]]],[[[156.168854,50.741379],[156.175262,50.753609],[156.185791,50.765549],[156.19220000000018,50.771378],[156.341064,50.851105],[156.353302,50.856102000000135],[156.364685,50.858604],[156.442749,50.869987],[156.453857,50.870827],[156.46386700000016,50.869438],[156.473022,50.865547],[156.48855600000013,50.849998],[156.49411,50.842491],[156.495789,50.835548],[156.495514,50.82888],[156.4902340000001,50.756104],[156.48608400000012,50.750275],[156.45190400000013,50.70832800000011],[156.43496700000014,50.690826],[156.414154,50.673882],[156.406326,50.657066],[156.403824,50.653397],[156.4008480000001,50.625641],[156.350754,50.637123],[156.285522,50.64666],[156.19830300000012,50.670273],[156.189148,50.674438],[156.180542,50.679718],[156.17276,50.687492],[156.167206,50.69499200000013],[156.163605,50.708603],[156.16442900000015,50.72860000000014],[156.168854,50.741379]]],[[[155.44775400000015,50.897774],[155.474396,50.920547],[155.482727,50.92610200000013],[155.494415,50.929993],[155.505554,50.931107],[155.56970200000012,50.934158],[155.580261,50.934158],[155.600525,50.9313810000001],[155.63916,50.92083],[155.646942,50.913048],[155.650818,50.905823],[155.666077,50.87054400000011],[155.669708,50.856659],[155.66110200000014,50.831108],[155.658875,50.824715],[155.64444000000015,50.81360600000011],[155.620789,50.806099],[155.588013,50.802773000000116],[155.55691500000012,50.804161],[155.546936,50.80555],[155.52719100000013,50.809715],[155.4982910000001,50.817497],[155.480804,50.828049],[155.47302200000013,50.835548],[155.46109000000013,50.85054800000012],[155.449402,50.872215],[155.447693,50.880013],[155.44775400000015,50.897774]]],[[[143.05691054771685,53.06198462124529],[143.13886550377154,52.856246553618334],[143.14329055259967,52.51123770352068],[143.0334120125606,52.312186800200365],[142.94488051841998,51.961112581450365],[142.94391921470904,51.61730536099138],[143.0741834969356,51.2676273214406],[143.3407087654903,50.88577612515154],[143.6331434578731,50.234977327544115],[144.03820327232623,49.5088382589406],[144.5398817391231,48.753322206694506],[143.97294143150592,49.05807837124529],[143.5983534188106,49.23361929531755],[143.15282729576373,49.25887259121599],[143.03257277916217,49.219466768462084],[142.85399917076373,49.12769659634294],[142.64614394615435,48.657523714262865],[142.5266218514278,48.16206320400896],[142.48990920494342,47.901603304106615],[142.6146345467403,47.45959814663591],[142.69695571373248,47.362262331206225],[142.99332717369342,46.9536624776906],[143.23647597740435,46.86326178188982],[143.44480422447467,46.571742616850756],[143.30341628502154,46.01119955654802],[143.00429824302935,46.577350221831225],[142.61477187584185,46.71281012173357],[142.51378920982623,46.6996227132863],[142.32734206627154,46.56305655117693],[142.18766311119342,46.3229137289113],[141.89834121177935,45.91478308315935],[141.7083845467403,46.13979300137224],[141.62282851646685,46.55804022427263],[141.9093885750606,47.07343252773943],[141.73180678795123,47.471191011626146],[141.81064895103717,47.675616823393725],[142.0364637703731,47.959281526762865],[141.97751906822467,48.284747682768725],[141.8891706795528,48.453971468169115],[141.76781753013873,48.701469026762865],[141.7395887703731,48.8072887289113],[141.9213514656856,48.943133913237475],[142.04911330650592,49.35470923062029],[142.08281997154498,49.70768316860857],[142.08507827232623,50.30426748867693],[142.15287307213092,50.89004477139177],[142.1123915047481,51.21959265347185],[142.01658156822467,51.4305911886281],[141.64321425865435,51.81308706875505],[141.59817031334185,52.216674410063646],[141.64965346763873,52.302901827055834],[141.81145766685748,52.628043733794115],[141.84099868248248,52.960021578032396],[141.68964675377154,53.16572149868669],[141.76703933189654,53.2722659933156],[141.93522170494342,53.28589209194841],[142.2141218514278,53.29970511074724],[142.67486098716998,53.54017218228044],[142.86388686607623,53.3408695089406],[143.05691054771685,53.06198462124529]]],[[[140.01261428306842,41.38180883999529],[139.9777479500606,41.5034671651906],[140.12449172447467,41.7921520101613],[140.0996961922481,41.9459720480031],[139.85248855064654,42.03524740811052],[139.77720168541217,42.112052522856615],[139.71174148033404,42.47759588833513],[139.9739637703731,42.65139731045427],[140.20896438072467,42.728900514799975],[140.49982741783404,42.896407686430834],[140.51682570884967,43.05700262661638],[140.37356093834185,43.18519171353044],[140.49824050377154,43.320357881743334],[140.59891799400592,43.326991640288256],[140.89655593345904,43.134826265532396],[141.0641737313106,43.09662588711443],[141.30364516685748,43.187030397612475],[141.30192092369342,43.72046621914568],[141.50669387291217,43.80445440884294],[141.70942214439654,43.91419180508318],[141.7426863045528,44.24878653164568],[141.74572280357623,44.628566347319506],[141.56659987877154,44.96956595059099],[141.52277663658404,45.18263205166521],[141.5974226326778,45.279723726469896],[141.8753309578731,45.435424410063646],[141.90395644615435,45.40314444180193],[142.13218215416217,45.20967825527849],[142.53904250572467,44.842650972563646],[143.02050307701373,44.463683687407396],[143.50817397545123,44.155761324126146],[143.79023269127154,44.02764471646013],[144.02810195396685,43.950927339751146],[144.48659804771685,43.861808382231615],[144.61382583091998,43.84276159878435],[144.75043776939654,43.88161429043474],[145.13999465416217,44.178283296782396],[145.34760573814654,44.24303778286638],[145.3485975594356,44.197990022856615],[145.20989516685748,44.03688772793474],[145.05938247154498,43.785766206938646],[145.1485700936153,43.59949835415544],[145.35955336998248,43.32998999233904],[145.4481306404903,43.16955908413591],[145.19591811607623,43.047015749174975],[144.99468520591998,42.93744238491716],[144.7541609139278,42.86632879849138],[144.59018996666217,42.859584413725756],[144.37011245201373,42.94904669399919],[144.1663923592403,42.942226015288256],[144.00284865806842,42.87769278164568],[143.84792617271685,42.77464636440935],[143.50858596275592,42.42098196621599],[143.33037856529498,42.196105562407396],[143.2137556404903,41.926539980132006],[143.03350356529498,41.95822867031755],[142.84231093834185,42.066852174956225],[141.92812636802935,42.50126227017107],[141.72100356529498,42.53934820767107],[141.39690688560748,42.51944311733904],[140.92962172935748,42.255458437163256],[140.86069777916217,42.39004477139177],[140.69352248619342,42.55014380093279],[140.54087356041217,42.53700216885271],[140.42145827720904,42.48542746182146],[140.22344497154498,42.36310919399919],[140.24552443931842,42.2284427511281],[140.7676649422481,42.00501211758318],[141.01946547935748,41.87086065884294],[141.1550398201778,41.74934347744646],[140.97927382896685,41.65285452480974],[140.84342482994342,41.639762483794115],[140.70597365806842,41.697169862944506],[140.5888777108028,41.67771109219255],[140.44289687584185,41.536429964262865],[140.26859572838092,41.324672304350756],[140.11245253990435,41.27311285610857],[140.01261428306842,41.38180883999529]]]]}},{"type":"Feature","properties":{"NAME":"Han","ABBREVN":"Han","SUBJECTO":"Han","BORDERPRECISION":1,"PARTOF":"Han","polity_id":"roman_peak:han","name":"Han","ISO_A3":"HAN","ADM0_A3":"HAN","ADMIN":"Han","fill_colour":"#aa317c","border_precision":1},"geometry":{"type":"MultiPolygon","coordinates":[[[[125.65358373442439,42.65357755341016],[126.1684653613602,37.713865529184574],[126.0525007577812,37.60090597720508],[125.90900710543745,37.51145514102344],[125.74116805514448,37.78495367617969],[125.56173995455855,37.835548006013674],[125.26937392672652,37.484683595613284],[125.18160537203902,37.656444154695315],[125.07696059664839,37.77087362857227],[124.76971724948042,37.935855470613284],[124.69365981539839,38.13954123111133],[124.73619368991011,38.2797809466875],[124.9293547006523,38.46493872256641],[125.26861098727339,38.56758078189258],[125.29374221285933,38.68870123477344],[125.02792647799605,38.81562002749805],[125.21087935885542,39.211165986970705],[125.29609206637495,39.36432608218555],[125.20653823336714,39.48528250308399],[124.92233565768355,39.61860617251758],[124.85995772799605,39.618480287507815],[124.68842605074995,39.60537680240039],[124.54809096774214,39.541339479402346],[124.44284347018355,39.5730052814043],[124.20898726901167,39.738326631501955],[124.14974443433084,39.821007217062956],[124.13388350924605,39.843143068269534],[124.11079128229116,39.875402442397956],[124.10407546481245,39.884784303621096],[123.91652968844527,39.80788382144336],[123.36642745455855,39.74938925357227],[123.03905776461714,39.67220266909961],[122.02749160250777,39.25575979800586],[121.74316695651167,39.08944662661914],[121.48840621432417,38.878604494050784],[121.21647933444136,38.75695761294727],[121.06533339938277,38.750281892732424],[121.12369826754683,38.865123353914065],[121.51177504977339,39.171859346345705],[121.66015151461714,39.33151587100391],[121.44896224459761,39.38210257144336],[121.28217605074995,39.349891267732424],[121.21334365328902,39.4836383685625],[121.23940566500777,39.55383261294727],[121.66813186129683,39.905406557039065],[121.78898910006636,40.07807882876758],[122.03651717623823,40.26403769107227],[122.10791305026167,40.35372122378711],[122.08235457858198,40.488013826326174],[121.75361922701948,40.73695334048633],[121.42673018893355,40.86432608218555],[121.36801436862105,40.8706127032793],[121.08527663668745,40.85723455996875],[121.01060775241011,40.85068091006641],[120.78842452487105,40.683814607576174],[120.27274611910933,40.151771150544924],[120.11272719821089,40.08110388369922],[119.82381728610152,40.04216345401172],[119.54778579196089,39.93304403872852],[119.38549331149214,39.84343298526172],[119.21067336520308,39.63902624698047],[119.14941695651167,39.45397909732227],[119.09059432467573,39.33910330386524],[118.97764113864058,39.22413595767383],[118.78126815280073,39.166358552888674],[118.5593366952812,39.172286592439455],[118.41243270358198,39.050880037263674],[118.27459243258589,38.999610506013674],[118.06992629489058,39.254188142732424],[117.91011336764448,39.26024206729297],[117.75288680514448,39.20253714175586],[117.57505324801558,38.91533621402149],[117.5101031883138,38.765569426106104],[117.43950179537886,38.60277136416797],[117.4790373178398,38.44991644473438],[117.58946517428511,38.28448065371875],[117.84067061862105,38.16392096133594],[118.20027450045698,38.04361303897266],[118.74464705905073,38.06383474917774],[118.87524703463667,37.94942816348438],[118.86725905856245,37.707374177888674],[118.81164840182417,37.44613226504688],[118.83700087985152,37.20421560855274],[118.9546003671562,37.07711752505664],[119.28440383395308,37.04596670718555],[119.59885695895308,37.11661871524219],[119.94069961032027,37.3529125079668],[120.16939071139448,37.57625540347461],[120.41806319674605,37.67865713687305],[120.6581144662773,37.73646505923633],[120.78740218600386,37.70487555117969],[121.18977645358198,37.42548330874805],[121.43434432467573,37.336837373689455],[121.89484694918745,37.37596472354297],[122.05756667574995,37.363563142732424],[122.26948836764448,37.30032309146289],[122.3928556772148,37.300574861482424],[122.28126815280073,36.982005678132815],[122.25558761080855,36.73369177432422],[121.98012832125777,36.822249971345705],[121.84669784030073,36.86017569156055],[121.60988143405073,36.83422812075977],[120.85548690280073,36.584449373201174],[120.53731063326948,36.386519990876955],[120.50483230074995,36.05556830020313],[120.26971724948042,35.98509558291797],[120.20366958102339,36.035865388826174],[120.19649032076948,36.15673788638477],[120.13933852633589,36.194800935701174],[119.91377547701948,36.143443666414065],[119.97557357272261,35.933597169832034],[119.90734389742964,35.76805838199024],[119.68883040866011,35.54497107119922],[119.06016066989058,35.0412670001543],[119.00324538668745,34.939471803621096],[119.02086165866011,34.691932283357424],[119.29992202242964,34.59093054385547],[119.62047866305464,34.36938437075977],[119.97359755953902,34.13522299380664],[120.14943221530073,33.894332490876955],[120.34028151949995,33.33605536075],[120.64058974703902,33.04462393374805],[120.71938613375777,32.84798391909961],[120.66086104830855,32.54311712832813],[120.73830703219527,32.46073492617969],[121.05076125582808,32.328048311189455],[121.23053267916792,32.06176718325977],[121.48366836032027,31.948009096101565],[121.60595992526167,31.827626787141604],[121.64503768405073,31.688027940706057],[121.62330916842573,31.618154130891604],[121.26826766451948,31.45233877749805],[121.30788711032027,31.420663438752932],[121.49887374362105,31.28138693423633],[121.64023116549605,30.92612036319141],[121.6318693490898,30.792768083528323],[121.56893447360152,30.710101686433596],[121.32843306979292,30.690547548250002],[121.03547194918745,30.594703279451174],[120.60866836032027,30.346181474641604],[120.22693160494917,30.25015028567676],[119.94366744479292,30.1162181720293],[120.26755050143355,30.021649919465823],[120.43786147555464,29.99661024661426],[120.86273482760542,30.187980256990237],[121.08252242526167,30.213830553010744],[121.15524581393355,30.18857916446094],[121.3912687631523,29.92239721866016],[121.56523421725386,29.846555314973635],[121.77031997164839,29.834281526521487],[121.77436355074995,29.76445349307422],[121.67039016207808,29.624536119416994],[121.49843886813277,29.522582612947268],[121.36191085299605,29.414350114778323],[121.41146377047652,29.344604097322268],[121.55819991549605,29.357616029695315],[121.64916518649214,29.319707475618166],[121.56675246676558,29.173480592683596],[121.43251326998823,28.836659990266604],[121.3458357187187,28.54437979312305],[121.35852340182417,28.385663591340823],[121.25970748385542,28.182250581697268],[121.16591170748823,28.124896608308596],[121.00856307467573,28.276980958894534],[120.94237807711714,28.213330827668948],[120.68650344332808,27.86989554019336],[120.50590041598433,27.590104661897463],[120.40887740573042,27.310491167024416],[120.35180953463667,27.177013002351565],[120.08409408053511,26.985940538362307],[119.97135451754683,26.788837037996096],[119.85703566989058,26.706031404451174],[119.60071090182417,26.692800126985354],[119.42890456637495,26.590831361726565],[119.55488875826948,26.2672134265459],[119.43603042086714,26.038339220002932],[119.4703474374687,25.77168234439258],[119.42860701998823,25.65092619510059],[119.33538344821089,25.530067048982424],[119.0958586069023,25.440650545076174],[119.02366927584761,25.313485704377932],[118.94535354098433,25.135495744661135],[118.81294539889448,24.84941443057422],[118.53120711764448,24.69003637881641],[118.34562972506636,24.467338167146487],[118.12423995455855,24.530391298250002],[117.92490676364058,24.56172712893848],[117.86126235446089,24.510774217561526],[117.79609206637495,24.42171438784961],[117.84909347018355,24.047095857576174],[117.75324538668745,23.98338469119434],[117.4058943124687,23.690473161653323],[117.24540236910933,23.632972322419924],[116.96271041354292,23.556155763582034],[116.70913222750777,23.34602316470508],[116.4520597787773,23.250201784089846],[116.40389541110152,23.19928701968555],[116.40021804293745,22.983321748689455],[116.34061721285933,22.9133315906084],[116.08469680270308,22.88737829776172],[115.86004928073042,22.83609541507129],[115.70670608004683,22.638873659089846],[115.5425138803398,22.695684038118166],[115.30879500826948,22.771407686189455],[115.18552688082808,22.745751939729494],[115.04353621920698,22.599364839509768],[114.8478117319023,22.510015092805666],[114.5587492319023,22.464948259309573],[114.53746322116011,22.674502931550784],[114.30387404879683,22.64860113711719],[113.98913863619917,22.55266722293262],[113.84516433199995,22.463439546541018],[113.71678451022261,22.482215486482424],[113.53598311862105,22.704146944001955],[113.46257308444136,22.77385290713672],[113.3766203256523,22.646646104768557],[113.41929152926558,22.570508562043948],[113.39908889254683,22.47519262881641],[113.37770369967573,22.16390760989551],[113.28367904147261,22.030330263093752],[113.09672072848433,21.979121767],[112.87131026705855,22.061215959504885],[112.8155622812187,21.934060655549807],[112.81533339938277,21.826074205354494],[112.7495222421562,21.756068788484377],[112.47251418551558,21.73007734866504],[112.30786422213667,21.678912721589846],[112.03952315768355,21.65928991885547],[111.83120254000777,21.754121385530276],[111.73399642428511,21.709455095247073],[111.53608230074995,21.493072114900393],[111.43422225436323,21.461099229768557],[111.08559707125777,21.479402147249026],[110.74959853610152,21.37706335635547],[110.5664167734062,21.23057707400684],[110.36344436129683,21.24285276980762],[110.23882583102339,21.280696474031252],[110.23382094821089,21.25528486819629],[110.20257094821089,21.096425615266604],[110.07242873629683,20.91828878970508],[110.07721999606245,20.867482744172854],[110.29317000826948,20.582110963777346],[110.41411879977339,20.52519568057422],[110.43365767916792,20.436297975496096],[110.27128890475386,20.315265260652346],[109.9282560678398,20.244672380403323],[109.71159652194136,20.56816252322559],[109.60293105563277,20.879180513337893],[109.60814956149214,21.057046495393557],[109.78676131686323,21.406783662751955],[109.7798185678398,21.482984147981448],[109.51607802828902,21.596772752717776],[109.4143171640312,21.56479414554004],[109.32187941989058,21.43120153994922],[109.11740401705855,21.39900930972461],[108.81303695162886,21.493642412141604],[108.55499556979292,21.823396287874026],[108.46664718112105,21.785104356721682],[108.45892623385542,21.708860002473635],[108.38727096041792,21.530852876619143],[108.26594069918745,21.47342451663379],[108.11670211276167,21.498511873201174],[107.90002730807417,21.4790054187334],[107.87561324557417,21.462068162874026],[107.78977492770308,21.402537904695315],[107.41781142672652,21.185786806062502],[107.46579268893355,20.976270280793948],[107.37433913668745,20.88079222293262],[106.8070402475273,20.905006013826174],[106.7462492319023,20.815949998811526],[106.77157119235152,20.638139329866213],[106.64429000338667,20.466365419343752],[106.38092330416792,20.11008795352344],[106.28142837008589,20.046357713655276],[106.04167464694136,19.937850557283205],[105.96486953219527,19.880523286775393],[105.84338668307417,19.702409349397463],[105.70696547946089,19.282880388215823],[105.53258040866011,18.84421118350391],[105.65331557711714,18.742835603669924],[105.86413100680464,18.489196382478518],[106.36444381198042,18.007497392610354],[106.37519362887495,17.899535737947268],[106.39383986910933,17.66453894229297],[105.49111525118296,17.78037429360783],[104.381091260999,18.327951476868094],[103.56705112291327,19.601992926903005],[103.23424489274952,20.122862736904715],[102.38374905915764,24.010010112632223],[102.01116318481407,24.68066468645064],[101.61952299239024,24.780086200740953],[100.4148339916291,25.0859077354596],[99.75235985073353,27.47081464268358],[102.67261520616206,31.73570751083356],[103.89419540609549,31.648451782266886],[103.71968394896214,33.044543439333665],[103.5451724918288,34.78965801066714],[102.93438239186209,35.22593665350051],[101.887313649062,35.40044811063385],[101.10201209196194,35.5749595677672],[100.2294548062952,35.5749595677672],[100.84024490626192,37.14556268196733],[98.83336314922842,38.36714288190077],[96.33252638079846,39.466798535991856],[94.73234390659475,40.02500172466757],[94.64508817802808,40.46128036750093],[95.08136682086145,40.81030328176763],[96.39020274936155,40.897559010334305],[97.52452722072832,41.15932619603432],[98.2225730492617,41.50834911030102],[98.292021315825,41.49677439920713],[98.74610742066174,41.421093381734345],[98.48434023496172,39.85049026753422],[99.44415324919514,39.67597881040087],[100.57847772056189,39.588723081834196],[100.84024490626192,40.37402463893426],[100.98300430503595,40.445404338321275],[101.36377927766195,40.63579182463428],[102.67261520616206,40.54853609606761],[103.37066103469546,40.28676891036759],[103.39676018042961,40.23979044804611],[103.80693967752882,39.50146735326752],[104.59224123462889,39.41421162470085],[105.29028706316227,39.50146735326752],[105.63930997742897,39.588723081834196],[105.92478337819132,41.18389978484549],[106.33735580596236,42.03188348170106],[106.35784350871387,42.04359074041621],[106.94814590592908,42.380906395967756],[113.31781409129626,41.59560483886769],[118.546171576248,41.42502313557423],[120.4727838337635,41.68286056743437],[121.34534111943024,42.555417853101105],[122.30515413366365,42.72992931023445],[123.26496714789705,41.85737202456772],[125.65358373442439,42.65357755341016]]]]}},{"type":"Feature","properties":{"NAME":"Yayoi","ABBREVN":"Yayoi","SUBJECTO":"Yayoi","BORDERPRECISION":1,"PARTOF":"Yayoi","polity_id":"roman_peak:yayoi","name":"Yayoi","ISO_A3":"YAYOI","ADM0_A3":"YAYOI","ADMIN":"Yayoi","fill_colour":"#3ea858","border_precision":1},"geometry":{"type":"MultiPolygon","coordinates":[[[[135.0629225107109,33.69002493472461],[135.05695632418747,33.76618918033008],[134.96924880465622,34.13417013736133],[135.0139723153984,34.20409353824024],[135.23673537692184,34.350535951570315],[135.31702712496872,34.47131308169727],[135.28681472262497,34.59819372744922],[135.20571425875778,34.617084108308596],[134.93567946871872,34.54035147281055],[134.78246596774216,34.552737794832034],[134.42731765231247,34.628177247957034],[134.21349624117966,34.57061728091602],[134.02172378024216,34.46866949649219],[133.8252973886406,34.38574179263477],[133.70426467379684,34.42993124575977],[133.58913711032028,34.44237478824024],[132.84772780856247,34.263133607820315],[132.4811811777031,34.12908514590625],[132.3866529794609,34.268539033845705],[132.18348220309372,34.28717001529102],[131.99730971774216,34.09000738711719],[131.99495986422653,33.80434378238086],[131.65487197360153,33.911563478425784],[131.39416030367966,33.93642386050586],[130.89904311617966,33.90366705508594],[130.77932265719528,33.966903291658205],[130.8116255136406,34.11931189151172],[130.89232924899216,34.24644049258594],[131.10976699313278,34.24053534121875],[131.33410170992966,34.29177435489063],[131.67228225192184,34.50195273013477],[132.66285232028122,35.380626283601565],[132.78869155367966,35.38724859805469],[132.9807691903984,35.444869600251955],[133.0062055917656,35.25414999575977],[133.2286177011406,35.31183584781055],[133.8040571542656,35.42748221011524],[134.2235670419609,35.453773103669924],[134.7558393808281,35.531173311189455],[135.15697768649216,35.646468721345705],[135.1880445810234,35.443011842683596],[135.35766128024216,35.32253988833789],[135.4324751230156,35.36083944888477],[135.7271070810234,35.45048101992969],[135.9280348153984,35.603519044832034],[135.92652419528122,35.76252707095508],[135.9778852792656,35.97254904361133],[136.18726638278122,36.202003084138674],[136.5015211435234,36.463512025789065],[136.66849807223434,36.66749533267383],[136.64042190035934,37.17027624698047],[136.7218580575859,37.265933595613284],[136.8108473153984,37.31068380923633],[137.30964187106247,37.43265112491016],[137.33492568453903,37.27354010196094],[137.11817458590622,37.14577444644336],[137.0137739511406,37.03735312075977],[136.98302749117966,36.83360632510547],[137.04532912692184,36.668258272126955],[137.1762037607109,36.64306601138477],[137.27591994723434,36.69418676944141],[137.46403029879684,36.85367926211719],[137.57181838473434,36.89208181949024],[138.3172407480156,37.205508790925784],[138.49203017672653,37.301349245027346],[138.69896987399216,37.44820364566211],[138.85615066012497,37.735057435945315],[139.1979322763359,37.92043264956836],[139.35387710055466,38.067237459138674],[139.43984511813278,38.18843802066211],[139.47813919509122,38.32553993381067],[139.50393203219528,38.417884431794924],[139.74572280367966,38.679584108308596],[139.74141982516403,38.743297182039065],[139.89608291110153,38.99850424380664],[139.96793654879684,39.208968721345705],[140.0300855966484,39.48317679019336],[140.0110884042656,39.69351156802539],[139.86213210543747,39.7824664935625],[139.80463698824997,39.89074667544727],[139.91034987887497,39.98660620303516],[139.98502639254684,40.114619813875],[139.91515639742966,40.574954591707034],[140.1597242685234,40.729014955476565],[140.2391157480156,40.837989412263674],[140.3864088388359,40.98550375552539],[140.47280410250778,40.98567923159961],[140.56716445407028,40.82583197207813],[140.65697768649216,40.72361334414844],[140.79334548434372,40.749488435701174],[141.15255263766403,40.86541708560352],[141.0766401620781,41.10213812442188],[140.9368238778984,41.114661775544924],[140.77450087985153,41.255225740388674],[141.0870161386406,41.44161947818164],[141.28579238375778,41.371539674714846],[141.43688491305466,41.26935537906055],[141.4482984872734,41.17971380801563],[141.44120315035934,40.78918036075],[141.4671430917656,40.51408728213672],[141.56624892672653,40.45671804995899],[141.67560866793747,40.31622274966602],[141.99811843356247,39.67198904605274],[141.9985151620781,39.44887884707813],[141.88782790621872,39.12996634097461],[141.5685835214531,38.78520926089649],[141.4670973153984,38.58749350161914],[141.4963941903984,38.42189749331836],[141.42873671969528,38.38991888614063],[141.0966596933281,38.261844240144534],[141.0244703622734,38.21074255557422],[140.95058730563278,38.12141378970508],[140.87221816500778,37.91744955630664],[140.88086989840622,37.73915060611133],[140.92322829684372,37.62462195010547],[140.98220351657028,37.268199525789065],[140.96393874606247,36.95626028628711],[140.65560439547653,36.61831244082813],[140.54662612399216,36.28722342105274],[140.55544570407028,35.96914251895313],[140.6447553964531,35.83575399966602],[140.83425429782028,35.67712362857227],[140.5568647714531,35.543006502107424],[140.4699049325859,35.48558767886524],[140.39493850192184,35.409122072175784],[140.31661513766403,35.033816896394534],[139.83010390719528,34.835982881501955],[139.78809646090622,34.96284445376758],[139.9204664560234,35.26190146060352],[140.00289443453903,35.497359834626955],[139.91370681246872,35.55441244693164],[139.6826734872734,35.44583090396289],[139.42260268649216,35.165511690095705],[139.20864394625778,35.16507299991016],[139.0529127450859,35.024886690095705],[139.02283767184372,34.68834265323047],[138.8638258310234,34.56743200869922],[138.77944472750778,34.57994803042774],[138.74982741793747,34.649703584626955],[138.7510328622734,34.92264898867969],[138.68374160250778,34.99233969302539],[138.5889692636406,34.97309073062305],[138.45016005953903,34.902991853669924],[138.29520705660934,34.76302679629688],[138.14905837496872,34.52788122744922],[137.75918105563278,34.55247076602344],[137.53174880465622,34.5266185626543],[137.2482252450859,34.48160894961719],[137.04178908785934,34.728736482576174],[136.73385146578903,34.874087892488284],[136.61693862399216,34.759601198152346],[136.58658889254684,34.67703207583789],[136.5070600839531,34.51817663760547],[136.52367690524216,34.49281271548633],[136.71134475192184,34.40433844180469],[136.89858535250778,34.258731447175784],[136.76687148532028,34.16959723086719],[136.39376357516403,34.111705385164065],[136.19922927340622,34.00339087100391],[135.99099257907028,33.72367437930469],[135.7556715341484,33.34231527896289],[135.44600966891403,33.506724916414065],[135.1915083261406,33.601417146638674],[135.0629225107109,33.69002493472461]]],[[[134.0102339120781,34.18933065982227],[134.15267470797653,34.11345633120899],[134.54041579684372,34.012698732332034],[134.60976699313278,33.898578248933596],[134.5647535653984,33.841346345857424],[134.51912978610153,33.65081747622852],[134.38769057711716,33.54264410586719],[133.9985914560234,33.14826925845508],[133.91749099215622,33.24331625552539],[133.72689345797653,33.37623556704883],[133.51652053317184,33.39485128970508],[133.24097732028122,33.299056611970705],[133.1541548105156,33.21636541934375],[133.04386428317184,32.99394568057422],[132.96967605074997,32.765262208894534],[132.9006910653984,32.66990240664844],[132.69875625094528,32.54885824771289],[132.56757644137497,32.63746603579883],[132.46705153903122,32.75788076968555],[132.4218550058281,32.929183565095705],[132.34257033785934,33.10677298159961],[132.12111953219528,33.34754904361133],[132.44994643649216,33.51961477847461],[132.57937148532028,33.64049490542774],[132.78431228121872,33.90752371402149],[132.9686842294609,33.793643556550784],[133.24547866305466,33.80055960269336],[133.46291640719528,33.883521638826174],[133.6030073495781,34.03615912051563],[133.8056440683281,34.17622336001758],[134.0102339120781,34.18933065982227]]],[[[130.44396499117966,32.2839313373125],[130.48116591891403,32.34749945254688],[130.49653151949997,32.557017885164065],[130.25739577731247,32.91203650088672],[130.1075239511406,32.93077810855274],[130.03458693942184,32.810000978425784],[129.84591201266403,32.587421022371096],[129.73372939547653,32.637984834626955],[129.63033584078903,32.86631353946094],[129.4608717294609,32.9865795001543],[129.34337905367966,33.15138968081836],[129.52804091891403,33.297774873689455],[129.8582563730156,33.26036795230274],[130.17615798434372,33.33719976992969],[130.31766799410934,33.54698904605274],[130.4265699716484,33.674171052888674],[130.64440444430466,33.70000036807422],[130.8594770761406,33.675059877351565],[130.97111037692184,33.50388678164844],[131.0925093027031,33.427962861970705],[131.28603652438278,33.390262208894534],[131.56875136813278,33.48606451602344],[131.66982558688278,33.30853231997852],[131.4135542245781,33.111217103914065],[131.59562209567184,33.003665529207034],[131.79528335055466,32.80728491397266],[131.8309889169609,32.69308813662891],[131.56299880465622,32.432246767],[131.45362380465622,32.247928224519534],[131.40685561617966,32.082774721101565],[131.36873916110153,31.803355775789065],[131.31928542574997,31.51120527835254],[131.2106275888359,31.35226973147754],[131.12311843356247,31.30763777346973],[131.04879287203903,31.275754533723635],[130.95968154391403,31.193025194124026],[130.74401381930466,30.887834154084963],[130.57931045016403,30.906545244172854],[130.5541334482109,30.9699779376543],[130.6745405527031,31.211490236238284],[130.73246291598434,31.478250108674807],[130.58191970309372,31.528737626985354],[130.47443679293747,31.439628206208987],[130.4043989511406,31.229978166536135],[130.23293593844528,31.026460252717776],[130.08626845797653,31.121388994172854],[130.0601148935234,31.216558061555666],[130.20514968356247,31.426370225862307],[130.21932509860153,31.559724412874026],[130.05887893160934,31.972062669709963],[130.1349439950859,32.02300222964649],[130.44396499117966,32.2839313373125]]]]}},{"type":"Feature","properties":{"NAME":"Paleo-Siberian hunter-gatherers","ABBREVN":"Paleo-Siberian hunter-gatherers","SUBJECTO":"Paleo-Siberian hunter-gatherers","BORDERPRECISION":1,"PARTOF":"Paleo-Siberian hunter-gatherers","polity_id":"roman_peak:paleo_siberian_hunter_gatherers","name":"Paleo-Siberian hunter-gatherers","ISO_A3":"PALEOSIBERIA","ADM0_A3":"PALEOSIBERIA","ADMIN":"Paleo-Siberian hunter-gatherers","fill_colour":"#752f68","border_precision":1},"geometry":{"type":"MultiPolygon","coordinates":[[[[75.85638492783956,61.42677903286463],[98.45947004862771,69.79094730127832],[105.40307092131953,72.748726095192],[105.60022262047077,72.74426611538591],[106.08698562095906,72.8553958761281],[106.50154403160359,73.06131323452654],[107.24994185875202,73.13382300015154],[107.80428603599812,73.1427722799367],[108.74962905357624,73.26322516079607],[109.59518722008015,73.39159735317888],[109.99058822105671,73.43995245571794],[110.44228652427937,73.56786688442888],[110.40001967857624,73.74287756558122],[110.17844680259968,73.79822119351091],[110.16323378990437,73.83008917446794],[110.28963759849812,73.9420657980031],[110.55127242515827,74.03844793911638],[110.94413283775593,73.94327124233904],[111.21531203697468,73.76829870815935],[111.49485305259968,73.74487646694841],[111.76165297935749,73.65779455776872],[112.09338668297077,73.63455542202654],[112.47680190513874,73.65914496060076],[112.99697402427937,73.779567323882],[113.22158339927937,73.74810370083513],[113.30773452232624,73.61295660610857],[113.31173995445515,73.38266333218279],[113.54699233482624,73.20093115444841],[114.1866789192989,73.55099829312029],[114.9341154427364,73.56032141323747],[115.61149123619343,73.62520178433122],[116.67113784263874,73.61922796841326],[117.53464797447468,73.54927404995622],[117.91884902427937,73.53409155483904],[118.46038344810749,73.51922949429216],[118.33846572349812,73.18611487026872],[118.49779799888874,73.03624304409685],[119.41744521568562,72.96692999478044],[119.79856399009968,72.91246374722185],[120.11277297447468,72.88152655239763],[120.57851699302937,72.83511694546404],[121.69950393150593,72.9002185689992],[122.24328139732624,72.90912207241716],[122.88243392418171,72.75281103726091],[123.51475051353718,73.17200811978044],[123.44220260093952,73.33018835659685],[123.42497542808796,73.43322332974138],[123.40985396812702,73.48077734585466],[123.5007008987776,73.50494943844788],[124.54383390453704,71.58610355723228],[130.86731605142418,69.90104204211539],[155.89216029229675,68.16901029658281],[168.13549806605704,67.45778023799447],[171.76813674618367,65.85917681241212],[172.4408476128738,63.07842210456581],[169.48091979943723,61.192640399715565],[170.34409823134902,60.27960975244485],[170.3368025154903,60.27710302944841],[170.26842788170123,60.14513739224138],[170.27305129478717,60.01343115444841],[170.06013015220904,59.881801210600756],[169.87749770591998,59.8745609151906],[169.61364272545123,60.01220282192888],[169.53161147545123,60.12989386196794],[169.45571425865435,60.29626806851091],[169.15412429283404,60.43464239712419],[168.67075637291217,60.45457800503435],[168.2109022469356,60.432860933501146],[167.68961623619342,60.35544928188982],[167.10398391197467,60.27102621670427],[166.8684187264278,60.17341574307146],[166.2685194344356,59.833278261382006],[166.02721694420123,59.70872076626482],[165.94497207115435,59.77061041470232],[166.20342544029498,60.35263785000505],[165.95633986900592,60.31051596279802],[165.7799940438106,60.35411413784685],[165.41538527916217,60.11518820400896],[165.11359694908404,60.03144034023943],[164.93296340416217,59.96187552090349],[164.88157180259967,59.73413809414568],[164.5846052498653,59.66465338345232],[164.4419050545528,59.74018820400896],[164.32805922935748,59.96072729702654],[164.11052993248248,60.07820852871599],[163.64969924400592,59.79202231045427],[163.76682570884967,59.88375815029802],[163.51627639244342,59.85569342251482],[163.3886823983028,59.81406363125505],[163.10639480064654,59.57917364712419],[163.04290297935748,59.462001405913256],[163.09977248619342,59.35886725063982],[163.25451186607623,59.29037436123552],[162.8352156014278,59.055907808501146],[162.75344375084185,58.96646460171404],[162.90740493248248,58.891280733305834],[162.61590102623248,58.732963167387865],[162.22001174400592,58.48553045864763],[161.93841079185748,58.25918539639177],[161.80436232994342,58.1017223226613],[161.7999372811153,57.86273535366716],[161.9892225594356,57.71985205288591],[162.20365432213092,57.67936285610857],[162.82566359947467,57.700980745512865],[163.0783796639278,57.62649878140154],[163.12783339927935,57.55162390347185],[162.93203261802935,57.37424048062029],[162.5932722420528,57.169540010649584],[162.51240066002154,57.033492647368334],[162.61281875084185,56.802882753569506],[162.74430373619342,56.59970816250505],[163.09797194908404,56.55972632046404],[163.17226699302935,56.383815370757006],[163.16599563072467,56.106498323637865],[163.00907424400592,55.94406851406755],[162.77128127525592,55.91659506436052],[162.55463698814654,56.01072271938982],[162.54719069908404,56.10531576748552],[162.72187331627154,56.34234961147966],[162.5218153328731,56.34873541470232],[162.31757644127154,56.24010046597185],[161.86132338951373,55.86087378140154],[161.60943129966998,55.55691488857927],[161.50274184654498,55.287372194487475],[161.64737990806842,54.985091768462084],[161.93853286216998,54.84510000820818],[162.00820449302935,54.73822363491716],[161.8758650154903,54.56412848110857],[161.5666151375606,54.42324026699724],[161.1363630623653,54.40906866665544],[160.83759597252154,54.448566042143725],[160.68291762779498,54.4482799398488],[160.4043073983028,54.36758764858904],[160.02738479088092,54.15326651211443],[159.93114760826373,54.086356722075365],[159.69506362388873,53.85922583218279],[159.63321975181842,53.70584448452654],[159.68349746177935,53.579433046538256],[159.90476516197467,53.40018042202654],[159.9220838875606,53.300468050200365],[159.8968611092403,53.24057730313005],[159.5917616219356,53.133624635893725],[159.31981948326373,53.12647207852068],[158.78814223716998,52.95936545010271],[158.46136001060748,52.82596167202654],[158.43166640709185,52.71308477993669],[158.4623670906856,52.58713873501482],[158.38950637291217,52.2026859151906],[158.2580213875606,52.01712378140154],[157.89777663658404,51.66602285977068],[157.20952895591998,51.229003511626146],[156.82464126060748,51.00411947842302],[156.6963758797481,50.957748018462084],[156.5637312264278,51.234359346587084],[156.4746961922481,51.603820406157396],[156.36185744713092,51.914237581450365],[156.33323195884967,52.27155645962419],[156.17524245689654,52.60925634976091],[156.0380964608028,52.78148993130388],[155.94184401939654,53.193080507475756],[155.71079543541217,53.80493887539568],[155.70746901939654,54.06495245571794],[155.6380720467403,54.3184085714406],[155.63018325279498,54.465350710112475],[155.58306411216998,54.55207403774919],[155.46520522545123,54.91977270718279],[155.45347121666217,55.27581366177263],[155.50568679283404,55.63962133999529],[155.6275739998653,56.26791723843279],[155.70299819420123,56.36959799404802],[156.23583510826373,56.756827913481615],[156.5578718514278,56.94747122402849],[156.81467727134967,57.26057013149919],[156.8776502938106,57.36274298306169],[156.8394880623653,57.50565680142107],[156.77685073326373,57.58045538540544],[157.51116469810748,57.74545248623552],[157.96169570396685,57.88275869961443],[158.3262586922481,58.026820741850756],[159.10428908775592,58.424884401518725],[159.39269545982623,58.610351167876146],[159.58628371666217,58.80267675991716],[159.64911941002154,58.95374640103044],[160.45193007896685,59.35388907070818],[160.8442488045528,59.554244600493334],[161.5352430672481,59.9416881429738],[161.70084670494342,60.07350882168474],[161.81792739341998,60.2679935323781],[162.38112929771685,60.46357306118669],[163.32929519127154,60.69494970913591],[163.44480422447467,60.89026602383318],[163.79265883873248,61.128192506987475],[163.83137038658404,61.23308905239763],[163.57572463463092,61.330470644194506],[163.94228652427935,61.73741491909685],[163.92588332603717,61.955001436430834],[164.00829604576373,62.1308971273488],[164.27720168541217,62.22288092251482],[165.05478957603717,62.25954397793474],[165.28571608970904,62.2881351339406],[165.06716445396685,62.435687624174975],[164.13767531822467,62.532653413969896],[163.81841567466998,62.489738069731615],[163.34025100181842,62.411300264555834],[162.9902448983028,62.32608374233904],[163.00915053795123,62.17827948208513],[162.71056655357623,61.76318701382341],[162.7668562264278,61.67209967251482],[162.74877456138873,61.60898550625505],[162.45061782310748,61.559379183012865],[162.2352400154903,61.5099254476613],[161.5357771248653,61.1868167745656],[160.6449842781856,60.71775396938982],[160.11884597252154,60.563624941069506],[160.00710586021685,60.59125097866716],[160.0769911141231,60.7375865804738],[160.23559096763873,60.94700964565935],[159.8155165047481,60.98108252163591],[159.74351027916217,61.099635683257006],[159.85686782310748,61.30249746914568],[160.0562391609981,61.51285132046404],[160.14934829185748,61.66016729946794],[160.1182508797481,61.75127752896013],[159.96580031822467,61.765040956694506],[159.45463088463092,61.56075247402849],[159.23105910728717,61.546310030180834],[159.10642531822467,61.70729025479021],[158.84125808189654,61.78396948452654],[158.11835769127154,61.719474397856615],[157.52826980064654,61.66927298184099],[157.0979872078731,61.63339956875505],[156.82523635338092,61.56281241055193],[156.42315200279498,61.40100439663591],[156.38117507408404,61.20508154507341],[156.41843703697467,61.121329866606615],[155.85076430748248,60.88296850796404],[155.66668227623248,60.778041444975756],[155.7338972420528,60.55536612148943],[155.15180495689654,60.39435156460466],[154.6933241219356,60.199019991118334],[154.31565383384967,59.98334845181169],[154.09215835045123,59.775878511626146],[153.94297316978717,59.56882818813982],[153.9444685311153,59.39667852993669],[154.18178847740435,59.30077704067888],[154.75280288170123,59.28121908779802],[154.87804702232623,59.15770300503435],[154.9058943123653,59.102767549712084],[154.38708022545123,59.03995092983904],[153.92443374107623,58.922347627837084],[153.45414260338092,58.94891699429216],[153.13988784263873,59.010123811919115],[152.96824172447467,58.99606665249529],[152.8283338875606,58.947738252837084],[152.50420669029498,58.76871832485857],[152.1912489266231,58.9259410726613],[151.69065383384967,58.75345953579607],[151.35448745201373,58.691119753081225],[151.13540175865435,58.73182638760271],[151.00748732994342,58.79334219570818],[151.05617812584185,58.923812471587084],[151.39268020103717,58.97937353726091],[151.78330520103717,59.03504904385271],[151.8572645516231,59.055812441069506],[151.52360061119342,59.34394415493669],[151.14020827720904,59.43957098599138],[150.6634168953731,59.4318004476613],[150.2786512703731,59.36224707241716],[150.12006667564654,59.3894534933156],[149.7295790047481,59.595328890044115],[149.38030532310748,59.60845526333513],[149.04528335045123,59.58715399380388],[148.72844985435748,59.476337038237475],[148.7472029061153,59.29743155117693],[148.63029006431842,59.19402655239763],[148.41608718345904,59.09739264126482],[148.10282424400592,59.20679815884294],[147.91918471763873,59.261474214751146],[147.35222915123248,59.23288687344255],[146.99962905357623,59.19095953579607],[146.70640090416217,59.22479590054216],[146.30735305259967,59.28595312710466],[146.0539656014278,59.25107153530779],[146.02347854088092,59.19599493618669],[145.95696547935748,58.98285635586443],[145.65258315513873,58.97540625210466],[145.51279738853717,59.03694876309099],[145.49566176841998,59.20875128384294],[145.4041395516231,59.32550390835466],[144.84569838951373,59.283195100981615],[144.38981154869342,59.309859834868334],[143.82409194420123,59.29501303311052],[143.30285170982623,59.2665286886281],[142.92681411216998,59.27957113857927],[142.84585097740435,59.27252539272966],[142.35776809166217,59.140956484038256],[141.9238386483028,58.94089468594255],[141.5908308358028,58.727531038481615],[141.34955886314654,58.50086554165544],[140.99425795982623,58.39063223477068],[140.58739760826373,58.239310823637865],[140.4998426766231,58.17075689907732],[140.02874282310748,57.64412649746599],[139.2938337654903,57.33617743130388],[138.86675551841998,57.12446554775896],[138.34592727134967,56.80420645352068],[137.6019392342403,56.240348421294115],[137.2290907234981,55.98272284146013],[136.52126601646685,55.5898929464406],[136.1193952889278,55.420646272856615],[135.2695417733028,55.02874334927263],[134.98522475670123,54.853934847075365],[134.89373305748248,54.71992453213396],[134.90200332115435,54.55941732998552],[135.09450820396685,54.432784639555834],[135.31255629966998,54.413165651518725],[135.72582534263873,54.4072643148488],[136.1964216561153,54.47499807949724],[136.49160293052935,54.4554935323781],[136.34353164146685,53.88782843228044],[136.35065749595904,53.70121344204607],[136.48705581138873,53.65484198208513],[136.77021316002154,53.695357881743334],[137.0406599373653,53.862479768950365],[137.38286879966998,53.809806429106615],[137.32575515220904,53.74305685635271],[137.12172988365435,53.58943899746599],[137.07131484459185,53.48947104092302],[137.23923781822467,53.45651587124529],[137.97939589927935,53.464583955962084],[138.23403457115435,53.571586214262865],[138.40946486900592,53.80512198086443],[138.41680434654498,54.091910921294115],[138.76041701744342,54.08589132900896],[139.05166152427935,54.08645971890154],[139.37804702232623,54.08039435024919],[139.8059187264278,53.961146913725756],[140.10245803306842,53.80170401211443],[140.3212995858028,53.53564795132341],[140.70232680748248,53.27686270352068],[140.89365676353717,53.197433077055834],[141.12119582603717,53.05163153286638],[141.08967116783404,52.98512228604021],[140.82819655845904,52.825248323637865],[141.03197768638873,52.726073824126146],[141.0472980268994,52.68965608140495],[134.8699457082304,52.00920268938546],[127.33558400130104,49.977254198409234],[119.93576446770969,51.257643821866914],[116.70675230759709,54.659373183217475],[114.0159088408366,59.54672904426065],[107.9615110406255,59.8183896994711],[99.48535412032993,55.65854236961009],[99.53745541241915,55.2811223478262],[93.70004066679506,56.48455609390737],[78.36223290626025,56.41019430623805],[65.31164209247186,55.04663307077481],[59.189973205591734,56.41019430623805],[59.09429166962169,56.4318399506882],[62.80579411405116,56.95520024672745],[75.85638492783956,61.42677903286463]]]]}},{"type":"Feature","properties":{"NAME":"Saami","ABBREVN":"Saami","SUBJECTO":"Saami","BORDERPRECISION":1,"PARTOF":"Saami","polity_id":"roman_peak:saami","name":"Saami","ISO_A3":"SAAMI","ADM0_A3":"SAAMI","ADMIN":"Saami","fill_colour":"#6e9c35","border_precision":1},"geometry":{"type":"MultiPolygon","coordinates":[[[[25.195617809103457,65.26795101619156],[25.25150779197956,65.41688879604997],[25.103611978991278,65.54012640591326],[24.591139826281317,65.58278235073747],[24.214800867541083,65.78590735073747],[23.947732004626044,65.7966800558156],[23.844082865221747,65.79847296353044],[23.405688318712958,65.72483404751482],[23.204020533068427,65.68075140591326],[22.798161539538153,65.85482367153826],[22.645554575426825,65.93478735562029],[22.48980239341999,65.88341864224138],[22.201569590075263,65.71528967495622],[21.95748237083698,65.44573553677263],[21.818726572497138,65.38013800259294],[21.52232840965534,65.37231024380388],[21.27734664390827,65.21227606411638],[21.423712763293036,65.10388525601091],[21.48944953392292,65.0171619283742],[21.329442057116278,64.89435156460466],[20.92119315574909,64.71382483120622],[21.064322504503973,64.59199865933122],[21.237046274645575,64.52054175015154],[21.385829004748114,64.38455542202654],[21.048895868761786,64.2191654073781],[20.873273399290944,64.03282247139006],[20.866480860216864,64.02561529751482],[20.70065978477741,63.81812628384294],[19.9848852486446,63.51726873989763],[19.670275721056708,63.388541780669115],[19.465012583239325,63.480704866606615],[19.318224939806708,63.44482763882341],[19.075926813586005,63.202498995024584],[18.784991297228583,63.13801153774919],[18.486624750597723,62.98124273892107],[18.388949427111395,62.85337408657732],[18.30319121788288,62.78942450161638],[17.967440638048895,62.774623476225756],[17.868168863756903,62.788619600493334],[17.93625548790241,62.54800375576677],[17.831948146514197,62.4565467286232],[16.57373980077234,62.52498200836979],[15.43013132739913,61.86605293654498],[11.528408300596416,61.89775715387968],[10.155425240070853,64.09932165034176],[10.739846262438544,64.38617285366716],[10.890596422655829,64.47251471157732],[10.996618303759345,64.49424322720232],[11.213500055773505,64.41573675747576],[11.364055666430243,64.41601904507341],[11.507721933825263,64.51671942349138],[11.406536135180243,64.61703833218279],[11.469941172106513,64.67464026089372],[11.689727816088446,64.77565344448747],[11.895566973192938,64.91273077603044],[12.112141642077216,65.12991675015154],[12.222211870653876,65.1011463033742],[12.526453051073798,65.10895117397966],[12.496170076830634,65.3844714986867],[12.28408721397663,65.4348865377492],[12.479218515856513,65.61703070278826],[12.709057840807684,65.90887793179216],[13.087389025194891,65.88041266079607],[13.108799013598212,66.0337406026906],[13.151907000048407,66.13612707729997],[13.58100989769245,66.18811377163591],[13.402801546557196,66.34881933804216],[13.255395922167548,66.39254339810076],[13.168647798998602,66.45833929653826],[13.242076906664618,66.5685306417531],[13.383193048937567,66.67895086880388],[13.592026743395575,66.65732153530779],[13.991646799547919,66.68745764370622],[13.747189554674872,66.92240484829607],[13.859066996081122,66.95944555874529],[14.054739031298407,66.9745593893117],[14.373078379137763,67.09309729214372],[14.639268908007391,67.12311133022966],[14.777660402758368,67.21653326626482],[14.616473230822333,67.2452655660695],[14.569208178026923,67.32934149380388],[14.69914725731159,67.37438543911638],[14.976157221300848,67.52293738003435],[15.226662668688544,67.50855597134294],[15.38450339744831,67.46444281216326],[15.579943689806708,67.58331640835466],[15.745667490465888,67.59729345913591],[15.761817965014227,67.67628821011247],[15.572235140307196,67.82069738979997],[15.854214701159247,67.92523535366716],[15.91974166343952,68.04896887417497],[16.071057352526434,68.04467352505388],[16.232728037340888,67.91109045620622],[16.411614450915106,67.87424811001482],[16.648547205431708,68.04574926968279],[16.521903070910223,68.34090002651872],[16.71914008568073,68.31135901089372],[17.03327468345905,68.33763464565935],[17.12642005394245,68.41608008022966],[16.854756388170966,68.55778082485857],[17.039734873278388,68.65852697964372],[17.406914743883856,68.77154120083513],[17.448914560778388,68.88699682827654],[17.565863642199286,68.97436865444841],[17.894713434679755,69.03507574673357],[17.928147348864325,69.0050769674367],[18.051545176012763,69.027858339507],[18.09735396812702,69.05800207729997],[18.31905272911335,69.35937842007341],[18.553240808947333,69.2468753683156],[18.98484519432331,69.31544073696794],[19.17015555809284,69.25552710171404],[19.289172205431708,69.21058996792497],[19.57997992943073,69.1810565816945],[19.821213755114325,69.36973150845232],[20.157650980456122,69.747829042632],[20.286376032336005,69.78590735073747],[20.358317408068427,69.71038397427263],[20.278164896471747,69.58179052944841],[20.196503672106513,69.31769140835466],[20.552685770495184,69.52190741177263],[20.733939203722723,69.77918585415544],[21.102726969225653,69.81769140835466],[21.41196349571491,70.01541479702654],[21.608561548693427,69.96254309292497],[21.908072504503973,69.80404242153826],[22.163310083849677,70.09311255093279],[22.306448969347723,70.21561773892107],[22.74557403038288,70.1706043111867],[23.203606638415106,69.9427753316945],[23.292468103869208,70.01129492397966],[23.508408579333075,70.27907141323747],[23.827288660509833,70.47883947964372],[23.954854044420966,70.50205572720232],[24.207715067370184,70.47186621304216],[24.35961440513874,70.61029394741716],[24.570508036120184,70.7413822042531],[24.849038156969794,70.82660254116716],[25.389031443102606,70.90462835903826],[25.83205512474323,70.89776190396013],[25.230692896349677,70.55818518276872],[25.122424158556708,70.43524511929216],[25.074080500109442,70.14438208218279],[25.26302436302448,70.10654791470232],[25.574040445788153,70.3671375143117],[26.2627172798946,70.79074438687029],[26.60651687095905,70.9146228658742],[26.619105371935614,70.79908331509294],[26.617423090441473,70.39204748745622],[26.93435004661823,70.4692874776906],[27.131081614001044,70.5770755636281],[27.516011270983466,70.97030981655779],[27.947543177111395,71.01741369839372],[28.211159739001044,71.01790960903826],[28.30841353843952,70.94864996548357],[28.136439356310614,70.83272894497576],[27.985291513903388,70.71700628872576],[28.01892951439167,70.60945471401872],[27.875399622423895,70.42505987759294],[28.289725336535223,70.37221106167497],[28.388907465441473,70.57175024624529],[28.794812235338934,70.864772402007],[28.98433783958698,70.85741003628435],[29.741230997545966,70.60498388882341],[30.04143813560749,70.5441394674367],[30.461960825426825,70.53725012417497],[30.754202875597723,70.43041571255388],[30.798840555651434,70.30796393032732],[30.251879724962958,70.13114508267107],[29.734896692736395,70.1148944723195],[28.730080637438544,70.13592871304216],[28.81709388206745,70.09791906948747],[29.08001998375202,69.9612308370656],[29.55593207786823,69.8334003316945],[29.728575739367255,69.69756659146013],[30.055806192858466,69.72085913296404],[30.361294779284247,69.76681097622576],[30.735358271105536,69.75236090298357],[31.05378249595905,69.63959082241716],[31.33127501915241,69.66276129360857],[31.782200846178778,69.77701910610857],[32.07155898521687,69.8834949361867],[32.07601073692585,69.8153568136281],[32.190562281115305,69.64171179409685],[32.35172561119343,69.51367529507341],[32.59630874107624,69.42361792202654],[33.00963118980671,69.38669165249529],[33.28056624840046,69.34201391812029],[33.31560042808796,69.07128485317888],[33.628375086291086,69.21468695278826],[33.81804564903523,69.19247778530779],[34.30514815758015,69.1708255636281],[34.698889765246165,69.16405066128435],[34.93413833091999,69.149440370757],[35.43655303428913,69.15035589810076],[36.01827910850788,69.023707948882],[37.24586394737507,68.79349859829607],[37.68857863853718,68.62961157437029],[38.406443628771555,68.24269446011247],[38.66845229576374,68.14634283657732],[39.33470824669148,68.0359378683156],[39.91807082603718,67.9403797018117],[40.826052698595774,67.66004522915544],[40.973391565783274,67.5343738424367],[40.9508276314571,67.33465918179216],[41.01687148521687,67.20186194058122],[41.20882705162312,67.06946142788591],[41.25529769371296,66.93697699185076],[41.14697173546101,66.78226812954607],[40.83637908409382,66.56139715786638],[40.34514907310749,66.31864508267107],[39.977522882921946,66.20091589565935],[39.19002822349812,66.03870733853044],[38.78211120079304,66.00145300503435],[38.047869715197336,66.0073734151906],[37.42243102501179,66.0938220846242],[36.505225214464915,66.17248877163591],[35.771746668322336,66.25886877651872],[35.16772368858601,66.41150244351091],[34.15295318077351,66.62963446255388],[33.6512785286739,66.6801029073781],[33.43749144981648,66.70173987026872],[33.157725367052805,66.9144779073781],[32.990950617296946,66.987819277007],[32.64433959434773,67.04610022183122],[32.21943572471882,66.99374731655779],[32.3578214974239,66.92032965298357],[32.424727472765696,66.89102514858904],[32.75353911827351,66.64904364224138],[32.970862421496165,66.58338507290544],[33.469668421252024,66.31309851284685],[33.844214472277415,66.18213995571794],[34.258494410021555,66.10982855435076],[34.54369643638874,66.00083502407732],[34.726172480089915,65.79697760220232],[34.72611897050977,65.78029310527337],[25.195617809103457,65.26795101619156]]]]}},{"type":"Feature","properties":{"NAME":"Finno-Ugric taiga hunter-gatherers","ABBREVN":"Finno-Ugric taiga hunter-gatherers","SUBJECTO":"Finno-Ugric taiga hunter-gatherers","BORDERPRECISION":1,"PARTOF":"Finno-Ugric taiga hunter-gatherers","polity_id":"roman_peak:finno_ugric_taiga_hunter_gatherers","name":"Finno-Ugric taiga hunter-gatherers","ISO_A3":"FINNOUGRICTA","ADM0_A3":"FINNOUGRICTA","ADMIN":"Finno-Ugric taiga hunter-gatherers","fill_colour":"#8920d5","border_precision":1},"geometry":{"type":"MultiPolygon","coordinates":[[[[25.195617809103457,65.26795101619156],[34.72611897050977,65.78029310527337],[34.725588831408274,65.61499365444841],[34.60118773887898,65.48392828579607],[34.293414148791086,65.39624365444841],[34.332015070421946,65.3455081808156],[34.425662073595774,65.10652502651872],[34.772864374621165,64.68222387905779],[34.814768824084055,64.45981939907732],[34.88461211632038,64.3667713033742],[35.081763300402415,64.28833349819841],[35.62327102134968,64.2535663473195],[36.01547149132038,64.19702490444841],[36.23997024009968,63.91862066860857],[36.42062285850788,63.87610205288591],[36.98754027794148,63.841483675200365],[37.24650863121296,63.784877382475756],[37.410540613634836,63.749496065337084],[37.59146026085163,63.806937776762865],[37.94491866539265,63.850394808012865],[38.054080042345774,63.98631628628435],[38.05385878990437,64.12927588101091],[37.87985518883015,64.30789526577654],[37.668128046496165,64.3433109151906],[37.46328643272663,64.29996069546404],[37.26195052574421,64.3138919698781],[36.996741327746165,64.40655859585466],[36.56850722740437,64.7645755636281],[36.88390639732624,65.0676990377492],[37.10194304893757,65.06812628384294],[37.60409453819538,64.85277136440935],[38.25292113731648,64.70306738491716],[39.19344237755085,64.5110355245656],[39.62159636925007,64.47596319790544],[39.99705031822468,64.54121740933122],[40.32217315147663,64.46293219204607],[40.43979171226765,64.56356390591326],[40.46206191490437,64.75027807827654],[40.365950617296946,64.85792883511247],[39.979388269884836,65.15314062710466],[39.823103937609446,65.43561133022966],[39.9513273567989,65.58116491909685],[40.036868128283274,65.60313757534685],[40.681407007677805,65.79355963345232],[41.35424712608601,65.95517309780779],[41.62328246544148,66.06516607876482],[42.1334448189571,66.3878894674367],[42.21078780601765,66.41000708218279],[42.41852477501179,66.38109930630388],[43.241431269152415,66.25089605923357],[43.87621978233601,66.01096686001482],[44.02943328331257,66.01124914761247],[44.052840265734446,66.04050024624529],[44.12211135338093,66.2671619283742],[44.383608850939524,66.61201819058122],[44.36195281456257,66.90596350308122],[44.21916488121296,67.08982428188982],[43.83810714195515,67.16285284634294],[43.703597101671946,67.26593359585466],[44.21583465050007,67.71826513882341],[44.26107314537312,67.8296390401906],[44.16874984215046,68.09702643032732],[43.8221655220821,68.3273197042531],[43.85324386070515,68.46920355435076],[44.012026819689524,68.49190863247576],[44.66781142662312,68.38859137173357],[45.57964232872273,68.44253882046404],[45.8634367317989,68.3833499776906],[46.16195205162312,68.10819586392107],[46.439368280871165,67.90793951626482],[46.6340666146114,67.7005115377492],[46.16411498497273,67.67742498989763],[45.46258071373249,67.6390643941945],[45.092505487902415,67.54207953091326],[44.87120727012898,67.31241949673357],[44.95714095543171,67.23135717983904],[45.38563445518757,67.09937628384294],[45.715350183947336,66.84962805386247],[46.07677749107624,66.76208075161638],[46.40205291221882,66.71860083218279],[46.972640070421946,66.77846106167497],[47.5711889595821,66.8163104879445],[47.706187281115305,66.89010962124529],[47.822127375109446,67.11129339810076],[47.952918085558665,67.37729223843279],[48.08066085289265,67.56245764370622],[48.63532165001179,67.65238531704607],[49.18562987755085,67.83882483120622],[49.63012221763874,67.93619116421404],[50.49589827965046,68.1534686910695],[51.13895705650593,68.26639898892107],[51.83080962608601,68.40938147183122],[52.244875940783274,68.54455908413591],[52.33738234947468,68.33572729702654],[52.4626684517696,68.29867132778826],[52.719729456408274,68.35138281460466],[52.93876937340046,68.47117956753435],[53.00575164268757,68.6805683004445],[53.17943480919148,68.75574835415544],[53.50243285606648,68.81625708218279],[53.889117273791086,68.78699835415544],[53.808394464953196,68.60726507778826],[53.78207686851765,68.33842047329607],[53.3959074349239,68.30042608853044],[53.3161840767696,68.2332034933156],[53.316844019396555,68.13638647671404],[53.62573913048054,68.04768713589372],[53.85399154136921,68.08530005093279],[54.37974837730671,68.16070898647966],[54.57595733116413,68.16109045620622],[54.64846709678913,68.07191809292497],[54.752295526964915,68.04978521938982],[54.87719634483601,68.1095462667531],[54.99598601768757,68.20653113003435],[55.1264982552364,68.40060766812029],[55.335391077502024,68.48309668179216],[55.72289184044148,68.53610571499529],[56.1951017708614,68.56686743374529],[56.54026320884968,68.55256994839372],[57.02422622154499,68.44890936489763],[57.363692316515696,68.45701941128435],[57.52586654136921,68.49463995571794],[57.95919707725788,68.7047611105031],[58.40928939293171,68.83285864468279],[58.77038100670124,68.8560062276906],[59.19904998253132,68.77440985317888],[59.34587386558796,68.69986303921404],[59.06195739219929,68.4974857198781],[59.119788202746165,68.393092714507],[59.217661890490305,68.34854467983904],[59.50186065147663,68.28942450161638],[59.762347254259836,68.297389589507],[59.892046961291086,68.4020038473195],[59.92537597130085,68.58127173062029],[60.07908919761921,68.61895331021013],[60.51208404014851,68.58985479946794],[60.75627425621296,68.67254980679216],[60.93412307213093,68.81508215542497],[60.98595717857624,69.00259741421404],[60.36923507164265,69.46769293423357],[60.551714930041086,69.54342230435076],[60.84873488853718,69.71004065151872],[61.030039820177805,69.74060400601091],[61.30434707115437,69.73352392788591],[62.2812719673946,69.7051273214406],[62.85394957969929,69.61560400601091],[63.41231826256062,69.54873999233904],[63.92324355552937,69.45921667690935],[64.87299636314656,69.22766455288591],[65.35536483238484,69.18344458218279],[66.1254988045528,68.99715765591326],[66.58425429771687,68.88553961392107],[67.17168715904499,68.64709814663591],[67.64553669906512,68.4480727275933],[67.82653335045124,68.37205084438982],[68.21540358970906,68.20135077114763],[68.38463118980671,68.17933996792497],[68.48788741539265,68.22421606655779],[69.00261214683796,68.69536932583513],[69.10895064781452,68.83031042690935],[68.69183639000202,68.81454809780779],[68.51176742027546,68.83668097134294],[68.25765517662312,68.94111975308122],[68.09354690025593,69.13594397183122],[68.10592940758015,69.42932470913591],[67.77870467613484,69.55685003872576],[66.88444045494343,69.62308081265154],[66.79896834800984,69.74374731655779],[66.8280363411739,69.81937750454607],[66.9648542733028,69.95582159634294],[67.27720168541218,70.07055243130388],[67.38328841636921,70.13940008755388],[67.42175582359577,70.22343023892107],[67.39824202965046,70.59850653286638],[67.28530410240437,70.70580633755388],[66.7748136849239,70.73557623501482],[66.67020705650593,70.86613043423357],[66.81797316978718,71.10538061733904],[66.9796476692989,71.21384008999529],[67.15545180748249,71.22964819546404],[67.8225431771114,71.4166522848195],[68.31624892662312,71.63485296841326],[68.55076125572468,71.82196386929216],[68.81211379478718,72.09546240444841],[69.05668929527546,72.64471777554216],[69.34311202476765,72.83426245327654],[69.51156142662312,72.80304297085466],[70.21435836265827,72.73346289272966],[70.94033339927937,72.78995092983904],[71.66292098472859,72.83070715542497],[71.97577956627156,72.79976233120622],[72.45530227134968,72.82427557583513],[72.7139997811153,72.76958807583513],[72.85272506187702,72.64393194790544],[72.84480575035359,72.49460943813982],[72.65456679771687,72.11825903530779],[72.4983244271114,71.96181067104997],[71.89781478355671,71.58716162319841],[71.79755691002156,71.43180426235857],[72.13623336265827,71.27759131069841],[72.55498031090046,70.9772449361867],[72.67970565269734,70.823512636382],[72.7742033333614,70.45523413296404],[72.69588759849812,70.35557898159685],[72.43689254234577,70.18696936245622],[72.55148604820515,69.65626104946794],[72.52553084800984,69.06907995815935],[72.64349654625202,68.806911073882],[72.84616378258015,68.63523443813982],[73.30861190269734,68.5165515768117],[73.39412215660359,68.44205053921404],[73.39364913414265,68.38238867397966],[73.17524245689656,68.16592749233904],[72.98776534508015,67.79414709683122],[72.83769515465046,67.64564856167497],[72.48502639244343,67.43782385464372],[71.93047622154499,67.156276308257],[71.64714339683796,67.06732519741716],[71.39950087974812,66.94906958218279],[71.54405501793171,66.71412237759294],[71.34951308677937,66.66239508267107],[70.83993056724812,66.55140265103044],[70.12074569175984,66.7188220846242],[69.79152205894734,66.7549320089406],[69.35537246177937,66.73943670864763],[69.08476546715046,66.68753393765154],[69.17261031578327,66.5482898580617],[69.43512252281452,66.42423590298357],[69.76729873131062,66.32971533413591],[70.47356704185749,66.23597296353044],[70.98342421959187,66.2003894674367],[71.2595320076778,66.22281225796404],[71.79433730552937,66.15806158657732],[72.20881179283406,66.17345770474138],[72.42107680748249,66.3346668111867],[72.55741408775593,66.49599035854997],[73.16545394371296,66.64375647183122],[73.69016555259968,66.86506994839372],[73.81080916832234,66.99035223599138],[73.9845075936153,67.26336248989763],[74.35252669761921,67.40435370083513],[74.74171737144734,67.68622168179216],[74.77064803550984,67.84936865444841],[74.66936019371296,68.10174902554216],[74.39512923668171,68.34698828335466],[74.50497725914265,68.59347876187029],[74.61210921715046,68.63851507778826],[74.91630080650593,68.70638617153826],[75.53720382164265,68.77486761685076],[76.32775405357624,68.77634008999529],[76.66087630699421,68.67222174282732],[77.03982070396687,68.4637714254445],[77.10788253258015,68.11375006313982],[76.95493606041218,67.65331610317888],[77.09069350670124,67.52774389858904],[77.50477889488484,67.432399355132],[78.08904555748249,67.41131170864763],[78.47786239097859,67.478541933257],[78.53574660728718,67.61183508511247],[78.3045759529903,67.69286688442888],[77.94601729820515,67.77371557827654],[77.68886092613484,67.75840338345232],[77.48322585533406,67.802516542632],[77.51418593834187,67.97325476284685],[77.97751906822468,68.14512213345232],[78.00718215416218,68.25683935757341],[77.90906051109577,68.32369574185076],[77.83420089195515,68.4727054464406],[77.63582900474812,68.81619604702654],[77.40597823570515,68.9356189596242],[77.02994826744343,68.97991522427263],[76.53798964927937,69.0840564596242],[76.17751601646687,69.13594397183122],[75.59802535484577,69.21000250454607],[75.18864730308796,69.12659796353044],[74.90170577476765,69.0810047018117],[74.31795791099812,69.16254004116716],[73.91452315758015,69.15427740688982],[73.90792373131062,69.27452429409685],[73.65407851646687,69.75646551724138],[73.79099563072468,70.05221136685076],[74.1222257942989,70.36587866421404],[74.24957564781452,70.5729480611867],[74.18918899009968,70.67260321255388],[73.69797042320515,71.14139898892107],[73.2706632942989,71.372584902007],[73.21685317466999,71.45773657437029],[73.59136489341999,71.7068591939992],[74.13715651939656,71.75452765103044],[74.58655074547077,71.87217291470232],[74.9211531014278,72.02874334927263],[74.99873641441609,72.13043554897966],[75.0745954842403,72.42029150601091],[75.01610854576374,72.71876867886247],[75.11987594078327,72.68748053188982],[75.40757277916218,72.66441687222185],[75.6173429817989,72.62549170132341],[75.66617873619343,72.41353949185076],[75.58253768394734,72.17061956997576],[75.29658034752156,71.89686926479997],[75.22127059410359,71.64770849819841],[75.28428939293171,71.44608648892107],[75.45202926109577,71.32248266812029],[75.67058852623249,71.1991229879445],[76.29318526695515,71.13853033657732],[77.00164321373249,71.06264074917497],[77.73619368980671,71.02547796841326],[78.10473159263874,70.84130438442888],[78.24920943687702,70.83387335415544],[78.60852340172077,70.8499256002492],[78.37160018394734,71.25054510708513],[78.13690474937702,71.3739276754445],[77.28489974449421,71.41880377407732],[76.86612990806843,71.4490238058156],[76.60715011070515,71.518336855132],[76.33285811851765,71.71974524136247],[76.4566984505489,71.86785467739763],[77.07490066002156,71.8923831808156],[77.27492812584187,71.81488379116716],[77.78991988609577,71.77691229458513],[78.12636855552937,71.84759863491716],[78.08573440025593,72.17527350063982],[78.26955703209187,72.2147479879445],[78.64725783775593,72.2623782980031],[79.22255996177937,72.2712894308156],[79.7031584114864,72.17827948208513],[80.33872512291218,72.0076404439992],[80.82826522300984,71.76702459927263],[81.42526534508015,71.61268194790544],[81.67136672447468,71.57430609341326],[82.49135116050984,71.56809576626482],[82.81835463951374,71.64632757778826],[82.88012221763874,71.49126776333513],[82.52887252281452,71.32020147915544],[82.21532729576374,71.20361670132341],[82.10357192466999,70.85644110317888],[82.04561141441609,70.41893347378435],[82.19571975181843,70.3579822408742],[82.50152877281452,70.7111316549367],[82.67546370933796,70.84212835903826],[82.80373671959187,70.81927832241716],[83.07590774009968,70.58175238247576],[83.03633407066609,70.24492987271013],[83.37072280357624,70.33726080532732],[83.67697432945515,70.46026190396013],[83.6571150154903,70.598170839507],[83.5709333748653,70.65170630093279],[83.50470260093952,70.81292303677263],[83.16804793785359,71.18223150845232],[83.25261977623249,71.28285559292497],[83.56109145591999,71.62442358608904],[83.2024259896114,71.82590826626482],[82.8546476692989,71.94214972134294],[82.43625930259968,72.0505863058156],[82.32062056968952,72.22227820034685],[82.02602675865437,72.24522741909685],[81.58525374840046,72.35400732632341],[80.98231795738484,72.44697912808122],[80.84419539879109,72.58019598599138],[80.87170699547077,72.8399921285695],[80.8288679451778,73.01351507778826],[80.46401503990437,73.31357916470232],[80.50051406334187,73.42474707241716],[80.62013534019734,73.49647101040544],[80.83822921226765,73.55255468960466],[81.87746718834187,73.6022220480031],[83.02044204185749,73.61229284878435],[83.97656539390827,73.66978796597185],[84.61605361412312,73.74268683071794],[84.82945540855671,73.59973486538591],[85.0014982552364,73.57619055386247],[85.38118270347859,73.69632300015154],[85.85619643638874,73.82476385708513],[86.49205306480671,73.8738284933156],[86.75694564293171,73.7865711080617],[86.32635024498249,73.63435705776872],[86.12352279136921,73.4511218893117],[86.90497115562702,73.55588873501482],[87.1396818489864,73.6040531026906],[87.56962874840046,73.77212866421404],[87.69079116295124,73.90001257534685],[87.54062179039265,74.09967383022966],[87.39396956871296,74.1794925558156],[86.97762587974812,74.29900702114763],[86.81353286216999,74.43529089565935],[86.81261733482624,74.53988226528826],[86.95832351158406,74.78206213589372],[87.48745253990437,74.96091803188982],[87.92226699302937,75.0598865377492],[89.28468612144734,75.46612127896013],[89.68456557701374,75.5082050191945],[89.79632857750202,75.52443274136247],[90.03131392906452,75.55852850552263],[90.88617232750202,75.60154303188982],[91.6346769661739,75.65272863979997],[92.6705427498653,75.76261480923357],[93.59205916832234,75.88084753628435],[94.30955031822468,76.07406958218279],[94.69433883140827,76.18358191128435],[95.4876814217403,76.16833075161638],[95.96726516197468,76.1692386495656],[96.13936904381062,76.08590277310076],[95.9818220467403,75.90201147671404],[96.65822890709187,75.85330542202654],[97.11641219566609,75.87083014126482],[97.6837263436153,75.95521887417497],[98.28865340660359,76.05653723354997],[98.71624282310749,76.07403906460466],[99.15855697105671,75.99971350308122],[99.46723464439656,75.96692236538591],[99.7794294686153,76.05931433315935],[99.8334074349239,76.2100330221242],[99.77360824058796,76.2853504049367],[99.98323348472859,76.43696936245622],[100.40739730308796,76.47143896694841],[100.83031753013874,76.45540960903826],[101.38946059654499,76.62499579067888],[101.11151412437702,76.8528552877492],[101.16646102379109,77.0057636129445],[101.6904630989864,77.2025867330617],[102.38966659019734,77.37482031460466],[103.39330581138874,77.5577884542531],[103.94659713218952,77.59216650601091],[104.39374068687702,77.56721838589372],[105.0625105233028,77.5685077535695],[105.44954207847859,77.44913824673357],[105.46972945640827,77.32931860562029],[104.78229049156452,77.14876898403826],[104.4851408333614,76.99502905483904],[104.70460799644734,76.92750128384294],[105.52814773033406,76.98001440640154],[106.24293807457234,76.91346319790544],[107.16025832603718,76.94913061733904],[107.24013045738484,76.89837225552263],[107.07137587974812,76.77097662563982],[106.53744033287312,76.56722601528826],[106.40403274009968,76.4322772848195],[107.29075149009968,76.43394812222185],[107.66595748375202,76.44307287808122],[107.77148726890827,76.40122564907732],[108.24447158287312,76.64641913052263],[108.85952285240437,76.64754828091326],[109.6564054817989,76.69128759976091],[109.94024947593952,76.63273199673357],[110.54772475670124,76.64229925747576],[111.42728713463093,76.56807287808122],[112.0571623177364,76.45135840054216],[112.58854964683796,76.25924261685076],[112.82231429527546,76.0588870870656],[113.14887526939656,76.05948980923357],[113.53300765465046,76.0936542379445],[113.7230329842403,75.86883886929216],[113.11340621422077,75.49444922085466],[113.22163680504109,75.43680914517107],[113.62504867027546,75.27267035122576],[112.57712844322468,74.88621100063982],[112.11134627769734,74.78037603970232],[111.58661941002156,74.73096045132341],[110.05470565269734,74.253688417632],[108.69690230797077,73.8194080221242],[108.33986190269734,73.69124182339372],[107.26554397056843,73.52222784634294],[106.20830825279499,73.25850256558122],[105.2788191170528,72.7515369283742],[105.40307092131953,72.748726095192],[98.45947004862771,69.79094730127832],[75.85638492783956,61.42677903286463],[62.80579411405116,56.95520024672745],[59.09429166962169,56.4318399506882],[53.92448387264525,57.601384527021416],[53.97646398874319,57.7086220534561],[46.105746848468755,57.7086220534561],[32.51698734132826,60.9322458642223],[29.018890834539626,61.77074313018303],[21.225993499342607,62.4179537846397],[21.200139078600653,62.43518408413591],[21.03372863243366,62.47729834194841],[21.061806711657294,62.61173590298357],[21.19480613182331,62.76068457241716],[21.48128417442585,62.888812624174975],[21.545966181261786,62.974059663969896],[21.494656595690497,63.123031221587084],[21.666478189928778,63.1873050558156],[21.95132354210163,63.13101538296404],[22.075043711169013,63.1028209554738],[22.292357477648505,63.20269354458513],[22.42877486656452,63.39496573086443],[22.475831064684638,63.601615511137865],[22.569018396837958,63.723014436919115],[22.704222712023505,63.58064230557146],[22.82553008507038,63.58087881680193],[23.130561750232243,63.78342849447229],[23.58028510521198,64.082057558257],[24.094035181505927,64.37656744595232],[24.470093759997138,64.635524355132],[24.931916269762763,64.81603582974138],[25.3250894875362,64.8023944723195],[25.35190490196491,64.93909796353044],[25.293414148791083,65.00389441128435],[25.132559809191473,65.07594641323747],[25.18612578819538,65.24265631313982],[25.195617809103457,65.26795101619156]]]]}},{"type":"Feature","properties":{"NAME":"Arctic marine mammal hunters","ABBREVN":"Arctic marine mammal hunters","SUBJECTO":"Arctic marine mammal hunters","BORDERPRECISION":1,"PARTOF":"Arctic marine mammal hunters","polity_id":"roman_peak:arctic_marine_mammal_hunters","name":"Arctic marine mammal hunters","ISO_A3":"ARCTICMARINE","ADM0_A3":"ARCTICMARINE","ADMIN":"Arctic marine mammal hunters","fill_colour":"#3acb57","border_precision":1},"geometry":{"type":"MultiPolygon","coordinates":[[[[-75.62469955970501,69.10160406704607],[-75.55168625404094,69.2223392355031],[-76.27321335365032,69.50035437222185],[-76.97148605872844,69.80196722622576],[-77.36704727699016,69.80879553433122],[-77.62225052406048,69.89180334683122],[-77.69864365150188,70.13574560757341],[-78.00343796302532,70.28839453335466],[-78.20575424720501,70.31102331753435],[-78.61879440833782,70.44847448940935],[-78.92800613929485,70.60174139614763],[-79.10110184241985,70.6553226339406],[-79.37588974525188,70.58551367397966],[-79.7404679923222,70.66953619595232],[-80.27011581947063,70.77648504849138],[-80.48997208167766,70.81468542690935],[-80.66049667884563,70.75260504360857],[-80.42231461097454,70.61433752651872],[-80.21841141273235,70.59160956021013],[-78.94103714515423,70.27132757778826],[-78.74377914954876,70.14908178921404],[-78.71291824866985,70.01144751187029],[-78.94031998206829,69.91211279507341],[-79.2414445548222,69.8811756002492],[-79.48502060462688,69.8959003316945],[-79.82562729408001,69.91806372280779],[-80.19363113929485,70.03159674282732],[-80.71258255531048,70.15307196255388],[-81.0127839713261,70.183131777007],[-81.15784927894329,70.10628088589372],[-81.13795181800579,70.01452215786638],[-80.94608780433391,69.9083743917531],[-80.82937332679485,69.71139105435076],[-81.59563919593548,69.96033819790544],[-81.80720230628704,69.98272284146013],[-81.98576828529094,69.929225527007],[-82.26922318031048,69.86035498257341],[-82.61401840736126,69.9584232198781],[-82.92619797279094,70.01121100063982],[-83.31288620521282,69.95712622280779],[-83.97604843665813,70.03979834194841],[-84.87373825599407,70.11462744351091],[-85.46806046058391,70.0982166158742],[-85.98391434241985,70.112575136382],[-86.37189194251751,70.196071230132],[-86.37334915687298,70.46471747036638],[-86.53693863441204,70.53361090298357],[-86.94351669837688,70.55594977017107],[-87.12148758460735,70.40182837124529],[-87.40170761634563,70.36290320034685],[-87.94801041175579,70.3849140035695],[-88.43217941810344,70.46083410854997],[-89.01850601722454,70.67528113003435],[-89.20502182533001,70.8446765768117],[-89.14980789710735,70.96847113247576],[-88.7594880728886,71.00014074917497],[-88.25040146400188,70.97013434048357],[-87.70470902015423,70.9247547018117],[-87.3090715079472,70.93323095913591],[-87.16879746009563,71.01859625454607],[-87.58923813392376,71.22703131313982],[-87.94921585609173,71.35059698696794],[-88.35641953040813,71.39648779507341],[-88.85416885902141,71.4500003683156],[-89.19248673011516,71.43380316372576],[-89.4350480704472,71.44115027065935],[-89.9971818595097,71.541286073882],[-89.94577499915813,71.72854956265154],[-89.81403824378704,71.97903784390154],[-89.66103073646282,72.04202612515154],[-89.37052628089641,72.06609686489763],[-89.33408829261516,72.16812475796404],[-89.82086655189251,72.34799536343279],[-89.84069534827923,72.42665442104997],[-89.63864609290813,72.782252870757],[-89.1001863150761,73.19565161343279],[-88.84568497230266,73.32347448940935],[-88.4324845938847,73.46773108120622],[-88.09924789954876,73.63606604214372],[-87.90911575843548,73.65243109341326],[-87.74258896400188,73.73274572964372],[-87.42840286781048,73.73333319302263],[-87.21197220374798,73.78979834194841],[-86.89243790199016,73.8304706441945],[-86.24622818519329,73.87976416226091],[-85.63981339027141,73.86487921353044],[-85.25420853187298,73.77745398159685],[-85.66801926185344,73.60064276333513],[-86.03497788001751,73.38448675747576],[-86.66202255775188,73.09690436001482],[-86.85536667396282,72.858668886382],[-86.77941605140423,72.69270666714372],[-86.21417709876751,72.44921454067888],[-86.41395279456829,72.31502112026872],[-86.44830795814251,72.13428076382341],[-86.33253952552532,71.99340399380388],[-85.94468399574016,71.74386938687029],[-85.24308487464641,71.4645496236867],[-85.28621384193157,71.41001471157732],[-85.85851761390423,71.26132544155779],[-85.89104172279094,71.12166937466326],[-85.45937820960735,71.10697516079607],[-84.78257462074016,71.06174811001482],[-84.48840805579876,71.34930761929216],[-84.53479477454876,71.5359378683156],[-84.68887039710735,71.66037329312029],[-85.0146379141972,71.70658453579607],[-85.20471664954876,71.76867254849138],[-85.60245987464641,72.0104480611867],[-85.55708786536907,72.08105810757341],[-85.3293351798222,72.19132574673357],[-85.11649033118938,72.2781482564992],[-84.66581436683391,72.22400244351091],[-84.28931900550579,72.256129823882],[-84.83112808753704,72.4675784933156],[-85.14729019691204,72.48272284146013],[-85.50441452552532,72.60823401089372],[-85.52945419837688,72.69505652065935],[-85.5057267813847,72.94040258999529],[-85.10701462318157,73.08395727749529],[-84.56403061439251,73.04527624722185],[-83.88481613685344,73.0703616964406],[-84.3076066641972,73.1966815816945],[-84.86234756995891,73.3548084127492],[-84.5054597525761,73.49106176968279],[-83.9261369376347,73.57995184536638],[-83.45605942298626,73.63676031704607],[-82.69679733802532,73.78223761196794],[-82.19520279456829,73.77515753384294],[-81.90644547034954,73.75168188687029],[-81.53178116370891,73.68835791226091],[-81.17988297034954,73.47333105679216],[-80.48866745521282,73.03700598354997],[-80.46250626136516,72.97363623257341],[-80.72470566322063,72.66456183071794],[-81.04362961341594,72.38013800259294],[-81.02679916908001,72.0503421651906],[-80.8631486563847,72.01147040005388],[-80.57043167640423,71.996364198882],[-80.08084579993938,72.13838537808122],[-79.95325180579876,72.34285315151872],[-79.68542954017376,72.38270147915544],[-79.32958694984173,72.36761053677263],[-79.12538620521282,72.2893558370656],[-79.12810226966594,72.17155035610857],[-79.05625626136516,71.96002539272966],[-78.66254135658001,71.87471350308122],[-78.5744294791386,71.92962225552263],[-78.6663713126347,72.31380804653826],[-78.56825729896282,72.36905249233904],[-78.36335465003704,72.58214148159685],[-77.89602371741985,72.70142706509294],[-77.45512100745891,72.72597082729997],[-77.11871048499798,72.71080359097185],[-76.67750259925579,72.6326404439992],[-76.14996811439251,72.57049902554216],[-75.63189407874798,72.6109119283742],[-75.32202621986126,72.54841955776872],[-75.17511459876751,72.43048437710466],[-74.89579483558391,72.28155096646013],[-74.63760849525188,72.19563635464372],[-74.31274887611126,72.03939398403826],[-74.31251999427532,71.9532733785695],[-74.55149551917766,71.91369970913591],[-74.76948257972454,71.78821142788591],[-75.13748642493938,71.6704593526906],[-75.20393845130657,71.56898077603044],[-75.00153824378704,71.45260962124529],[-74.80947586585735,71.42185553188982],[-74.4055070548222,71.60943945522966],[-74.11193558265423,71.68795355435076],[-73.88599869300579,71.6649890768117],[-73.67181870033001,71.55626257534685],[-73.5074128775761,71.34657629604997],[-73.27524277259563,71.16077002163591],[-73.12122818519329,71.26964911099138],[-72.53455826331829,71.62851294155779],[-71.66396805335735,71.51330145474138],[-71.25251480628704,71.35079535122576],[-71.27546402503704,71.31968268032732],[-71.56268021156048,71.1639896261281],[-71.88152023841594,70.93118628140154],[-71.35637375404094,70.955348573882],[-71.15183731605266,71.03308447476091],[-70.66658493568157,71.08045538540544],[-70.65164658118938,70.76364477749529],[-70.29289719154094,70.61790808315935],[-70.05768295814251,70.64914282437029],[-69.68381973792766,70.74232061978044],[-69.09158798743938,70.78199347134294],[-68.72420212318157,70.68246039028826],[-68.46938797523235,70.5597415792531],[-68.54205795814251,70.49039801235857],[-68.74963089515423,70.39014776821794],[-69.59112259437298,70.19687231655779],[-69.69810196449016,70.07418402310076],[-69.46268173743938,69.96011694546404],[-69.25788590003704,69.99093969937029],[-68.92173477699016,70.06799658413591],[-68.36594101478313,70.12256964321794],[-68.18324753333782,70.25313147183122],[-68.02080246497844,70.29944952603044],[-67.80499741126751,70.26916082974138],[-67.57548233558391,70.18530615444841],[-67.33066269447063,70.03273352261247],[-67.0443010001347,69.79770239468279],[-67.50281998206829,69.79684027310076],[-68.04297348548626,69.77308996792497],[-68.23383804847454,69.71212347622576],[-68.20718094398235,69.59102972622576],[-68.0399064688847,69.5308109151906],[-67.43982407142376,69.50169714565935],[-67.01748367835735,69.41935309048357],[-66.7728166251347,69.32167395229997],[-66.66814133216594,69.1860843526906],[-66.83469864417766,69.17071112271013],[-67.17119308997844,69.17010840054216],[-67.62610336829876,69.20692022915544],[-68.01994797279094,69.3042484151906],[-68.3907365470097,69.33374365444841],[-68.53315445472454,69.25049170132341],[-67.97968765784954,68.98788031216326],[-68.07704636146282,68.89747198696794],[-68.77549454261516,68.8435550558156],[-68.66534897376751,68.71612890835466],[-68.46889969398235,68.64146765347185],[-68.22118851234173,68.62696417446794],[-67.62220474769329,68.46326788540544],[-67.03155991126751,68.3073001730031],[-66.92033096839641,68.22531469937029],[-66.90283676673626,68.0984607564992],[-66.7447404532597,67.92732580776872],[-66.40713974525188,68.0248294698781],[-66.16580673743938,68.00291021938982],[-65.52998062659954,67.87005194302263],[-65.39576431800579,67.90005835171404],[-65.10330673743938,67.96766241665544],[-64.82885452796673,67.95325811978044],[-64.49024673988079,67.78271063442888],[-64.10211273719524,67.56798895474138],[-63.93301102210735,67.41257055874529],[-64.24091049720501,67.36752661343279],[-64.60143753577923,67.31503637905779],[-64.61375137855266,67.11526831265154],[-64.25592514564251,67.11595495815935],[-63.62352081824993,67.1393085348195],[-63.39402863074993,67.1988788473195],[-62.991383519665945,67.17744787808122],[-63.16489121009563,66.92600592251482],[-62.75194641639446,66.84569128628435],[-62.52050873328899,66.84611090298357],[-62.09613129188274,67.01658209438982],[-61.78801056434368,66.86221655483904],[-61.297848668591726,66.67901190396013],[-61.21058365394329,66.63500555630388],[-61.33414169837688,66.53183325405779],[-61.44880386878704,66.48754461880388],[-61.49476334144329,66.34064062710466],[-61.86359879066204,66.3179431783742],[-62.18677612830852,66.41271551724138],[-62.297665563122976,66.43455084438982],[-62.65512177039837,66.3384509908742],[-62.21956345130657,66.13405188198747],[-62.093983617322195,66.06109961147966],[-62.068253484265554,65.9368167745656],[-62.54404160072063,65.84826239224138],[-62.70428558875774,65.7457767355031],[-62.84475418616985,65.61426123257341],[-63.01228806068157,65.66497381802263],[-63.38090607215618,65.92704352017107],[-63.51127716590618,65.43099554653826],[-63.35199829627727,65.02465399380388],[-63.540646520154226,64.99533423062029],[-63.845562901990164,65.1107440816945],[-64.18360992957805,65.18993719692888],[-64.27580734779094,65.26961859341326],[-64.28371140052532,65.37862738247576],[-64.42532059241985,65.50203283901872],[-64.84370895911907,65.37758215542497],[-65.17780777503704,65.65362890835466],[-65.1550187735722,65.7849613058156],[-65.03384872962688,65.95320471401872],[-65.17034622718548,66.01143988247576],[-65.27105423499798,66.01856573696794],[-65.7173738150761,66.05430945034685],[-66.04065414954876,66.1854968893117],[-66.56691452552532,66.46326788540544],[-66.91284653236126,66.59490545864763],[-67.2559480338261,66.61633642788591],[-67.45918747474407,66.51303442593279],[-67.74914261390423,66.47574194546404],[-67.7598771720097,66.37292059536638],[-67.63354965736126,66.29246100063982],[-67.16103073646282,65.98575934048357],[-67.30549332191204,65.93429907437029],[-67.61417099525188,65.91180761929216],[-67.77575394202923,66.02852209683122],[-68.08504196693157,66.18897589321794],[-68.37565323402141,66.28372534390154],[-68.25179001380657,66.06418951626482],[-67.86520859290813,65.62672003384294],[-67.5934953360722,65.61992987271013],[-67.32944199134563,65.58400305386247],[-67.1042146353886,65.32244452114763],[-66.82871719886516,64.96029242153826],[-66.59772965003704,64.7661624776906],[-66.32095810462688,64.91077002163591],[-66.19254013587688,64.88936956997576],[-65.92605301429485,64.70982702847185],[-65.66280075599407,64.58800848599138],[-65.04182907630657,64.40951880093279],[-65.32707687904094,64.35872229214372],[-65.42321487952923,64.26522406216326],[-65.30860611488079,64.1793933736867],[-65.05298325111126,64.05087622280779],[-64.61976334144329,63.85126455898943],[-64.47394272376751,63.74430426235857],[-64.3648576407597,63.43754156704607],[-64.4153947501347,63.245040498930834],[-65.0014543204472,63.76474341030779],[-65.25071426917766,63.87155111904802],[-65.2627839713261,63.76427038784685],[-65.20952316810344,63.64290579434099],[-64.7349748282597,63.06652411099138],[-64.73933121253704,62.93145331021013],[-65.15610977699016,62.987514101225756],[-65.13249680091594,62.89520987148943],[-64.93792435218548,62.71100195522966],[-64.76775833656048,62.47744711514177],[-65.02100845863079,62.554889284331225],[-65.29797836829876,62.69613607998552],[-65.69803329993938,63.00781973477068],[-65.7630510001347,63.021930299956225],[-66.08679672767376,62.99288138027849],[-66.49595352699016,63.07743414517107],[-67.14419266273235,63.37527807827654],[-67.28792282630657,63.50336416836443],[-67.7657365470097,63.80247076626482],[-67.68161484290813,63.45271261807146],[-68.23077103187298,63.665797792632006],[-68.48602768470501,63.73677023525896],[-68.87863632728313,63.750331484038256],[-68.83601090003704,63.650382600981615],[-68.47648331214641,63.337142549712084],[-68.09262558509563,63.14558371182146],[-67.26384445716594,62.85568960781755],[-66.68069168616985,62.56592138882341],[-66.33225723792766,62.31878241177263],[-66.13322159339641,62.10004004116716],[-65.94033524085735,61.789996706206225],[-66.76501938392376,61.943568788725756],[-67.45084091712688,62.13288076992693],[-68.01396652747844,62.259032808501146],[-68.66357895423626,62.307330690581225],[-69.1552629141972,62.41962011929216],[-69.55949112464641,62.70941885586443],[-70.07523819495891,62.77230032559099],[-70.36223312904094,62.864074312407396],[-70.64810654212688,62.927447878081225],[-70.67387100745891,62.86224707241716],[-70.77940079261516,62.95563086147966],[-71.31892105628704,63.06125982876482],[-71.62173935462688,63.210143648344896],[-71.6912507682011,63.33111151333513],[-71.53545853187298,63.359908662993334],[-71.25812241126751,63.567279421049975],[-71.87857529212688,63.80190237637224],[-72.38791367103313,63.858172975737475],[-72.72998520423626,64.01499518032732],[-73.14795395423626,64.3440662252492],[-73.16355606605266,64.57397040005388],[-73.66560074378704,64.60179480190935],[-74.25550552894329,64.76624640103044],[-74.55905624915813,64.78008612271013],[-74.43120285560344,64.43503912563982],[-74.50111862708782,64.39181860562029],[-74.68512436439251,64.39863928433122],[-75.45184799720501,64.54811438198747],[-75.59100815345501,64.53346594448747],[-75.73706528236126,64.3966785299367],[-75.93552872230266,64.26706274624529],[-76.52609726478313,64.23010595913591],[-77.13303085853313,64.30788000698747],[-77.73748489906048,64.39293249722185],[-78.10336777259563,64.5072284566945],[-78.12671371986126,64.65100439663591],[-78.03855606605266,64.8312259542531],[-77.86662003089641,64.99017675991716],[-77.38702103187298,65.06357153530779],[-77.3007478385136,65.14354284878435],[-77.35837265540813,65.37593420620622],[-77.26591965247844,65.39064367886247],[-76.65509506751751,65.3408923971242],[-76.02154251624798,65.26210363979997],[-75.78904434730266,65.19718512173357],[-75.35587021400188,64.91551550503435],[-75.33303543616985,65.08917578335466],[-75.40231796790813,65.17612036343279],[-75.36760422279094,65.26336248989763],[-75.10431381751751,65.27838476772966],[-74.66482254554485,65.32281836147966],[-74.37125870277141,65.39608343716326],[-74.07912918616985,65.44756659146013],[-73.84737106849407,65.41888006802263],[-73.49424454261516,65.40500219937029],[-73.41992661048626,65.5288806783742],[-73.93200394202923,65.89995916958513],[-74.27988907386516,66.06022223110857],[-74.33333298255657,66.16263922329607],[-74.25811478187298,66.23606451626482],[-73.99428268958782,66.26588019009294],[-73.67012497474407,66.37652929897966],[-73.03596207191204,66.64232214565935],[-72.87354752113079,66.88572271938982],[-72.52695938636516,67.09307440396013],[-72.30491348792766,67.26360663052263],[-72.35401627113079,67.53031500454607],[-72.75854202796673,67.90864904995622],[-72.94171616126751,68.13196142788591],[-73.18491837074016,68.2958026754445],[-73.37102982093548,68.29544409390154],[-73.93708511878704,68.44398077603044],[-74.40533920814251,68.66039618130388],[-74.51526352454876,68.87041815396013],[-74.75226303626751,69.04297979946794],[-74.9511384635136,68.95230444546404],[-75.19905563880657,68.86163672085466],[-75.57037064124798,68.86846502896013],[-75.70226761390423,68.81561621304216],[-75.98151871253704,68.80757483120622],[-76.54644485999798,68.73144873257341],[-76.64257523109173,69.03191717739763],[-76.17831894447063,69.05538519497576],[-75.62469955970501,69.10160406704607]]],[[[-76.86277481605266,67.26248510952654],[-77.06481644202923,67.32873114224138],[-77.16953751136516,67.43970068569841],[-77.24754044105266,67.65480383511247],[-77.11246964027141,67.84839972134294],[-76.79418655921673,68.14715155239763],[-76.49629684974407,68.26720770474138],[-75.88468643714641,68.34309729214372],[-75.47483536292766,68.25416906948747],[-75.11950394202923,68.11297186489763],[-75.12882706214641,67.9042240011281],[-75.14626022865032,67.57702978726091],[-75.30917831947063,67.45801123257341],[-75.77039810706829,67.30152472134294],[-76.26923843909954,67.24877508755388],[-76.86277481605266,67.26248510952654]]],[[[-98.25264450599407,69.69410284634294],[-98.11539169837688,69.80051764126482],[-97.74158188392376,69.83156164761247],[-97.40739914466594,69.74872168179216],[-96.76149460365032,69.47729834194841],[-96.18220993568157,69.2970462667531],[-96.14881607581829,69.16884192104997],[-96.0071916251347,69.04100378628435],[-95.51456924964641,68.80868872280779],[-95.64428421546673,68.75587805386247],[-96.21271225501751,68.53721197720232],[-96.47281357337688,68.51425512905779],[-96.79360672523235,68.52864416714372],[-97.20869919349407,68.61033209438982],[-97.60563370277141,68.63960608120622],[-98.16822525550579,68.78120764370622],[-98.60599228431438,68.86307104702654],[-98.8778962760136,68.88511999722185],[-99.36504837562298,68.97447546597185],[-99.17148300697063,69.12549170132341],[-98.47739883949016,69.30786474819841],[-98.30434891273235,69.39127691860857],[-98.25264450599407,69.69410284634294]]],[[[-81.91070267249798,64.5216785299367],[-81.83135696937298,64.4068103658742],[-81.87212845374798,63.99071844692888],[-81.62959763099407,63.96968802090349],[-81.37314316322063,63.998797975737475],[-80.95304581214641,63.97811850186052],[-80.63767715980266,63.91426809902849],[-80.17938705970501,63.722003542143725],[-80.36790176917766,63.678756319243334],[-80.48860642005657,63.6213870870656],[-80.69595047523235,63.49962957974138],[-81.12308212806438,63.52020987148943],[-81.40321823646282,63.576827608305834],[-82.00050827552532,63.63282354946794],[-82.19765183021282,63.689601503569506],[-82.49345108558391,63.93942984219255],[-82.73103806068157,64.07508429165544],[-83.18854996253704,64.18176611538591],[-83.42594620277141,64.17413672085466],[-83.51739212562298,64.05209692593279],[-83.43925186683391,63.78738363857927],[-83.4958161978886,63.74437292690935],[-84.08714005042766,63.6717906820363],[-84.39013382484173,63.4498782980031],[-84.65469070960735,63.313903413969896],[-85.15679642249798,63.1847301351613],[-85.46279617835735,63.20551642056169],[-85.43207260658001,63.597831331450365],[-85.60072800208782,63.747558199126146],[-86.03205582191204,63.67527350063982],[-87.10120102454876,63.54468496914568],[-87.05285355140423,63.7519908773488],[-86.80083939124798,63.88837011929216],[-86.06107803870891,64.14051397915544],[-86.19711777259563,64.35553320522966],[-86.24284073402141,64.54231604214372],[-86.19514175941204,64.72953375454607],[-86.01604172279094,65.1054187643117],[-85.8207902579472,65.3600345480031],[-85.70657059241985,65.65157660122576],[-85.55754562904094,65.863551698882],[-85.05792709876751,65.60906561489763],[-85.19839951087688,65.37575110073747],[-84.84233566810344,65.20199164028826],[-84.60504623939251,65.18065222378435],[-84.42397781898235,65.3917499410695],[-84.12235733558391,65.34141119595232],[-83.75972458411907,65.21129187222185],[-83.34707352210735,64.97989996548357],[-83.08543106605266,64.86502417202654],[-82.1096086173222,64.64357336636247],[-81.91070267249798,64.5216785299367]]],[[[-78.75791641761516,53.74876745815935],[-78.80141922523235,53.96274145718279],[-78.93461319495891,54.07629736538591],[-79.23003860999798,54.14938315029802],[-79.39867874671673,54.276351534087084],[-79.54511734534954,54.69186361904802],[-78.98181625892376,54.813800417143725],[-78.58926865150188,54.92203100796404],[-78.30785843421673,55.04375799771013],[-77.51691910316204,55.47071417446794],[-77.23383804847454,55.60653647061052],[-76.76447006751751,56.02744253750505],[-76.56940170814251,56.272121034819506],[-76.46291061927532,56.57139166470232],[-76.43862625648235,56.80968817349138],[-76.55453964759563,57.280055605132006],[-76.66497513343548,57.51904638882341],[-76.77238174964641,57.662501894194506],[-77.19423386146282,57.990504823882006],[-77.40435501624798,58.1135745870656],[-77.65972593116685,58.236497284684546],[-77.90158554603313,58.35291632290544],[-78.06480118324016,58.407577120024584],[-78.26871201087688,58.53095205898943],[-78.33678909827923,58.551471315581225],[-78.46879288245891,58.70949514980974],[-78.43261429359173,58.7577396261281],[-78.04195114661907,58.99277456875505],[-77.7932023673222,59.38671454067888],[-77.66153427650188,59.573634706694506],[-77.54865738441204,59.61535986538591],[-77.34766098548626,59.62266119595232],[-77.21478745033001,59.747516237456225],[-77.26242538978313,59.983024202544115],[-77.3433732657597,60.14297827358904],[-77.4854402213261,60.32394751187029],[-77.50717636634563,60.414630495268725],[-77.39095017005657,60.575458131987475],[-77.38847824622844,60.69431646938982],[-78.17645737220501,60.74176748867693],[-77.68836685706829,61.156058870512865],[-77.46218582679485,61.4725833761281],[-77.4590959220097,61.52888067837419],[-77.60143753577923,61.620101534087084],[-77.87536331702923,61.739318453032396],[-77.98535629798626,61.8589244710988],[-78.00491806556438,62.09885748501482],[-77.86758896400188,62.29000052090349],[-77.61822220374798,62.432006441313646],[-77.36155411292766,62.5174938070363],[-76.98962112952923,62.48983725186052],[-76.18819138099407,62.3214488851613],[-75.69460007240032,62.21628912563982],[-75.35587021400188,62.18159063931169],[-74.7077531485722,62.17575415249529],[-74.2219133048222,62.2402835714406],[-73.83501144935344,62.34003409023943],[-73.74016281654094,62.36142309780779],[-73.65973373939251,62.38989981289568],[-73.39458176185344,62.354999147612475],[-72.94855972816204,62.17197378750505],[-72.83432480384563,62.11566885586443],[-72.49496933509563,61.91160162563982],[-72.08188339759563,61.74319800015154],[-71.72385880042766,61.54673346157732],[-71.85619827796673,61.37070425625505],[-71.67342087318157,61.265685640532396],[-70.90924545814251,61.04263647671404],[-70.02829453040813,60.883170686919115],[-69.70210739661907,60.89780005093279],[-69.53632828284954,60.98915060635271],[-69.38380142738079,60.85639151211443],[-69.38945480872844,60.67446859951677],[-69.64902206947063,60.52024420376482],[-69.7043122916386,60.31776007290544],[-69.50727554847454,59.720538698393725],[-69.44611069251751,59.39558371182146],[-69.34257217933391,59.209334932524584],[-69.36467453529094,59.050597749907396],[-69.4760408072636,58.974532686430834],[-69.6764802603886,58.98103293057146],[-69.83239456702923,58.98765143032732],[-69.89423080970501,58.68445547695818],[-69.7258195548222,58.56093557949724],[-69.2142228751347,58.74767645474138],[-69.04963394691204,58.768642030913256],[-68.6982316641972,58.7899661886281],[-68.56939407874798,58.78334768887224],[-68.26482864906048,58.63936575527849],[-68.09467026283001,58.4814945089406],[-68.09272476722454,58.36469992275896],[-68.12936874915813,58.30967291470232],[-68.00455185462688,58.16574057217302],[-67.77240463783001,58.24854239102068],[-67.63468643714641,58.269408785063646],[-67.10699173499798,58.3047366964406],[-66.82087418128704,58.387694917876146],[-66.62459274818157,58.55993231411638],[-66.47463699866985,58.80796011563005],[-66.3281144766972,58.801356874663256],[-66.24101730872844,58.746444307524584],[-65.92905136634563,58.423751436430834],[-65.91018387366985,58.45127066250505],[-65.86144730140423,58.795341097075365],[-65.71872421790813,59.05748327847185],[-65.50514694740032,59.17517813320818],[-65.26260849525188,59.348231874663256],[-65.55537125159954,59.575770937163256],[-65.55168625404094,59.714164339262865],[-65.42895218421673,59.776717745024584],[-64.9879045157597,59.81909521694841],[-64.90073868324016,59.88158758755388],[-64.6706208853886,60.18091925259294],[-64.37056442786907,60.01439245815935],[-64.09742828895305,59.74460562344255],[-63.744103398816335,59.516959749419115],[-63.47582336951946,59.15830572720232],[-63.0057153372929,58.814532839018725],[-62.886959996716726,58.65644415493669],[-63.04202362586712,58.52547415371599],[-62.99899765540813,58.37437780972185],[-62.74108215858196,58.38857992764177],[-62.576710668103445,58.03888281460466],[-62.49481293250774,57.95677527065935],[-62.34917542030071,57.90222509976091],[-62.01471802283977,57.841212831694506],[-61.888112035290945,57.72504385586443],[-61.828446355359304,57.55411871548357],[-61.99918457557415,57.512775026518725],[-62.186017003552664,57.437240205962084],[-62.00141235877727,57.294147096831225],[-61.82238098670696,57.19208105679216],[-61.476098027722585,57.104064546782396],[-61.350628819958914,57.001998506743334],[-61.33525177528118,56.811263643462084],[-61.36063477088665,56.77717169399919],[-61.544598546521414,56.72915991421404],[-61.84880920936321,56.74220236416521],[-62.1840600638554,56.79603537197771],[-62.326432195203054,56.768512331206225],[-62.28564545203899,56.69371374722185],[-62.16278931190227,56.61230047817888],[-62.07783981849407,56.50366934414568],[-61.92769333411907,56.27295645352068],[-61.743023839490164,56.171493135649584],[-61.45779892493938,56.15847738857927],[-61.24986359168743,56.07745703335466],[-60.87275406409954,55.8545299398488],[-60.46834274818157,55.65896566982927],[-60.357628789441335,55.510375581938646],[-60.373307195203054,55.42248114224138],[-60.57453247596477,55.07102545376482],[-60.34573837806438,55.04450186367693],[-60.04724213172649,55.11924322720232],[-59.69376083900188,55.15365942593279],[-59.33820053626751,55.08015402432146],[-59.079754796521414,54.99299200649919],[-58.557171788708914,54.772323213774584],[-58.11545273353313,54.71277960415544],[-57.43287369300579,54.579913698393725],[-57.51535126258587,54.46576651211443],[-57.83856674720501,54.37130697842302],[-58.16992279578899,54.27685888882341],[-58.46811005164837,54.256217561919115],[-58.84362122108196,54.14833792324724],[-59.106163945691335,53.96711691494646],[-59.398724523083914,53.86623343105974],[-59.862973180310476,53.838580690581225],[-59.991532292859304,53.804923616606615],[-60.13723846961712,53.684318147856615],[-60.12421127845501,53.51734503384294],[-60.221656217027494,53.32492080384565],[-62.88947585561168,54.72511691082654],[-65.64317158321862,55.262874161982396],[-71.0333844968322,55.19604828321671],[-74.19720512004018,52.927225836668605],[-78.74176950876009,52.74413883037645],[-78.8420304923222,53.0342288839406],[-78.84399124671673,53.28100927944841],[-78.93640610267376,53.54791983242693],[-79.03455826331829,53.74155005093279],[-78.75791641761516,53.74876745815935]]],[[[-95.05836960365032,72.28313788052263],[-95.12389847327923,72.51922949429216],[-95.54762741615032,72.8820072042531],[-95.64077469398235,73.14367254849138],[-95.61453720618938,73.3187747823781],[-95.49306198646282,73.61426123257341],[-95.32336136390423,73.75862463589372],[-94.7580461173222,73.74365576382341],[-94.79846664954876,73.81568487759294],[-94.98547073890423,73.93563421841326],[-95.06853958656048,74.06405218716326],[-94.97359177161907,74.10442694302263],[-94.86817642738079,74.13680609341326],[-93.8990144400761,74.16276129360857],[-93.35233017493938,74.123561464507],[-92.69331070472454,74.01222571011247],[-92.11629196693157,73.98919256802263],[-91.52423569251751,74.05460699673357],[-91.05135056068157,74.0474124776906],[-90.73909470130657,73.99981268521013],[-90.45173355628704,73.9039798605031],[-90.45479294349407,73.86387976284685],[-90.55534073402141,73.78354986782732],[-90.92636581947063,73.59081610317888],[-91.31957718421673,73.25516089077654],[-92.00058456947063,72.8411365377492],[-92.62426468421673,72.80831488247576],[-93.69485184241985,72.87755163784685],[-94.26578232337688,72.85271795864763],[-93.63932510902141,72.52990301724138],[-93.72375961829876,72.38791235562029],[-94.10856339027141,72.22202643032732],[-94.54240128089641,72.18979223843279],[-95.05836960365032,72.28313788052263]]],[[[-120.42398544837688,71.88257940884294],[-120.54559799720501,71.65563543911638],[-120.8434953360722,71.53027685757341],[-121.39040085365032,71.47469671841326],[-121.93623062659954,71.50484045620622],[-122.17036911536907,71.28651007290544],[-122.57442184974407,71.14598425503435],[-122.99113937904094,71.15299566860857],[-123.46767136146282,71.19864233608904],[-123.6304597525761,71.40821417446794],[-123.87772842933391,71.61818274136247],[-124.07214066077923,71.73496588345232],[-124.57726761390423,71.89828070278826],[-125.18922897865032,71.92847784634294],[-125.61702438880657,71.9903827535695],[-125.82783218909954,72.07625158901872],[-125.90372940589641,72.15463598843279],[-125.66236588050579,72.20223578091326],[-125.39703842689251,72.33649023647966],[-125.1806535391972,72.43140753384294],[-125.14468857337688,72.60512121792497],[-125.34129044105266,72.96895941372576],[-125.0927400260136,72.96944006558122],[-124.88213058997844,73.0492435323781],[-124.74393936683391,73.21648748989763],[-124.24723526527141,73.45660742397966],[-124.01027390052532,73.72098883267107],[-124.06482407142376,73.86521490688982],[-124.18706985999798,73.93727453823747],[-124.74035355140423,74.24206884976091],[-124.90926071693157,74.44366034146013],[-124.51832291175579,74.4443851339406],[-124.14805313636516,74.46935614224138],[-123.49339005042766,74.44630011196794],[-123.14841770273145,74.44057077628655],[-121.65451446815976,73.99457995121038],[-119.25235436535371,73.55256742458035],[-117.685761580263,73.21545873829851],[-118.10413071204876,73.11756476040544],[-118.58500381995891,72.97368963833513],[-119.30700394202923,72.6476322042531],[-119.76836868812298,72.39426764126482],[-120.0154924063847,72.35442694302263],[-120.45359512855266,72.2985111105031],[-120.42398544837688,71.88257940884294]]],[[[-102.43571182777141,70.4653812276906],[-101.51055618812298,70.20607336636247],[-101.05518051673626,70.03077276821794],[-100.89127823402141,69.6740222799367],[-100.96714493324016,69.62841375942888],[-101.44928452064251,69.66540106411638],[-101.81390854408001,69.77085455532732],[-102.23950668861126,69.87630804653826],[-102.4875383048222,69.79996069546404],[-102.7867097525761,69.70836981411638],[-103.24611374427532,69.69237860317888],[-103.36132523109173,69.6391101705617],[-103.2675447135136,69.329127870757],[-102.77837082435344,69.36026342983904],[-102.5022859244511,69.42879828091326],[-102.19797989417766,69.48231085415544],[-101.80372330238079,69.24127539272966],[-101.80838486243938,69.1356464254445],[-102.04508682777141,69.06739386196794],[-102.27785202552532,68.95402105923357],[-102.54044052650188,68.9083515035695],[-103.17824265052532,68.854518495757],[-103.65028091956829,68.86117132778826],[-104.18777176429485,68.89776190396013],[-104.90506454993938,69.0093265401906],[-105.93043991615032,69.23358496304216],[-106.17933365394329,69.3312488424367],[-106.37526413490032,69.48207434292497],[-106.59244247962688,69.49679907437029],[-106.85383316566204,69.45092352505388],[-107.03466507484173,69.2843509542531],[-107.53622910072063,69.05713995571794],[-108.0107316641972,69.04871710415544],[-108.64556595374798,69.0023456441945],[-109.20942398597454,68.81319006558122],[-110.44822403480266,68.65314062710466],[-111.08742233802532,68.64444311733904],[-111.62939163734173,68.6059070455617],[-112.52248093177532,68.63425787563982],[-112.73987289954876,68.58884008999529],[-113.15218063880657,68.59556921597185],[-113.60199448158001,68.72235449429216],[-113.6291398673222,68.93281897183122],[-113.53999039222454,68.97813757534685],[-113.53912827064251,69.113795839507],[-113.71682449866985,69.20395239468279],[-113.9246492057011,69.2488513814992],[-115.34070297767376,69.29905279751482],[-115.90655228187298,69.35089453335466],[-116.29550644447063,69.42576941128435],[-116.65620132972454,69.515895448882],[-116.99491592933391,69.74258764858904],[-117.56819626380657,69.99218329067888],[-117.43176743079876,70.02304419155779],[-117.19289871741985,70.12301977749529],[-116.4855622916386,70.14733465786638],[-116.21414658118938,70.23219641323747],[-115.96313950111126,70.22498663540544],[-115.55354019691204,70.23343237515154],[-115.14664932777141,70.27254828091326],[-114.3743562369511,70.25864752407732],[-113.95380112220501,70.25943335171404],[-112.99108597327923,70.23821600552263],[-112.50060745765423,70.23913153286638],[-111.73052689124798,70.25592383022966],[-111.54370590736126,70.32538183804216],[-111.84992691566204,70.42466314907732],[-112.89021774818157,70.64599188442888],[-113.76405045081829,70.73691900845232],[-115.59048172523235,70.76437719937029],[-116.29656693031048,70.77074774380388],[-117.05903336097454,70.7461658346242],[-117.48882004310344,70.72220953579607],[-117.76066299964641,70.721705995757],[-118.50345322181438,70.95989569302263],[-118.4987687735722,71.05283697720232],[-118.37258621741985,71.08408697720232],[-118.00223251868938,71.10802801724138],[-117.41016098548626,71.20223578091326],[-116.96210953284954,71.18755682583513],[-116.16113754798626,71.2511707174367],[-115.74225327064251,71.29855688687029],[-115.51704117347454,71.42342718716326],[-115.69346329261516,71.57892187710466],[-116.60404678870891,71.54600866909685],[-117.31387802650188,71.47455175991716],[-117.49078079749798,71.497584902007],[-117.74024673988079,71.58288153286638],[-118.04492661048626,71.7384296285695],[-118.33756729652141,71.8239017355031],[-118.64906784583782,71.79981573696794],[-118.9683732657597,71.90880926724138],[-118.98560806800579,72.03416784878435],[-118.39875504066204,72.47567328091326],[-117.21970840980266,72.85729559536638],[-116.93370657963686,72.90214900890444],[-114.03790926414058,72.0642120257238],[-110.34678520373127,71.19655506982303],[-105.60105426891934,71.04489158788512],[-104.62044428584238,71.09253252294585],[-104.5945710807011,71.04790838833513],[-104.49381729652141,70.99388464565935],[-103.86364456702923,70.70147284146013],[-103.6344880728886,70.62477453823747],[-103.11633011390423,70.51027258511247],[-102.43571182777141,70.4653812276906]]],[[[-40.042374578015554,64.981471620757],[-40.253720250622976,64.96666296597185],[-41.06033417274212,65.03749426479997],[-40.827748265759695,64.89353521938982],[-40.4836206107304,64.68540533657732],[-40.350705113904226,64.52752264614763],[-40.35533234168743,64.4269519674367],[-40.47241684486126,64.34779699917497],[-41.01111313392376,64.33243139858904],[-41.484120336072195,64.27418860073747],[-41.10417267371868,64.0885501730031],[-40.89255234290813,64.03168066616716],[-40.691220250622976,63.931869112212084],[-40.51624771644329,63.782069765288256],[-40.765702214734304,63.57452734585466],[-40.89390656043743,63.52436789150896],[-41.16342255164837,63.56665762539568],[-41.37823959876751,63.523437105376146],[-41.223019567029226,63.30993231411638],[-41.22700974036907,63.25296362515154],[-41.43446823646282,63.039203249174975],[-41.65309616615032,63.09566458340349],[-41.915570226208914,63.12360724087419],[-41.90392395545696,63.05252417202654],[-41.789105382458914,62.84676321621599],[-41.834408727185476,62.69062002773943],[-41.963726964490164,62.69039114590349],[-42.25886246253704,62.732387148100756],[-42.29883667518352,62.739398561674975],[-42.73952957679485,62.68891104336443],[-43.225968328015554,62.68092306729021],[-42.91909882117962,62.461906038481615],[-42.420365300671804,62.28601416226091],[-42.27136322547649,62.19441946621599],[-42.306195226208914,61.728881441313646],[-42.47826477576946,61.306762300688646],[-42.670330968396414,61.26428564663591],[-43.03725906898235,61.29165991421404],[-42.817120519177664,61.02562292690935],[-42.82441422034954,60.80161245938005],[-42.75409027625774,60.69687231655779],[-42.78493210365032,60.52916296597185],[-42.9272126822636,60.50099142666521],[-43.14993378211712,60.51450689907732],[-43.497086492078054,60.478969179350756],[-43.15411850501751,60.30526693936052],[-42.96204468299602,60.03407248135271],[-43.01451202918743,59.83288153286638],[-43.143570867078054,59.81878241177263],[-43.578778234021414,59.935687624174975],[-43.71973041143305,60.00371991495786],[-43.84796284556369,61.05825940923091],[-44.25808774116473,61.869878095613615],[-43.84796284556369,64.20612586086018],[-42.793355971161034,65.40311483729091],[-39.69494684817376,65.18696970170159],[-39.68630692054485,65.1705585348195],[-39.726918187634695,64.99653967495622],[-39.89782043983196,64.95292242642107],[-40.042374578015554,64.981471620757]]],[[[-46.97205444862102,60.86373861904802],[-47.15937134315227,60.85638006802263],[-47.41620346595501,60.72299536343279],[-47.630475011365164,60.59680517788591],[-47.82239243079876,60.778190218169115],[-47.86935516883587,60.939025484282396],[-47.96923157264446,61.036910616118334],[-48.20001694251751,61.141627870757006],[-48.567913976208914,61.2461429464406],[-48.915463414685476,61.42103537197771],[-49.14827438880657,61.77232702847185],[-49.116444554822195,62.10383185024919],[-49.20595261146282,62.17429693813982],[-49.401295629040945,62.21632345791521],[-49.61146256019329,62.1947399007863],[-50.04793259193157,62.31408270474138],[-50.09668442298626,62.356410585600756],[-50.15892883826946,62.462428652007006],[-50.095936742322195,62.66799124355974],[-49.889325109021414,62.84574469204607],[-49.85748383094524,62.966544710356615],[-49.97367950965618,62.99473150845232],[-50.22172638465618,63.00849493618669],[-50.465817418591726,63.05066641445818],[-50.59093567420696,63.14998587246599],[-50.616742101208914,63.434806429106615],[-50.8230867057011,63.49145849819841],[-51.10051819373821,63.46953924771013],[-51.365765538708914,63.726012788969896],[-51.35501572181438,63.81178244229021],[-51.26595017005657,63.92637213345232],[-50.98794647742962,64.09154089565935],[-50.439015355603445,64.2430911886281],[-50.2569245963261,64.37973364468279],[-50.04263397742962,64.4375720846242],[-50.019913640515554,64.6100574361867],[-50.14448257972454,64.73932226772966],[-50.3573999076054,64.69574316616716],[-50.771840062634695,64.6590076314992],[-50.99374863197063,64.6154285299367],[-51.27965637733196,64.42807348843279],[-51.52139755775188,64.3701892721242],[-51.80484863807415,64.23334082241716],[-51.95738312293743,64.37656744595232],[-51.940175023572195,64.65683325405779],[-51.991654363171804,65.00974615688982],[-52.084332433240164,65.21262701626482],[-52.07773300697063,65.37242468472185],[-52.18693634559368,65.51769598599138],[-52.41381165076946,65.48089178677263],[-52.536007848279226,65.49521978970232],[-52.83536240150188,65.65488775845232],[-53.10253998328899,65.87324865933122],[-53.10843369056438,66.03403814907732],[-52.72966095496868,66.27637823696794],[-52.61050125648235,66.26797827358904],[-52.86044403602337,66.3531986105031],[-53.34805389930462,66.32427557583513],[-53.39427277137493,66.45181616421404],[-53.22169968177532,66.53085669155779],[-52.916851964490164,66.54446753140154],[-52.65323730994915,66.56776770229997],[-52.448048558728445,66.60731085415544],[-52.30317017127727,66.90946539517107],[-52.84682938148235,66.93058355923357],[-53.104203191296804,66.90795477505388],[-53.26725861121868,66.92242010708513],[-53.397416081921804,66.99593695278826],[-53.4495629935429,67.08444555874529],[-53.34943100501751,67.2102542745656],[-53.25116440345501,67.2139392721242],[-53.170311894910085,67.28580816860857],[-52.97809692908977,67.31033667202654],[-53.146710362927664,67.39514502163591],[-53.39495941688274,67.36226233120622],[-53.494122472302664,67.47349890347185],[-53.46844574500774,67.55819281216326],[-53.43576141883587,67.61761816616716],[-53.31903549720501,67.6178470480031],[-53.18010803748821,67.6626468526906],[-52.80789658118938,67.77477606411638],[-52.25998398353313,67.73864325161638],[-51.87598511268352,67.66508062954607],[-51.52680298377727,67.65088232632341],[-51.3565339713261,67.59181555386247],[-50.93936249305462,67.52581366177263],[-50.53911897259659,67.48805571153352],[-49.472532842377866,67.03273287353856],[-49.06240794677684,64.7863184095137],[-47.65626544757329,62.79478134157128],[-46.13294440676946,61.75918500066533],[-46.15809589644378,60.937403792612976],[-46.195851293103445,60.93519552822771],[-46.33108612586712,60.87194403286638],[-46.53102585365032,60.89255865688982],[-46.97205444862102,60.86373861904802]]],[[[-139.52424206220468,62.41569007667785],[-144.68009789261768,63.19218524961806],[-150.1289000770314,63.324002732781025],[-160.9394989447178,63.98492305338062],[-161.00630661536908,64.15789373989763],[-161.37294479896283,64.46636541958513],[-161.3609971671269,64.50956305142107],[-160.94391342689252,64.52476843472185],[-160.7896623282597,64.64031561489763],[-160.90219589759565,64.81319006558122],[-161.12569138099408,64.9282947408742],[-161.29062363197065,64.96410711880388],[-162.13664719154096,64.78921850796404],[-162.5615129141972,64.60096319790544],[-162.80194565345502,64.47088202114763],[-163.02521225501752,64.44165381069841],[-163.88339706947065,64.59127386685076],[-164.26511093665815,64.60499914761247],[-164.59991928626752,64.61876257534685],[-165.17119308997846,64.54565008755388],[-165.74068161536908,64.5589862691945],[-166.34773727943158,64.63710363979997],[-166.58603378822065,64.73040350552263],[-166.66852280189252,65.0846210348195],[-166.6037950186894,65.15014990444841],[-166.31743332435346,65.16522558804216],[-165.86377426673627,65.16608008022966],[-165.66328903724408,65.2464862691945],[-166.1386613516972,65.35480078335466],[-166.9990586905644,65.49169500942888],[-167.60156723548627,65.6000018941945],[-168.1797990470097,65.69388922329607],[-168.0813340811894,65.74522741909685],[-167.73000046302533,65.8629642355031],[-167.02422043372846,65.95946844692888],[-166.42819687415815,66.10719641323747],[-165.99724289466596,66.2034183370656],[-165.52136704017377,66.36595495815935],[-165.09273239661908,66.46976050015154],[-164.46313950111127,66.59615667935076],[-163.78244492103315,66.53848608608904],[-163.85339829017377,66.30294378872576],[-163.84308334876752,66.17811163540544],[-163.37004562904096,66.10560186978044],[-162.75850388099408,66.06275519009294],[-162.27507492591596,66.07097967739763],[-161.97949692298627,66.1155506002492],[-161.6268205313847,66.22629126187029],[-161.37917038490033,66.35901220913591],[-161.26143356849408,66.39603003140154],[-160.9229631095097,66.36724432583513],[-160.58469101478315,66.316432558257],[-160.1252336173222,66.33931311245622],[-160.03540512611127,66.48662909146013],[-160.03227707435346,66.56761511440935],[-160.34265610267377,66.59653051968279],[-161.2183732657597,66.72757300015154],[-161.79561325599408,66.74863012905779],[-161.93573471595502,67.08837469692888],[-162.5987443595097,67.16118963833513],[-163.03088852454877,67.17517431851091],[-163.73874374915815,67.21832617397966],[-163.82597824622846,67.44821508999529],[-164.04396530677533,67.5890384542531],[-164.51266953040815,67.796657167632],[-164.74297043372846,67.86329229946794],[-165.93999191810346,68.1598163473195],[-166.84352585365033,68.40520819302263],[-166.70106979896283,68.480495058257],[-166.33539291908002,68.66138037319841],[-166.29680344154096,68.87961920376482],[-165.33554550697065,68.90401800747576],[-164.89020248939252,68.93497046108904],[-164.06718918372846,69.06467779751482],[-163.71423813392377,69.22388800259294],[-163.5107316641972,69.50418432827654],[-163.15620895911908,69.7627673971242],[-162.87912460853315,69.99906500454607],[-162.51103683997846,70.18374975796404],[-162.1772355704472,70.28422125454607],[-161.69739243079877,70.33124121304216],[-161.18759628822065,70.4398914205617],[-160.71655746986127,70.45616491909685],[-159.90466782142377,70.42692144985857],[-159.83911606361127,70.51173742886247],[-159.9095811515019,70.60412939663591],[-160.24831100990033,70.76563604946794],[-160.24033066322065,70.85846289272966],[-159.36935898353315,70.89876135464372],[-158.85516830970502,70.88426550503435],[-158.4168595938847,70.90831335659685],[-157.81194016029096,70.97140081997576],[-157.31787582923627,71.1584964620656],[-156.90474411536908,71.34585913296404],[-156.47401901771283,71.3544422018117],[-156.34712692786908,71.33133276577654],[-156.04321762611127,71.22303351040544],[-155.97292038490033,71.14548071499529],[-156.14545151283002,71.08307226772966],[-156.1379747061894,70.92808111782732],[-155.66579147865033,70.86703070278826],[-155.47481247474408,70.85190161343279],[-155.23369308997846,70.98398169155779],[-155.09985825111127,71.07726629849138],[-154.4612931876347,70.99315985317888],[-153.77106186439252,70.97122534390154],[-153.29306503822065,70.9489017355031],[-152.97116562415815,70.9340091573781],[-152.65120407630658,70.8185306417531],[-152.48952194740033,70.69520147915544],[-152.1371202140019,70.53390081997576],[-151.91501328040815,70.4957767355031],[-151.72560593177533,70.53467138882341],[-151.1442002921269,70.48183020229997],[-150.63855454017377,70.47509344692888],[-149.9385118155644,70.49947699185076],[-149.28632065345502,70.5392337667531],[-148.74062058021283,70.4940448629445],[-148.12077805091596,70.37976416226091],[-147.7235459952519,70.32667120571794],[-146.18263718177533,70.26810034390154],[-145.60702988197065,70.19242437954607],[-145.27254196693158,70.1163822042531],[-144.3603410391972,70.13342627163591],[-143.30757614661908,70.19675024624529],[-142.8024797110722,70.09034308071794],[-141.7039689688847,69.73443945522966],[-141.16135117103315,69.59894140835466],[-141.05925461341596,69.59546240444841],[-140.73939987708783,69.58456762905779],[-140.33456894447065,69.6232410299367],[-139.90065475990033,69.57098730679216],[-138.99545761634565,69.36829718228044],[-138.27507492591596,69.13548620815935],[-137.72852036048627,69.01584204312029],[-137.2608537345097,68.96400030728044],[-136.93156906654096,68.94952734585466],[-136.20306870033002,68.87561377163591],[-135.80328842689252,68.77105291958513],[-135.61018845130658,68.70377691860857],[-135.49577805091596,68.71902807827654],[-135.69887253333783,68.98949774380388],[-135.85951706458783,69.07965429897966],[-136.01494308997846,69.14723547573747],[-136.04396530677533,69.3359866964406],[-135.4391984610722,69.52628668423357],[-135.10397812415815,69.49662359829607],[-134.84383102943158,69.5273929464406],[-134.77597519447065,69.57298620815935],[-133.99483200599408,69.5062518941945],[-133.64763351966596,69.50691565151872],[-133.14131638099408,69.67456396694841],[-133.00215622474408,69.75827368374529],[-132.8031358390019,69.75862463589372],[-132.50795456458783,69.85788305874529],[-132.16646286536908,69.88893469448747],[-131.77655502845502,69.9276386129445],[-131.44623276283002,69.96627386685076],[-131.2355088858769,70.07374914761247],[-131.05905624915815,70.15834387417497],[-130.71191879798627,70.2050052511281],[-130.24182602454877,70.20590551968279],[-129.8494767813847,70.15069159146013],[-130.0497941641972,69.96887549038591],[-130.20801254798627,69.91536291714372],[-130.70325180579877,69.85365637417497],[-131.1946153311894,69.68578680630388],[-131.7543840079472,69.60890539761247],[-132.3032121329472,69.48670538540544],[-132.61789413978315,69.25174292202654],[-133.41318222572065,69.13702734585466],[-133.71957871009565,68.9178729879445],[-133.33893295814252,68.79822119351091],[-132.69037338783002,68.46158941860857],[-132.7889756827519,68.7090564596242],[-132.71330734779096,68.8670917379445],[-132.1749620108769,68.98101385708513],[-131.9994249015019,69.08687933560076],[-131.67297836829877,69.27615698452654],[-130.89580246497846,69.30025824185076],[-130.46362778236127,69.4674335348195],[-129.94267746497846,69.64258917446794],[-129.01314255286908,69.72018011685076],[-128.72375961829877,69.87253912563982],[-128.30908676673627,69.99500616665544],[-127.93980118324016,70.07992132778826],[-127.72553726722454,70.18759497280779],[-127.80552383949016,70.31023748989763],[-128.121151891248,70.48648413296404],[-128.41585251380658,70.686305605132],[-128.01105972816205,70.6407962667531],[-127.66734024574016,70.51815374966326],[-127.35170456458782,70.38026007290544],[-127.16631790687298,70.23468359585466],[-126.99711319495891,70.0204349386281],[-126.79519363929485,69.78502234097185],[-126.61845871497844,69.6791492330617],[-126.0578508048222,69.4605213033742],[-125.97399612952923,69.43039282437029],[-125.45461746741985,69.33309515591326],[-125.27735611488079,69.34096106167497],[-125.1877107291386,69.40919836636247],[-125.41768356849407,69.69653662319841],[-125.38623520423626,69.81800421353044],[-125.13956924964641,69.83365210171404],[-124.98927780677532,69.8947025167531],[-124.70693680335735,69.94081457729997],[-124.5343904166386,69.7816425191945],[-124.50809952308391,69.59213598843279],[-124.60000320960735,69.46324499722185],[-124.22530075599407,69.40343054409685],[-123.80283829261516,69.43445929165544],[-123.29193588783001,69.63985022183122],[-123.05067917396282,69.86033209438982],[-122.83527847816204,69.89112433071794],[-122.32606216956829,69.88448675747576],[-121.63505264808391,69.76427801724138],[-120.84985825111126,69.56864508267107],[-120.22155472327923,69.41844519253435],[-119.27894302894329,69.26151617642107],[-118.81795212318157,69.16424139614763],[-118.53954788734173,69.13460119839372],[-117.83234116126751,69.00779303188982],[-117.32801529456829,68.97860296841326],[-116.81318375159954,68.91183050747576],[-116.32002731849407,68.89770849819841],[-115.68983170081829,68.93648871060076],[-115.28510757972454,68.89208563442888],[-114.83145615150188,68.76513250942888],[-114.38960739661907,68.60825689907732],[-114.19450851966594,68.49615057583513],[-114.10867020179485,68.34652289028826],[-114.3446931510136,68.2862048971242],[-114.7653703360722,68.30038794155779],[-115.02009293128704,68.27746924038591],[-115.40214249183391,68.21693762417497],[-115.56165787269329,67.89568670864763],[-114.06628891517376,67.734645448882],[-113.2897615103886,67.69891699429216],[-112.5025300650761,67.69295843716326],[-112.11188217689251,67.72342260952654],[-111.77983566810344,67.74637182827654],[-111.35673233558391,67.82159002896013],[-110.95406052161907,67.87451513882341],[-110.53196426917766,67.92000921841326],[-110.13336655189251,67.9058338033742],[-109.48879715491985,67.69111975308122],[-108.83538528968548,67.61059912319841],[-108.64619919349407,67.55892523403826],[-108.09502121497844,67.35959967251482],[-108.10113235999798,67.2188220846242],[-108.32774063636516,67.18139227505388],[-108.48516556312298,67.07013281460466],[-108.34801956702923,67.00387152310076],[-107.52763840247844,66.56298407192888],[-107.60024735023235,66.73958929653826],[-107.6110734610722,66.87971838589372],[-107.40584274818157,66.90224035854997],[-107.12817856361126,66.9618411886281],[-107.15620895911907,67.0430408346242],[-107.59381577064251,67.33831366177263],[-107.65141006995891,67.42718084927263],[-107.7165193228886,67.62755926724138],[-107.66202255775188,67.96261938687029],[-107.50445267249798,67.97784002896013],[-106.62961288978313,68.03915747280779],[-106.21191879798626,68.10709723110857],[-106.11858841468548,68.24175604458513],[-105.9119538932011,68.33936651821794],[-105.6359758048222,68.35485418911638],[-105.14194199134563,68.22861822720232],[-104.45434280921673,68.10291632290544],[-104.01886459876751,68.07389410610857],[-103.58273788978313,68.11950262661638],[-103.3074617057011,67.93351324673357],[-103.19611832191204,67.89646490688982],[-102.76308914710735,67.80044897671404],[-102.21799179603313,67.74194677944841],[-101.91296860267376,67.70532568569841],[-101.39744278480266,67.70627936001482],[-101.00199600745891,67.79630621548357],[-100.21192642738079,67.8052249776906],[-99.3676652579472,67.79192694302263],[-98.88602921058391,67.81515081997576],[-98.35487839271282,67.93530615444841],[-97.92310806800579,67.72021826382341],[-97.49550339271282,67.58721502896013],[-97.26068588783001,67.59509619351091],[-97.15115829993938,67.7365222799367],[-97.15858933021282,67.96737249966326],[-97.45818039466594,68.07123144741716],[-97.78757950355266,68.13031347866716],[-98.40710922767376,68.15903051968279],[-98.36706253577923,68.36095007534685],[-97.83035751868938,68.39937170620622],[-97.57178970863079,68.36991461392107],[-97.2100495963261,68.27335699673357],[-96.81831833411907,68.18440588589372],[-96.43210312415813,68.16273077603044],[-96.20792862464641,68.07355078335466],[-96.1680574088261,67.99158819790544],[-96.21100327064251,67.93185003872576],[-96.34024521400188,67.5448261129445],[-96.25960251380657,67.31505163784685],[-96.12275406409954,67.241237245757],[-96.04299637366985,67.21179541226091],[-95.68652054359173,67.16807135220232],[-95.2586564688847,67.02838476772966],[-95.29073044349407,67.27984198208513],[-95.50044724036907,67.72474249478044],[-95.43879410316204,67.94077643032732],[-95.32254501868938,68.06028326626482],[-95.00205704261516,68.05342444058122],[-94.63704392005657,68.0690189230031],[-94.08401199866985,68.45131262417497],[-93.8626603751347,68.47417791958513],[-93.64680191566204,68.47459753628435],[-93.41411301185344,68.54245337124529],[-93.39924332191204,68.60245855923357],[-93.46689316322063,68.76744421597185],[-93.63582321693157,68.92499121304216],[-93.77388474036907,68.92471655483904],[-94.13840958167766,68.841334902007],[-94.58306595374798,68.87808569546404],[-94.34251114417766,69.11190374966326],[-93.97977158118938,69.1427265035695],[-93.78439804603313,69.21850927944841],[-93.52708145667766,69.21897467251482],[-93.19426437904094,69.03869970913591],[-92.98549362708782,68.96380957241716],[-92.95613571693157,69.08434637661638],[-92.99247452308391,69.5145755636281],[-93.32716080238079,69.48372992153826],[-93.73071762611126,69.49808081265154],[-94.0367326407597,69.55047949429216],[-94.4232072501347,69.6936527120656],[-94.74957748939251,69.65517004604997],[-95.30957504798626,69.73746832485857],[-95.6969880728886,69.84295233364763],[-96.12698074866985,69.9408450948781],[-96.42262741615032,70.09300573940935],[-96.46397110511516,70.15418585415544],[-96.4740876822636,70.29984625454607],[-96.32550522376751,70.36152990933122],[-95.94667526771282,70.56986578579607],[-96.16534134437298,70.66958960171404],[-96.69965073158001,70.83835943813982],[-96.65924545814251,70.93118628140154],[-96.39831253577923,71.2027850973195],[-96.13158890296673,71.33528479214372],[-95.95746323158001,71.35116156216326],[-95.49297806312298,71.23551519985857],[-95.43042465736126,71.25116308804216],[-95.35268112708782,71.40671118374529],[-95.67177292396282,71.56962164517107],[-95.7620515494511,71.69424780483904],[-95.65868851234173,71.71004828091326],[-95.41064926673626,71.85898932095232],[-95.24577042152141,71.8749500143117],[-94.41721054603313,71.88431128140154],[-94.16578384925579,71.84570654507341],[-93.83813950111126,71.76034887905779],[-93.27116867591594,71.5585437643117],[-93.07691666175579,71.41099890347185],[-92.98890396644329,71.24022253628435],[-93.0994538932011,70.9687991964406],[-92.53204056312298,70.7303958761281],[-92.16814896156048,70.50767859097185],[-91.65772720863079,70.28584631558122],[-91.82776352454876,70.13225897427263],[-92.27079483558391,70.1161151754445],[-92.48423477699016,69.99328955288591],[-92.67121597816204,69.74241217251482],[-92.45926376868938,69.7124515401906],[-91.97731491615032,69.60731085415544],[-91.6150788932011,69.5852542745656],[-91.44098373939251,69.6461673605031],[-91.1724519400761,69.64666327114763],[-90.50776382972454,69.4889636861867],[-90.65864273597454,69.3299823629445],[-90.91227432777141,69.23138769741716],[-90.87084671546673,69.16359289761247],[-90.51269241859173,68.95337256069841],[-90.35121628333782,68.68316992397966],[-90.34002396156048,68.30860479946794],[-90.20366379310344,68.3368640768117],[-90.19424149085735,68.3388172018117],[-90.00918289710735,68.36909826870622],[-89.7355851798222,68.53431280728044],[-89.44108292152141,69.0457034933156],[-89.14040848304485,69.2346912252492],[-88.9050187735722,69.22760351772966],[-88.5761384635136,69.1000476705617],[-88.09737106849407,68.8525882589406],[-87.88440414954876,68.68025549526872],[-87.79025742103313,68.47801550503435],[-87.86149307777141,68.2833515035695],[-88.0130510001347,68.26810034390154],[-88.37113663245891,68.31228979702654],[-88.46198746253704,68.17760809536638],[-88.48145767738079,67.99102362271013],[-88.32388016273235,67.8125491964406],[-87.80835434486126,67.5162616598195],[-87.53399368812298,67.29434546108904],[-87.3254060416386,67.16891058560076],[-87.05794235755657,67.24338873501482],[-86.65454575111126,67.31820257778826],[-86.48843857337688,67.37778814907732],[-86.39503189613079,67.67486151333513],[-86.05096146156048,67.85401495571794],[-85.78174301673626,68.04082831021013],[-85.66953751136516,68.3397937643117],[-85.50632950355266,68.67721136685076],[-85.39984604408001,68.7599597799367],[-84.77272507240032,68.7235828268117],[-84.62458511878704,68.75390967007341],[-84.56435104896282,68.98704870815935],[-85.00759598304485,69.13682898159685],[-85.42065140296673,69.29444464321794],[-85.3810701041386,69.695338808257],[-85.1133699088261,69.81714972134294],[-84.75945755531048,69.80261572476091],[-84.57021805335735,69.8333240377492],[-84.31351944495891,69.82621344204607],[-82.75667282630657,69.54878576870622],[-82.16050430824016,69.2477069723195],[-81.93275925208782,69.24814184780779],[-81.68396469642376,69.27876623745622],[-81.47992416908001,69.1886478292531],[-81.36990829993938,68.72242315884294],[-81.58302780677532,68.6020007955617],[-81.77710434486126,68.55667456265154],[-81.88645645667766,68.57896002407732],[-82.20959183265423,68.81850012417497],[-82.3278474478886,68.81827124233904],[-82.68726822425579,68.69747503872576],[-82.63178726722454,68.5550800191945],[-82.49299332191204,68.32328375454607],[-82.17829605628704,67.99535711880388],[-81.79372879554485,67.75780066128435],[-81.29496475745891,67.4987293111867],[-81.28435226966594,67.35788305874529],[-81.49921890784954,67.06891211147966],[-81.69673630286907,66.98728521938982],[-82.32999130775188,66.63962133999529],[-82.63348099281048,66.60227545376482],[-83.13871475745891,66.37349279995622],[-83.48195358802532,66.49772223110857],[-84.2264070182011,66.93088873501482],[-84.49036881019329,67.0485339986867],[-84.7138566641972,67.07027777310076],[-85.02158829261516,66.9441409933156],[-84.4077043204472,66.70936926479997],[-83.74045273353313,66.30630835171404],[-84.05871292640423,66.27637060757341],[-84.3699845938847,66.31246527310076],[-84.94954392005657,66.2747073995656],[-85.11850449134563,66.33306463833513],[-85.38676163245891,66.61182745571794],[-85.90318008949016,66.61822851772966],[-86.73898788978313,66.5651355611867],[-86.8531388907597,66.46201666470232],[-86.5768708853886,66.35237463589372],[-85.9871492057011,66.16278418179216],[-86.05865952064251,66.07476385708513],[-86.3337068228886,65.92789801235857],[-87.25401016761516,65.43011816616716],[-87.54983994056438,65.3495365011281],[-87.78694626380657,65.34908636685076],[-88.17352768470501,65.45750006313982],[-88.54085251380657,65.67544897671404],[-88.64201065589641,65.71173437710466],[-89.17739578773235,65.81294592495622],[-89.50872513343548,65.9292484151906],[-89.77756973792766,65.97996100063982],[-90.20366379310344,65.97355230923357],[-90.33375259925579,65.97159918423357],[-90.88001724769329,65.8931156026906],[-90.20366379310344,65.76792486782732],[-89.6923722891972,65.67328222866716],[-88.90442368079876,65.32516058560076],[-88.17144485999798,65.13038214321794],[-87.61630722572063,65.0733905660695],[-87.15728470374798,65.05958899136247],[-87.43523117591594,64.568873964507],[-87.9917878775761,64.25168188687029],[-88.3770646720097,64.0573230611867],[-88.7044572501347,63.985065065581225],[-89.07741257240032,63.96287115688982],[-89.49484726478313,64.01940497036638],[-89.97269150306438,64.19054754849138],[-89.99451157142376,64.03280218716326],[-90.00580307533001,63.9038577901906],[-89.86152359534954,63.6466556417531],[-89.87039658118938,63.57521780605974],[-90.20366379310344,63.56135138149919],[-90.22967239906048,63.56026419277849],[-90.8438615470097,63.609088503081225],[-91.5861711173222,63.793544374663256],[-91.98384567786907,63.82856329556169],[-93.31687637855266,63.97362097378435],[-92.3510408072636,63.58483465786638],[-91.64173599769329,63.51474722500505],[-91.02674576331829,63.39461477871599],[-90.77393814613079,63.302386842924975],[-90.62544724036907,63.181544862944506],[-90.6305818228886,63.09612616177263],[-90.9196443228886,62.94618948574724],[-91.41749283363079,62.852889620024584],[-92.06037613441204,62.88721426602068],[-92.29017349769329,62.9152103292531],[-92.45530411292766,62.7941051351613],[-91.8908586173222,62.6035533773488],[-92.10219284583782,62.411822878081225],[-92.5791902213261,62.269340120512865],[-93.23328873206829,61.971297823149584],[-93.42261978675579,61.858031831938646],[-93.3245744376347,61.54114111538591],[-93.46560379554485,61.435348116118334],[-93.87430283118938,61.343192659575365],[-94.01383682777141,61.21648748989763],[-94.25195023109173,60.92843588467302],[-94.37603470374798,60.79513510342302],[-94.48430344154094,60.49420889492693],[-94.60756393958782,60.24970587368669],[-94.75318619300579,59.94999273892107],[-94.72808548499798,59.762904726225756],[-94.80027481605266,59.513549410063646],[-94.74500748206829,59.119803987700365],[-94.68383499671673,58.87849386807146],[-94.41486069251751,58.71365316982927],[-94.30231186439251,58.70698507900896],[-94.18649765540813,58.66588934536638],[-93.88757034827923,58.65957983608904],[-93.36378952552532,58.701869569975756],[-93.23948380042766,58.68147238369646],[-93.07417770911907,58.55101355190935],[-92.88842484046673,58.207694612700365],[-92.52271744300579,57.687274538237475],[-92.42361923743938,57.386466585356615],[-92.48305222083782,56.97671469326677],[-92.40409578747519,56.97508393725052],[-92.71141469288669,56.83125797836517],[-93.82461083808953,56.86329884105465],[-102.14428729171048,57.21394132630312],[-111.28421353653351,58.55314202309659],[-114.56521270134176,60.59956315497872],[-118.19774749095093,62.712635573894396],[-124.93551363296793,64.83463268032534],[-132.43494029538678,62.496969371290604],[-139.52424206220468,62.41569007667785]]],[[[-65.47452255775188,76.09859808560076],[-66.02683731605266,76.1731677877492],[-66.68391892005657,76.30668219204607],[-66.54037949134563,75.97068365688982],[-66.56342026283001,75.928737245757],[-67.03665634681438,75.93623694058122],[-67.61905380775188,76.0189700948781],[-69.04484268714641,76.29375799771013],[-68.35297104408001,76.54862555142107],[-68.1443986563847,76.59984930630388],[-68.18594070960735,76.70160254116716],[-68.37633987952923,76.77777441616716],[-68.85623642493938,76.78535803433122],[-69.85101028968548,76.79198797817888],[-70.21667191077923,76.82532843228044],[-70.49995132972454,76.8333240377492],[-71.05698868324016,77.02849920864763],[-71.44827744056438,77.12186010952654],[-71.18388077308391,77.25953253384294],[-70.61842056800579,77.27779730435076],[-69.25207230140423,77.21171148892107],[-68.34064194251751,77.19630774136247],[-67.73630234290813,77.18888434048357],[-66.7837800650761,77.2593265401906],[-66.30934616615032,77.35474737759294],[-66.17778488685344,77.39800604458513],[-66.1534089713261,77.5531726705617],[-66.43559738685344,77.68224676724138],[-66.80472275306438,77.77682074185076],[-67.3522843985722,77.70645483608904],[-67.85181137611126,77.5930896627492],[-68.44123550941204,77.58333929653826],[-68.95322128822063,77.6342273580617],[-69.29207321693157,77.59898718472185],[-69.68751999427532,77.5550800191945],[-69.9936418204472,77.5803943502492],[-70.37952133704876,77.66610296841326],[-70.67803665687298,77.83014258022966],[-71.04520889808391,77.91627081509294],[-71.34299942542766,77.9417987691945],[-71.66946884681438,77.9151111471242],[-71.88843246986126,77.94943579312029],[-72.5253801016972,78.16613348599138],[-72.5452775626347,78.3235355245656],[-72.38322922279094,78.52572973843279],[-72.0187654166386,78.57922705288591],[-71.46276566077923,78.62432440396013],[-70.78020187904094,78.68733557339372],[-69.84684464027141,78.75975378628435],[-69.26627060462688,78.7961917745656],[-68.83852860023235,78.97410925503435],[-68.34851547767376,79.0904804098195],[-67.96912857581829,79.12678869839372],[-66.85430618812298,79.12891729946794],[-66.35871597816204,79.1743656026906],[-65.48489090491985,79.15823706265154],[-65.30409714271282,79.22092016812029],[-65.16448685218548,79.3103748189992],[-64.89053818275188,79.3823734151906],[-64.79951187659954,79.67840155239763],[-64.67545792152141,79.90390356655779],[-64.62318131019329,79.94921454067888],[-65.02371689368938,80.05176886196794],[-65.89964005042766,80.06920965786638],[-66.41940781165813,79.98192938442888],[-66.85121628333782,80.03850897427263],[-67.41029068519329,80.2107425558156],[-67.14280411292766,80.56214483853044],[-66.52167984534954,80.71127661343279],[-65.24133774329876,80.87276800747576],[-64.60832687904094,80.9739490377492],[-63.72541138221477,81.08617743130388],[-62.81141255638844,81.15595684596342],[-63.35819002201287,78.2356337190557],[-62.44868119723538,76.33836403843989],[-62.467633214490164,76.3399921285695],[-62.91620728065227,76.36447485562029],[-63.65076920081829,76.37993963833513],[-64.00380035926555,76.29492529507341],[-64.4733552603886,76.25186499233904],[-64.83591934730266,76.16703375454607],[-65.47452255775188,76.09859808560076]]],[[[-102.27919479896282,73.14715918179216],[-101.98523422767376,73.08414038296404],[-101.52065750648235,72.87084540005388],[-101.04201981116985,72.76880987759294],[-100.83488937904094,72.74547918911638],[-100.55804916908001,72.87264593716326],[-100.14954849769329,73.15112646694841],[-99.96296402503704,73.16739233608904],[-99.9550447135136,73.26287420864763],[-100.43335434486126,73.517116152007],[-100.91383072425579,73.70812567349138],[-100.99365707923626,73.81210669155779],[-100.93396469642376,73.86034735317888],[-100.17654129554485,73.82167395229997],[-99.85664078284954,73.9185291158742],[-99.66770645667766,73.91888769741716],[-99.21940323402141,73.7433353292531],[-98.96750351478313,73.72777136440935],[-98.7065324454472,73.75229986782732],[-98.51103683997844,73.86486395474138],[-97.9566316275761,73.92206152554216],[-97.34714218665813,73.89111670132341],[-96.93672653724407,73.78765448208513],[-97.08239456702923,73.66727026577654],[-97.3434724478886,73.61080511685076],[-97.4888581900761,73.458766542632],[-98.18634506751751,73.2900882589406],[-98.36283585120891,73.21812780972185],[-98.39371201087688,73.13058050747576],[-98.2796525626347,73.01959570522966],[-98.05192276527141,72.97244604702654],[-97.74046036292766,73.01267584438982],[-97.2546281485722,72.93429907437029],[-96.86413284827923,72.8241229879445],[-96.68853470374798,72.81653936978044],[-96.43457504798626,72.69835241909685],[-96.35086533118938,72.50115545864763],[-96.65746780921673,72.34305151577654],[-96.72786423255657,72.18572577114763],[-96.84962173988079,71.87977179165544],[-97.05519577552532,71.71526678677263],[-97.28400894691204,71.65240057583513],[-97.58003708411907,71.64402350063982],[-97.84193131019329,71.69036444302263],[-98.18997665931438,71.84595068569841],[-98.4839753775761,71.892360292632],[-98.47840591956829,71.79854162808122],[-98.00388046790813,71.54967840786638],[-98.37187668372844,71.36996801968279],[-98.71809097816204,71.35375555630388],[-98.93899246741985,71.39222296353044],[-99.43434616615032,71.64056738491716],[-99.86262985755657,71.92893561001482],[-100.31894394447063,72.13972815151872],[-100.75919815589641,72.24100836392107],[-101.40628525306438,72.2948490011281],[-101.65373703529094,72.373073183257],[-102.66872879554485,72.85284002896013],[-102.27919479896282,73.14715918179216]]],[[[-95.87341782142376,76.51327856655779],[-96.27653976966594,76.73324164028826],[-96.80946823646282,76.91969641323747],[-96.72310349036907,77.0223880636281],[-95.62853714515423,77.04159887905779],[-94.93447586585735,76.92328222866716],[-94.2718171744511,76.89894446011247],[-94.19506546546673,76.89906653042497],[-93.79452988197063,76.7379642355031],[-93.87482163001751,76.62733801479997],[-93.81957718421673,76.48328741665544],[-93.93760391761516,76.398463808257],[-94.50722977210735,76.42276342983904],[-95.53256699134563,76.4969745504445],[-95.72408005286907,76.47120245571794],[-95.87341782142376,76.51327856655779]]],[[[-88.32573410560344,74.68200262661638],[-88.39015671302532,74.99047430630388],[-88.94714066077923,74.93242987271013],[-89.12196060706829,74.85086401577654],[-89.26858231116985,74.70455511685076],[-89.69807907630657,74.61462744351091],[-90.15305801917766,74.62996252651872],[-90.20365616370891,74.64215429897966],[-90.52029892493938,74.71844061489763],[-91.05400558997844,74.97726782437029],[-91.35767075111126,74.75738104458513],[-91.86679550697063,74.78889807339372],[-92.16646286536907,75.09879644985857],[-92.36552139808391,75.42128332729997],[-92.10123154212688,75.63806494351091],[-92.09277817298626,75.80506476040544],[-92.22411819984173,75.94715460415544],[-92.78617569495891,76.2402835714406],[-93.06393906165813,76.37475927944841],[-93.08487412025188,76.52703436489763],[-92.79890152503704,76.58692511196794],[-92.24705215980266,76.62192114468279],[-91.1346330313847,76.63252600308122],[-90.79144760658001,76.5907703268117],[-90.28858658363079,76.4730716573781],[-90.20367142249798,76.45518072720232],[-89.81152817298626,76.37251623745622],[-90.0871247916386,76.2875476705617],[-90.20366379310344,76.28165777798357],[-90.60622116615032,76.2612796651906],[-90.99005600501751,76.18470343228044],[-91.15639969398235,75.97433813687029],[-90.64653488685344,75.95013006802263],[-90.20364853431438,75.96699865933122],[-90.18295761634563,75.96777685757341],[-89.80173965980266,75.91820105190935],[-89.59354874183391,75.85998877163591],[-89.36940475990032,75.65158423062029],[-89.04219528724407,75.46079596157732],[-88.76273056556438,75.41980322476091],[-88.66658493568157,75.45320471401872],[-88.64735123206829,75.59464605923357],[-88.51881119300579,75.61986883755388],[-88.03487106849407,75.6207767355031],[-87.63766953040813,75.70489843960466],[-87.29289719154094,75.65550573940935],[-86.91690537025188,75.54795416470232],[-86.61799332191204,75.432155214507],[-86.17895981361126,75.40808447476091],[-85.83033463050579,75.61661871548357],[-85.20330521156048,75.74293097134294],[-84.43665787269329,75.79451330776872],[-83.5586824088261,75.90492590542497],[-82.86867996741985,75.88112219448747],[-81.70312210609173,75.8749500143117],[-81.53155991126751,75.85853918667497],[-81.17606064368938,75.7171893941945],[-80.76611038734173,75.60955389614763],[-80.12798019935344,75.54416998501482],[-79.83384415199016,75.48652990933122],[-79.73917862464641,75.47008856411638],[-79.5766496329472,75.39566382046404],[-79.49518295814251,75.279811464507],[-79.6751374869511,75.21329077358904],[-80.49992081214641,75.03009375210466],[-80.56049057533001,74.91556128140154],[-80.34932419349407,74.61590155239763],[-81.4682511954472,74.5814472066945],[-81.73454758216594,74.57284124966326],[-82.02741715003704,74.53186377163591],[-82.37299057533001,74.55549963589372],[-82.75358292152141,74.6275897848195],[-82.93595596839641,74.68396338101091],[-83.07375046302532,74.98405035610857],[-83.44872757484173,75.08227118130388],[-83.61359879066204,75.02420385952654],[-83.58102890540813,74.69896277065935],[-83.82236191322063,74.6417957174367],[-84.1585359244511,74.66548498745622],[-84.56786819984173,74.61612280483904],[-84.89556595374798,74.62362249966326],[-85.11821457435344,74.62321051235857],[-85.72237106849407,74.719264589507],[-85.98914810706829,74.80799444790544],[-86.21156021644329,74.81569250698747],[-86.30568405677532,74.62095984097185],[-87.11603256751751,74.57089575405779],[-87.48978134681438,74.53784521694841],[-88.1436433463261,74.56897314663591],[-88.32573410560344,74.68200262661638]]],[[[-75.92493912269329,82.51744421597185],[-75.80209824134563,82.6801257955617],[-76.2339982657597,82.90875586147966],[-76.60654923011516,83.04038580532732],[-76.38208481361126,83.15191229458513],[-75.72928329993938,83.09775885220232],[-74.90498825599407,83.02203711147966],[-74.16105362464641,82.9905506002492],[-73.42364212562298,82.783473573882],[-73.25343796302532,82.77292212124529],[-73.22588058997844,82.86053045864763],[-73.36116501380657,83.10303839321794],[-72.5595369010136,83.10483893032732],[-71.92592331458782,83.0840564596242],[-71.55182358314251,82.96325262661638],[-71.17767044593548,82.81030615444841],[-70.89964005042766,82.81091650601091],[-70.91941544105266,82.9315906393117],[-71.06805130531048,83.14152105923357],[-70.58430191566204,83.17604406948747],[-68.92305466224407,83.00220068569841],[-67.69633194495891,82.87279852505388],[-66.82488724281048,82.90768774624529],[-65.48093124915813,82.89966162319841],[-65.0457658438847,82.87870367642107],[-64.7052888541386,82.8246570455617],[-64.6485261588261,82.82477148647966],[-64.0098428397343,82.78243597622576],[-63.51987167884563,82.69630011196794],[-63.18510529090618,82.65362127896013],[-62.4271020560429,82.633571230132],[-61.816342320935476,82.47298010464372],[-61.989376988904226,82.31192358608904],[-62.54635712196087,82.25741919155779],[-63.088700261609304,82.09728582974138],[-63.92060562659954,82.01119574185076],[-64.36049362708782,82.03129156704607],[-65.34669205238079,82.10294684048357],[-66.3745011954472,82.1007343160695],[-66.7235994010136,82.03673895474138],[-67.58518692542766,81.96132238979997],[-67.85378738929485,81.75201758022966],[-67.51643082191204,81.58725317593279],[-67.17384048988079,81.56735571499529],[-66.71056839515423,81.58894690151872],[-65.94338699866985,81.71458014126482],[-65.58789536048626,81.70499762173357],[-65.22433945228313,81.5098377096242],[-65.29983231116985,81.45840796108904],[-65.86057755042766,81.39586218472185],[-66.48169418861126,81.3028827535695],[-67.00993820716594,81.17003973599138],[-67.95411392738079,80.93699225063982],[-68.54623886634563,80.83604773159685],[-69.08180710365032,80.67632635708513],[-69.49747177650188,80.54748877163591],[-70.51105972816204,80.54539068813982],[-70.21854111243938,80.13744696255388],[-70.4205217032597,80.05044897671404],[-71.45447250892376,79.84579046841326],[-71.79983994056438,79.8541751730031],[-72.51384445716594,79.87084540005388],[-73.17184921790813,79.96901281948747],[-74.2454728751347,80.0426746236867],[-74.54227158118938,79.894069277007],[-73.37603470374798,79.58111914272966],[-73.67390152503704,79.5177493917531],[-74.10912796546673,79.5348621236867],[-74.69301315833782,79.52475317593279],[-75.17368027259563,79.51486548062029],[-76.3346833853886,79.61134680386247],[-77.23877426673626,79.5826907980031],[-77.2991609244511,79.28556402798357],[-76.73341080238079,79.33287390347185],[-76.25381180335735,79.32484778042497],[-75.21375748206829,79.19302710171404],[-74.96309372474407,79.12227209683122],[-74.90886398841594,78.82077368374529],[-75.05744644691204,78.7321277486867],[-75.52126785804485,78.6782718526906],[-75.7530412345097,78.36124762173357],[-76.23600479652141,78.35155066128435],[-76.43763443519329,78.37747534390154],[-76.61846634437298,78.29825171108904],[-76.48483749915813,78.18409308071794],[-76.14319321204876,78.0719714986867],[-76.2906388907597,78.01065405483904],[-77.01714798499798,77.97446783657732],[-77.40726944495891,77.99114569302263],[-78.17676254798626,78.06809576626482],[-78.36676498939251,78.03287085171404],[-78.18244644691204,77.67718084927263],[-78.21856400062298,77.57334478970232],[-78.51054092933391,77.44339331265154],[-78.85540482093548,77.3738284933156],[-79.53947159339641,77.42421301479997],[-80.4571199088261,77.47416266079607],[-81.10028549720501,77.57650335903826],[-81.55392929603313,77.54110296841326],[-82.10242935706829,77.31605108853044],[-81.6384172110722,77.26539953823747],[-81.47284409095501,77.2399402486867],[-80.5033845572636,77.19032629604997],[-79.71194931556438,77.13182409878435],[-79.02187820960735,77.05609472866716],[-78.1214265494511,77.04070623989763],[-77.82433792640423,76.88757666226091],[-77.8040666251347,76.72584112759294],[-78.21225449134563,76.54684790249529],[-79.42032333900188,76.42604406948747],[-79.83747574378704,76.37455328579607],[-80.31186386634563,76.27240332241716],[-80.81350418616985,76.23771246548357],[-81.02364059974407,76.36385687466326],[-81.38230606605266,76.65105780239763],[-81.63404556800579,76.63363226528826],[-81.91791245033001,76.63306006069841],[-82.57185074378704,76.77632483120622],[-82.57236191322063,76.69974859829607],[-82.4235734610722,76.47110327358904],[-83.08795639564251,76.47829016323747],[-83.76330277015423,76.53631170864763],[-84.15717789222454,76.6797595846242],[-84.62186905433391,76.89168127651872],[-84.79639908363079,76.8657718526906],[-84.55935379554485,76.54324682827654],[-84.66750809241985,76.46683081265154],[-85.03705307533001,76.40692480679216],[-85.81091019202923,76.45618017788591],[-86.83530899574016,76.47118719692888],[-87.27270981361126,76.50420721646013],[-87.89473434974407,76.68114813442888],[-88.18344589759563,76.74010046597185],[-88.31023880531048,76.53611334438982],[-88.58884140540813,76.46783026333513],[-89.41812607337688,76.61032446499529],[-89.34565445472454,76.87417944546404],[-89.24700638343548,76.97679480190935],[-88.56066605140423,77.02938421841326],[-88.2863435416386,77.14117773647966],[-87.85390183021282,77.21921881313982],[-87.32338425208782,77.2030521261281],[-87.09915634681438,77.28074225063982],[-87.58183762122844,77.46057470913591],[-88.0512361197636,77.75362738247576],[-88.02763840247844,77.82307776089372],[-87.8124665885136,77.87560614224138],[-87.21999832679485,77.85935553188982],[-86.43570419837688,77.81746252651872],[-86.03608414222454,77.72281988735857],[-85.5375871329472,77.49034460659685],[-84.92994400550579,77.34507330532732],[-84.4417390494511,77.30302008267107],[-83.6917390494511,77.31302984829607],[-83.3188142447636,77.37395819302263],[-83.2797746329472,77.49463995571794],[-83.04858109046673,77.63122137661638],[-84.4070939688847,77.63070257778826],[-84.86829849769329,77.70772894497576],[-84.93851181556438,78.09006079312029],[-84.84344193031048,78.15964087124529],[-85.62624069740032,78.22853430386247],[-86.50986954261516,78.29687842007341],[-86.63319107581829,78.29664190884294],[-86.91718765784954,78.24524267788591],[-86.82543655921673,78.58613928433122],[-86.30379196693157,78.83436926479997],[-85.80681320716594,78.90618475552263],[-84.9799699454472,78.90774878140154],[-84.45631119300579,78.89104803677263],[-83.83996292640423,78.85679205532732],[-82.92934128333782,78.71704443569841],[-82.32560440589641,78.66527899380388],[-82.10682388831829,78.73631628628435],[-81.59718033363079,78.75461920376482],[-83.12690445472454,79.11556585903826],[-83.9108781485722,79.25663336392107],[-85.51047989417766,79.82787665005388],[-85.69302078773235,79.71915777798357],[-86.32239243079876,80.11429175015154],[-86.31092545081829,80.23020514126482],[-86.17014786292766,80.2789798605031],[-85.38410660316204,80.23207434292497],[-84.52676865150188,80.23385199185076],[-83.6183747916386,80.20665320034685],[-82.89854141761516,80.03467138882341],[-81.75810715247844,79.68190344448747],[-81.10627457191204,79.70112951870622],[-80.73164841224407,79.6585193502492],[-81.35573288490032,79.90811499233904],[-82.2625627188847,80.05098303433122],[-81.71874710609173,80.38537939663591],[-81.0636872916386,80.53345068569841],[-80.28473373939251,80.54488714810076],[-79.59666153480266,80.64473303433122],[-78.67793747474407,80.67624243374529],[-78.15715500404094,80.72676428433122],[-77.52088638831829,80.74994238491716],[-78.32092758704876,80.965358339507],[-78.5658794653794,80.99165344853304],[-76.95456267707235,81.39861690021824],[-75.98783970886988,82.34208530365676],[-76.02439977354966,82.53072468985056],[-75.92493912269329,82.51744421597185]]],[[[-54.48590179969524,69.56363257046404],[-54.57440277625774,69.60885199185076],[-54.68687531043743,69.70702704067888],[-54.72269150306438,70.08692511196794],[-54.59369751502727,70.24023779507341],[-54.42833801795696,70.2481952535695],[-54.13745972205852,70.18746527310076],[-53.61670013953899,70.15783270474138],[-53.037491765515554,70.03655584927263],[-52.701188054578054,69.91539343472185],[-52.433556523816335,69.870387636382],[-52.08398529578899,69.772487245757],[-51.81285187293743,69.62156256313982],[-51.87741180946087,69.53068121548357],[-51.927941289441335,69.51549109097185],[-52.172604527966726,69.49234350796404],[-52.52107712318157,69.47657354946794],[-52.86744019080852,69.39284094448747],[-53.321713414685476,69.32408484097185],[-53.55149933387493,69.27841528530779],[-53.80711456824993,69.33826788540544],[-54.125260320203054,69.48115881558122],[-54.48590179969524,69.56363257046404]]],[[[-60.1714630701033,53.29857710058178],[-59.71703430701946,53.4313121664113],[-59.47287079383587,53.471854768950365],[-59.18075653602337,53.51914175625505],[-58.64011093665813,53.867675386626146],[-58.07691666175579,54.08285864468279],[-57.56114288856243,54.13071020718279],[-57.2630395560429,54.02418097134294],[-57.105824437634695,53.870631777007006],[-57.285199132458914,53.66976126309099],[-57.268944707410085,53.616324983794115],[-57.13083359290813,53.48302801724138],[-56.85379883338665,53.58374365444841],[-56.64929291297649,53.65759619351091],[-56.35446259071087,53.57132300015154],[-56.12695583342671,53.46584387832734],[-58.78822689960135,52.57259027862411],[-60.1714630701033,53.29857710058178]]],[[[169.48091979943723,61.192640399715565],[172.4408476128738,63.07842210456581],[171.76813674618367,65.85917681241212],[168.13549806605704,67.45778023799447],[155.89216029229675,68.16901029658281],[130.86731605142418,69.90104204211539],[124.54383390453704,71.58610355723228],[123.5007008987776,73.50494943844788],[124.22215560386921,73.69691046353044],[124.45666793297077,73.70529516812029],[124.8176603646114,73.658229433257],[125.3346281380489,73.5240741598195],[125.71732619713093,73.39780005093279],[126.48701766441609,73.38340338345232],[127.0968351692989,73.41625555630388],[127.71956160972859,73.4015384542531],[128.3147840828731,73.20751532192888],[128.49888137291217,73.12594183560076],[128.52492812584185,72.9523425924367],[128.29104140709185,72.91247900601091],[128.17055800865435,72.89652594204607],[127.31350234459187,72.71388586636247],[126.2164411873653,72.38231238003435],[126.11130050133015,72.28037603970232],[126.22529891441609,72.24934729214372],[126.69000533531452,72.21892889614763],[127.12090590904499,72.21193274136247],[127.41754439781452,72.14218481655779],[127.71409896324421,72.01011236782732],[128.1701307625606,71.83187445278826],[128.43249038170123,71.75462683315935],[128.7835340828731,71.53804358120622],[129.35520461509967,71.1756854879445],[130.1717176766231,70.81534918423357],[130.77927688072467,70.67834051724138],[131.05480483482623,70.68650396938982],[131.4126844734981,70.86376532192888],[131.79166701744342,71.18792303677263],[132.28361037681842,71.66087683315935],[132.55375197838092,71.80897101040544],[132.68426040123248,71.80141028042497],[132.7906141609981,71.59201391812029],[133.13840774009967,71.45321234341326],[133.7439070076778,71.32284887905779],[134.24135878990435,71.26194342251482],[134.62290481041217,71.30131109829607],[135.51061538170123,71.51182135220232],[135.86063674400592,71.54344519253435],[136.22661879966998,71.51315649624529],[136.7650251717403,71.40578039761247],[137.62967971275592,71.07541998501482],[137.77126601646685,71.0988269674367],[137.8549452156856,71.12980230923357],[138.07578566978717,71.24595221157732],[138.17544082115435,71.3620105611867],[138.11381057213092,71.38510473843279],[138.1193952889278,71.47020300503435],[138.44611648033404,71.61027105923357],[138.67487624595904,71.61844977017107],[138.89985183189654,71.50264319058122],[139.15876296470904,71.41796454067888],[139.7444715828731,71.40359839077654],[139.8256941170528,71.62836035366716],[139.73856643150592,71.83789404507341],[139.80597976158404,72.00147589321794],[139.84789565513873,72.23560675259294],[139.33877089927935,72.1643558370656],[139.04995253990435,72.16382177944841],[138.96934035728717,72.2105213033742],[139.16831496666217,72.34379156704607],[139.31179336021685,72.38319738979997],[139.75561049888873,72.42317541714372],[140.21502211998248,72.43185003872576],[140.5890760750606,72.49523504849138],[141.29397109459185,72.78707464810076],[141.40839675377154,72.78729590054216],[142.20023635338092,72.67872198696794],[142.90252211998248,72.617213808257],[143.81882766197467,72.53262671108904],[144.26743606041217,72.50207861538591],[144.56183913658404,72.45562323208513],[145.59995559166217,72.42622717495622],[144.82036879966998,72.14334448452654],[145.2095594734981,72.1206775533742],[145.66462233970904,72.16052588101091],[145.81499770591998,72.09839972134294],[145.6781874031856,71.92672308560076],[145.26140883873248,71.8403812276906],[144.88077834556842,71.72314795132341],[144.80126479576373,71.5911136495656],[145.10038283775592,71.57618292446794],[145.33378127525592,71.63085516567888],[145.74624160240435,71.69371374722185],[146.18606093834185,71.84209784146013],[146.9151258797481,72.20190008755388],[148.15946486900592,72.19639929409685],[148.6979627938106,72.1661868917531],[149.10447219322467,72.08892401333513],[149.53032973716998,72.02736242886247],[149.62253859947467,71.94185980435076],[149.72198012779498,71.89520605679216],[148.71085647056842,71.62939795132341],[148.9621687264278,71.56785925503435],[149.7154188484981,71.4376483785695],[150.69370559166217,71.34668310757341],[151.1194715828731,71.25476416226091],[151.47996047447467,71.08581122036638],[151.64484694908404,70.89377936001482],[151.89907363365435,70.73301275845232],[152.13401320884967,70.66443213101091],[152.79058364341998,70.68098791714372],[153.4044294686153,70.72815283413591],[153.91649917076373,70.79046972866716],[155.04923537681842,70.9385486471242],[156.0431776375606,70.98655279751482],[157.39641860435748,70.927516542632],[158.07795241783404,70.86731299038591],[158.40867141197467,70.81418951626482],[158.93413833091998,70.62346991177263],[159.2292127938106,70.54745062466326],[159.46557143638873,70.39498480435076],[159.62790969322467,70.21980627651872],[159.57267287681842,69.99896582241716],[159.4438124031856,69.76456030483904],[159.67295363853717,69.6519275533742],[160.0166120858028,69.62243231411638],[160.39239028404498,69.61560400601091],[160.6816053719356,69.57847937222185],[160.6740370125606,69.27026709194841],[160.86234572838092,69.08311804409685],[161.17081740806842,69.15864904995622],[161.4161024422481,69.35423620815935],[161.96099379966998,69.52816351528826],[162.1177625984981,69.55855902310076],[162.27485183189654,69.5362811910695],[163.03823378990435,69.54520758267107],[163.72240737388873,69.6744876730031],[164.05369094322467,69.66003759976091],[164.31817153404498,69.46485479946794],[164.63646987388873,69.41282232876482],[165.33014968345904,69.40657385464372],[166.30924514244342,69.37832983608904],[166.70035842369342,69.43165930386247],[167.3200788826778,69.65857275601091],[167.50323012779498,69.56856115933122],[167.92161086509967,69.32873877163591],[168.09997085045123,69.23150213833513],[168.5924177498653,69.11246069546404],[168.98606399009967,68.96339758511247],[169.11321547935748,68.784205995757],[169.38860610435748,68.71748694058122],[170.08889296959185,68.77854498501482],[170.83280471275592,68.9219470846242],[170.9048719734981,69.03432043667497],[170.79320815513873,69.18400152798357],[170.43130019615435,69.55891760464372],[170.05626967857623,69.61091955776872],[170.2362928719356,69.76195105190935],[170.45170119713092,70.0192142355031],[171.30224135826373,69.97523077603044],[171.84838393638873,69.93847998257341],[172.35924819420123,69.9092288839406],[172.9081678719356,69.8347659933156],[173.00828078697467,69.69170721646013],[173.63665297935748,69.76070746060076],[174.57445815513873,69.7850604879445],[175.6109724373653,69.77942999478044],[176.19217971275592,69.71265753384294],[176.54601577232623,69.62294348354997],[177.07915786216998,69.53360327358904],[177.70499709556842,69.48964270229997],[178.04284194420123,69.40761145229997],[178.62885573814654,69.25851782437029],[178.96496108482623,69.22913702603044],[179.28148940513873,69.14725836392107],[180,68.91989477749529],[180,67.96313055630388],[180,66.96313055630388],[180,65.96313055630388],[180,65.38163336392107],[180,65.31103094692888],[180,65.05193670864763],[180,64.95347937222185],[179.30910781334185,64.78647192593279],[179.01597121666217,64.77292975063982],[178.72602370689654,64.60632666226091],[178.4738417000606,64.57721289272966],[178.00438979576373,64.54774054165544],[177.8441267342403,64.58320959683122],[177.42666152427935,64.6067386495656],[177.37353042076373,64.76135595913591],[177.25146010826373,64.8561054098195],[177.0262556404903,64.84421881313982],[177.1346540779903,64.9274402486867],[176.71245864341998,64.78165777798357],[176.33170607994342,64.77292975063982],[176.18017104576373,64.8679920064992],[175.9650526375606,64.90365942593279],[176.15595534752154,64.6779285299367],[175.89977553795123,64.54742773647966],[176.04404738853717,64.50115545864763],[176.4677839608028,64.4089847433156],[176.75323012779498,64.57114752407732],[176.93052199791217,64.5528827535695],[177.08159926841998,64.51739843960466],[177.08158400963092,64.30297430630388],[177.19323256920123,64.2103534566945],[177.53472426841998,64.08968695278826],[178.01113418052935,64.19211157437029],[177.81341079185748,64.0474353658742],[178.14725783775592,64.15663488979997],[178.17650893638873,64.0053211080617],[178.28776076744342,63.91291388149919],[178.37162307213092,63.749381624419115],[178.40261367271685,63.66409262295427],[178.07767775963092,63.42905005093279],[178.3443708748653,63.45795782681169],[178.50112441490435,63.380187593657396],[178.7139540047481,63.153731905180834],[178.93949416588092,63.08333548184099],[179.0042829842403,62.970199190337084],[178.93163588951373,62.765067659575365],[179.28769973228717,62.81507834072771],[179.2317762703731,62.63853796597185],[179.24216750572467,62.52569922085466],[179.04876235435748,62.3913951742238],[178.73766616295123,62.29927023525896],[178.4518690438106,62.31985434170427],[178.25026992271685,62.382873140532396],[177.69097426841998,62.45226629849138],[177.29084304283404,62.48678549404802],[177.13486770103717,62.5499645101613],[177.19034865806842,62.67001303311052],[176.9683485359981,62.69078405972185],[176.83198073814654,62.676410280424975],[176.58050063560748,62.42905005093279],[176.54911330650592,62.3796878683156],[175.17263320396685,61.96908529873552],[174.6526747078731,61.89086493130388],[174.54230788658404,61.89065512295427],[174.3487196297481,61.79903372402849],[174.25043776939654,61.71468313809099],[173.9267683358028,61.61596258755388],[173.48090651939654,61.601100527007006],[173.34258559654498,61.55182226772966],[173.12633803795123,61.36941488857927],[172.91828444908404,61.278129183012865],[172.4924421639278,61.263324342924975],[172.1081648201778,60.98328360195818],[172.0000868172481,60.85757406826677],[171.24840835045123,60.65417822476091],[171.07238295982623,60.45214422817888],[170.51969436119342,60.33994253750505],[170.34409823134902,60.27960975244485],[169.48091979943723,61.192640399715565]]],[[[-170.4731340079472,66.29494055386247],[-170.32910629798627,66.25848730679216],[-170.06616684486127,66.1781726705617],[-169.87270065833783,66.08316382046404],[-169.8324327140019,66.0245624410695],[-169.98691269447065,66.00963934536638],[-170.44873520423627,66.05273779507341],[-170.6126603751347,66.03776129360857],[-170.97617050697065,65.67843969937029],[-171.6685685782597,65.88923987026872],[-171.6064805655644,65.80885656948747],[-171.40962692786908,65.70685156460466],[-171.2003068595097,65.56117590542497],[-171.73003098060346,65.61127050991716],[-172.1836290030644,65.58850439663591],[-172.72432419349408,65.76287420864763],[-173.04314133216596,65.80616339321794],[-172.98259445716596,65.74776037808122],[-172.85268112708783,65.63107641812029],[-172.8146867423222,65.63114508267107],[-172.56233688880658,65.51480444546404],[-172.47015854408002,65.37645300503435],[-172.41122910072065,65.17272528286638],[-172.4365586905644,65.020045839507],[-172.8027238516972,64.99756201382341],[-173.16508957435346,64.96792944546404],[-173.2504014640019,64.89551123257341],[-173.02515121986127,64.50645788784685],[-173.0770158438847,64.3839832174367],[-173.54488083411908,64.4190936910695],[-173.72377487708783,64.38278540249529],[-174.26068588783002,64.46094092007341],[-174.37944504310346,64.6192127096242],[-175.18715378333783,64.84854467983904],[-175.30087753822065,64.72565039272966],[-175.8273820548222,64.93402441616716],[-175.95168015052533,65.0061756002492],[-176.07092758704877,65.18765600796404],[-175.99268051673627,65.2678714620656],[-176.13722702552533,65.45704229946794],[-176.52850815345502,65.60957678433122],[-176.7827500968144,65.63828619595232],[-177.12561508704877,65.62305029507341],[-177.51186081458783,65.52012213345232],[-178.11627670814252,65.4824939596242],[-178.65353867103315,65.5398670064992],[-178.6272325186894,65.68596991177263],[-178.69694992591596,65.83212622280779],[-178.9750871329472,66.05139502163591],[-179.3785752921269,65.99599035854997],[-179.58118149329877,65.81180151577654],[-180,65.2592273580617],[-180,65.31103094692888],[-180,65.381618105132],[-180,65.96313055630388],[-180,66.96313055630388],[-180,67.96313055630388],[-180,68.91692694302263],[-178.89124008704877,68.64245184536638],[-178.1291856436894,68.37364538784685],[-177.7093858390019,68.29199560757341],[-175.9905900626347,67.84674414272966],[-175.51398178626752,67.66881140347185],[-175.4221543936894,67.60198553677263],[-175.38904282142377,67.50534399624529],[-175.18892380286908,67.31261023159685],[-175.00623032142377,66.95733221646013],[-175.10054489661908,66.76504858608904],[-174.6351670890019,66.40478857632341],[-174.19333359290815,66.28795965786638],[-174.2020158438847,66.36881598110857],[-174.0682725577519,66.43529089565935],[-174.09120651771283,66.5235858785695],[-174.37830063392377,66.699977480132],[-174.37114426185346,66.94374426479997],[-174.33661362220502,67.07699926968279],[-173.87494370033002,67.1593280660695],[-173.43222519447065,67.03428228970232],[-173.17439743568158,66.99037512417497],[-172.82922836829877,66.96141394253435],[-172.3779649405644,67.01405676479997],[-171.9579972891972,66.95566900845232],[-171.5396623282597,66.76436194058122],[-171.22723862220502,66.60267218228044],[-170.4731340079472,66.29494055386247]]]]}},{"type":"Feature","properties":{"NAME":"Andean hunter-gatherers","ABBREVN":"Andean hunter-gatherers","SUBJECTO":"Andean hunter-gatherers","BORDERPRECISION":1,"PARTOF":"Andean hunter-gatherers","polity_id":"roman_peak:andean_hunter_gatherers","name":"Andean hunter-gatherers","ISO_A3":"ANDEANHUNTER","ADM0_A3":"ANDEANHUNTER","ADMIN":"Andean hunter-gatherers","fill_colour":"#81483b","border_precision":1},"geometry":{"type":"MultiPolygon","coordinates":[[[[-66.09723843191973,-20.13835052013179],[-67.12255067092232,-25.032037581988202],[-68.6165770763261,-26.666495445378],[-69.31964832592786,-29.30477628067829],[-67.49930527997265,-31.663186632907415],[-67.48158657100439,-31.655864143664434],[-67.64985410812366,-33.57694564055348],[-69.43682686752817,-37.15902614350158],[-71.51674598093341,-39.70574973625215],[-72.0684836753677,-40.547229038878235],[-72.72818067052704,-41.55336179549616],[-72.76746841956829,-41.53527490023909],[-72.89088913490032,-41.529114164155104],[-72.96338364173626,-41.574139035981275],[-73.1777009635136,-41.76055184726057],[-73.42416855384563,-41.786697782319166],[-73.46355148841594,-41.78677026156721],[-73.59364029456829,-41.697239316742994],[-73.66562363197063,-41.47935906771956],[-73.84525772620891,-41.15282861117659],[-73.90523239661907,-40.83904305819807],[-73.82080551673626,-40.42910806063948],[-73.75937363197063,-40.243389524262525],[-73.4343156485722,-39.9103626382762],[-73.19384476234173,-39.565369046967604],[-73.19633957435344,-39.41866723422346],[-73.44117447425579,-38.62841073397932],[-73.44044205238079,-38.354309476655104],[-73.40069290687298,-38.099277890961744],[-73.43500992347454,-37.90178338412581],[-73.67253586341594,-37.500854886811354],[-73.69026657630657,-37.36710397128401],[-73.58405014564251,-37.277717984955885],[-73.35966965247844,-37.3218502176219],[-73.27789017249798,-37.283462919037916],[-73.18790146400188,-37.21957436923323],[-73.14423080970501,-37.155796445649244],[-72.95995804359173,-36.5758899820262],[-72.84636398841594,-36.359199918549635],[-72.70962235023235,-35.938797391694166],[-72.62884995033001,-35.64587823275862],[-72.33002182533001,-35.28258172396956],[-72.16658493568157,-34.95790902499495],[-72.07612320472454,-34.671944059174635],[-71.96271225501751,-34.24619332675276],[-71.82275864173626,-33.934708036225416],[-71.73862167884563,-33.877380765717604],[-71.61574265052532,-33.70565453891096],[-71.60992142249798,-33.57227746371565],[-71.67724956368635,-33.38977699172401],[-71.75040146400188,-33.1914905679637],[-71.7133683829472,-33.1088489664012],[-71.50858017493938,-32.90518990878401],[-71.41605087806438,-32.75256768588362],[-71.41326809477779,-32.72888223427206],[-71.40336319495891,-32.64457742099104],[-71.44536301185344,-32.54304925326643],[-71.51984879066204,-32.18117562655745],[-71.65150162269329,-31.24144593600569],[-71.69539352943157,-30.85409013156233],[-71.68157669593548,-30.60000077609358],[-71.49606796790813,-30.345560468476393],[-71.32951065589641,-30.10385362033186],[-71.2366609244511,-29.84959260348616],[-71.23363968421673,-29.519295133393385],[-71.38621231605266,-29.28459206942854],[-71.43014999915813,-29.100479520600416],[-71.29720017005657,-28.668276227753736],[-71.19901749183391,-28.244963086884596],[-71.14201065589641,-27.994638837617018],[-70.93462082435344,-27.727417386811354],[-70.8574113516972,-27.314379133027174],[-70.84899998033765,-27.280671044654337],[-70.74798294593548,-26.875851072114088],[-70.69128128577923,-26.513653196137525],[-70.6546296744511,-26.2594780099803],[-70.68299576331829,-25.770412839692213],[-70.49319168616985,-25.471443570893385],[-70.39814468909954,-25.24891320590315],[-70.49769302894329,-24.829849637787916],[-70.51942917396282,-24.45509568576155],[-70.45283981849407,-24.34695664767561],[-70.46275040199016,-23.934050000947096],[-70.3594636588261,-23.660654462617018],[-70.4152497916386,-23.52737466220198],[-70.57964035560344,-23.489599622529127],[-70.5527238516972,-23.343433774750807],[-70.57323929359173,-23.165594495576002],[-70.47307297279094,-23.076443113129713],[-70.29201218177532,-22.98712579135237],[-70.23022934486126,-22.79640427951155],[-70.23394485999798,-22.42795030001936],[-70.20114278957332,-22.217460821970175],[-70.1923494010136,-22.161034024994947],[-70.11063095618938,-21.74793664340315],[-70.11244675208782,-20.693352140229322],[-70.14768773668087,-20.268219769660544],[-69.07064392502731,-20.066136698812567],[-68.13321559222494,-19.349095769782156],[-68.22268230795095,-19.250382547075898],[-66.59524723372101,-19.145123826644383],[-65.90622541609757,-18.31105888474315],[-66.09723843191973,-20.13835052013179]]]]}},{"type":"Feature","properties":{"NAME":"Pampas cultures","ABBREVN":"Pampas cultures","SUBJECTO":"Pampas cultures","BORDERPRECISION":1,"PARTOF":"Pampas cultures","polity_id":"roman_peak:pampas_cultures","name":"Pampas cultures","ISO_A3":"PAMPASCULTUR","ADM0_A3":"PAMPASCULTUR","ADMIN":"Pampas cultures","fill_colour":"#26597e","border_precision":1},"geometry":{"type":"MultiPolygon","coordinates":[[[[-69.11474151787864,-51.35236245613261],[-71.16521035613252,-51.561440909776984],[-71.48745134553333,-51.103865341802766],[-72.04404941813473,-48.76638855343405],[-72.1905225951351,-45.990119696472405],[-71.6339245225337,-43.19554606268768],[-70.57931764813105,-40.57909976037915],[-72.0684836753677,-40.547229038878235],[-71.51674598093341,-39.70574973625215],[-69.43682686752817,-37.15902614350158],[-67.64985410812366,-33.57694564055348],[-67.48158657100439,-31.655864143664434],[-63.563252469813456,-30.036561103144948],[-57.352789764997816,-29.680878909474107],[-54.36473695419029,-30.592916632921295],[-53.544487162988226,-31.446480334683482],[-52.14021349238029,-31.740936200871825],[-52.14362427283977,-31.747351087372877],[-52.149334874646414,-31.90616647128401],[-52.35066696693157,-32.67519036654768],[-52.56704422523235,-33.018650449555494],[-52.92139145423626,-33.43861810092268],[-53.40556427528118,-33.87947503451643],[-53.431908574597585,-33.90335885409651],[-53.79321381141399,-34.39954034213362],[-54.074337926404226,-34.647842801850416],[-54.423180547253835,-34.851807035248854],[-54.62150665809368,-34.9220813882762],[-54.98984238197063,-34.967300809662916],[-55.383114781872976,-34.81566277865706],[-55.63132187415813,-34.835220731537916],[-55.87906738807415,-34.8865474832469],[-56.16710754920696,-35.014168180268385],[-56.33826157142376,-34.99545327548323],[-56.71902557899212,-34.691353238862135],[-57.0055818228886,-34.577618039887525],[-57.34773727943157,-34.508438504975416],[-57.55870148231243,-34.566040433686354],[-57.78683563758587,-34.59826318148909],[-57.9336938529179,-34.54140511874495],[-58.18023773719524,-34.28783837680159],[-58.33968063880657,-34.21614495639143],[-58.41246887733196,-34.339126981537916],[-58.52974411536907,-34.485454953950025],[-58.522782292859304,-34.58706323031721],[-58.107045140759695,-34.96096078280745],[-57.80093475867962,-35.08749047641096],[-57.47927948524212,-35.2140735757762],[-57.3518952994511,-35.29017297152815],[-57.225506749646414,-35.43626443270979],[-57.236832585828054,-35.58266106967268],[-57.399620976941335,-35.81847039584456],[-57.419239964978445,-35.99675027255354],[-57.371693578259695,-36.14943734530745],[-57.29357239295696,-36.270237363617994],[-57.08356949378704,-36.41626397494612],[-56.84878632117962,-36.492203153412916],[-56.79972931434368,-36.54303399447737],[-56.69811340858196,-36.944073118012525],[-56.836510625378835,-37.16092721347151],[-57.173932042615164,-37.58211938266096],[-57.50210663367962,-37.92691842440901],[-57.643353429333914,-38.25865594271956],[-57.80888458778118,-38.386490262787916],[-58.18311783363079,-38.54026070956526],[-58.651207891003835,-38.69423714999495],[-59.515431371228445,-38.874519742768385],[-60.32303329993938,-38.9590572488719],[-60.93570038367962,-39.0113147867137],[-61.360714879529226,-39.03129998568831],[-61.889542546765554,-38.98134652499495],[-62.309926000134695,-38.880161680024244],[-62.36728378822063,-38.96954766635237],[-62.35104462196087,-39.33307305697737],[-62.20636078407024,-39.47312203769026],[-62.067765203015554,-39.55577508334456],[-62.10818192054485,-39.689834989350416],[-62.27949234534954,-39.97094003085432],[-62.43493744422649,-40.19506112460432],[-62.4657983451054,-40.36791268710432],[-62.28934189368938,-40.674866117280104],[-62.25975128699993,-40.80290643100081],[-62.35331055213665,-40.89916650180159],[-62.40079208900188,-40.92488519076643],[-62.73149684295609,-41.04970838829888],[-62.96398254920696,-41.137459195893385],[-63.475644078747976,-41.189758695405104],[-63.841935124890554,-41.15844384555159],[-64.2773332266972,-41.00552407626448],[-64.93894669105266,-40.8274768960887],[-65.04943558265423,-40.853313840668775],[-65.15315720130657,-40.97525063876448],[-65.13462540199016,-41.24435464267073],[-64.9413957266972,-41.55170098666487],[-64.92474838783001,-41.73123971347151],[-65.03349014808391,-42.02016869906721],[-64.9920320182011,-42.19338647250471],[-64.6439103751347,-42.43667260531721],[-64.2858781485722,-42.47448006991682],[-64.11973663856243,-42.38424722079573],[-64.29368301917766,-42.20483819369612],[-63.90142151405071,-42.12060204867659],[-63.7289819388554,-42.101013578217604],[-63.62366196204876,-42.56950417880354],[-63.599965062634695,-42.70437280062971],[-63.66458221961712,-42.77516976718245],[-63.79941269447063,-42.82041970614729],[-64.00108429481243,-42.852947629731275],[-64.11845108558391,-42.78249398593245],[-64.16540237952923,-42.6476673257762],[-64.21732040931438,-42.61565438632307],[-64.68793961097454,-42.64871255282698],[-64.98956009437298,-42.73924676303206],[-65.08506485511516,-42.78441659335432],[-65.01706406165813,-42.88067284945784],[-64.75124832679485,-42.91226998690901],[-64.53989883949016,-42.96326867465315],[-64.33642288734173,-43.01427880648909],[-64.30933853675579,-43.02709237460432],[-64.69799515296673,-43.20144311312971],[-65.04729172279094,-43.330730832856275],[-65.30717178870891,-43.6014026773387],[-65.30583664466594,-43.78801766757307],[-65.23327347327923,-44.14193765048323],[-65.26981827308391,-44.25792352084456],[-65.63663956214641,-44.625870145600416],[-65.62660690833782,-44.72252313021956],[-65.43618485023235,-44.88974038485823],[-65.65723129798626,-44.94175759677229],[-66.19433304359173,-44.98150292758284],[-66.41058060218548,-45.02062646273909],[-66.69494339515423,-45.131103910248854],[-66.97349258949016,-45.30627862338362],[-67.22534653236126,-45.552681363862135],[-67.47247788001751,-45.92232171420393],[-67.49596878577923,-46.097359098237135],[-67.46862503577923,-46.26589242343245],[-67.32806870033001,-46.531616605561354],[-67.1119050650761,-46.73242608432112],[-66.6708879141972,-47.01737252597151],[-66.37551590491985,-47.12728539828596],[-65.9388322501347,-47.19143716220198],[-65.77598282386516,-47.23012200717268],[-65.71326157142376,-47.353550351899244],[-65.78120132972454,-47.71157876376448],[-65.8388566641972,-47.86796609286604],[-65.99264999915813,-48.07672540072737],[-66.07773300697063,-48.142071164887525],[-66.5637101798222,-48.377720273774244],[-67.25715347816204,-48.74445001010237],[-67.57759567786907,-49.058533109467604],[-67.65801712562298,-49.18283120517073],[-67.69994827796673,-49.3855709207469],[-67.64981552650188,-49.62094155673323],[-67.72588821937298,-49.82396737460432],[-67.83347031165813,-49.9682125223094],[-68.27003952552532,-50.17266122226057],[-68.70602890540813,-50.28530923251448],[-68.89540573646282,-50.38436547641096],[-69.04092117835735,-50.56240121249495],[-69.14271256019329,-50.918472684662916],[-69.16695114661907,-51.14943734530745],[-69.11474151787864,-51.35236245613261]]]]}},{"type":"Feature","properties":{"NAME":"Caribbean hunter-gatherers","ABBREVN":"Caribbean hunter-gatherers","SUBJECTO":"Caribbean hunter-gatherers","BORDERPRECISION":1,"PARTOF":"Caribbean hunter-gatherers","polity_id":"roman_peak:caribbean_hunter_gatherers","name":"Caribbean hunter-gatherers","ISO_A3":"CARIBBEANHUN","ADM0_A3":"CARIBBEANHUN","ADMIN":"Caribbean hunter-gatherers","fill_colour":"#a97c3d","border_precision":1},"geometry":{"type":"MultiPolygon","coordinates":[[[[-48.639821019665945,-1.058396257203199],[-48.75562759925579,-1.281053580086805],[-48.88569351722454,-1.421139515679457],[-49.13813110877727,-1.567843951027967],[-49.34711548377727,-1.644541300576307],[-49.5844506888554,-1.651419795792677],[-49.93684860755657,-1.658533967774488],[-50.22498795081829,-1.735415376465895],[-50.4762849478886,-1.678760803979017],[-50.61147781898235,-1.437585390847303],[-50.646603551404226,-1.266089357178785],[-50.57434555579876,-1.176963843148329],[-50.61665054847454,-0.891101754944899],[-50.59479614783977,-0.719481326382734],[-50.50141235877727,-0.261749692004301],[-50.42240234901165,-0.21710327987013],[-50.20676132728313,-0.191210724156477],[-49.8112573294804,-0.234836749475576],[-49.35822769691204,-0.284688748162367],[-49.14270493079876,-0.195259444158651],[-48.97729965736126,-0.207607559602835],[-48.76150604774212,-0.283400036137678],[-48.545758214490164,-0.321056283753492],[-48.40189072181438,-0.390650845807173],[-48.55282684852337,-0.632448054593183],[-48.639821019665945,-1.058396257203199]]],[[[-61.695771781275944,8.610088933385873],[-62.12781533520979,8.644111545049048],[-63.06524366801216,8.32539786170036],[-65.96541257261946,8.180441590467876],[-70.68184887203134,8.55721593295672],[-71.181697710123,9.277051023594622],[-71.09831711341594,9.327861391264818],[-71.04417130042766,9.391532503325365],[-71.0143937735722,9.626737199980639],[-71.08939072181438,9.918922983366869],[-71.1839494376347,10.045826517302416],[-71.38124558021282,10.407673441130541],[-71.44250961829876,10.4683690893239],[-71.49555679847454,10.646208368498705],[-71.60672470618938,10.727042757231615],[-71.49931808997844,10.771501146513842],[-71.45634933997844,10.884672723967455],[-71.54816147376751,10.949340425688646],[-71.09841629554485,11.120093904692553],[-70.61012741615032,11.267333589751146],[-70.16137405921673,11.389892183501146],[-70.12243362952923,11.490936838347338],[-69.81202408363079,11.529625498015307],[-69.74783798743938,11.53345926876726],[-69.76678177406048,11.604107462126635],[-69.79154678870891,11.69302614803972],[-69.84794327308391,11.709193788725756],[-69.86523911048626,11.757694803435228],[-69.92282578040813,11.790028177458666],[-70.02431198646282,11.757976137358568],[-70.0945710807011,11.745567880827807],[-70.19743057777141,11.751242243010424],[-70.33928391029094,11.998806558806322],[-70.29026505042766,12.113316141325853],[-70.13849350501751,12.208971582610033],[-69.97353073646282,12.228398882109545],[-69.9329728751347,12.178036295134447],[-69.8699845938847,12.012325845915697],[-69.7863435416386,11.939572893340014],[-69.78696152259563,11.872883402068041],[-69.77518936683391,11.78598555203142],[-69.74466415931438,11.745567880827807],[-69.7429093985722,11.656647287566088],[-69.62888046790813,11.540557466704271],[-69.48074814368938,11.549403749663256],[-69.16608139564251,11.499248110014818],[-68.96130081702923,11.467902742583178],[-68.69460007240032,11.379503809172533],[-68.54911514808391,11.265414797026537],[-68.37241074134563,11.011574350554369],[-68.30246445228313,10.725720964629076],[-68.14105698158001,10.579895578581713],[-67.97961136390423,10.542116724211596],[-67.52091690589641,10.600295625883959],[-67.1034822135136,10.626629434782885],[-66.83778854896282,10.652612291533373],[-66.4781160025761,10.678809725005053],[-66.15650650550579,10.622311197478197],[-65.97666641761516,10.406616769987963],[-65.85632034827923,10.33060225125017],[-65.59648605872844,10.216760240752123],[-65.3759431510136,10.153691850859545],[-64.8836564688847,10.135678850371264],[-64.71181961585735,10.161477647978685],[-64.53735825111126,10.263541780669115],[-64.06826111366009,10.626809679228685],[-63.85663315345501,10.709889017302416],[-63.65310761024212,10.69125612850847],[-63.221493688122976,10.723965250212572],[-62.70314499427532,10.756857477385424],[-62.289669957654226,10.732331834990404],[-62.1781892447636,10.68172415371599],[-62.20323273231243,10.618119798857592],[-62.335553136365164,10.535212122160814],[-62.71963974525188,10.55345495815935],[-62.91433426429485,10.546670519072435],[-62.95193573524212,10.451263033110521],[-62.92532440711712,10.368699632841967],[-62.658505406872976,10.254877649504564],[-62.38455292274212,10.013961397368334],[-62.296898808972585,9.721817575652025],[-62.18643280555462,9.957194887358568],[-62.10325714637493,10.020925127226732],[-61.916554418103445,9.906929575163744],[-61.69926544715618,9.894697748381517],[-61.530865636365164,9.850575052458666],[-61.41472717811321,9.698293291289232],[-61.00145813514446,9.52123888607683],[-60.792721715466726,9.3882327901906],[-61.12109467078899,9.165086351591967],[-61.19369980384563,8.872588716704271],[-61.28992935706829,8.770693384367846],[-61.695771781275944,8.610088933385873]]],[[[-59.650841,13.320276],[-59.64473,13.328054],[-59.641113,13.331388],[-59.631111,13.334999],[-59.619728,13.337221],[-59.612503,13.336943],[-59.59584,13.331944],[-59.591118,13.329721],[-59.573616,13.299166],[-59.56945,13.290277],[-59.566116,13.279722],[-59.565285,13.274166],[-59.559448,13.259443],[-59.554451,13.25111],[-59.551674,13.246944],[-59.545006,13.239721],[-59.521118,13.214443],[-59.513062,13.208611],[-59.479446,13.185833],[-59.470001,13.18111],[-59.463615,13.180277],[-59.442223,13.173054],[-59.4375,13.170832],[-59.429169,13.164999],[-59.426949,13.153889],[-59.427223,13.146944],[-59.430283,13.135277],[-59.439445,13.116665],[-59.444725,13.108055],[-59.450279,13.099443],[-59.456673,13.092222],[-59.464447,13.085554],[-59.5,13.059444],[-59.510284,13.054998],[-59.533058,13.050554],[-59.543335,13.067499],[-59.547501,13.070555],[-59.571114,13.075832],[-59.60334,13.08],[-59.60778,13.082499],[-59.611389,13.085833],[-59.625557,13.099722],[-59.628616,13.103333],[-59.642227,13.14361],[-59.643333,13.149166],[-59.659447,13.287777],[-59.65834,13.299166],[-59.653061,13.315554],[-59.650841,13.320276]]],[[[-61.265007,15.258055],[-61.270004,15.248333],[-61.280281,15.237499],[-61.363617,15.198055],[-61.37056,15.199165],[-61.374168,15.202499],[-61.375839,15.207499],[-61.377502,15.236387],[-61.377785,15.248055],[-61.374451,15.268332],[-61.374168,15.274443],[-61.391396,15.349722],[-61.392784,15.354721],[-61.395004,15.359444],[-61.422783,15.4175],[-61.450562,15.455555],[-61.462502,15.471109],[-61.474724,15.486387],[-61.476395,15.491388],[-61.491394,15.540554],[-61.482506,15.587776],[-61.474724,15.61861],[-61.468056,15.628054],[-61.452225,15.631943],[-61.433617,15.631666],[-61.427223,15.630278],[-61.31778,15.581944],[-61.304169,15.57361],[-61.267227,15.516666],[-61.253334,15.461388],[-61.250557,15.329166],[-61.250839,15.323055],[-61.254448,15.291666],[-61.25528,15.285],[-61.25695,15.278889],[-61.265007,15.258055]]],[[[-60.886948,14.465555],[-60.975006,14.471388],[-61.011116,14.469999],[-61.03389,14.465832],[-61.172501,14.693054],[-61.231674,14.809444],[-61.231392,14.815554],[-61.226669,14.832222],[-61.212784,14.846666],[-61.198616,14.858889],[-61.174728,14.876944],[-61.165001,14.880278],[-61.158615,14.879999],[-61.14473,14.877777],[-61.100006,14.861387],[-61.094727,14.859165],[-61.039726,14.831944],[-61.034447,14.829166],[-60.940834,14.740833],[-60.942505,14.727777],[-60.90667,14.652498],[-60.849724,14.594721],[-60.829727,14.57],[-60.817223,14.47611],[-60.816673,14.470554],[-60.820557,14.455832],[-60.82695,14.439722],[-60.82917,14.434444],[-60.839447,14.415277],[-60.855003,14.403055],[-60.86084,14.402777],[-60.886948,14.465555]]],[[[-62.969452,18.266388],[-62.986671,18.235554],[-62.993057,18.227219],[-63.021118,18.214443],[-63.030838,18.210278],[-63.074173,18.192776],[-63.140007,18.168331],[-63.150841,18.165554],[-63.15667,18.164997],[-63.167778,18.164444],[-63.158615,18.175831],[-63.155281,18.179443],[-63.141396,18.194164],[-63.057503,18.256386],[-63.053337,18.259163],[-63.048615,18.261387],[-63.022507,18.268887],[-62.978889,18.276665],[-62.972504,18.276665],[-62.970001,18.272221],[-62.969452,18.266388]]],[[[-60.890007,13.82361],[-60.900284,13.778332],[-60.938339,13.717777],[-60.951393,13.709999],[-60.954727,13.709444],[-60.956116,13.714998],[-60.968056,13.728054],[-60.986389,13.744444],[-60.995003,13.749722],[-61.001396,13.750832],[-61.01445,13.75],[-61.026115,13.752499],[-61.039169,13.761389],[-61.05056,13.770555],[-61.067505,13.78861],[-61.072784,13.796944],[-61.074448,13.801943],[-61.075005,13.808054],[-61.079727,13.873333],[-61.079445,13.879999],[-61.075005,13.896944],[-61.035004,13.969721],[-61.011673,14.009722],[-60.945839,14.104721],[-60.936394,14.109165],[-60.930283,14.109444],[-60.919724,14.105555],[-60.91584,14.102499],[-60.914452,14.099722],[-60.888062,14.013054],[-60.878616,13.975832],[-60.878059,13.956665],[-60.885284,13.854166],[-60.886116,13.848055],[-60.890007,13.82361]]],[[[-61.448616,12.586943],[-61.452225,12.590277],[-61.45417,12.593887],[-61.446396,12.607222],[-61.443336,12.611111000000108],[-61.437782,12.612499],[-61.425835,12.612499],[-61.412506,12.608610000000112],[-61.406952,12.606943],[-61.403061,12.603888],[-61.405281,12.599165],[-61.416946,12.590277],[-61.443893,12.584444],[-61.448616,12.586943]]],[[[-64.600571,17.747219],[-64.61084,17.736111],[-64.618896,17.730274000000122],[-64.628067,17.72583],[-64.64418,17.721664],[-64.668335,17.710831],[-64.691956,17.708332],[-64.714172,17.704166],[-64.726395,17.70527600000014],[-64.738892,17.708054],[-64.744446,17.706665],[-64.757782,17.699444],[-64.763062,17.698055],[-64.776947,17.699165],[-64.78862,17.697777],[-64.804459,17.6936070000001],[-64.815567,17.69166600000011],[-64.823059,17.684719],[-64.828339,17.683331],[-64.833618,17.683331],[-64.843063,17.688889],[-64.852234,17.684444],[-64.858612,17.685833000000116],[-64.862503,17.68916300000012],[-64.868057,17.68972],[-64.872223,17.686943],[-64.877502,17.685555],[-64.896118,17.676666000000125],[-64.895844,17.679443],[-64.891953,17.68249900000012],[-64.888901,17.686943],[-64.881958,17.71027800000013],[-64.880005,17.723888],[-64.883057,17.733887],[-64.890839,17.746666],[-64.891678,17.752499000000114],[-64.890015,17.758331],[-64.886398,17.762218000000132],[-64.882507,17.764999],[-64.87973,17.769722],[-64.870834,17.774719],[-64.864456,17.774441],[-64.861954,17.770832],[-64.844452,17.761665],[-64.838058,17.760277],[-64.831955,17.76083],[-64.82695,17.762218000000132],[-64.818619,17.768055],[-64.815567,17.771942],[-64.811401,17.774719],[-64.796951,17.788887],[-64.786957,17.792500000000132],[-64.773346,17.789997],[-64.769455,17.786942],[-64.766403,17.783054],[-64.761948,17.774166],[-64.758621,17.7716640000001],[-64.753342,17.773052],[-64.741394,17.774166],[-64.73584,17.772221],[-64.729736,17.764442],[-64.721954,17.75805300000013],[-64.709167,17.754997],[-64.696671,17.745552],[-64.689728,17.74472],[-64.687225,17.750000000000114],[-64.683899,17.753887],[-64.674454,17.75805300000013],[-64.663071,17.767776],[-64.657791,17.7691650000001],[-64.638062,17.765274],[-64.610001,17.762218000000132],[-64.590286,17.761944],[-64.576675,17.76083],[-64.570282,17.759441],[-64.565002,17.757221],[-64.560837,17.753887],[-64.560287,17.748333],[-64.564178,17.745277],[-64.578064,17.74638700000014],[-64.590561,17.749443],[-64.59584,17.749443],[-64.600571,17.747219]]],[[[-61.310005,15.882776],[-61.316948,15.889999000000103],[-61.329445,15.92861],[-61.329727,15.934444],[-61.309174,15.972776],[-61.275284,16.009163000000115],[-61.266945,16.014999],[-61.261391,16.012775],[-61.23806,15.993332],[-61.202224999999885,15.952499],[-61.196114,15.944721],[-61.186951,15.92111],[-61.186394,15.915554],[-61.1875,15.910000000000139],[-61.19445,15.902777],[-61.222778,15.882776],[-61.230835,15.877222],[-61.24556,15.871666],[-61.256668,15.869999],[-61.275841,15.870832],[-61.283058,15.871944],[-61.305557,15.879999],[-61.310005,15.882776]]],[[[-63.146667,18.071941],[-63.142227,18.074165000000107],[-63.045006,18.121387],[-63.039169,18.121944],[-63.019173,18.11777500000011],[-63.016113,18.113888],[-63.006393,18.086941],[-63.006668,18.080555],[-63.011459,18.067276],[-63.010284,18.047775],[-63.012222,18.035553000000107],[-63.01667,18.024998],[-63.019447,18.020554],[-63.028336,18.015553],[-63.03334,18.015553],[-63.072784,18.024998],[-63.07917,18.026665],[-63.116112,18.042774],[-63.139839,18.058601],[-63.14389,18.061943],[-63.146118,18.066387000000134],[-63.146667,18.071941]]],[[[-61.73806,17.644722000000115],[-61.731674,17.624996],[-61.729172,17.608608],[-61.731117,17.547222],[-61.73278,17.541111],[-61.738892,17.5405540000001],[-61.751945,17.549442],[-61.815559,17.583885],[-61.834724,17.588608],[-61.839447,17.586666],[-61.842781,17.582775],[-61.847504,17.580830000000105],[-61.853058,17.583054],[-61.856674,17.592499],[-61.873894,17.688889],[-61.875282,17.698608],[-61.873062,17.703888],[-61.850281,17.722775000000127],[-61.845558,17.724998],[-61.839172,17.724720000000104],[-61.787224,17.700554],[-61.783615,17.69722],[-61.74334,17.653053],[-61.74028,17.649166],[-61.73806,17.644722000000115]]],[[[-61.572502,12.30888700000014],[-61.574173,12.30361],[-61.580002,12.295555],[-61.585556,12.294443],[-61.589172,12.298054],[-61.58889,12.30361],[-61.585556,12.314444],[-61.583336,12.31916600000011],[-61.578896,12.323055],[-61.573891,12.320833],[-61.572227,12.315832000000114],[-61.572502,12.30888700000014]]],[[[-61.493896,12.474998],[-61.490837,12.478888],[-61.434448,12.529165],[-61.427505,12.528889],[-61.42556,12.526943],[-61.420563,12.512777],[-61.419449,12.5075],[-61.418617,12.494999],[-61.425285,12.457499],[-61.428337,12.453609],[-61.491669,12.434999],[-61.49556,12.438055],[-61.496948,12.443609],[-61.49556,12.469444],[-61.493896,12.474998]]],[[[-61.336395,12.689444],[-61.347778,12.698889],[-61.347778,12.701666],[-61.329727,12.732498],[-61.326668,12.736387],[-61.323616,12.737499],[-61.310562,12.734999],[-61.30584,12.725832],[-61.305,12.720276],[-61.30584,12.714167],[-61.314728,12.702221],[-61.320839,12.69416600000011],[-61.328056,12.687777],[-61.332504,12.686666],[-61.336395,12.689444]]],[[[-61.206116,13.042776000000117],[-61.199722,13.044722],[-61.197227,13.033609000000126],[-61.213615,13.002222],[-61.216667,12.998055],[-61.239449,12.974998],[-61.247505,12.980833],[-61.252228,12.988609],[-61.228058,13.023333],[-61.206116,13.042776000000117]]],[[[-61.14389,13.378332],[-61.141113,13.374166000000116],[-61.123611,13.331110000000137],[-61.122223,13.325554],[-61.120285,13.307499],[-61.123337,13.248888000000136],[-61.124168,13.242777],[-61.130005,13.220276000000126],[-61.148056,13.167776],[-61.165001,13.138332],[-61.16806,13.134443],[-61.173058,13.1325],[-61.184448,13.130278],[-61.243614,13.156111],[-61.263062,13.178333],[-61.278893,13.203609],[-61.281395,13.207777000000135],[-61.278061,13.250277],[-61.265556,13.273054],[-61.208893,13.367777],[-61.205284,13.37083200000012],[-61.182503,13.382221],[-61.177223,13.384165],[-61.14389,13.378332]]],[[[-64.731949,18.371944],[-64.708618,18.370552],[-64.668335,18.35083],[-64.664459,18.3475],[-64.65834,18.33972200000011],[-64.661118,18.335278],[-64.665283,18.332222],[-64.704453,18.307499],[-64.76918,18.31583],[-64.774734,18.317776],[-64.788071,18.326385],[-64.790283,18.33083],[-64.790009,18.336941],[-64.781952,18.343052000000114],[-64.744171,18.36861],[-64.739182,18.370831000000123],[-64.731949,18.371944]]],[[[-65.02417,18.367222],[-64.976669,18.377777],[-64.950012,18.3752750000001],[-64.9039,18.364719],[-64.846954,18.338608],[-64.834457,18.328888],[-64.831955,18.324444],[-64.833069,18.317497],[-64.835846,18.313053],[-64.841675,18.312496],[-64.878067,18.310555],[-64.886398,18.316666],[-64.923065,18.336388000000113],[-64.928619,18.338608],[-64.979446,18.346943],[-65.011948,18.349163],[-65.018341,18.350555],[-65.026123,18.356941],[-65.026947,18.362778000000105],[-65.02417,18.367222]]],[[[-61.205559,16.26722],[-61.225838,16.253052],[-61.454727,16.200554],[-61.466949,16.200275],[-61.474167,16.201385],[-61.498337,16.208332],[-61.509171,16.212776],[-61.521118,16.222221],[-61.53334,16.231667],[-61.54723,16.22953200000012],[-61.563892,16.228111000000126],[-61.567062,16.226944],[-61.568893,16.224277],[-61.581116,16.204720000000123],[-61.58139,16.198608],[-61.580833,16.19305400000013],[-61.576668,16.166111],[-61.575279,16.160831],[-61.567505,16.142498],[-61.555557,16.076111],[-61.55277999999987,16.054443000000106],[-61.559448,16.033886],[-61.5625,16.029442],[-61.572784,16.018330000000105],[-61.606949,15.989721],[-61.648338,15.965277],[-61.685005,15.947777],[-61.690559,15.946388],[-61.695007,15.949165],[-61.736946,16.015831000000105],[-61.75695,16.047775000000115],[-61.761391,16.056664],[-61.793892,16.241943000000106],[-61.796112,16.264164],[-61.793617,16.306942],[-61.783615,16.333054],[-61.759727,16.351109000000122],[-61.747779999999864,16.359722],[-61.7425,16.361111],[-61.730835,16.362221],[-61.726669,16.360275],[-61.655838,16.324718],[-61.609726,16.283886],[-61.610283,16.27861],[-61.606674,16.275276000000133],[-61.581547,16.275103],[-61.557926,16.284374],[-61.556717,16.284899],[-61.54187,16.290249],[-61.49889399999989,16.34861000000012],[-61.522507,16.393055000000118],[-61.529449,16.417774],[-61.532784,16.433331000000123],[-61.53334,16.439163],[-61.53167,16.451942],[-61.526115,16.460831],[-61.50695,16.484997],[-61.470284,16.510830000000112],[-61.466118,16.513611],[-61.460281,16.514164000000108],[-61.456673,16.513054],[-61.436111,16.498886],[-61.407784,16.476665],[-61.404724,16.472775],[-61.402504,16.468052],[-61.39305899999988,16.4327770000001],[-61.391396,16.42194400000011],[-61.399445,16.39971900000012],[-61.400284,16.392776],[-61.398895,16.387775],[-61.39473,16.378887],[-61.373337,16.351387],[-61.366394,16.344166],[-61.35778,16.338055],[-61.346115,16.334164],[-61.339447,16.333054],[-61.333618,16.333611],[-61.291672,16.326664000000108],[-61.279167,16.323330000000112],[-61.268615999999895,16.318886],[-61.260002,16.312775],[-61.205559,16.26722]]],[[[-62.872505,17.9175],[-62.873062,17.923332],[-62.869171,17.92972200000014],[-62.863335,17.930275],[-62.811668,17.9180530000001],[-62.79083999999989,17.912498],[-62.789452,17.907497],[-62.79083999999989,17.902775],[-62.811394,17.888332],[-62.835556,17.87833],[-62.841118,17.87916600000011],[-62.845001,17.882500000000107],[-62.870003,17.913055],[-62.872505,17.9175]]],[[[-77.0502595572636,17.978101335722826],[-77.15228745033001,17.86346586819353],[-77.29082962562298,17.805966936308764],[-77.42530533363079,17.831100069243334],[-77.73733994056438,17.932134233672045],[-77.84049698402141,18.05268820400896],[-78.05180832435344,18.217500292021654],[-78.26112839271282,18.255195223051928],[-78.32486435462688,18.35040434475603],[-78.0864152579472,18.478032671172045],[-77.7694978385136,18.510497652251146],[-77.1558503775761,18.397386156279467],[-76.71915909339641,18.239417635161303],[-76.42635056068157,18.11926420803728],[-76.30068680335735,17.99240645046892],[-76.31858536292766,17.903388582426928],[-76.46769424964641,17.87129362698259],[-76.80554672767376,18.004052721220873],[-77.0502595572636,17.978101335722826]]],[[[-66.45086380531048,18.04522284146013],[-66.74635788490032,18.012820802885912],[-66.90559860755657,17.936208330351732],[-67.15195175697063,17.986524187285326],[-67.18456741859173,18.08180197354021],[-67.16167923499798,18.32974203701677],[-67.21057602454876,18.437686525542162],[-67.16099258949016,18.51406057949724],[-67.05517288734173,18.546075426298998],[-66.81060501624798,18.5148139822072],[-66.62883469154094,18.52156218167009],[-65.9515046744511,18.47215613003435],[-65.77500626136516,18.396260820586107],[-65.72408005286907,18.33280523892107],[-65.80848404456829,18.173726640898607],[-65.84002396156048,18.12915953274431],[-65.96735092689251,18.027194582182787],[-66.11842056800579,18.007806383330248],[-66.45086380531048,18.04522284146013]]],[[[-77.09872910072063,20.533275209624193],[-77.20989700843548,20.647460542876146],[-77.29118057777141,20.70449598904314],[-77.57123276283001,20.767461382109545],[-77.8863420157597,20.76679381008806],[-78.15738388587688,20.8170657980031],[-78.45036026527141,20.96900328274431],[-78.51363083411907,21.30576666470232],[-78.62955185462688,21.547069154936693],[-78.72787949134563,21.61678846951189],[-78.90588852454876,21.629113756377123],[-79.35811325599407,21.609088503081225],[-79.73454758216594,21.671853624541185],[-80.0140275626347,21.77296408291521],[-80.44416519691204,21.994531236845873],[-80.77649399329876,22.10189779873552],[-81.05317398597454,22.133088670927904],[-81.57233902503704,22.16377218838396],[-81.79230972816204,22.207803331572435],[-82.17722794105266,22.365911089140795],[-82.04057022620891,22.38526877041521],[-81.6625871329472,22.506841264922045],[-81.73938461829876,22.621106706816576],[-81.87978073646282,22.671651445586107],[-82.04560562659954,22.69673880215349],[-82.33874985267376,22.689752184111498],[-82.56240555335735,22.708360277373217],[-82.85274216224407,22.637816988188646],[-83.38968369056438,22.22349318142595],[-83.55666824866985,22.210414491850756],[-83.8505525260136,22.20979460354509],[-83.9453019766972,22.1587406026906],[-84.03049942542766,21.955144487578295],[-84.20862289954876,21.827642046172045],[-84.35245987464641,21.808261476714037],[-84.70640274574016,21.769591890532396],[-84.58989426185344,21.91581305142107],[-84.37717911292766,22.056123338896654],[-84.43468948890423,22.322982393462084],[-84.30804153968548,22.494884096342943],[-84.2564363150761,22.53948553677263],[-83.69038864661907,22.814033113676928],[-82.95926376868938,23.025355898100756],[-82.43556686927532,23.064595781523607],[-82.05677506019329,23.135327898222826],[-81.68569656898235,23.117036424834154],[-81.43114944984173,23.136655412871264],[-81.10255905677532,23.061061464507006],[-80.72121902991985,23.023728929716967],[-80.44970413734173,22.935313783842943],[-80.1989640860722,22.884994112212084],[-79.98462387611126,22.879092775542162],[-79.75995346595501,22.758782945830248],[-79.50222488929485,22.51777800198259],[-79.33041855384563,22.403718553740404],[-79.06898972083782,22.32799109097185],[-78.72328659583782,22.27787359829607],[-78.17056747962688,22.120128236967943],[-77.71176621009563,21.89862974758806],[-77.5078019766972,21.75921209927263],[-77.33981796790813,21.511664949614428],[-77.19125839759563,21.4484134542531],[-76.97576614906048,21.429809175688646],[-76.20890518714641,21.196246706206225],[-75.75090500404094,21.120944582182787],[-75.60392471839641,21.013194643217943],[-75.75852676917766,20.752248369414232],[-75.65366074134563,20.682548128325365],[-75.4019441275761,20.66401060696306],[-75.06188675452923,20.69652136440935],[-74.83906265784954,20.620719515044115],[-74.6108293204472,20.44957312222185],[-74.34484573890423,20.32301291104021],[-74.17339035560344,20.189893327910326],[-74.27815720130657,20.1515384542531],[-74.71963974525188,20.11245497341814],[-75.23723312904094,19.93337973232927],[-75.51905533363079,19.907353960234545],[-75.99335953284954,20.001693330962084],[-76.39845749427532,20.019895158965014],[-76.8186921744511,19.936366640288256],[-77.2431535391972,19.88461264248552],[-77.46084305335735,19.87143477078142],[-77.6629533438847,19.902789674956225],[-77.50410172034954,20.074754320341967],[-77.17660996009563,20.355134569365404],[-77.09872910072063,20.533275209624193]]],[[[-70.76542374183391,18.493663393217943],[-71.06150528480266,18.34683188076677],[-71.21652695228313,17.996921144682787],[-71.40075394202923,17.70413168545427],[-71.53066727210735,17.75470884915056],[-71.67702957679485,18.002502046782396],[-71.97817703773235,18.262244783598803],[-72.17829605628704,18.287250124174975],[-72.52073380042766,18.222953401762865],[-72.9154939322636,18.228465639311693],[-73.21522995521282,18.291394792754076],[-73.47379013587688,18.31626471157732],[-73.68713852454876,18.271308504301928],[-73.85703751136516,18.112046800810717],[-73.91776749183391,18.130984865385912],[-74.36476608802532,18.377919756132982],[-74.44179245521282,18.52395399685564],[-74.42400070716594,18.612981401640795],[-74.30322739173626,18.695867143828295],[-73.83023544837688,18.6523872243947],[-73.54631516029094,18.60214003201189],[-73.04026505042766,18.52694471951189],[-72.74589249183391,18.50850065823259],[-72.47153946449016,18.591725908476732],[-72.29777237464641,18.66201552029314],[-72.38686844398235,18.731744371611498],[-72.69836136390423,18.9408393728322],[-72.75935837318157,19.074191652495287],[-72.67646500159954,19.39217909451189],[-72.76716324378704,19.525476061064623],[-72.94463821937298,19.595008455473803],[-73.35536667396282,19.657699190337084],[-73.49257370521282,19.752753816801928],[-73.47450729896282,19.835433565337084],[-73.42115494300579,19.873681627470873],[-73.26623245765423,19.9185005056447],[-72.94038864661907,19.944619737822435],[-72.58875748206829,19.888169847685717],[-72.10268875648235,19.755714021880053],[-71.84328934241985,19.730846010405443],[-71.77705856849407,19.77100523586931],[-71.55058762122844,19.896722398955248],[-71.37389847327923,19.83353766079607],[-71.22025772620891,19.833875261504076],[-71.04739090491985,19.910516344267748],[-70.88160416175579,19.929931246001146],[-70.81868454505657,19.841085039336107],[-70.7388810782597,19.790402971465014],[-70.28918930579876,19.651521288115404],[-69.99339005042766,19.68393477078142],[-69.89751907874798,19.5061527120656],[-69.74663254310344,19.353932939726732],[-69.50909134437298,19.20824011440935],[-69.35819717933391,19.17041929836931],[-69.06877609779094,19.075702272612475],[-68.6568498282597,18.873176180083178],[-68.47713181068157,18.714660249907396],[-68.37292954017376,18.57504042263689],[-68.4588288932011,18.4985786306447],[-68.52344986488079,18.36497076626482],[-68.66471573402141,18.199407182890795],[-68.77203842689251,18.243671022612475],[-68.98589798499798,18.510177217680834],[-69.15604874183391,18.528874956328295],[-69.51068588783001,18.502696596342943],[-69.6401261954472,18.546914659697435],[-69.80801865150188,18.546546541411303],[-69.95595261146282,18.501741014677904],[-70.29922195960735,18.259479128081225],[-70.47737595130657,18.284516893584154],[-70.62097641517376,18.506677232939623],[-70.69551559974407,18.519239031035326],[-70.76542374183391,18.493663393217943]]]]}},{"type":"Feature","properties":{"NAME":"Patagonian shellfish and marine mammal hunters","ABBREVN":"Patagonian shellfish and marine mammal hunters","SUBJECTO":"Patagonian shellfish and marine mammal hunters","BORDERPRECISION":1,"PARTOF":"Patagonian shellfish and marine mammal hunters","polity_id":"roman_peak:patagonian_shellfish_and_marine_mammal_hunters","name":"Patagonian shellfish and marine mammal hunters","ISO_A3":"PATAGONIANSH","ADM0_A3":"PATAGONIANSH","ADMIN":"Patagonian shellfish and marine mammal hunters","fill_colour":"#862752","border_precision":1},"geometry":{"type":"MultiPolygon","coordinates":[[[[-69.21397110511516,-54.93401757602034],[-69.4240388541386,-54.880806363862135],[-69.6717195182011,-54.77409402255354],[-69.86098953773235,-54.774456418793775],[-70.07761093665813,-54.82176247958479],[-70.49821945716594,-54.92306558017073],[-70.72149368812298,-54.93690148715315],[-70.66498276283001,-54.78269235019026],[-70.57391068031048,-54.64189950351057],[-70.62074753333782,-54.50145379428206],[-70.2130021720097,-54.433777250092604],[-69.56778427650188,-54.459297574799635],[-69.37306686927532,-54.604805387299635],[-69.05546280433391,-54.60197869662581],[-69.33532425452923,-54.29167977694807],[-69.47352310706829,-54.21842233065901],[-69.7256974845097,-54.16545525912581],[-69.80562302161907,-54.125523008149244],[-69.89021774818157,-54.139046109955885],[-70.04246231605266,-53.98573724154768],[-70.14553543616985,-53.805733121674635],[-69.42057510902141,-53.544285215180494],[-69.4406633048222,-53.411072171967604],[-69.51457687904094,-53.344612516205885],[-70.33333298255657,-53.47274438266096],[-70.4647111563847,-53.37307015780745],[-70.34637924720501,-53.15981713656721],[-70.28054520179485,-53.0865100992137],[-69.79728409339641,-52.852859891694166],[-69.40672012855266,-52.56648675326643],[-69.22050186683391,-52.69229165438948],[-68.70133682777141,-52.720093168061354],[-68.33215042640423,-52.85004083041487],[-68.30537888099407,-52.94305077914534],[-68.46481796790813,-53.083008207123854],[-68.70525833656048,-53.23463097934065],[-68.62441727210735,-53.316265500825025],[-68.55745407630657,-53.349434293549635],[-68.28439804603313,-53.31560937289534],[-68.12968155433391,-53.375244535248854],[-67.8381242423222,-53.701248563569166],[-67.42970749427532,-54.000748075287916],[-66.98282333900188,-54.34066430453596],[-66.7463273673222,-54.440525449555494],[-66.41753098060344,-54.607178128998854],[-66.30702683021282,-54.64043847445784],[-66.11799332191204,-54.640076078217604],[-65.90043350745891,-54.71331063632307],[-65.32305618812298,-54.725601590912916],[-65.2592439322636,-54.71877709750471],[-65.26215836097454,-54.81925240878401],[-65.34770676185344,-54.91323510531721],[-65.56909653236126,-54.940464414399244],[-66.10820480872844,-54.98171655062971],[-66.45801254798626,-55.06972543124495],[-66.62184616615032,-55.070042051117994],[-67.15256210853313,-54.90997735385237],[-67.49159714271282,-54.87041512851057],[-68.00916763831829,-54.858013547700025],[-68.37550064613079,-54.8520015848094],[-68.74939438392376,-54.888584531586744],[-69.21397110511516,-54.93401757602034]]],[[[-73.94837662269329,-43.45772210482893],[-74.14179703284954,-43.44524804477034],[-74.23627182533001,-43.36826363925276],[-74.29604813148235,-43.26549569491682],[-74.20158096839641,-43.05959359530745],[-74.13408371497844,-42.7638668191844],[-74.17348190833782,-42.532715238373854],[-74.16859909583782,-42.34649316195784],[-74.00481125404094,-42.01881829623518],[-73.6371965079472,-41.96675530795393],[-73.47507187415813,-42.114021695893385],[-73.45523544837688,-42.26160851840315],[-73.76489731361126,-42.461258329194166],[-73.83051773597454,-42.56413308505354],[-73.60860153724407,-42.91060296420393],[-73.69581314613079,-43.38647881869612],[-73.77129074622844,-43.508831418793775],[-73.94837662269329,-43.45772210482893]]],[[[-73.28059097816204,-52.95262566928206],[-73.24332901527141,-52.57389108065901],[-73.62555405189251,-52.60781899813948],[-73.65839096595501,-52.44195977572737],[-73.56045242835735,-52.28259698275862],[-73.19003769447063,-52.328289426606275],[-72.96130844642376,-52.23501626376448],[-72.86903091956829,-52.28125420932112],[-72.84486099769329,-52.64614907626448],[-72.96489426185344,-52.79915276889143],[-73.08035751868938,-53.03203622226057],[-73.28059097816204,-52.95262566928206]]],[[[-70.57931764813105,-40.57909976037915],[-71.6339245225337,-43.19554606268768],[-72.1905225951351,-45.990119696472405],[-72.04404941813473,-48.76638855343405],[-71.48745134553333,-51.103865341802766],[-71.16521035613252,-51.561440909776984],[-69.11474151787864,-51.35236245613261],[-69.07692429115032,-51.49934808139143],[-68.83096787025188,-51.9024166238719],[-68.51646133949016,-52.25296822909651],[-68.41052719642376,-52.40529290561018],[-68.4558992057011,-52.420181669037916],[-68.59378525306438,-52.46537057284651],[-68.99490829993938,-52.42632333163557],[-69.23708054115032,-52.29413262728987],[-69.34320541908001,-52.287701047700025],[-69.4830217032597,-52.360935605805494],[-69.6713533072636,-52.54045144442854],[-69.89519974281048,-52.62718621615706],[-70.4156388907597,-52.66802636508284],[-70.57267471839641,-52.70817986850081],[-70.73358627845501,-52.80150643710432],[-70.85382553626751,-53.08095589999495],[-70.90510269691204,-53.23410073642073],[-70.87805649329876,-53.47378579501448],[-70.95145126868938,-53.75391045932112],[-70.99802872230266,-53.82070962313948],[-71.2019929557011,-53.834446347992994],[-71.44228836585735,-53.88161126498518],[-71.8722810416386,-53.69564858798323],[-71.57216354896282,-53.40849725131331],[-71.42531296302532,-53.20848122958479],[-71.16355606605266,-53.02834741000471],[-71.15202042152141,-52.96183053378401],[-71.31958481361126,-52.88237801913557],[-71.44254013587688,-52.82944527987776],[-72.05114456702923,-53.06996575717268],[-72.50550552894329,-53.06417886142073],[-72.75086685706829,-53.137833036225416],[-72.8417863516972,-52.98503152255354],[-72.78421494056438,-52.89849511508284],[-72.3526277213261,-52.77804604892073],[-72.23311325599407,-52.79110757235823],[-71.87656113197063,-52.69741479281721],[-71.67799850990032,-52.64390984896956],[-71.95033737708782,-52.571392453950025],[-72.21230789710735,-52.57189217929182],[-72.55881210853313,-52.57256738070784],[-72.56516739417766,-52.38677255038557],[-72.4460115103886,-52.247295774262525],[-72.44915482093548,-52.16112939242659],[-72.64995285560344,-52.12837640170393],[-72.81020065833782,-51.929973996918775],[-73.1069230704472,-52.10275308017073],[-73.4080705313847,-52.023838437836744],[-73.27673050452923,-51.785252012055494],[-73.25848862220501,-51.705818570893385],[-73.42886063148235,-51.725994504731275],[-73.59120651771282,-51.792480863373854],[-73.77848526527141,-51.614231504242994],[-73.87530228187298,-51.56152001742659],[-73.68935867835735,-51.43557778720198],[-73.63793655921673,-51.35618630770979],[-73.67884537269329,-51.2307857644969],[-73.70285507728313,-51.197830594819166],[-73.86053177406048,-51.211346067231275],[-74.20847794105266,-51.02063409213362],[-74.26941391517376,-50.994358457367994],[-73.88940140296673,-50.90788689975081],[-73.77560898353313,-50.83514062289534],[-73.73058792640423,-50.703247464936354],[-73.55210587074016,-50.53821984652815],[-73.53017136146282,-50.432861722748854],[-73.81846329261516,-50.45974770907698],[-73.93423172523235,-50.5060543191844],[-74.07494827796673,-50.47341576937971],[-74.19024368812298,-50.17101708773909],[-73.93245407630657,-49.99314156894026],[-74.18661972572063,-49.82340279940901],[-74.24047562171673,-49.63373223666487],[-73.89992996741985,-49.430298246186354],[-73.96308609534954,-49.24083367709456],[-74.27156540443157,-49.43103448275862],[-74.31235214759563,-48.745132840912916],[-74.13296982337688,-48.47726479892073],[-74.21619888831829,-48.10582772616682],[-74.21032425452923,-48.008091367524244],[-73.9434480338261,-48.01407662753401],[-73.75890823890423,-48.12448159579573],[-73.43872543861126,-48.156441129487135],[-73.36163803626751,-48.04551736239729],[-73.36047073890423,-47.97384683017073],[-73.76372238685344,-47.77276269320784],[-74.15406509925579,-47.838638700287916],[-74.29662796546673,-47.76078835849104],[-74.53776260902141,-47.787292875092604],[-74.54526230384563,-47.68315926913557],[-74.39259048988079,-47.53318826083479],[-74.38108536292766,-47.42256585482893],[-74.41158005286907,-47.38359872226057],[-74.32800766517376,-47.29239694003401],[-74.08675095130657,-47.298416532319166],[-73.98341080238079,-47.129192746918775],[-73.97875687171673,-47.0317005289012],[-74.30358597327923,-46.856933988373854],[-74.46320816566204,-46.798809446137525],[-74.86196610023235,-46.819073118012525],[-75.0111970572636,-46.77391091708479],[-75.02187058021282,-46.553223050873854],[-75.44431015540813,-46.62543145541487],[-75.49602219154094,-46.58010522250471],[-75.4413728385136,-46.515091337006666],[-74.97675797034954,-46.280655301850416],[-74.8638810782597,-46.22855416659651],[-74.68378159095501,-46.046692289155104],[-74.56387039710735,-45.87150613192854],[-74.18900772620891,-45.844856656830885],[-74.06845566322063,-45.93531457309065],[-74.04179855872844,-46.09079781894026],[-74.3336076407597,-46.18212548617659],[-74.47889420081829,-46.30562249545393],[-74.42934891273235,-46.53258553866682],[-74.37646957923626,-46.558445371430494],[-74.29071518470501,-46.51284448031721],[-74.16998764564251,-46.337444700043775],[-74.08749863197063,-46.29835931186018],[-73.97867294837688,-46.34354440097151],[-73.99523636390423,-46.48629800204573],[-73.96972366859173,-46.71342507724104],[-73.57108780433391,-46.26491204623518],[-73.49872299720501,-45.96011392001448],[-73.47365280677532,-45.66858331088362],[-73.3669328360722,-45.5000728738719],[-73.33135696937298,-45.474102414887525],[-73.04726120521282,-45.37648812655745],[-73.13770004798626,-45.344314969819166],[-73.33456894447063,-45.28001824740706],[-73.35970017005657,-45.20892754916487],[-73.31409164954876,-45.085979856293775],[-73.20363327552532,-45.053448118012525],[-72.94659134437298,-44.94323388461409],[-72.67706009437298,-44.74931756381331],[-72.55524918128704,-44.54286614779768],[-72.58269974281048,-44.43984643344221],[-72.76007553626751,-44.369339383881666],[-73.05803391029094,-44.189609922211744],[-73.08199020911907,-44.022251523774244],[-73.01933762122844,-43.91270486239729],[-72.97188278724407,-43.706680692475416],[-72.99853226234173,-43.333660520356275],[-72.83392807533001,-43.18544427279768],[-72.52966019202923,-43.0627063882762],[-72.7235994010136,-42.79961053256331],[-72.74735733558391,-42.44639626864729],[-72.6874665885136,-42.37563363436995],[-72.43805405189251,-42.3045162332469],[-72.41380020667766,-42.16325799350081],[-72.46592423011516,-42.03499261264143],[-72.60860153724407,-41.99678460482893],[-72.73108383704876,-41.90719643954573],[-72.62617203284954,-41.75944939975081],[-72.58717819740032,-41.61827508334456],[-72.72818067052704,-41.55336179549616],[-72.0684836753677,-40.547229038878235],[-70.57931764813105,-40.57909976037915]]]]}},{"type":"Feature","properties":{"NAME":"Shellfish gatherers","ABBREVN":"Shellfish gatherers","SUBJECTO":"Shellfish gatherers","BORDERPRECISION":1,"PARTOF":"Shellfish gatherers","polity_id":"roman_peak:shellfish_gatherers","name":"Shellfish gatherers","ISO_A3":"SHELLFISHGAT","ADM0_A3":"SHELLFISHGAT","ADMIN":"Shellfish gatherers","fill_colour":"#34897c","border_precision":1},"geometry":{"type":"MultiPolygon","coordinates":[[[[-48.796904749948716,-28.475548314302703],[-49.83871578487881,-26.797313680361846],[-49.48718016007792,-24.553337158794967],[-45.94252927666899,-21.75245598059426],[-43.27671745526228,-21.589111335510133],[-42.98377110126153,-22.56637311422683],[-43.236432647623026,-23.031526977456625],[-43.26187225867962,-23.03158036593733],[-43.60584732581829,-23.006899274628736],[-43.81523987342571,-22.95650712374983],[-44.23002716590618,-22.98916093234358],[-44.561295476453054,-22.989857114594557],[-44.65750214149212,-23.263258374970533],[-44.7901277213261,-23.352487958710768],[-45.148156133191335,-23.493021405976393],[-45.36444946815227,-23.69678918246565],[-45.459210362927664,-23.855831540864088],[-45.795304265515554,-23.735821164887525],[-45.95288559486126,-23.767919935029127],[-46.20621201087688,-23.882822431367018],[-47.04512497474407,-24.43733636264143],[-47.28293320228313,-24.615724958222486],[-47.60905548621868,-24.787956632416822],[-47.886151280896414,-24.98549882296858],[-48.12549683143352,-25.290943540375807],[-48.34439941932415,-25.399406827729322],[-48.599450078503835,-25.4317192209178],[-48.72452255775188,-25.425621427338697],[-48.721756902234304,-25.533623136323072],[-48.57032105018352,-25.63495293978987],[-48.51618668128704,-25.87625161532698],[-48.56617065955852,-26.11778298739729],[-48.61063095618938,-26.244936384003736],[-48.73746582557415,-26.31508294467268],[-48.77539536048626,-26.385036863129713],[-48.60260864783977,-26.676922239106275],[-48.586300817029226,-27.210539258759596],[-48.56390854408001,-27.68059388522444],[-48.58936020423626,-27.82041779879866],[-48.639080968396414,-28.08733979586897],[-48.72837921668743,-28.367052472870924],[-48.796904749948716,-28.475548314302703]]]]}},{"type":"Feature","properties":{"NAME":"Savanna hunter-gatherers","ABBREVN":"Savanna hunter-gatherers","SUBJECTO":"Savanna hunter-gatherers","BORDERPRECISION":1,"PARTOF":"Savanna hunter-gatherers","polity_id":"roman_peak:savanna_hunter_gatherers","name":"Savanna hunter-gatherers","ISO_A3":"SAVANNAHUNTE","ADM0_A3":"SAVANNAHUNTE","ADMIN":"Savanna hunter-gatherers","fill_colour":"#c5c52b","border_precision":1},"geometry":{"type":"MultiPolygon","coordinates":[[[[-67.49930527997265,-31.663186632907415],[-69.31964832592786,-29.30477628067829],[-68.6165770763261,-26.666495445378],[-67.12255067092232,-25.032037581988202],[-66.09723843191973,-20.13835052013179],[-65.90622541609757,-18.31105888474315],[-64.66180129731615,-16.804676207468987],[-64.1940629085568,-14.694582386569342],[-64.19308713091496,-14.690180390876671],[-60.26760598730509,-13.809999263181787],[-51.537804638083095,-14.378252212655624],[-48.31539474407497,-13.923762636310581],[-39.937129019653874,-8.292022806582523],[-38.53098652045033,-5.733599698188964],[-37.88789123444673,-4.393015496284502],[-37.73482224036907,-4.529729284089186],[-37.365109410779226,-4.802162088196852],[-37.180600133435476,-4.954271711152174],[-36.96609970618938,-5.042764581482984],[-36.635949101941335,-5.118308461945631],[-36.074940648572195,-5.161570943635084],[-35.66476532508587,-5.17974463824568],[-35.464371648328054,-5.268277086060621],[-35.34490295936321,-5.47770491961775],[-35.305680242078054,-5.750867761414625],[-35.039113011853445,-6.652605451386549],[-34.91841599036907,-7.167046941559889],[-34.890675511853445,-7.611789144318678],[-34.924611058728445,-7.872391618531324],[-35.00502487708782,-8.279249585908033],[-35.114186254040945,-8.660737432282545],[-35.36562058021282,-9.245868123810865],[-35.5985994010136,-9.627626813691236],[-36.20459839393352,-10.156334317963697],[-36.828934636609304,-10.735910810273268],[-37.026905980603445,-10.825291074555494],[-37.18652435828899,-10.844699300568678],[-37.36214157630657,-11.13101998690901],[-37.40425583411907,-11.30901948336897],[-37.40968033363079,-11.467892087739088],[-37.63658997108196,-11.951296247284986],[-37.90627762366985,-12.390306867402174],[-38.266137090222585,-12.886686719697096],[-38.38593002845501,-12.982259191315748],[-38.47313019324993,-12.988799489777662],[-38.508831944958914,-12.798260129731275],[-38.633839574353445,-12.665090001862623],[-38.79886719276165,-12.627316869538404],[-38.827862706677664,-12.983214772980787],[-39.069691625134695,-13.72078935031233],[-39.09182449866985,-14.051242269318678],[-39.126217809216726,-14.324533857148268],[-38.983212438122976,-15.556898511689283],[-38.94815537025188,-16.001592077057936],[-39.20771118690227,-17.145834363740065],[-39.22504135658001,-17.44450417880354],[-39.16210266639446,-17.736639417451002],[-39.142498937146414,-17.77471772555647],[-39.48419663001751,-17.99783364657698],[-39.666134801404226,-18.226957715790846],[-39.783497777478445,-18.583013929169752],[-39.80140015174602,-18.748253263276197],[-39.69133850623821,-19.40879670504866],[-39.73901840736126,-19.574093259614088],[-39.83545776893352,-19.7013725412303],[-40.13977524329876,-19.975227750580885],[-40.47830292274212,-20.64943925265608],[-40.932816472546804,-21.279411710541822],[-41.0234155326054,-21.52104798678694],[-41.048138585583914,-21.660875715058424],[-40.983502355115164,-22.08642999057112],[-41.52487274696087,-22.252769864838697],[-41.769642797009695,-22.380363858979322],[-41.929196324841726,-22.545891202729322],[-41.96725937415813,-22.755642331879713],[-41.95784470130657,-22.92082253817854],[-42.138424840466726,-22.97202912692366],[-42.5270776419804,-22.953785337250807],[-42.967404332654226,-23.0309623849803],[-43.236432647623026,-23.031526977456625],[-42.98377110126153,-22.56637311422683],[-43.27671745526228,-21.589111335510133],[-45.94252927666899,-21.75245598059426],[-49.48718016007792,-24.553337158794967],[-49.83871578487881,-26.797313680361846],[-48.796904749948716,-28.475548314302703],[-48.85215473085459,-28.563025096783424],[-48.93729492713665,-28.6978267801219],[-49.192067113415945,-28.920717634003736],[-49.54647919227337,-29.156509794037916],[-49.93631836463665,-29.627403653901197],[-50.03014465858196,-29.805483259003736],[-50.24409195472454,-30.320475019257643],[-50.46869370033001,-30.74020425204573],[-50.806088414685476,-31.191929258149244],[-51.11682220985149,-31.472069181244947],[-51.477379766003835,-31.823473371308424],[-51.33295151283001,-31.45981637362776],[-51.13702484657024,-31.192619718354322],[-50.85400482703899,-30.93792573336897],[-50.58172699500774,-30.41646806124983],[-50.60855194617962,-30.302172101777174],[-50.7686433463261,-30.36602631930647],[-50.94763657142376,-30.36005059603987],[-51.23235413123821,-30.265360273163893],[-51.26606079627727,-30.335308469575025],[-51.2651147513554,-30.46870843295393],[-51.445416417615164,-31.015394605439283],[-51.602292027966726,-31.231684125702955],[-51.89954849769329,-31.429226316254713],[-52.04218765784954,-31.556572355073072],[-52.14021349238029,-31.740936200871825],[-53.544487162988226,-31.446480334683482],[-54.36473695419029,-30.592916632921295],[-57.352789764997816,-29.680878909474107],[-63.563252469813456,-30.036561103144948],[-67.48158657100439,-31.655864143664434],[-67.49930527997265,-31.663186632907415]]]]}},{"type":"Feature","properties":{"NAME":"Amazon hunter-gatherers","ABBREVN":"Amazon hunter-gatherers","SUBJECTO":"Amazon hunter-gatherers","BORDERPRECISION":1,"PARTOF":"Amazon hunter-gatherers","polity_id":"roman_peak:amazon_hunter_gatherers","name":"Amazon hunter-gatherers","ISO_A3":"AMAZONHUNTER","ADM0_A3":"AMAZONHUNTER","ADMIN":"Amazon hunter-gatherers","fill_colour":"#387385","border_precision":1},"geometry":{"type":"MultiPolygon","coordinates":[[[[-64.1940629085568,-14.694582386569342],[-69.04501111905242,-8.235853806057],[-70.15820726425522,-5.735421450211085],[-66.40849393304576,3.041936481420927],[-62.65878060183632,4.152921580887431],[-58.55753164582598,3.977596077854006],[-55.8624251890192,1.695565793857857],[-55.80383591821904,0.875529465609527],[-57.97163893782451,-0.589157846288572],[-58.44035310422569,-2.287649024474563],[-56.33113935542037,-4.334740468715777],[-54.16333633581491,-4.626791146196514],[-49.06606977620206,-4.743578120004467],[-45.37494571579276,-3.165484550148441],[-44.90623154939157,-3.253230613595045],[-44.58399055999075,-3.326346507598112],[-44.549137999466566,-3.10260205994856],[-44.222123113171804,-2.777243770402052],[-44.05594727088665,-2.70699278239546],[-43.78189941932415,-2.636500991623976],[-43.33403870155071,-2.432190097611524],[-43.233231511609304,-2.419258273881056],[-43.0680932669804,-2.450668014329054],[-42.724476781384695,-2.621496595185377],[-42.31647202064251,-2.817604697983839],[-42.10834976722454,-2.861631072800733],[-41.60564514686321,-2.93680349711714],[-41.10252472449993,-2.973839916031935],[-40.8936433463261,-2.947966970246412],[-40.6777124076054,-2.934785999100782],[-40.41797348548626,-2.857973493378736],[-40.23088928748821,-2.8512109888011],[-39.72181030799602,-3.008974946778395],[-39.39290329505657,-3.19254342440901],[-39.050106969372976,-3.407845414918043],[-38.78636261512493,-3.604257978242018],[-38.06839844276165,-4.231795228760816],[-37.88789123444673,-4.393015496284502],[-38.53098652045033,-5.733599698188964],[-39.937129019653874,-8.292022806582523],[-48.31539474407497,-13.923762636310581],[-51.537804638083095,-14.378252212655624],[-60.26760598730509,-13.809999263181787],[-64.19308713091496,-14.690180390876671],[-64.1940629085568,-14.694582386569342]]]]}},{"type":"Feature","properties":{"NAME":"Plain bison hunters","ABBREVN":"Plain bison hunters","SUBJECTO":"Plain bison hunters","BORDERPRECISION":1,"PARTOF":"Plain bison hunters","polity_id":"roman_peak:plain_bison_hunters","name":"Plain bison hunters","ISO_A3":"PLAINBISONHU","ADM0_A3":"PLAINBISONHU","ADMIN":"Plain bison hunters","fill_colour":"#2e8e41","border_precision":1},"geometry":{"type":"MultiPolygon","coordinates":[[[[-96.03840472819097,33.00518699946115],[-96.05145540680012,33.004543302356005],[-96.04269760186028,32.99355526945035],[-96.21312385144033,32.53177785073994],[-95.96524850443647,31.999723025682787],[-95.46949781042882,31.691977974824947],[-94.91654511326642,31.740637514807503],[-94.23012107540964,31.64329290658055],[-94.11755719209039,31.64329290658055],[-94.11755719209039,29.69269900006508],[-94.14153000404094,29.690021120268725],[-94.42584702064251,29.54268606777849],[-94.60208603431438,29.54916914578142],[-94.79687210609173,29.563354097563646],[-94.85739609290813,29.783898912627123],[-95.00703140784954,29.75816115017595],[-95.05766006995891,29.67538412686052],[-94.84457871009563,29.346345506865404],[-95.23918625404094,29.05825003262224],[-95.60276505042766,28.79865988369646],[-96.01456924964641,28.6560550558156],[-96.20308395911907,28.636594377715014],[-96.38913437415813,28.661634050566576],[-96.71655746986126,28.71180685635271],[-96.77357956458782,28.622674547392748],[-96.57712265540813,28.425990663725756],[-96.68452927161907,28.2477298605031],[-96.71434059402569,28.229605139950717],[-96.83145615150188,28.15840109463396],[-97.05078656349806,28.118652504127894],[-97.11536881019329,28.10694845791521],[-97.20648541578431,28.073580382344584],[-98.18951151270068,29.180839383625194],[-104.51715275911663,33.873009655417874],[-111.54786525513434,41.64185091509596],[-111.66773503433551,41.93525523128791],[-114.12579317034083,47.95182480671353],[-114.46737387359948,51.99955012922175],[-105.19092937331824,51.45252059422696],[-98.92187739770243,50.2317206620755],[-97.20058974030268,50.110958484297555],[-97.28245274051582,49.571529866513146],[-96.93128427296064,48.54652624427342],[-95.6223836211639,47.715567786973736],[-94.5052648907058,47.38643102366744],[-94.23473573369067,46.72103383947717],[-94.12444283882017,40.142401507814775],[-94.57380376250121,40.19632246938924],[-95.36155394561776,39.945145424469054],[-95.63197108599553,38.188824591153114],[-95.78825196147253,37.17380255125711],[-94.90203300546645,36.25290176399383],[-94.74119359968626,36.26785230560373],[-94.11755719209039,36.32582132144275],[-94.11755719209039,35.87563266465669],[-94.25995473600724,35.23005494985008],[-94.28169914074626,35.131473873694475],[-95.6350421677286,35.15984866034117],[-96.25966202633586,34.61903980822385],[-95.70444437424052,33.5557301177617],[-95.46153665144882,33.03363979660467],[-96.03840472819095,33.00518699946115],[-96.03840472819097,33.00518699946115]]]]}},{"type":"Feature","properties":{"NAME":"Desert hunter-gatherers","ABBREVN":"Desert hunter-gatherers","SUBJECTO":"Desert hunter-gatherers","BORDERPRECISION":1,"PARTOF":"Desert hunter-gatherers","polity_id":"roman_peak:desert_hunter_gatherers","name":"Desert hunter-gatherers","ISO_A3":"DESERTHUNTER","ADM0_A3":"DESERTHUNTER","ADMIN":"Desert hunter-gatherers","fill_colour":"#2348cd","border_precision":1},"geometry":{"type":"MultiPolygon","coordinates":[[[[-120.13217009553428,34.518639095266465],[-121.36156811415898,39.68662126087367],[-120.47361831890835,43.5702362219749],[-119.01799728215308,43.11329780515409],[-115.0925161385432,42.5115845772342],[-111.66773503433551,41.93525523128791],[-111.54786525513434,41.64185091509596],[-104.51715275911663,33.873009655417874],[-98.18951151270068,29.180839383625194],[-97.20648541578431,28.073580382344584],[-97.44714829017376,27.985446535307787],[-97.56782242347454,27.908885561186693],[-97.31670090247844,27.75047072048845],[-97.2665681510136,27.674275957304857],[-97.56320663978313,27.36210211392107],[-97.63229843665813,27.228431307036303],[-97.63798996497844,26.846942506987475],[-97.57326981116985,26.560979448515795],[-97.45142075111126,26.217908464629076],[-97.25996109534954,25.811372362334154],[-97.42493149329876,25.44227751370134],[-97.65813919593548,25.073043428618334],[-97.74189468909954,24.72957571621599],[-97.82254501868938,24.20810469265642],[-97.82193741595154,24.14289165269257],[-100.35731453230613,23.969822801072763],[-104.22420640511586,25.115656057798073],[-107.5637948407243,27.76457612510461],[-109.93666030813027,28.204353485407555],[-110.527470351751,27.76204872367678],[-110.60444351722454,27.856137834746264],[-110.85694595863079,27.95099028225603],[-111.06416031409954,27.99507101650896],[-111.27093979408001,28.10909231777849],[-111.69163223792766,28.49610289211931],[-111.90643021156048,28.813590608794115],[-112.03291794349407,29.061330400664232],[-112.3232316641972,29.435903154570482],[-112.65433212806438,29.918511949736498],[-112.7371492057011,30.109120928007982],[-112.90797897865032,30.41401632900896],[-113.01670548011516,30.566411577422045],[-113.08502670814251,30.76977690334978],[-113.06633469154094,30.998756014067553],[-113.05207535316204,31.13870009060564],[-113.30399033118938,31.246297441679857],[-113.66166397620891,31.334586702544115],[-113.68861862708782,31.538037859160326],[-113.74631973792766,31.60787924404802],[-113.9521379141972,31.690127931792162],[-114.08228012611126,31.543586336333178],[-114.19511887122844,31.52427443142595],[-114.83865067054485,31.815496050078295],[-114.96706100990032,31.36367567654314],[-114.98750778724407,31.166480623442553],[-114.97266098548626,31.128356538969896],[-114.85349747230266,30.97596891995134],[-114.73472305824016,30.84266813870134],[-114.72235580970501,30.372075639922045],[-114.68277451087688,30.14322432156267],[-114.45304581214641,29.838450990874193],[-114.38871475745891,29.76227720852556],[-114.09960648109173,29.64205893154802],[-113.82907578040813,29.400966249663256],[-113.59289261390423,29.102586351591967],[-113.32190414954876,28.55627592678728],[-113.12408920814251,28.42951353665056],[-112.97636124183391,28.410745226103685],[-112.86987015296673,28.334659181792162],[-112.7236222891972,27.70545347805681],[-112.67780777503704,27.62924154873552],[-112.56714340736126,27.55953177090349],[-112.34384628822063,27.534553133208178],[-112.28406998206829,27.50925215359392],[-112.18733688880657,27.31233938809099],[-112.11509415199016,27.019992433745287],[-111.91486069251751,26.6643501150197],[-111.69413467933391,26.69659575100603],[-111.59381577064251,26.760396562773607],[-111.48350235511516,26.55715139980974],[-111.32870956947063,25.89621504421892],[-111.0898332266972,25.419850908476732],[-110.79756638099407,24.8800483572072],[-110.76643082191204,24.613084398466967],[-110.7724275260136,24.377841554839037],[-110.65569778968548,24.21915205593767],[-110.48522659827923,24.1495796072072],[-110.31049057533001,24.2262397634572],[-110.20493790199016,24.31546553250017],[-109.9402970938847,23.95364149685564],[-109.82423874427532,23.693231188017748],[-109.6152009635136,23.57923849697771],[-109.48859879066204,23.573146425444506],[-109.42892929603313,23.433415971953295],[-109.51689621497844,23.19163092251482],[-109.57826706458782,23.13429983730974],[-109.88921066810344,22.8666206228322],[-110.00360580970501,22.885448061186693],[-110.1165666251347,23.06958159084978],[-110.22465988685344,23.39993818875017],[-110.5024308829472,23.660007082182787],[-110.78369614173626,23.799275957304857],[-111.0158586173222,24.014943681914232],[-111.39151474525188,24.24302443142595],[-111.90574356605266,24.686976991850756],[-112.09280869056438,24.890025697905443],[-112.16581436683391,25.010667406279467],[-112.06849381019329,25.455945574004076],[-112.0843400626347,25.570357881743334],[-112.30381485511516,26.021325670439623],[-112.41098496009563,26.19277151699724],[-112.55796524574016,26.319634996611498],[-112.7558488516972,26.36372526760759],[-112.98117538978313,26.503144823271654],[-113.28500839759563,26.807702623564623],[-113.42209335853313,26.743829332548998],[-113.58534714271282,26.76893004055681],[-114.15325638343548,27.104739748198412],[-114.47785660316204,27.243947588164232],[-114.8813371329472,27.68185385342302],[-114.94397446204876,27.738952242094896],[-115.05460831214641,27.853173814970873],[-114.74889847327923,27.785588823515795],[-114.47916885902141,27.77978666897478],[-114.21439835120891,27.907517992216967],[-114.10466476966594,28.05399664517107],[-114.06274887611126,28.34024580593767],[-114.06728836585735,28.42289312954607],[-114.27322861243938,28.708621584135912],[-114.48294540931438,28.911672197539232],[-114.97781082679485,29.31125982876482],[-115.42139908363079,29.53289946194353],[-115.60230728675579,29.685151659209154],[-115.69373032142376,29.92025526638689],[-115.81609055091594,30.212537370879076],[-115.85713669349407,30.282409273344896],[-116.05837723304485,30.339219652373217],[-116.12582871009563,30.49807699795427],[-116.13782974769329,30.765149675566576],[-116.22926041175579,30.943025194365404],[-116.5094880728886,31.273152910429857],[-116.70472427894329,31.590745531279467],[-116.70605942298626,31.70522268887224],[-116.61071487952923,31.877143465239428],[-116.96032425452923,32.15626104946794],[-117.07459732581829,32.30230291958513],[-117.17368027259563,32.520553194243334],[-117.19301315833782,32.56282766934099],[-117.28205582191204,32.72463186855974],[-117.30405136634563,32.754867159087084],[-117.31843277503704,32.73596914883318],[-117.3311662345097,32.7132945882863],[-117.34905716468548,32.754867159087084],[-117.34806534339641,33.053405367094896],[-117.49671646644329,33.325431429106615],[-117.7093400626347,33.52853735562029],[-118.00658890296673,33.73146017666521],[-118.23708054115032,33.82004126187029],[-118.28837296058391,33.84322317715349],[-118.35371109534954,33.82810553188982],[-118.35272690345501,33.7865367757863],[-118.39270493079876,33.77520331021013],[-118.43768021156048,33.794173799712084],[-118.5031404166386,33.85834082241716],[-118.46909042884563,33.892352663237475],[-118.50195023109173,33.98304709072771],[-118.60435196449016,34.096419893462084],[-118.73173996497844,34.10775717373552],[-118.87235733558391,34.069964967924975],[-119.29153915931438,34.221122347075365],[-119.42016312171673,34.36850317593279],[-119.61284348060344,34.47809942837419],[-119.78493210365032,34.45920523281755],[-120.13217009553428,34.518639095266465]]]]}},{"type":"Feature","properties":{"NAME":"Plateau fichers and hunter gatherers","ABBREVN":"Plateau fichers and hunter gatherers","SUBJECTO":"Plateau fichers and hunter gatherers","BORDERPRECISION":1,"PARTOF":"Plateau fichers and hunter gatherers","polity_id":"roman_peak:plateau_fichers_and_hunter_gatherers","name":"Plateau fichers and hunter gatherers","ISO_A3":"PLATEAUFICHE","ADM0_A3":"PLATEAUFICHE","ADMIN":"Plateau fichers and hunter gatherers","fill_colour":"#29aad1","border_precision":1},"geometry":{"type":"MultiPolygon","coordinates":[[[[-120.47361831890835,43.5702362219749],[-120.30696123975633,44.29914221354117],[-120.48272905215676,48.962018954129185],[-124.75974582056752,52.44778520770332],[-127.86497717297533,54.57257192354129],[-128.5879066342332,55.05741560353968],[-125.6971741533699,55.193958165256824],[-115.03392686774305,52.03295961287972],[-115.03004586111297,52.032730750921665],[-114.46737387359948,51.99955012922175],[-114.12579317034083,47.95182480671353],[-111.66773503433551,41.93525523128791],[-115.0925161385432,42.5115845772342],[-119.01799728215308,43.11329780515409],[-120.47361831890835,43.5702362219749]]]]}},{"type":"Feature","properties":{"NAME":"North American Pacifi foraging, hunting and fishing peoples","ABBREVN":"North American Pacifi foraging, hunting and fishing peoples","SUBJECTO":"North American Pacifi foraging, hunting and fishing peoples","BORDERPRECISION":1,"PARTOF":"North American Pacifi foraging, hunting and fishing peoples","polity_id":"roman_peak:north_american_pacifi_foraging_hunting_and_fishing_peoples","name":"North American Pacifi foraging, hunting and fishing peoples","ISO_A3":"NORTHAMERICA","ADM0_A3":"NORTHAMERICA","ADMIN":"North American Pacifi foraging, hunting and fishing peoples","fill_colour":"#32738b","border_precision":1},"geometry":{"type":"MultiPolygon","coordinates":[[[[-133.1572618155644,56.11630972500505],[-132.63325974036908,55.90010794277849],[-132.59436508704877,55.81202276821794],[-132.62077805091596,55.75095327969255],[-132.68808456947065,55.64917715664568],[-132.55470749427533,55.45311316128435],[-132.17720505286908,55.28475149746599],[-132.17378708411908,54.84630926724138],[-133.01601120521283,55.371032320219896],[-133.27101608802533,55.62097891445818],[-133.26630112220502,55.83106192227068],[-133.51779648353315,56.21072348232927],[-133.48555466224408,56.25834234829607],[-133.28069016029096,56.231566988188646],[-133.1572618155644,56.11630972500505]]],[[[-120.20444199134563,34.53100927944841],[-120.52868362952923,34.50833090420427],[-120.58253952552532,34.5914684164113],[-120.68786331702923,34.621703706938646],[-120.70843216468548,34.70106085415544],[-120.66632553626751,34.75397070522966],[-120.7371720938847,34.980712496001146],[-120.67728897620891,35.18933447476091],[-120.77957626868938,35.23243673916521],[-120.8367585807011,35.22865255947771],[-120.94863602210735,35.289229952055834],[-120.94855972816204,35.33465918179216],[-120.91479965736126,35.37630423184099],[-120.92773148109173,35.47474249478044],[-121.08413406898235,35.55812796230974],[-121.19852158118938,35.686793886382006],[-121.38518997718548,35.78525503750505],[-121.5611238150761,36.06552466030779],[-121.65173813392376,36.09962042446794],[-121.74290176917766,36.239772402007006],[-121.92680069495891,36.33826788540544],[-121.99720474769329,36.57644613857927],[-121.9980363516972,36.678493105132006],[-121.91785904456829,36.67547949429216],[-121.85145279456829,36.74896963711443],[-121.83826920081829,36.89572485562029],[-121.93205734779094,37.00897558804216],[-122.01836868812298,37.02933844204607],[-122.11721512366985,37.01276358242693],[-122.25330826331829,37.06961401577654],[-122.49409958411907,37.30083807583513],[-122.45914169837688,37.39560660000505],[-122.50000473548626,37.53588446255388],[-122.55814072181438,37.566215120512865],[-122.57808395911907,37.77476080532732],[-122.55206009437298,37.843017183501146],[-122.49871536781048,37.85439261074724],[-122.45412918616985,37.82405813809099],[-122.42120071937298,37.78992422695818],[-122.46006485511516,37.74442633267107],[-122.39091965247844,37.65342291470232],[-122.26291367103313,37.596549593169115],[-122.21055313636516,37.54347189541521],[-122.11918350745891,37.53588446255388],[-122.29259964515423,37.78992422695818],[-122.37463852454876,37.85439261074724],[-122.38383194495891,37.96057470913591],[-122.46683212806438,38.00988348599138],[-122.48976608802532,38.16452749844255],[-122.54826828529094,38.16159018154802],[-122.55302902747844,38.09711035366716],[-122.53137680579876,37.896110140044115],[-122.57305618812298,37.88852652188005],[-122.70501419593548,37.9757457601613],[-122.75864121009563,37.956786714751146],[-122.9908113150761,38.13883551235857],[-123.05200668861126,38.301932893950365],[-123.22155472327923,38.533439241606615],[-123.46047684241985,38.70407065029802],[-123.7409562735722,38.96676977749529],[-123.79630753089641,39.03041037197771],[-123.74487778236126,39.075954042632006],[-123.89214798499798,39.41376455898943],[-123.81972977210735,39.60736807461443],[-123.93385025550579,39.82276114102068],[-124.03277298499798,39.982379518706225],[-124.36481186439251,40.33432348843279],[-124.41186996986126,40.468917452055834],[-124.36723801185344,40.75131186123552],[-124.25388046790813,41.03395804043474],[-124.17912766029094,41.19464453335466],[-124.15260788490032,41.58015020962419],[-124.24943253089641,41.93350561733904],[-124.30591470538344,42.054819414854435],[-124.56067368079876,42.60199698086443],[-124.62967392493938,43.013995729643725],[-124.58678909827923,43.142928682524584],[-124.48281570960735,43.252685152251146],[-124.30166336585735,43.34327658291521],[-124.1372956900761,43.66595800991716],[-124.30168625404094,43.923644624907396],[-124.33127304603313,44.07199057217302],[-124.23045217275275,44.45096392151133],[-124.15713846161013,44.726541207842374],[-124.1404924063847,44.7891116964406],[-124.07172867347454,45.04791601772966],[-124.04446121741985,45.33319433804216],[-124.00341507484173,45.68362387295427],[-123.99469467689251,45.76409491177263],[-124.06380173255657,45.83626516934099],[-124.02785202552532,45.940211855132006],[-124.0743074088261,46.0152965414113],[-124.00366684486126,46.0499645101613],[-124.0173234610722,46.13374289150896],[-124.03835007240032,46.21753653164568],[-124.0522355704472,46.26378210659685],[-124.05423447181438,46.289794527251146],[-123.9092683463261,46.24643667813005],[-123.81508347083782,46.25510748501482],[-123.78710648109173,46.29846533413591],[-123.88214584876751,46.2955814230031],[-124.15862747718548,46.35049780483904],[-124.1307267813847,46.66863592739763],[-124.17707535316204,46.81622656460466],[-124.16961380531048,46.94070776577654],[-123.90527817298626,47.042052828032396],[-124.06049820472454,47.05075415249529],[-124.13232132484173,47.11447104092302],[-124.19025894691204,47.11447104092302],[-124.2141008048222,47.094195924956225],[-124.19483658363079,47.042052828032396],[-124.24902054359173,47.01889380093279],[-124.30878922034954,47.45928534146013],[-124.72605606605266,48.117755495268725],[-124.73341843177532,48.32687719937029],[-124.6752824454472,48.38582571621599],[-124.43045517493938,48.3470836507863],[-124.14605423499798,48.249591432768725],[-123.79302689124798,48.19800528164568],[-123.50459000159954,48.18548925991716],[-123.25891586829876,48.20558127041521],[-123.07204910804485,48.16672857876482],[-122.8260392813847,48.023482881743334],[-122.80843063880657,47.82762488003435],[-122.9973039298222,47.64451178188982],[-123.18336197425579,47.488334261137865],[-122.94403549720501,47.42283209438982],[-122.8610734610722,47.338222109038256],[-122.74829575111126,47.262233339507006],[-122.73528000404094,47.364547334868334],[-122.6628312735722,47.46903570767107],[-122.48593613197063,47.6063609945363],[-122.39111038734173,47.867614351469896],[-122.34528824378704,48.07669409390154],[-122.3743562369511,48.26612433071794],[-122.5346345572636,48.69742926235857],[-122.60556503822063,48.83472784634294],[-122.90025040199016,49.06718023892107],[-122.98425766517376,49.13523062344255],[-123.21332260658001,49.27238043423357],[-123.24522110511516,49.46898993130388],[-123.21204849769329,49.62469061489763],[-123.5309953360722,49.51256903286638],[-123.69860550452923,49.52535208340349],[-123.84743973304485,49.66282232876482],[-123.92052933265423,49.885795198637865],[-123.97649857093548,49.97104986782732],[-124.14968582679485,49.9313236105031],[-124.25334641029094,49.83920248623552],[-124.47060867835735,49.81253393765154],[-124.79498764564251,50.03529318447771],[-124.84853073646282,50.22638281460466],[-124.93922134925579,50.595809541899584],[-125.41228958656048,50.54865988369646],[-125.86682602454876,50.67329367275896],[-126.08587357093548,50.71250113125505],[-126.16374680091594,50.75200995083513],[-126.2281388907597,50.930404268462084],[-126.4252595572636,51.088824831206225],[-126.69128891517376,50.9890514242238],[-127.24746414710735,50.96811636563005],[-127.45511337806438,51.02064474697771],[-127.62731644202923,51.13282736416521],[-127.67497726966594,51.24528082485857],[-127.55915543128704,51.53709753628435],[-127.35296341468548,51.63696631069841],[-127.45502945472454,51.76947744961443],[-128.01286026527143,51.808227144438646],[-127.73505875159954,52.04120977993669],[-127.55576798011516,52.16784247036638],[-127.30971237708782,52.23480566616716],[-127.03732773353313,52.46355780239763],[-127.43061539222454,52.46078833218279],[-127.7101945548222,52.39368017788591],[-127.87297531654094,52.41333349819841],[-128.059628453748,52.49951513882341],[-128.07719131995893,52.93924292202654],[-128.43214890052533,52.938537203032396],[-128.88876816322065,53.418319307524584],[-128.82948776771283,53.52539404507341],[-128.81406113197065,53.76392706509294],[-129.06042954017377,53.738971315581225],[-129.4338731436894,53.517535768706225],[-130.00363632728315,53.93796118374529],[-130.17645737220502,54.172145448882006],[-130.26825424720502,54.35303076382341],[-130.29892441322065,54.54758032437029],[-130.1105088858769,54.729293428618334],[-130.03790756751752,54.843680940825365],[-129.8417100577519,54.97854956265154],[-129.85166667284474,54.99772241705144],[-128.5879066342332,55.05741560353968],[-127.86497717297533,54.57257192354129],[-124.75974582056752,52.44778520770332],[-120.48272905215676,48.962018954129185],[-120.30696123975633,44.29914221354117],[-120.47361831890835,43.5702362219749],[-121.36156811415898,39.68662126087367],[-120.13217009553428,34.518639095266465],[-120.20444199134563,34.53100927944841]]],[[[-132.72987839271283,54.066711031157396],[-132.3785295157597,53.9869876730031],[-132.0823106436894,54.02106054897966],[-131.95637985755658,53.967712007719896],[-131.89424606849408,53.89415320034685],[-131.99947067786908,53.793544374663256],[-132.07715317298627,53.539176546294115],[-132.08984848548627,53.398803316313646],[-132.35136887122846,53.36487158413591],[-132.5687608390019,53.27950247402849],[-132.99696823646283,53.65111120815935],[-133.08598801185346,53.80482061978044],[-133.09669968177533,54.01911123867693],[-133.05392929603315,54.066085420805834],[-132.87006088783002,54.046344362456225],[-132.72987839271283,54.066711031157396]]],[[[-126.56312271644329,49.572249971587084],[-126.66481491615032,49.69015463467302],[-126.52219864417766,49.82167013760271],[-126.9611711173222,50.057433687407396],[-127.21158310462688,50.004230104643725],[-127.38545700599407,50.05001028652849],[-127.76865097572063,50.28005941982927],[-128.34309860755658,50.66847189541521],[-128.44160934974408,50.77402456875505],[-128.43282028724408,50.82691534634294],[-127.99969955970501,50.8806644308156],[-127.84801956702923,50.86110647793474],[-126.95737930824016,50.59188803311052],[-126.51589676429485,50.500297151762865],[-125.7185945182011,50.40942724819841],[-125.54543777991985,50.29098471279802],[-125.26749893714641,50.05414923306169],[-125.07566544105266,49.76541479702654],[-124.88077255775188,49.575526796538256],[-124.71793076087688,49.49057348843279],[-124.00361343909954,49.2494274007863],[-123.86136337806438,49.15797003384294],[-123.64536758949016,48.817855440337084],[-123.59341904212688,48.634723268706225],[-123.71906754066204,48.47748526211443],[-123.90202042152141,48.47059591885271],[-124.49255081702923,48.60025366421404],[-125.0977677970097,48.79537924404802],[-125.19605728675579,48.873736940581225],[-125.16861435462688,48.95890387173357],[-124.99902817298626,49.16885336514177],[-125.45960709144329,49.16794928188982],[-125.6453752188847,49.05622442837419],[-125.77978226234173,49.08870657559099],[-125.96683975745891,49.1735111105031],[-125.89224716712688,49.37682684536638],[-126.11152359534954,49.52721747036638],[-126.23254105140423,49.53353842373552],[-126.56312271644329,49.572249971587084]]]]}},{"type":"Feature","properties":{"NAME":"Khoiasan","ABBREVN":"Khoiasan","SUBJECTO":"Khoiasan","BORDERPRECISION":1,"PARTOF":"Khoiasan","polity_id":"roman_peak:khoiasan","name":"Khoiasan","ISO_A3":"KHOIASAN","ADM0_A3":"KHOIASAN","ADMIN":"Khoiasan","fill_colour":"#32715e","border_precision":1},"geometry":{"type":"MultiPolygon","coordinates":[[[[45.277781519396555,-16.049967206757643],[45.43354705284382,-16.094116605561354],[45.55457213829304,-16.055725492280104],[45.73227218101765,-15.890102781098463],[46.142283472521555,-15.825677312653639],[46.281939539416086,-15.952485479157545],[46.41920379112507,-15.939479268830397],[46.46436217735554,-15.85676518801985],[46.387549433214915,-15.691685117524244],[46.734419855578196,-15.44942704562483],[46.92456725548054,-15.360046781342604],[47.06952575157429,-15.461425222199537],[47.24464324425007,-15.365706838410475],[47.10612777183796,-15.143568433564283],[47.19930556724812,-15.016262449067213],[47.426272425158274,-14.825099386017897],[47.52952102134968,-14.958347715180494],[47.63286879966999,-14.983552373688795],[47.88371947716023,-14.716083921235182],[47.81254867027546,-14.627255834382154],[47.698958429796946,-14.443191922944166],[47.74116424034382,-14.309638418000318],[47.85039046715046,-14.31576005343733],[47.97167113731648,-14.283718503754713],[48.04899123619343,-14.13103047732649],[47.915545496447336,-13.737275518220045],[47.94245818565632,-13.584690488617994],[48.05726531456257,-13.565369046967604],[48.10995009849812,-13.597038663666822],[48.22359755943562,-13.79381410006819],[48.349612268908274,-13.838030256074049],[48.43965056846882,-13.653529561799147],[48.75133803795124,-13.417710698884108],[48.85723784874226,-13.252239621918775],[48.917464289171946,-13.04874173526106],[48.993289026720774,-12.737159169953443],[48.93341735313679,-12.578401960175611],[48.934832605822336,-12.47670976046858],[49.176333460314524,-12.266468442719557],[49.33660033653523,-12.412291921418287],[49.541750940783274,-12.70419827822981],[49.81718734215046,-12.83071366671858],[49.880469355089915,-12.919562734406568],[49.97618773887898,-13.300679601471998],[50.10845092247273,-14.120246328156568],[50.15020278404499,-14.418864644806959],[50.25442031334187,-14.774549878876783],[50.43014815758015,-15.104658521454908],[50.503340754015696,-15.314229406159498],[50.486304316027415,-15.47952023867903],[50.455096277697336,-15.549497045319654],[50.42932799766804,-15.594039357941725],[50.18732360313679,-15.956830419343092],[50.0885229439571,-15.899843610566236],[50.003558191759836,-15.734774030488111],[49.753760370714915,-15.398466504853346],[49.620284113390696,-15.462312139313795],[49.59773925255085,-15.653023160737135],[49.684981379015696,-16.046881116669752],[49.862750086291086,-16.281658567231275],[49.898238214953196,-16.4595455301219],[49.76034072349812,-16.745846189301588],[49.42470839927937,-17.197809613984205],[49.404639276964915,-17.40122834567366],[49.42284301231648,-17.80159989718733],[49.34185317466999,-18.227621473115065],[49.02305892418171,-19.18165246371565],[48.651656183703196,-20.33920518283186],[48.087378534777415,-22.04376069430647],[47.491595301134836,-24.059830106537916],[47.25847915123249,-24.765831388276197],[47.173811945421946,-24.88041535739241],[46.94546416710163,-25.16691628817854],[46.855059656603586,-25.217951215546705],[46.23910048912312,-25.263739026826002],[45.78949645469929,-25.410877622407057],[45.576182398302805,-25.62107697848616],[45.21050551841999,-25.6599849832469],[45.04681304405476,-25.45058099154768],[44.9585180611446,-25.387203611176588],[44.71300033043171,-25.305088437836744],[44.54635146568562,-25.337219632905104],[44.425330194933665,-25.31205026034651],[44.036761316759836,-24.988716520112135],[43.989756617052805,-24.88077012423811],[43.980994257433665,-24.62655679110823],[43.93416503380085,-24.518610395234205],[43.727191004259836,-24.353788770478346],[43.67141250084187,-24.226787961762525],[43.67171386192585,-23.902649320405104],[43.82707503746296,-23.412924207490065],[43.78472808311726,-23.266834653657057],[43.65536788414265,-23.051014341157057],[43.3763647408321,-22.63212624911604],[43.291262659533274,-22.409847654145338],[43.32482818077351,-22.11106721286116],[43.50102523277546,-21.49418679599104],[43.60321715782429,-21.398634351533033],[43.81647399376179,-21.31555596713362],[44.16165069053913,-20.698309339326002],[44.47033599327351,-20.17013780001936],[44.51709655235554,-20.023853696625807],[44.58538726280476,-19.527967847626783],[44.53573897789265,-19.36917344455061],[44.410498651964915,-19.26775971774397],[44.2510099739864,-19.102844632905104],[44.280928644640696,-19.020157254975416],[44.39421752403523,-18.79112283114729],[44.159529718859446,-18.40391389254866],[44.10704329918171,-18.09896890048323],[44.07575896690632,-17.876581586640455],[43.97164824913288,-17.552675641816236],[43.98251632164265,-17.50180856112776],[44.215003046496165,-17.189880765717604],[44.37802031944538,-16.92261163119612],[44.4514494271114,-16.725416578095533],[44.45442870567585,-16.242399610322096],[44.672198328478586,-16.23558083895979],[44.91735366295124,-16.203270353119947],[45.196936640246165,-16.0374263894969],[45.277781519396555,-16.049967206757643]]],[[[33.92968016137751,2.843586349070006],[36.01508384811689,1.297408540251279],[38.773198401546395,-2.267256227148658],[39.479544811571024,-2.468897035586251],[40.4549755682717,-1.3595608910117],[40.85860208828577,0.322086976400683],[42.540379255011075,1.263781398355505],[44.136579672502506,1.151131692540679],[43.724307093127024,0.800251446921251],[43.09933541455362,0.170020864515159],[42.941233667834055,0.010588750500105],[42.91478255699421,-0.016971982758619],[42.440066370470774,-0.511580146592237],[41.88418487022663,-1.21815697078047],[41.6073217720821,-1.593676365655043],[41.65220168541218,-1.752453006547071],[41.60989287803913,-1.876740492623426],[41.33932403038288,-2.051799453538038],[41.088606867296946,-2.128604806702711],[40.91536620567585,-2.078140176575758],[40.8768644661739,-2.427730954926588],[40.74980834434773,-2.593229211609938],[40.448504480822336,-2.6447261941844],[40.27134231041218,-2.816691077988722],[40.23169616173054,-3.032834209244825],[40.23441604088093,-3.191706575196363],[40.07403090904499,-3.471666492264845],[39.64013198326374,-4.08267203692732],[39.681399378283274,-4.324065603058912],[39.52981093834187,-4.61671916369734],[39.417368921740305,-4.731353200715162],[39.26727202842976,-4.776162542145826],[39.22912124107624,-4.844893850129225],[39.1224699349239,-5.03702060107527],[38.93381026695515,-5.634787000458815],[38.87236693809773,-6.092471040528395],[38.921526941759836,-6.340208925049879],[39.22087768028523,-6.784406579774],[39.5664282173946,-7.044216073792555],[39.55541900108601,-7.171341337006666],[39.437205347521555,-7.330470002930738],[39.270125421984446,-7.801093496125318],[39.28673461387898,-7.877326406281568],[39.424300226671946,-7.896092332642652],[39.47772887657429,-7.997649110596754],[39.40043166588093,-8.309211171906568],[39.391829523546946,-8.735015310090162],[39.57677367637898,-9.541707433503248],[39.6576147408321,-9.795738614838697],[39.83821776817585,-10.00506440524397],[40.208785089953196,-10.252111829560377],[40.38686660240437,-10.37247506503401],[40.46619323204304,-10.47525540713606],[40.52401259849812,-10.550122655671217],[40.619517359240305,-10.76598969821272],[40.5364103646114,-11.02673474673567],[40.40044310997273,-11.230388082306959],[40.311343225939524,-11.344973005097486],[40.392519983752024,-11.548167623322584],[40.450381311877024,-11.872153676789381],[40.44549086998249,-12.081891454499342],[40.52701857994343,-12.583784498017408],[40.48177245567585,-12.844442762177565],[40.36584380577351,-12.990858472626783],[40.53394225548054,-13.30826608065901],[40.60333159874226,-13.530550397675611],[40.6008634896114,-14.032622731965162],[40.59920791099812,-14.401239789765455],[40.61833480308796,-14.483810819428541],[40.701338800890696,-14.540838636201002],[40.848616632921946,-14.578646100800611],[40.85543731163288,-14.699382222931959],[40.7810392708614,-14.921983159821608],[40.527442011339915,-15.183100141327955],[40.61015990684773,-15.35451737765608],[40.57406905601765,-15.481702245514967],[40.38579848716999,-15.73632661227522],[40.025157007677805,-16.143841184418775],[39.795062098009836,-16.423971570771315],[39.471255335314524,-16.717016614716627],[38.85896972130085,-17.055155195038893],[38.19267562340046,-17.348934568207838],[37.863894495470774,-17.451328672211744],[37.27531722496296,-17.713161863129713],[36.89233306358601,-17.99996987704573],[36.31359008262898,-18.649462140839674],[35.91478255699421,-19.031639493744947],[35.377886805041086,-19.426824964326002],[34.84678939293171,-19.802927411835768],[34.72620299766804,-19.860380567353346],[34.71029571007038,-20.292583860200025],[34.67331984947468,-20.51510850314436],[34.69901565025593,-20.57224885348616],[35.02253631065632,-20.813072599213697],[35.107153925402415,-20.984491742890455],[35.03266814659382,-21.188030637543775],[34.99418929527546,-21.270725644867994],[35.20164779136921,-21.950323499482252],[35.23384765098835,-22.20447961215315],[35.260760340197336,-22.274328626435377],[35.371436151964915,-22.280451215546705],[35.448287043078196,-22.223093427460768],[35.51175979088093,-22.184820569794752],[35.53088286827351,-22.45806733493147],[35.42541411827351,-23.456112302582838],[35.29743102501179,-23.825008786957838],[35.44399932335163,-23.913671888154127],[35.512225183947336,-23.938953794282057],[35.500865015490305,-24.085165418427565],[35.4300871224239,-24.22512856845198],[35.1980314583614,-24.47983590487776],[34.88371947716023,-24.72201577548323],[34.58479979942585,-24.875175870698072],[34.01502898643757,-25.060696042817213],[33.656905207140696,-25.201269544404127],[33.347266230089915,-25.303612149994947],[32.944861444933665,-25.5396236551219],[32.65110305259968,-25.838962949555494],[32.499712976916086,-26.06808701876936],[32.63101104210163,-26.220337308686354],[32.89595702598835,-26.37232629184065],[32.91596892784382,-26.518461622040846],[32.887390253529176,-26.715051172579674],[32.849036249621165,-26.978884137909986],[32.767230066759836,-27.51663247470198],[32.60903457115437,-27.89831391696272],[32.52742675255085,-27.981102384369947],[32.345477137072336,-28.02597848300276],[32.30343535850788,-28.134109891694166],[32.39324859092976,-28.37544671420393],[32.3462248177364,-28.585289396088697],[32.234744104845774,-28.74441758517561],[31.978331598742255,-28.94834939364729],[31.563080820544013,-29.209801114838697],[31.326805068175602,-29.509405299501744],[31.296990427477606,-29.54721108798323],[30.674901041491278,-30.438341535370924],[30.487155827280144,-30.686724305145788],[30.391005548937567,-30.81392899874983],[30.294790757737793,-30.920219874431666],[29.831868204577216,-31.431621946137525],[29.295138391955145,-31.909426130097486],[29.08635846343894,-32.1267062219706],[28.921853098376044,-32.29790917758284],[28.27691939781452,-32.76323357943831],[27.656355890734442,-33.253921903412916],[27.40815070579792,-33.42601052645979],[26.962971720202216,-33.71297875766096],[26.658656153185614,-33.84707299594221],[26.3066511483028,-33.892288602631666],[25.865729364855536,-33.88682977084456],[25.618521723253973,-33.91912499789534],[25.559100183947333,-34.07814828280745],[25.565064463122138,-34.1353382242137],[25.51585868309284,-34.17357674960432],[25.313666376574286,-34.12950173739729],[25.064669641955145,-34.07280007724104],[24.928593668444403,-34.07944527987776],[24.81606963585163,-34.16864434603987],[24.69349006126667,-34.308731473725416],[24.592217478258856,-34.35978738192854],[24.429938349230536,-34.33470193270979],[24.084670099718817,-34.1510852945262],[23.742917093737372,-34.0755123269969],[23.499220880968817,-34.06966058139143],[23.359755548937567,-34.120796598237135],[23.188918146593817,-34.241897977631666],[22.971856150133856,-34.19785348300276],[22.681775125963934,-34.10311547641096],[22.5885332682646,-34.13458312854779],[22.549130472643622,-34.14788094882307],[22.262129816515692,-34.16752663974104],[21.997218164904364,-34.26340524081526],[21.66930106590534,-34.50560799960432],[21.345505747301825,-34.5443958414012],[21.14705565880085,-34.538452543061354],[20.846911463244208,-34.500923551362135],[20.514832529528388,-34.53339043978987],[20.25607207725788,-34.62289086703596],[19.883807215197333,-34.99228707675276],[19.320893320544013,-34.732857145112135],[19.279349359972723,-34.504131711762525],[19.18137267540241,-34.4217151773387],[18.966362986071356,-34.396728910248854],[18.840062174303778,-34.435120023530104],[18.72423842857624,-34.21926537875471],[18.57026771019245,-34.19417230014143],[18.5030737252071,-34.30870477084456],[18.487156900866278,-34.39771691684065],[18.346327814562567,-34.34715691928206],[18.29292396019245,-34.24557534579573],[18.412772211535223,-34.02287713412581],[18.45907500694538,-33.832127012055494],[18.073050531847723,-33.22279015902815],[17.927741083605536,-33.09596673373518],[17.867608103258856,-32.99441186312971],[17.94545844505573,-32.917976774018385],[18.231507334215888,-32.898323453705885],[18.30869773338581,-32.70750848178206],[18.335690531237372,-32.338821805756666],[18.262307199938544,-32.04027215365706],[18.178561243517645,-31.805298246186354],[17.903866800768622,-31.291069425385572],[17.5665388436153,-30.827820218842604],[17.432107923119183,-30.570482995543706],[17.354287180407294,-30.42151299838362],[17.078530344469794,-29.7992672098094],[16.788300547106513,-29.138924039643385],[16.5301618904903,-28.77085152987776],[16.334208521349677,-28.56079522494612],[16.1281843514278,-28.339535154145338],[15.659789118273505,-27.889295972626783],[15.453804048998602,-27.61645928744612],[15.291948351366766,-27.15286485080061],[15.136913332445868,-26.82907334689436],[15.075613054735907,-26.606766141694166],[15.129913362963446,-26.485908902924635],[15.153246912462958,-26.33334580783186],[14.947422060473212,-26.00966111544905],[14.843331369860419,-25.62222329501448],[14.909797701342352,-25.234415448945143],[14.90903666923786,-25.01834908847151],[14.667572054369696,-24.42148057345686],[14.44403651664997,-23.411688245576002],[14.409003290636786,-23.252706922333815],[14.396092447741278,-23.074791349213697],[14.5244303078487,-22.941069043915846],[14.570058855517157,-22.758144773285963],[14.576767954333075,-22.731251157563307],[14.53272059868122,-22.49620095614729],[14.415466341479071,-22.267668165009596],[13.957572016222723,-21.690342344086744],[13.803647074206122,-21.442819989960768],[13.307551416857489,-20.471565641205885],[12.929404291613348,-19.741556562226393],[12.52433207939411,-19.062439359467604],[12.079512629015692,-18.49144021395979],[11.849736246569403,-18.021673597138502],[11.794679674608954,-17.843861020844557],[11.774609598620184,-17.59605256442366],[11.781281504137763,-17.3360160959178],[11.80262568901325,-16.522013105195143],[11.795175585253485,-16.15980759982405],[11.782002481920966,-15.867509282868483],[11.96069911430622,-15.714616216462233],[12.060033831103095,-15.593660749238111],[12.177230867846259,-15.275659002106764],[12.25060275505329,-14.945055402558424],[12.300918963094107,-14.560185316377684],[12.33287528465534,-14.315750516694166],[12.440729174120673,-13.877037442963697],[12.585389170153388,-13.463659681122877],[12.848094019396552,-13.164415754120924],[12.930457148058661,-12.910041250031568],[13.050743135912665,-12.750912107270338],[13.338574442370184,-12.648617185395338],[13.459035906298407,-12.50220147494612],[13.649036440356024,-12.196759618561842],[13.813229593737372,-11.656247533600904],[13.837068590624579,-11.357520498078443],[13.816288980944403,-10.976270116608717],[13.729883226855048,-10.544334806244947],[13.639446291430243,-10.30304089907942],[13.418027910692938,-9.985778249543287],[13.203851732714423,-9.636731542389967],[13.083758387072333,-9.287485517304518],[13.14586356590534,-9.064934171479322],[13.36017135093952,-8.892893232148268],[13.431432756884345,-8.82282964114485],[13.479528460009345,-8.63209191684065],[13.476829561693915,-8.416032232087233],[13.387093576891669,-8.15567819003401],[13.167040857775458,-7.844777501862623],[13.023100691952575,-7.605400401961766],[12.968592676623114,-7.514751828950025],[12.877001795275458,-7.051051534455397],[12.795710596544989,-6.860588945191481],[12.671483072741278,-6.695635236542799],[12.371690783007391,-6.257806695740797],[12.339376482470282,-6.189817823212721],[12.194246324999579,-5.775236047547438],[12.19966224144245,-5.751352704804518],[12.263479265673407,-5.470049299042799],[12.226512941820868,-5.362102903168775],[11.999688181383856,-5.004106916230299],[11.949000391466864,-4.924229062836744],[11.772603067858466,-4.536981023591139],[11.151153597338446,-3.932286657136061],[11.134011301501044,-3.915594733994581],[10.880460772021063,-3.693730272095777],[10.641218218310126,-3.446424878876783],[10.524656328661688,-3.23696366671858],[9.931443247301825,-2.710815109055616],[10.060082468493231,-2.570729650300123],[9.893924746020087,-2.443995393555738],[9.656445536120184,-2.419099487107374],[9.24319079826618,-1.771810568612196],[9.415137323839911,-1.637990154069044],[9.465267214281806,-1.593399680893995],[9.320650133593329,-1.415781296532728],[9.111855539782294,-1.352692641060926],[8.981377634508856,-1.098785198968031],[8.815209421618231,-0.895802534859754],[8.958716425402411,-0.819237269204237],[9.202508005602606,-0.634416438382246],[9.302547487719306,-0.456271923821546],[9.43366054008747,-0.016971982758619],[9.473350557787665,0.116013907153032],[9.660363230211981,0.084639795381449],[9.883252176745184,0.078766025859736],[9.854229006273993,0.17403309817972],[9.602188143236884,0.332348339516543],[9.350058588488348,0.535152577120684],[9.443478617174872,0.554414831358812],[9.565582308275946,0.611869775015734],[9.628979715807684,0.889529608446978],[9.64398482750202,0.955186568457506],[9.622189554674872,1.088586412627123],[9.557406458361395,1.126579128462694],[9.370391878588446,1.170653425413988],[9.499513658983954,1.380638681609057],[9.700561556322821,1.616188131529711],[9.851344141466864,1.87705787296953],[9.881230387194403,2.058266245085619],[9.894341501696356,2.137687526900194],[9.800771746142157,2.378959022719286],[9.923090013964423,2.824045501906298],[9.851335558398016,3.147975765425585],[9.765205416186102,3.382905565459154],[9.585654291613348,3.674833141524218],[9.780175241930731,3.853175722319506],[9.650894197924384,4.018121801573656],[9.542992624743231,4.043305479246996],[9.2838936180904,4.017317854124926],[9.032190355761298,4.137507520872973],[8.95325282524372,4.283495985228441],[8.924869570238837,4.524912439543627],[8.874658617480048,4.620119177061937],[8.63722613762165,4.683152281004809],[8.591811213000067,4.712041460234545],[8.50779155205036,4.765486799437426],[8.407044443590888,4.784328066069506],[8.327965769274481,4.841343008238695],[8.262993845446356,4.745887361723803],[8.327561411364325,4.61258467312517],[8.298690828783759,4.555330358702562],[8.140204462511786,4.466023527342699],[7.888258966906317,4.452766023833178],[7.449147734148749,4.407335840422533],[7.175744089586981,4.527480684477709],[7.046161207659491,4.508142076689623],[6.92367986152912,4.342650972563646],[6.844479593737372,4.291642271239184],[6.650170359118231,4.322995744902514],[6.08877995918537,4.328133188444994],[5.851289782030829,4.42929085369768],[5.606589827044257,4.632113062102221],[5.419493708117255,4.955793939787767],[5.333021196825751,5.247909151274584],[5.354585680468329,5.362343393523119],[5.359488992633966,5.368345627897537],[12.604745687300603,7.731968465838291],[22.224511080969368,6.196195772852339],[33.92968016137751,2.843586349070006]]]]}},{"type":"Feature","properties":{"NAME":"West African cereal farmers","ABBREVN":"West African cereal farmers","SUBJECTO":"West African cereal farmers","BORDERPRECISION":1,"PARTOF":"West African cereal farmers","polity_id":"roman_peak:west_african_cereal_farmers","name":"West African cereal farmers","ISO_A3":"WESTAFRICANC","ADM0_A3":"WESTAFRICANC","ADMIN":"West African cereal farmers","fill_colour":"#3cd421","border_precision":1},"geometry":{"type":"MultiPolygon","coordinates":[[[[17.750983817480044,12.82691062976631],[20.441827284240546,11.972795349850172],[23.19994183767005,11.775300538947805],[24.074465964367207,11.181973046384048],[30.599761371261398,11.115971520296771],[32.879012053950184,12.47057777553059],[32.8802860566141,12.470516925982626],[34.2156001347228,12.55397405586442],[35.38399995306791,12.804345445509801],[35.71782847259508,13.221631094918767],[35.82926599345835,14.223975272058462],[39.23590702458268,16.248613143243993],[39.517928156359446,15.46304854031267],[39.79644683311726,15.088771425444506],[39.88854125450398,15.18427427883806],[39.85619262169148,15.400236688811205],[39.89788344810749,15.50198610897722],[40.03721145103718,15.387916170317553],[40.217452082140696,15.083317362028978],[40.38988402794148,14.90578707333269],[40.630530390246165,14.925351701933764],[40.739138636095774,14.919243417937182],[41.341250452502024,14.342323862273119],[41.70525649498249,13.930101000029467],[41.76108840416218,13.885752283293627],[42.07897857139851,13.861013971526049],[42.35708144615437,13.467672907072924],[42.35708144616374,13.467672906964545],[42.078978571501914,13.86101397128467],[41.761088404265585,13.885752283052248],[41.7052564950859,13.930100999788088],[41.34125045260543,14.34232386203174],[40.73913863619918,14.919243417695803],[40.63053039034957,14.925351701692385],[40.38988402804488,14.905787073091311],[40.2174520822441,15.0833173617876],[40.037211451140585,15.387916170076174],[39.8978834482109,15.501986108735842],[39.85619262179488,15.400236688569827],[39.88854125460738,15.184274278596682],[39.796446833220664,15.088771425203127],[39.51792815646285,15.463048540071291],[38.30499949893068,15.057687952318227],[38.0546281092853,14.72385943279105],[37.804256719639916,14.22311665350029],[37.88771384952171,13.555459614445944],[38.30499949893068,13.221631094918767],[39.55685644715758,13.054716835155183],[40.474884875857306,13.054716835155183],[42.40844253024215,13.175496660188479],[42.35496428927535,13.270696245149416],[42.354964289281355,13.270696245196033],[42.40844253013874,13.175496660429857],[42.63643935631062,13.09338244076433],[43.04802230308796,12.702313982207201],[43.3304777474239,12.434074007231615],[43.458682093127024,12.224659525114916],[43.47482207725788,12.097622476775072],[43.42193129966999,12.046670519072435],[43.259139093859446,11.963715158659838],[43.061846765978586,11.91882189388933],[42.8099584908321,11.778485857207201],[42.5553312630489,11.568253122527025],[42.668772730334055,11.511313043791674],[42.95914748619343,11.537357889372728],[43.10357192466999,11.53131254788103],[43.29847625206257,11.475552164275072],[43.36809447716023,11.455634676176928],[43.788584742052805,10.941863619048021],[44.05242446373249,10.662847124297045],[44.16154769371296,10.491522394377611],[44.28083709190632,10.396465860564135],[44.44821074913288,10.428605638701342],[44.63609603355671,10.429005228239916],[44.84515288780476,10.416754327971361],[45.012576136095774,10.448878847319506],[45.270159754259836,10.570160471159838],[45.64631560753132,10.761600099760912],[45.909365686877024,10.83206423397722],[46.0882788033321,10.787970148283861],[46.43031218956257,10.66797789211931],[46.677344355089915,10.700275980193041],[46.929156336291086,10.846961580473803],[47.27975753258015,11.10187967892351],[47.39071181724812,11.159307085234545],[47.59234145591999,11.140673242766283],[47.80731872032429,11.096666895110033],[47.996157679064524,11.116128526884935],[48.442511908057725,11.296466087546179],[48.53374389122273,11.333325945097826],[48.6633520455196,11.32088717098894],[48.97027495811726,11.232596956450365],[49.3035002083614,11.246025644499682],[49.647234949572336,11.329372011382006],[50.08087066124226,11.47643622036638],[50.486067804796946,11.775948129851244],[50.69729140709187,11.94795950527849],[50.96874907921101,11.878653131682299],[51.14483169029499,11.783723436552904],[51.18070510338093,11.777448259550951],[51.24701598594929,11.656864725310228],[51.06053451011921,11.2434573995656],[51.070254358752024,10.989321314055346],[51.12975982139851,10.709877573210619],[51.055666956408274,10.506385408598803],[50.88675979088093,10.277283273894213],[50.87397674034382,9.972261034209154],[50.852705988390696,9.59732302303972],[50.77938369224812,9.36842020626726],[50.210825952990305,8.350532137114428],[49.83185485313679,7.9938817846364],[49.77715209434773,7.853968225676439],[49.82292464683796,7.695211969572924],[49.42104628990437,6.989027105528734],[49.04607299278523,6.41633804913225],[48.94951537559773,5.990390382964037],[48.791811975939524,5.704107366759203],[48.4715795845821,5.201433740813158],[48.078196558459055,4.666824423033617],[47.63646532348032,4.096041917326511],[47.55637649009968,3.992555223662279],[47.38398650596882,3.794777952391527],[46.36050322960163,2.667831026274584],[46.22544175888997,2.552302650726346],[45.541262659533274,1.967072092253588],[44.56746962974812,1.462954007346056],[44.300696405871165,1.290809475142382],[44.136579672502506,1.151131692540679],[42.540379255011075,1.263781398355505],[40.85860208828577,0.322086976400683],[40.4549755682717,-1.3595608910117],[39.479544811571024,-2.468897035586251],[38.773198401546395,-2.267256227148658],[36.01508384811689,1.297408540251279],[33.92968016137751,2.843586349070006],[22.224511080969368,6.196195772852339],[12.604745687300603,7.731968465838291],[5.359488992633966,5.368345627897537],[5.44819215248371,5.476928793150805],[5.383361372454413,5.610234342772387],[5.152887854082831,5.641512953001879],[5.095240149004706,5.755762659270189],[4.886312040789374,6.003147207457445],[4.634121450884589,6.212299905974291],[4.360316309435614,6.326093279082201],[4.072063478930243,6.439846121031664],[3.949497255785712,6.579388700682543],[3.718945059283026,6.54711779232683],[3.610964092715033,6.413429819304369],[3.459676537020453,6.381331049162767],[3.413565020302215,6.3790140355832],[3.063426050646552,6.361420236784838],[2.766808065874823,6.34811409588518],[2.616754564745673,6.341382108885668],[2.062096390230902,6.276640497404955],[1.922951780492069,6.265819670409864],[1.761008772356757,6.253225885588549],[1.557863506777533,6.237427316862963],[1.341844233973273,6.17976053829851],[1.17636540840412,6.084084116179369],[1.165727171404608,6.066323839384935],[0.939379486544379,5.759484850127123],[0.802637848360785,5.71471508618059],[0.536134216292151,5.720493398863695],[0.089773598416098,5.655979238707445],[-0.118851010398618,5.572919450957201],[-0.203663793103448,5.528644167143725],[-0.300653104417794,5.478011885888282],[-0.477038773028166,5.385931545678787],[-0.607789006726495,5.317674719054125],[-1.176074710385553,5.138508402068041],[-1.600233045117609,4.95330675717058],[-2.031221595303766,4.698200784880541],[-2.290958610074274,4.843784891325853],[-2.716545787350885,5.039863668639086],[-2.749738898770563,5.095558248717211],[-2.803544488446466,5.185831152159594],[-2.933519568936578,5.274515234190844],[-3.027103391186944,5.267953001219652],[-3.09144612838482,5.159785829741381],[-3.134569135205499,5.140627466399096],[-3.350640025632135,5.152871690947435],[-3.667796102063409,5.228444181639574],[-3.941593614117853,5.265976034361742],[-4.374339484038781,5.254648030026621],[-4.575233588742666,5.249389217760193],[-4.999971356885187,5.238270841795824],[-5.57543369819378,5.128995500761889],[-5.834145513074152,5.039471231657885],[-6.315529790417902,4.873208128172777],[-7.097943749921075,4.52201374645891],[-7.413408246533624,4.330689035612963],[-7.528605428235284,4.336791597563646],[-7.562493291394464,4.35118445034685],[-8.243275609509698,4.640275560576342],[-8.792475667493097,4.9186864721364],[-9.247899022595636,5.17188414211931],[-9.42929455329632,5.362137399870775],[-9.93726345588421,5.863056265074633],[-10.4371175437138,6.205133043486498],[-10.762624707715265,6.356947027403734],[-11.16827103187298,6.597549520689867],[-11.46540352393841,6.843901239592455],[-11.749388661877862,7.079251848418139],[-12.046761479871027,7.262896143156908],[-12.263942685620538,7.35138853665056],[-12.279014554517023,7.414897524077318],[-12.251578298108331,7.548413358885668],[-12.27409264137005,7.630976759154223],[-12.513051000134698,7.725783907133959],[-12.869152036206476,7.972840391356371],[-13.044136968152277,8.13769110317888],[-13.212491002576105,8.347035967070482],[-12.990156140820734,8.455546938139818],[-12.91199776221966,8.557393633086107],[-12.927251782910577,8.627264581877611],[-13.14486786414837,8.722107492644213],[-13.174346890942804,8.772887788969896],[-13.164252248303644,8.850765787321947],[-13.141406980054132,9.0271488058156],[-13.281672444836847,9.27468355770769],[-13.625553098218194,9.623440347868822],[-13.680051770703546,9.91564520474138],[-14.058002439038507,10.080054842192553],[-14.466443028943292,10.333368860442064],[-14.591384854809991,10.46654852505388],[-14.550901380078546,10.644569002348803],[-14.574861493603937,10.784330927092455],[-14.820922818677179,10.80285795803728],[-14.966219869153253,10.847027384001635],[-15.018011060254327,10.916822038847826],[-14.991490331189386,11.05668696041765],[-15.00829502631878,11.10174425717058],[-15.029396024243585,11.15828665371599],[-15.116153684155694,11.158095918852709],[-15.341422048108331,11.221154772002123],[-15.415780034558527,11.33538969631853],[-15.361260381238214,11.519795976836107],[-15.21297260810589,11.717116914946459],[-15.098965611951105,11.81267889614763],[-15.158031430737726,11.876103006560228],[-15.32538887550091,11.926575266081713],[-15.54958149482464,11.919748865324877],[-15.736251798169366,11.843088709074877],[-15.808596578137628,11.84292086239519],[-16.086015668408624,11.969427667815111],[-16.247872319714777,12.102531992155932],[-16.27898880531048,12.210499368864916],[-16.424529042737237,12.248307787138842],[-16.566605535046808,12.309811197478197],[-16.57060143043255,12.311540209013842],[-16.695794072644464,12.412958704192064],[-16.77209946204876,12.597077928740404],[-16.72550293494915,12.787829004485033],[-16.768208470837823,13.03539904232683],[-16.776349034802667,13.124526582915209],[-16.775572743909112,13.145343385893725],[-16.767117467419855,13.35967596646013],[-16.689412084119073,13.448810182768725],[-16.49428078223919,13.474656664091967],[-16.452353444592706,13.54464968319597],[-16.455103841321222,13.571074091154955],[-16.458260503308527,13.601410471159838],[-16.47089096595501,13.722545229155443],[-16.640429463879816,13.842927538115404],[-16.67105957557415,13.912758432585619],[-16.69670006324505,14.077932916838549],[-16.87041946937298,14.363524996001146],[-17.033258038647634,14.564789325170201],[-13.395529310272655,14.916671886604806],[-6.264794123357348,13.351095379469161],[2.345904970276228,13.285633546771772],[8.26576059714931,12.367349972804174],[17.750983817480044,12.82691062976631]],[[39.14318937822596,9.06293447268527],[37.125056778155596,11.64355829727965],[34.23240005138806,11.70943726607304],[32.34880962465572,9.527647378549165],[33.02152049134584,6.864538013373648],[35.57782178476831,5.527006069275479],[38.605020684873864,6.597308569790442],[39.14318937822596,9.06293447268527]]]]}},{"type":"Feature","properties":{"NAME":"Blemmyes","ABBREVN":"Blemmyes","SUBJECTO":"Blemmyes","BORDERPRECISION":1,"PARTOF":"Blemmyes","polity_id":"roman_peak:blemmyes","name":"Blemmyes","ISO_A3":"BLEMMYES","ADM0_A3":"BLEMMYES","ADMIN":"Blemmyes","fill_colour":"#ae41dc","border_precision":1},"geometry":{"type":"MultiPolygon","coordinates":[[[[35.45345977257038,24.152688585478685],[35.65656951378132,23.994273744780443],[35.72469619224812,23.91181906338396],[35.61630156944538,23.835347734648607],[35.48792937706257,23.790595613676928],[35.468489679796946,23.720668398100756],[35.575850519640696,23.231660448271654],[35.689288172228586,23.021319948393725],[35.74630263756062,22.914340578276537],[36.1113615364864,22.64825590725603],[36.29022124717976,22.572381578642748],[36.47324660728718,22.337684236723803],[36.66042998741413,22.166537843901537],[36.800112757189524,21.91489943142595],[36.90349868248249,21.728648744780443],[37.12776854942585,21.227176271635912],[37.135740918059156,21.128125569264505],[34.551252367032575,20.183338169145948],[34.52779006636866,20.17476127448868],[34.4217777775482,20.50604967705261],[34.41212209908663,20.536223672245036],[33.76532574880635,22.476612723085886],[33.345321283718846,23.354044941061307],[33.690083292409675,23.54952842887194],[33.657230668213316,24.017988632918694],[35.1898641916191,24.399919115022463],[35.189864191515696,24.39991911526384],[35.45345977257038,24.152688585478685]]]]}},{"type":"Feature","properties":{"NAME":"Marksville Culture","ABBREVN":"Marksville Culture","SUBJECTO":"Marksville Culture","BORDERPRECISION":1,"PARTOF":"Marksville Culture","polity_id":"roman_peak:marksville_culture","name":"Marksville Culture","ISO_A3":"MARKSVILLECU","ADM0_A3":"MARKSVILLECU","ADMIN":"Marksville Culture","fill_colour":"#2973bc","border_precision":1},"geometry":{"type":"MultiPolygon","coordinates":[[[[-89.23280808021282,30.406005464751146],[-89.53548142005657,30.208270631987475],[-89.71074387122844,30.18337210293474],[-90.16053482581829,30.390046678740404],[-90.20367142249798,30.38587339993181],[-90.26736923743938,30.37970884915056],[-90.43051621009563,30.142039858061693],[-90.34003922034954,30.038699709135912],[-90.20366379310344,30.038699709135912],[-90.10844131995891,30.038699709135912],[-89.86671921302532,30.131703935820482],[-89.6842927603886,30.09036787625017],[-89.38001724769329,29.873363100249193],[-89.6860017447636,29.705651842314623],[-89.6769685416386,29.591218553740404],[-89.55886551429485,29.432508074004076],[-89.29169937659954,29.36701353665056],[-89.18898483802532,29.269246660429857],[-89.03152939368938,29.11900671597185],[-89.27151962806438,29.057983003813646],[-89.49815079261516,29.095662676054857],[-89.62234970618938,29.2843452322072],[-89.9778947501347,29.406213365752123],[-90.07866379310344,29.501367174345873],[-90.19775864173626,29.526553713042162],[-90.20366379310344,29.517551027495287],[-90.29798599769329,29.37374838467302],[-90.20366379310344,29.30435713406267],[-90.09218308021282,29.222343050200365],[-90.20366379310344,29.14158400173845],[-90.2348298697636,29.11900671597185],[-90.43607803870891,29.325677477080248],[-90.65007492591594,29.239488207060717],[-90.77903458167766,29.10867270107927],[-91.24035355140423,29.320912920195482],[-91.42898270179485,29.54306563015642],[-91.95100876380657,29.832030855376146],[-92.22781082679485,29.80209120388689],[-91.97832962562298,29.625356279570482],[-92.11670395423626,29.54163511868181],[-92.45743471308559,29.565612806653313],[-92.64325424720501,29.57868918057146],[-93.04218765784954,29.692298494536303],[-93.4455232291386,29.767768465239428],[-94.11755719209039,29.69269900006508],[-94.11755719209039,31.64329290658055],[-93.81063971894163,31.64329290658055],[-93.81063971894163,31.93751942254124],[-93.7249594565965,31.93948462880074],[-93.10675776852517,32.74317191973326],[-92.81508511295716,33.12235821267896],[-92.21718092906744,33.31780678142776],[-92.21718092906745,33.31780678142776],[-92.21718092906744,33.31780678142777],[-90.65505719689362,33.44791858687658],[-90.28284601314397,32.2301299131774],[-90.34173529453497,30.925773467015734],[-89.79210200155227,30.68973632239321],[-88.34286972572076,30.38878210659685],[-88.63519760658001,30.38817938442888],[-89.23280808021282,30.406005464751146]]]]}},{"type":"Feature","properties":{"NAME":"Fourche Maline Culture","ABBREVN":"Fourche Maline Culture","SUBJECTO":"Fourche Maline Culture","BORDERPRECISION":1,"PARTOF":"Fourche Maline Culture","polity_id":"roman_peak:fourche_maline_culture","name":"Fourche Maline Culture","ISO_A3":"FOURCHEMALIN","ADM0_A3":"FOURCHEMALIN","ADMIN":"Fourche Maline Culture","fill_colour":"#893e82","border_precision":1},"geometry":{"type":"MultiPolygon","coordinates":[[[[-94.28169914074626,35.131473873694475],[-94.18651195779596,35.07167472169436],[-93.1018616300437,34.390268172977635],[-92.75485059748412,33.43998025483752],[-92.21718092906745,33.31780678142776],[-92.21718092906744,33.31780678142776],[-92.81508511295716,33.12235821267896],[-93.10675776852517,32.74317191973326],[-93.7249594565965,31.93948462880074],[-93.81063971894163,31.93751942254124],[-93.81063971894163,32.22582413009842],[-94.32545774733421,32.64423611849725],[-95.46153665144882,33.03363979660467],[-96.03840472819097,33.00518699946114],[-96.04269760186028,32.99355526945035],[-96.05145540680012,33.004543302356005],[-96.03840472819097,33.00518699946115],[-95.46153665144882,33.03363979660468],[-95.70444437424052,33.5557301177617],[-96.25966202633586,34.61903980822385],[-95.6350421677286,35.15984866034117],[-94.28169914074626,35.131473873694475]]]]}},{"type":"Feature","properties":{"NAME":"Mill Creek Culture","ABBREVN":"Mill Creek Culture","SUBJECTO":"Mill Creek Culture","BORDERPRECISION":1,"PARTOF":"Mill Creek Culture","polity_id":"roman_peak:mill_creek_culture","name":"Mill Creek Culture","ISO_A3":"MILLCREEKCUL","ADM0_A3":"MILLCREEKCUL","ADMIN":"Mill Creek Culture","fill_colour":"#95419b","border_precision":1},"geometry":{"type":"MultiPolygon","coordinates":[[[[-93.81063971894163,31.93751942254124],[-93.81063971894163,31.64329290658055],[-94.11755719209039,31.64329290658055],[-94.23012107540964,31.64329290658055],[-94.91654511326642,31.740637514807503],[-95.46949781042882,31.691977974824947],[-95.96524850443647,31.999723025682787],[-96.21312385144033,32.53177785073994],[-96.04269760186028,32.99355526945035],[-96.03840472819097,33.00518699946114],[-95.46153665144882,33.03363979660467],[-94.32545774733421,32.64423611849725],[-93.81063971894163,32.22582413009842],[-93.81063971894163,31.93751942254124]]]]}},{"type":"Feature","properties":{"NAME":"Swift Creek Culture","ABBREVN":"Swift Creek Culture","SUBJECTO":"Swift Creek Culture","BORDERPRECISION":1,"PARTOF":"Swift Creek Culture","polity_id":"roman_peak:swift_creek_culture","name":"Swift Creek Culture","ISO_A3":"SWIFTCREEKCU","ADM0_A3":"SWIFTCREEKCU","ADMIN":"Swift Creek Culture","fill_colour":"#5535b6","border_precision":1},"geometry":{"type":"MultiPolygon","coordinates":[[[[-80.89708218391326,32.03661395178849],[-81.18198105384563,31.640414797026537],[-81.1991977875393,31.591160146625164],[-81.30479141761516,31.28907164211931],[-81.51154800941204,30.72724875088396],[-81.40536972572063,30.072576128203295],[-81.37607316258789,30.002611410916185],[-81.86905554956779,30.157862370003787],[-82.76524493838717,30.4158185899654],[-83.52355903661895,30.25715655629558],[-83.69569781017358,29.873429869391458],[-83.88618179847454,30.04834898586931],[-84.12382217933391,30.124150835234545],[-84.31742569495891,30.091956697661303],[-84.55865189124798,29.957938753325365],[-84.76381393958782,29.79855879421892],[-85.3047761588261,29.66390761013689],[-85.4276017813847,29.7596927511281],[-85.48666855384563,30.038659654814623],[-85.60032364417766,30.15286787625017],[-85.71918198158001,30.203483186919115],[-86.05756851722454,30.23458059902849],[-86.28960892249798,30.367620073515795],[-86.38868423988079,30.47271307583513],[-86.61546036292766,30.410708986479662],[-87.08910843421671,30.359042726714037],[-87.30488782067145,31.300469306034106],[-86.84201419633506,32.6481575110101],[-86.84201419633506,32.648157511010105],[-85.76578306622477,34.145613602136706],[-85.76985854969445,34.15964368399752],[-84.95040479150703,34.38750509919219],[-83.47988493375881,34.25483002800034],[-82.39244167760887,34.14240281862365],[-82.2194393414032,33.680915967311186],[-82.34301243869297,33.144541599502624],[-82.12058086357139,33.0513719058266],[-81.10728146579531,32.239782886441844],[-80.89708218391326,32.03661395178849]]]]}},{"type":"Feature","properties":{"NAME":"Miller","ABBREVN":"Miller","SUBJECTO":"Miller","BORDERPRECISION":1,"PARTOF":"Miller","polity_id":"roman_peak:miller","name":"Miller","ISO_A3":"MILLER","ADM0_A3":"MILLER","ADMIN":"Miller","fill_colour":"#25d49d","border_precision":1},"geometry":{"type":"MultiPolygon","coordinates":[[[[-89.44817544049313,35.47419410841722],[-88.4127094275172,35.47419410841722],[-88.07291694333584,35.10967018947695],[-88.12521285146653,34.929856207120274],[-87.96322369915771,34.546826779229306],[-87.90444749144392,34.407848231015805],[-88.37819389375134,33.19435830572942],[-89.6552686430883,33.39630727608393],[-90.62170358853251,34.17085518430479],[-89.79333077815174,35.277192949638795],[-89.44817544049313,35.47419410841722]]]]}},{"type":"Feature","properties":{"NAME":"Laurel complex","ABBREVN":"Laurel complex","SUBJECTO":"Laurel complex","BORDERPRECISION":1,"PARTOF":"Laurel complex","polity_id":"roman_peak:laurel_complex","name":"Laurel complex","ISO_A3":"LAURELCOMPLE","ADM0_A3":"LAURELCOMPLE","ADMIN":"Laurel complex","fill_colour":"#599136","border_precision":1},"geometry":{"type":"MultiPolygon","coordinates":[[[[-96.22894733785017,54.38328928874035],[-95.2712151536087,53.85941949539503],[-95.23929074746731,53.156969305201315],[-96.19702293170879,52.38441654763727],[-95.2712151536087,51.11967292342198],[-93.99423890795336,50.63623512890684],[-91.15296676137024,50.63623512890684],[-90.70602507539087,50.27036072336172],[-90.88291586673286,50.11695857933858],[-91.07804464695577,49.94774019877888],[-91.44028641664269,49.63359911939802],[-89.93983932799766,49.03028306411901],[-88.16176621980678,48.987464988661294],[-88.20465884999999,48.9764595],[-88.251699925,48.9320861],[-88.236074575,48.8714883],[-88.1941112,48.824951325],[-88.1258098,48.792475175],[-88.117601275,48.72961155],[-88.169485625,48.63636045],[-88.2310282,48.6039252],[-88.302229,48.6323058],[-88.3292134,48.626505125],[-88.3119814,48.586523175],[-88.334224575,48.566943325],[-88.36466716841453,48.567348900042674],[-88.395942925,48.567765575],[-88.46017302499999,48.528650625],[-88.52691487500002,48.449598475],[-88.558335475,48.44199715],[-88.55443482500002,48.50584665],[-88.489673525,48.5926154],[-88.364051575,48.7023034],[-88.34417489999998,48.7797561],[-88.43004350000001,48.8249735],[-88.54205005,48.722786825],[-88.68019455000001,48.473196075],[-88.796736125,48.337062475],[-88.84420545,48.32572425],[-88.89167477499998,48.314386025],[-88.898275975,48.371062425],[-88.81653972499998,48.507091675],[-88.888320825,48.534709325],[-89.00097005,48.49431235],[-89.113619275,48.453915375],[-89.236031925,48.35894055],[-89.255558775,48.24978485],[-89.344088725,48.148199375],[-89.501621775,48.054184125],[-89.5591541,48.006014575],[-89.5166857,48.003690725],[-89.8158535,47.903401],[-90.4566575,47.7051454],[-91.15034487499999,47.3676057],[-91.20218652543733,47.33449519739887],[-93.64307044039813,47.1324026173954],[-94.5052648907058,47.38643102366744],[-94.84424304777457,47.486304179856845],[-95.6223836211639,47.715567786973736],[-96.93128427296064,48.54652624427342],[-97.28245274051582,49.571529866513146],[-97.20058974030268,50.110958484297555],[-97.15475511595031,50.412981473886106],[-98.7190510168781,52.2282580087958],[-100.25142251166449,52.9843394114817],[-101.20915469590598,53.27167171471017],[-101.5603231634612,53.8970585706843],[-101.04953266519907,54.624267891019755],[-97.09090630366754,55.06542644067235],[-96.22894733785017,54.38328928874035]]],[[[-83.49110928743823,47.457180821886546],[-83.08785307070116,46.18516762384464],[-83.266634675,46.19903885],[-83.613591625,46.26603575],[-83.793586075,46.2570047],[-83.806618025,46.1719457],[-83.829654175,46.136551475],[-83.862694525,46.150822025],[-83.8952645,46.134211425],[-83.9273641,46.086719675],[-83.933854725,46.038954975],[-83.93068205140582,46.03098316866307],[-83.914736375,45.990917325],[-83.92732825,45.9614382],[-83.97163035,45.9505176],[-84.12723735,45.95084145],[-84.39414925,45.96240975],[-84.56266595,45.988413175],[-84.63278745,46.028851725],[-84.694154075,45.984190825],[-84.746765825,45.854430475],[-84.63379335,45.750982525],[-84.35523665,45.673846975],[-84.18232252499999,45.599460525],[-84.17238032793374,45.588873097610495],[-84.38499265939697,45.52330201442785],[-84.64038790852803,45.18679881115734],[-85.78966652961782,44.530551802554314],[-86.10292376807149,44.76138937802109],[-86.08427047499998,44.78255895],[-86.072014625,44.86522905],[-86.0017717,44.917198575],[-85.8735417,44.938467525],[-85.7432983,45.0149321],[-85.6110415,45.1465923],[-85.54344105,45.2117508],[-85.54049695,45.2104076],[-85.5360171,45.203949425],[-85.53300953844935,45.19816330874227],[-85.53000150000001,45.192376275],[-85.53486817500001,45.173299775],[-85.55061712499999,45.146719925],[-85.5724825,45.13175695],[-85.6004643,45.12841085],[-85.602242825,45.106771175],[-85.57781807500001,45.066837925],[-85.587324175,44.997604025],[-85.630761125,44.899069475],[-85.6379297,44.82938505],[-85.60882989999999,44.78855075],[-85.56445745,44.823995575],[-85.5346349,44.87985755],[-85.50481235,44.935719525],[-85.500360425,44.93394425],[-85.55110167500001,44.81866975],[-85.5637776,44.757846725],[-85.53838820000001,44.751475175],[-85.491595825,44.798212975],[-85.423400475,44.898060125],[-85.3826041,45.032860525],[-85.3692067,45.202614175],[-85.25063410000001,45.314089075],[-85.0268863,45.367285225],[-84.95189925,45.408151925],[-85.02567295,45.436689175],[-85.0765,45.4831121],[-85.1043804,45.5474207],[-85.07459807500001,45.612376775],[-84.987153025,45.677980325],[-84.960845175,45.724122975],[-84.995674525,45.750804725],[-84.95857715,45.7604892],[-84.84955305,45.7531764],[-84.784349725,45.77192275],[-84.762967175,45.81672825],[-84.81766185,45.882030525],[-84.8830478,45.92493005],[-84.94843375,45.967829575],[-85.13649605,46.03209775],[-85.38184874999999,46.07483505],[-85.551247325,46.06161895],[-85.64469177499998,45.99244945],[-85.8375097,45.9542455],[-86.1297011,45.9470071],[-86.29548585,45.90534205],[-86.33486395,45.82925035],[-86.41118492499999,45.771340325],[-86.524448775,45.731611975],[-86.5893745,45.683896625],[-86.6059621,45.628194275],[-86.640246775,45.6198317],[-86.64890870457437,45.62632662872799],[-86.692228525,45.6588089],[-86.68082059016996,45.69478205466743],[-86.678670375,45.701562425],[-86.63912135,45.72482735],[-86.599572325,45.748092275],[-86.55420154999999,45.800155875],[-86.54255805,45.857753225],[-86.5978461,45.88008845],[-86.7200657,45.86716155],[-86.795588725,45.82601135],[-86.824415175,45.75663785],[-86.8709444,45.708342225],[-86.9030604,45.69473335],[-86.9351764,45.681124475],[-86.968878475,45.7294092],[-86.972050625,45.8531964],[-86.995176625,45.86378035],[-87.038256475,45.76116105],[-87.1948211,45.569909575],[-87.19702427872033,45.567626164254214],[-87.25818921212148,45.6126982749566],[-87.67320649195945,46.454868829512804],[-89.29454786859215,46.887415574169644],[-89.09018825000001,46.96017965],[-88.83959390000001,47.09270445],[-88.69973244973822,47.18576402526178],[-88.5596267,47.27898615],[-88.299311325,47.39914135],[-88.1569560946998,47.43109994128364],[-88.058647775,47.45317005],[-87.881221275,47.461654675],[-87.82412655,47.44312495],[-87.767031825,47.424595225],[-87.76749498995494,47.42227875043933],[-87.771665,47.40142285],[-87.89512079999999,47.39213755],[-88.02495545,47.3402374],[-88.16116895,47.2457224],[-88.282719025,47.142483425],[-88.38960567500001,47.030520475],[-88.45661925000002,46.91968975],[-88.48375975,46.80999125],[-88.4091295,46.80813125],[-88.29502144873882,46.87668528376729],[-88.2327285,46.91410975],[-88.180529725,46.930828425],[-88.252533175,46.858287275],[-88.2824806,46.82388315],[-88.270372,46.82761605],[-88.25046707500002,46.845726575],[-88.22276582500001,46.878214725],[-88.17710462500001,46.90099255],[-88.14529405000002,46.9075263],[-88.11348347500001,46.91406005],[-88.015584375,46.913207525],[-87.883407325,46.898434975],[-87.76048219999998,46.8639025],[-87.646809,46.8096101],[-87.532936175,46.71299035],[-87.418863725,46.57404325],[-87.27262622500001,46.51189025],[-87.094223675,46.52653135],[-86.91483559999999,46.502949225],[-86.734462,46.441143875],[-86.522136625,46.47541015],[-86.277859475,46.60574805],[-85.993074,46.6721979],[-85.6677802,46.6747597],[-85.370151325,46.7002476],[-85.100187375,46.7486616],[-84.981769,46.7011677],[-85.0148962,46.5577659],[-84.88764724999999,46.47726075],[-84.60002215,46.45965225],[-84.4921557,46.47500475],[-84.5640479,46.52331825],[-84.5552388,46.5832602],[-84.4657284,46.6548306],[-84.43623995000002,46.708449375],[-84.45150670000001,46.72628295],[-84.46677345,46.744116525],[-84.503048625,46.743826525],[-84.545065475,46.707579375],[-84.564842925,46.7213837],[-84.56242664665434,46.78405491053813],[-84.562380975,46.7852395],[-84.521499125,46.817121225],[-84.48189446759224,46.8170751038222],[-84.442197375,46.817028875],[-84.392489675,46.8354436],[-84.372376025,46.8723654],[-84.4145603,46.904277825],[-84.5190425,46.93118087500001],[-84.582415675,46.930705525],[-84.604679825,46.902851775],[-84.65665815,46.910159875],[-84.73835065,46.952629825],[-84.769150725,47.0161366],[-84.749058375,47.1006802],[-84.7004794,47.182284525],[-84.6234138,47.260949575],[-84.697906225,47.37491465],[-84.923956675,47.52417975],[-84.9891703,47.6858392],[-84.8935471,47.859893],[-85.026610175,47.939546825],[-85.388359525,47.924800675],[-85.6452564,47.933711825],[-85.79730079999999,47.966280275],[-85.94119244999999,48.04818745],[-86.07693135,48.17943335],[-86.171410725,48.328433675],[-86.224630575,48.495188425],[-86.295484125,48.6274874],[-86.38397137499999,48.7253306],[-86.480198425,48.7632031],[-86.584165275,48.7411049],[-86.653022675,48.750329925],[-86.686770625,48.790878175],[-86.743666525,48.794568525],[-86.823710375,48.761400975],[-86.88723555,48.763302875],[-86.93424205,48.800274225],[-87.035680275,48.80378885],[-87.191550225,48.77384675],[-87.4621383,48.823827525],[-87.6547914,48.88877935],[-87.8474445,48.953731175],[-87.99161936629946,48.98336765386735],[-86.46007905858689,48.94648637594909],[-84.38499265939697,48.33474153052584],[-83.49110928743823,47.457180821886546]]]]}},{"type":"Feature","properties":{"NAME":"Copena","ABBREVN":"Copena","SUBJECTO":"Copena","BORDERPRECISION":1,"PARTOF":"Copena","polity_id":"roman_peak:copena","name":"Copena","ISO_A3":"COPENA","ADM0_A3":"COPENA","ADMIN":"Copena","fill_colour":"#32dca9","border_precision":1},"geometry":{"type":"MultiPolygon","coordinates":[[[[-88.07291694333584,35.10967018947695],[-88.05622367645947,35.167068232705944],[-87.14556656636616,35.05419604534453],[-86.30389863127989,34.929856207120274],[-85.84857007623326,34.430612556511434],[-85.76985854969445,34.15964368399752],[-85.76578306622477,34.145613602136706],[-86.84201419633506,32.648157511010105],[-86.99379038135059,32.822254055849356],[-87.47382636421221,32.810304320983896],[-88.53914790150893,32.822254055849356],[-88.59433924151459,33.0075816612242],[-88.37819389375134,33.19435830572942],[-87.90444749144392,34.407848231015805],[-87.96322369915771,34.546826779229306],[-88.12521285146653,34.929856207120274],[-88.07291694333584,35.10967018947695]]]]}},{"type":"Feature","properties":{"NAME":"Porter","ABBREVN":"Porter","SUBJECTO":"Porter","BORDERPRECISION":1,"PARTOF":"Porter","polity_id":"roman_peak:porter","name":"Porter","ISO_A3":"PORTER","ADM0_A3":"PORTER","ADMIN":"Porter","fill_colour":"#8fbf31","border_precision":1},"geometry":{"type":"MultiPolygon","coordinates":[[[[-86.99379038135059,32.822254055849356],[-86.84201419633506,32.6481575110101],[-87.30488782067145,31.300469306034106],[-87.08910843421671,30.359042726714033],[-87.38300797034954,30.441642366606615],[-87.40404984046671,30.307374559599776],[-87.69217392493937,30.262975298125166],[-87.77458664466594,30.262803636748217],[-87.972933923953,30.58063309122969],[-88.03456589271282,30.67939146633806],[-88.16493858778806,30.998163451828738],[-88.67175421841034,30.984997871928133],[-89.19392789844542,30.958661261841772],[-89.67002743024211,31.784756743597836],[-89.34750839257336,32.61647411593173],[-88.53914790150893,32.822254055849356],[-87.47382636421221,32.810304320983896],[-86.99379038135059,32.822254055849356]]]]}},{"type":"Feature","properties":{"NAME":"Goodall Focus","ABBREVN":"Goodall Focus","SUBJECTO":"Goodall Focus","BORDERPRECISION":1,"PARTOF":"Goodall Focus","polity_id":"roman_peak:goodall_focus","name":"Goodall Focus","ISO_A3":"GOODALLFOCUS","ADM0_A3":"GOODALLFOCUS","ADMIN":"Goodall Focus","fill_colour":"#5e3a83","border_precision":1},"geometry":{"type":"MultiPolygon","coordinates":[[[[-83.8099866194149,43.65294649760638],[-83.744069025,43.62067997499999],[-83.77962788786306,43.335728584947574],[-84.4065654906017,43.042242883444224],[-84.44913696357776,42.89429769290714],[-84.73834009141564,41.72388710934679],[-85.70176684717302,41.69622583863446],[-86.13370818634381,41.129336307897766],[-86.52245539159752,40.7377557500894],[-87.19196446731223,40.705019311623424],[-87.3527604172662,41.16704376310566],[-87.37512542499998,41.6343834],[-87.224453225,41.634622675],[-87.025077275,41.686106025],[-86.841750875,41.7660239],[-86.674474025,41.8743763],[-86.51782685,42.035098975],[-86.37180935,42.248191925],[-86.27588580000001,42.44202895],[-86.2300562,42.61661005],[-86.218954325,42.79856675],[-86.242580175,42.98789905],[-86.326169925,43.2202092],[-86.469723575,43.4954972],[-86.47440056622865,43.51516978372349],[-86.513782,43.68081785],[-86.4583452,43.77617115],[-86.451774525,43.8822567],[-86.494069975,43.9990745],[-86.453372075,44.1299426],[-85.33461670887786,43.99190085257205],[-84.90267536970708,43.523938186140114],[-84.77309296795586,43.382835851404835],[-83.874516475,43.68453372499999],[-83.8099866194149,43.65294649760638]]]]}},{"type":"Feature","properties":{"NAME":"Saugeen Complex","ABBREVN":"Saugeen Complex","SUBJECTO":"Saugeen Complex","BORDERPRECISION":1,"PARTOF":"Saugeen Complex","polity_id":"roman_peak:saugeen_complex","name":"Saugeen Complex","ISO_A3":"SAUGEENCOMPL","ADM0_A3":"SAUGEENCOMPL","ADMIN":"Saugeen Complex","fill_colour":"#30df99","border_precision":1},"geometry":{"type":"MultiPolygon","coordinates":[[[[-80.05336061671522,43.80841273947901],[-80.12734758308251,43.25862458696068],[-79.63698735000001,42.853085675],[-80.02294005,42.806632425],[-80.275599375,42.7411072],[-80.394965325,42.65651],[-80.351683725,42.597929725],[-80.145754575,42.565366375],[-80.0835856220663,42.55243266069417],[-80.05772545,42.547052675],[-80.08759634999998,42.542988625],[-80.40640939999999,42.568706075],[-81.0141646,42.624205025],[-81.439461875,42.5870946],[-81.682301225,42.4573748],[-81.81526980000001,42.358451475],[-81.8383676,42.290324625],[-81.85864319883927,42.26409348709729],[-82.16555501439318,43.08397202876816],[-82.137971975,43.100364275],[-82.06985012499999,43.184499425],[-81.95983122499999,43.2569172],[-81.807915275,43.3176176],[-81.73869027500001,43.529406],[-81.752156225,43.8922824],[-81.7186113,44.1385907],[-81.6783334,44.2034608],[-81.6380555,44.2683309],[-81.516713675,44.404199475],[-81.35458582500002,44.546196425],[-81.29700267500002,44.7130803],[-81.343964225,44.9048511],[-81.384835925,44.993429675],[-81.419617775,44.978816025],[-81.4722787,45.026538225],[-81.5428187,45.136596275],[-81.6151297,45.197320325],[-81.6892117,45.208710375],[-81.7168497,45.224970275],[-81.6980437,45.246100025],[-81.58923032499999,45.2537905],[-81.390409575,45.2480417],[-81.302271225,45.219479625],[-81.324815275,45.168104275],[-81.308185025,45.09669465],[-81.252380475,45.00525075],[-81.188776625,44.942563675],[-81.117373475,44.908633425],[-81.051338475,44.907934575],[-80.990671625,44.940467125],[-81.005177925,44.90421835],[-81.094857375,44.79918825],[-81.080714075,44.758051875],[-81.02173868040427,44.76942907798512],[-80.962748025,44.780809225],[-80.913936125,44.735963925],[-80.934278375,44.623515975],[-80.907242225,44.6015349],[-80.832827675,44.6700207],[-80.7582998,44.7086624],[-80.6836586,44.71746],[-80.63256064999999,44.692910575],[-80.60500595,44.635014125],[-80.52042584293034,44.59600142498459],[-80.50447733501159,44.58864515201824],[-80.40479870695977,44.37963252519904],[-80.05336061671522,43.80841273947901]]]]}},{"type":"Feature","properties":{"NAME":"Couture Complex","ABBREVN":"Couture Complex","SUBJECTO":"Couture Complex","BORDERPRECISION":1,"PARTOF":"Couture Complex","polity_id":"roman_peak:couture_complex","name":"Couture Complex","ISO_A3":"COUTURECOMPL","ADM0_A3":"COUTURECOMPL","ADMIN":"Couture Complex","fill_colour":"#6f4734","border_precision":1},"geometry":{"type":"MultiPolygon","coordinates":[[[[-84.04975658293338,40.73657539158869],[-84.50387701087487,41.262906691014386],[-84.7471558115578,41.6882097215079],[-84.73834009141564,41.72388710934679],[-84.44913696357776,42.89429769290714],[-84.4065654906017,43.042242883444224],[-83.77962788786306,43.335728584947574],[-83.744069025,43.62067997499999],[-83.744069025,43.620679975],[-83.589906475,43.665117775],[-83.412028825,43.817847125],[-83.34336495,43.8996848],[-83.38391485,43.9106308],[-83.2939638,43.95423715],[-83.0735118,44.03050385],[-82.92073975,44.05725915],[-82.83564765,44.03450305],[-82.7480996,43.961963625],[-82.6580956,43.839640875],[-82.56362055,43.584131425],[-82.46467445,43.195435275],[-82.36382668745412,43.03076672936892],[-82.76848823266988,42.266939539534235],[-82.46890626535351,41.99106150754866],[-82.48421580000002,41.96007515],[-82.53468512500001,41.94027135],[-82.585875575,42.00135365],[-82.68946095000001,42.019112175],[-82.84544125,41.993546925],[-82.9906584,42.00419175],[-83.1251124,42.05104665],[-83.1874467,42.0596484],[-83.1776613,42.029997],[-83.203071125,42.010802475],[-83.263676175,42.002064825],[-83.28378845,41.984564825],[-83.26340794999999,41.958302475],[-83.2809623,41.936954925],[-83.3364515,41.920522175],[-83.392752125,41.859502925],[-83.449864175,41.753897175],[-83.4427679,41.70221965],[-83.3714633,41.70447035],[-83.235110325,41.657918875],[-83.033708975,41.562565225],[-82.907933225,41.533184575],[-82.857783075,41.569776925],[-82.83892985,41.57243475],[-82.85137355,41.54115805],[-82.821069575,41.52824565],[-82.748017925,41.53369755],[-82.797337275,41.5152735],[-82.969027625,41.4729735],[-83.02725485,41.443858875],[-82.97201895,41.427929625],[-82.91121815,41.433931475],[-82.84485245,41.461864425],[-82.73029845,41.452052925],[-82.56755615,41.404496975],[-82.367726425,41.41446995],[-82.130809275,41.48197185],[-81.945160475,41.50875625],[-81.945160475,41.50875625],[-81.9575588970601,41.15309220041832],[-82.27534759106281,40.91314375699184],[-82.44411649842596,40.78571368353483],[-83.64429191512848,40.60125783336357],[-83.6631439247281,40.60754939982846],[-84.04975658293338,40.73657539158869]]]]}},{"type":"Feature","properties":{"NAME":"Point Peninsula","ABBREVN":"Point Peninsula","SUBJECTO":"Point Peninsula","BORDERPRECISION":1,"PARTOF":"Point Peninsula","polity_id":"roman_peak:point_peninsula","name":"Point Peninsula","ISO_A3":"POINTPENINSU","ADM0_A3":"POINTPENINSU","ADMIN":"Point Peninsula","fill_colour":"#914090","border_precision":1},"geometry":{"type":"MultiPolygon","coordinates":[[[[-72.79894988231128,47.55646634183651],[-71.10315962567967,47.12924610310567],[-70.8710485562432,47.05010140305908],[-70.36396900099408,46.87719857943508],[-70.0378554901034,46.17416905131091],[-70.55963710752852,45.30934303536085],[-72.16846376125592,44.86420108425486],[-73.08158159174988,44.75623330755017],[-74.1251448266001,44.21336301496049],[-74.58170374184706,43.82250601082017],[-75.59433951057669,43.680332380651976],[-76.18122681577438,43.61259738760005],[-76.17388185,43.625176175],[-76.191954675,43.701325725],[-76.263396025,43.793178375],[-76.289048625,43.849810425],[-76.268912475,43.871221875],[-76.245535175,43.87374915],[-76.218916725,43.85739225],[-76.16554335,43.88817495],[-76.08541505,43.96609725],[-76.05104045,44.008025725],[-76.06241955,44.013960375],[-76.0906424,44.00257565],[-76.135709,43.97387155],[-76.168768525,43.961697225],[-76.18982097499999,43.966052675],[-76.17810085,43.987718625],[-76.13360815,44.026695075],[-76.13490725,44.054714275],[-76.18199815,44.071776225],[-76.22449455,44.0505053],[-76.26239645,43.9909015],[-76.303485275,43.996902125],[-76.347761025,44.068507175],[-76.281092825,44.14347355],[-76.103480675,44.22180125],[-76.0154337,44.2859399],[-76.0169519,44.3358895],[-76.130829075,44.3272785],[-76.357065225,44.2601069],[-76.43157578269768,44.24840814558293],[-76.46298705000001,44.243476325],[-76.44859455,44.277386775],[-76.5862093,44.23346285],[-76.8758313,44.11170455],[-77.03485635,44.058924425],[-77.06328445000001,44.075122475],[-77.029225675,44.1007872],[-76.932680025,44.1359186],[-76.884787225,44.15882875],[-76.885547275,44.16951765],[-76.89721895000001,44.17485835],[-76.91980224999999,44.17485085],[-76.93157104999999,44.181585625],[-76.93252535,44.195062675],[-76.966712625,44.1776418],[-77.034132875,44.129323],[-77.0371744,44.141380775],[-76.9758372,44.213815125],[-76.950951625,44.24654665],[-76.962517675,44.23957535],[-76.973807075,44.226885625],[-76.984819825,44.208477475],[-77.00181615,44.199459325],[-77.02479605,44.199831175],[-77.07485645,44.189339025],[-77.15199735,44.167982875],[-77.230864975,44.15916715],[-77.31145932499999,44.16289185],[-77.414444175,44.140022125],[-77.53981952500001,44.090557975],[-77.5300751,44.08654465],[-77.3852109,44.12798215],[-77.311789375,44.130016225],[-77.309810525,44.092646875],[-77.248359825,44.098923675],[-77.127437275,44.148846625],[-77.08436087499999,44.132538925],[-77.119130625,44.050000575],[-77.129760075,44.017243475],[-77.116249225,44.034267625],[-77.08042,44.041919975],[-77.0222724,44.040200525],[-76.9557191,44.057128475],[-76.8807601,44.092703825],[-76.895384325,44.062621575],[-76.999591775,43.966881725],[-77.049654025,43.916795075],[-77.045571075,43.912361625],[-77.040965275,43.911047725],[-77.035836625,43.912853375],[-77.02677317499999,43.92093665],[-77.013774925,43.93529755],[-76.970411475,43.940156],[-76.896682825,43.935512],[-76.932752175,43.90971585],[-77.078619525,43.86276755],[-77.17538845,43.84329695],[-77.22305895,43.85130405],[-77.269591325,43.87862835],[-77.314985575,43.92526985],[-77.326994625,43.948620725],[-77.305618475,43.948680975],[-77.3002672,43.9459044],[-77.3109408,43.940291],[-77.30569707500001,43.930771125],[-77.284536025,43.917344775],[-77.266940375,43.9230362],[-77.252910125,43.9478454],[-77.2599168,43.955013225],[-77.2879604,43.944539675],[-77.2992054,43.9411115],[-77.2936518,43.9447287],[-77.290423875,43.94968665],[-77.289521625,43.95598535],[-77.340504275,43.950900375],[-77.443371825,43.934431725],[-77.537468625,43.954212825],[-77.622794675,44.010243675],[-78.02309260000001,43.984726925],[-78.7383624,43.877662575],[-78.78388920959094,43.86610337935237],[-79.152904575,43.772410875],[-79.266719125,43.668971825],[-79.36747918639476,43.614815893580676],[-79.82126081682422,43.869544880746574],[-80.29163770076619,44.52322332422944],[-80.22431855,44.5046083],[-80.07131275,44.520006125],[-80.00990785,44.618440175],[-80.01539084999999,44.703100725],[-80.08776175,44.773987775],[-80.080765875,44.8238307],[-80.04353179384668,44.83624691066883],[-79.99440322499999,44.8526295],[-79.950714925,44.8417129],[-79.949700975,44.7910809],[-79.946659175,44.767006075],[-79.94158952500001,44.769488425],[-79.937306775,44.78012285],[-79.933810925,44.79890935],[-79.92033575,44.80930895],[-79.89688125,44.81132165],[-79.886527225,44.797264675],[-79.889273675,44.767138025],[-79.831520925,44.747810025],[-79.713268975,44.739280675],[-79.6713068,44.749804575],[-79.7056344,44.779381725],[-79.7108719,44.799315975],[-79.6870193,44.809607325],[-79.675348075,44.83211125],[-79.675858225,44.86682775],[-79.693740675,44.882016375],[-79.728995425,44.877677125],[-79.743583475,44.871175275],[-79.737504825,44.862510825],[-79.726172075,44.85277045],[-79.70958522500001,44.84195415],[-79.7026564,44.836658975],[-79.7053856,44.836884925],[-79.70074775,44.83491705],[-79.68874285,44.83075535],[-79.69553785,44.82628065],[-79.72113275000001,44.82149295],[-79.7333226,44.812243275],[-79.7321074,44.798531625],[-79.7468371,44.796441825],[-79.7775117,44.805973875],[-79.799131025,44.8410799],[-79.81169507499999,44.9017599],[-79.85134614999998,44.9436775],[-79.91808425,44.9668327],[-79.932333725,44.988493425],[-79.894094575,45.008659675],[-79.930695825,45.0354616],[-80.042137475,45.0688992],[-80.054277625,45.09044245],[-79.967116275,45.10009135],[-79.978024075,45.1289717],[-80.087001025,45.1770835],[-80.112704475,45.238392075],[-80.055134425,45.312897425],[-80.0504299,45.3653246],[-80.0985909,45.3956736],[-80.1518711,45.4077494],[-80.2102705,45.401552],[-80.22168385,45.382070425],[-80.18611114999999,45.349304675],[-80.20142915,45.338852325],[-80.26763785,45.350713375],[-80.296662425,45.37337705],[-80.288502875,45.40684335],[-80.3126309,45.432946275],[-80.3690465,45.451685825],[-80.3831289,45.486068275],[-80.3548781,45.536093625],[-80.359631175,45.57718735],[-80.397388125,45.60934945],[-80.44081605,45.609930825],[-80.48991494999999,45.578931475],[-80.50892669999999,45.5782901],[-80.4978513,45.6080067],[-80.5333059101073,45.65003514566665],[-80.29956063279727,45.94788202072047],[-76.06008499121823,47.30644622683664],[-76.05577121730131,47.307967189135894],[-74.19036752877825,47.96567636392756],[-72.79894988231128,47.55646634183651]]]]}},{"type":"Feature","properties":{"NAME":"Hopewell Culture","ABBREVN":"Hopewell Culture","SUBJECTO":"Hopewell Culture","BORDERPRECISION":1,"PARTOF":"Hopewell Culture","polity_id":"roman_peak:hopewell_culture","name":"Hopewell Culture","ISO_A3":"HOPEWELLCULT","ADM0_A3":"HOPEWELLCULT","ADMIN":"Hopewell Culture","fill_colour":"#8fa43d","border_precision":1},"geometry":{"type":"MultiPolygon","coordinates":[[[[-87.681606325,42.0226213],[-87.605119975,41.876819625],[-87.553758725,41.766200275],[-87.477093875,41.6853882],[-87.3751254250001,41.63438340000005],[-87.375125425,41.6343834],[-87.37512542499998,41.6343834],[-87.3527604172662,41.16704376310566],[-89.18801746370268,39.41560850613387],[-88.68008025339161,39.48693671459565],[-87.63009313463901,39.25127659601692],[-86.54623546366858,39.408471716787226],[-85.97043607596554,40.059641447393545],[-83.6631439247281,40.60754939982846],[-83.64429191512848,40.60125783336357],[-82.44411649842596,40.78571368353483],[-82.27534759106281,40.91314375699184],[-80.29224122128937,41.34035285057309],[-80.41048544233092,41.56708734452467],[-79.563923125,42.38699635],[-79.19838985,42.570673775],[-78.97676555,42.704409325],[-78.874921625,42.8043478],[-78.892858075,42.8704892],[-78.950209025,42.886512925],[-79.046974475,42.852418975],[-79.18252065,42.845607075],[-79.19289561234693,42.846825343870066],[-78.820821625,43.30795127499997],[-78.56683502555963,43.351185951780764],[-78.5033689,43.361989425],[-78.21668167984417,43.37062971005438],[-78.0175322,43.36692405],[-77.93164440000001,43.3583385],[-77.84575660000002,43.34975295],[-77.699754775,43.299572775],[-77.579526725,43.216383525],[-77.5229563,43.1902009],[-77.5300435,43.2210249],[-77.4854853,43.247488675],[-77.3892817,43.269592225],[-77.237354425,43.26642235],[-77.029703475,43.23797905],[-76.93938940109174,43.23705127108672],[-76.937494,43.2370318],[-76.960726,43.2635806],[-76.935737775,43.27579785],[-76.862529325,43.27368355],[-76.72363225,43.3348378],[-76.51904655,43.4592606],[-76.369271625,43.524730625],[-76.274307475,43.531247875],[-76.24219396761784,43.54775671693623],[-76.20917755,43.564729725],[-76.18537257743127,43.60549746962973],[-76.18122681577438,43.61259738760005],[-75.59433951057669,43.680332380651976],[-75.85350431407916,42.95755418036384],[-76.67419285850364,42.24217592284755],[-77.64606087163793,41.55092684446814],[-78.29397288039411,41.01536509648475],[-78.31569127473693,40.65327411680445],[-78.95923176687563,39.30371423070825],[-79.97534833341042,37.57948619350637],[-82.14306367535126,36.95954975646753],[-84.4462612261634,37.391350440698446],[-85.56398944935162,37.55263867010867],[-88.5107274923025,36.06119592283488],[-90.27199620762941,35.786914290614625],[-90.00103178988678,37.28363171577283],[-90.81392504311461,38.00772883891169],[-90.04424020958105,38.59849206576146],[-93.42500141212292,38.34151072485017],[-93.19524094204723,36.411553592131455],[-94.11755719209039,36.32582132144275],[-94.74119359968626,36.26785230560373],[-94.90203300546645,36.25290176399383],[-95.78825196147253,37.17380255125711],[-95.63197108599553,38.188824591153114],[-95.36155394561776,39.945145424469054],[-94.57380376250121,40.19632246938924],[-94.12444283882017,40.142401507814775],[-92.89983462337855,39.9954549242363],[-92.57160538041332,40.86986654389979],[-93.29370971493682,41.19174799342284],[-94.11428282234988,42.026140597450976],[-93.62193895790205,42.7533940624188],[-91.94796981877937,43.68621104721849],[-93.49064726071597,45.18602831564759],[-92.21055321315156,45.76143645381198],[-89.32213587505754,44.487782649380215],[-88.26859209528736,42.7113089028255],[-87.7924107,42.841473774999976],[-87.79153703755624,42.83145114482276],[-87.79058200411431,42.8204950289182],[-87.79058200411431,42.82049502891816],[-87.7905820041143,42.82049502891818],[-87.776588275,42.659959375],[-87.814878425,42.416051325],[-87.783217775,42.2036053],[-87.681606325,42.0226213]]]]}},{"type":"Feature","properties":{"NAME":"Nazca","ABBREVN":"Nazca","SUBJECTO":"Nazca","BORDERPRECISION":1,"PARTOF":"Nazca","polity_id":"roman_peak:nazca","name":"Nazca","ISO_A3":"NAZCA","ADM0_A3":"NAZCA","ADMIN":"Nazca","fill_colour":"#8a339e","border_precision":1},"geometry":{"type":"MultiPolygon","coordinates":[[[[-75.56421451676609,-12.87323543403529],[-74.63054940031579,-13.905364551073353],[-74.63911098034703,-14.104385441724599],[-74.21812603675001,-14.294896062559456],[-73.88967338250498,-14.854972812012551],[-74.21812603675001,-15.383442908695875],[-74.38338520728776,-15.823206390262088],[-74.6214265494511,-15.665019429963209],[-75.20014423930196,-15.243983765203449],[-75.23090836097454,-15.221601880829908],[-75.78529068519329,-14.727239049714186],[-76.05259415199016,-14.41014710788069],[-76.24178024818157,-14.105595983307936],[-76.23820969154094,-13.908625997346022],[-76.23806263671051,-13.567877577331435],[-75.56421451676609,-12.87323543403529]]]]}},{"type":"Feature","properties":{"NAME":"Glades Culture","ABBREVN":"Glades Culture","SUBJECTO":"Glades Culture","BORDERPRECISION":1,"PARTOF":"Glades Culture","polity_id":"roman_peak:glades_culture","name":"Glades Culture","ISO_A3":"GLADESCULTUR","ADM0_A3":"GLADESCULTUR","ADMIN":"Glades Culture","fill_colour":"#2f496f","border_precision":1},"geometry":{"type":"MultiPolygon","coordinates":[[[[-82.42941475616357,27.826319514252848],[-80.59153010156074,28.49188131613878],[-80.44717880775188,27.775628648955248],[-80.22851273109173,27.238280855376146],[-80.26208969642376,27.196946703154467],[-80.13325974036907,27.072942339140795],[-80.07788559486126,26.92310484524431],[-80.04998489906048,26.551089845854662],[-80.18538376380657,25.860059343535326],[-80.21441360999798,25.734731279570482],[-80.35403915931438,25.548202120024584],[-80.30527969886516,25.35755308743181],[-80.31409927894329,25.243880830962084],[-80.49075790931438,24.995875917632006],[-80.49835678626751,25.03721388455095],[-80.44022079993938,25.14571341152849],[-80.45173355628704,25.207715593535326],[-80.56696030189251,25.191751085478685],[-80.73804947425579,25.130212389189623],[-80.86892410804485,25.18704756375017],[-81.09792038490032,25.125047289091967],[-81.15179153968548,25.27316053982439],[-81.14558121253704,25.378219209868334],[-81.40104385902141,25.858735643584154],[-81.74465652991985,25.92073782559099],[-81.83656021644329,26.079087816435717],[-81.88733383704876,26.44775541897478],[-82.07761856605266,26.551089845854662],[-82.14230820228313,26.866757951933764],[-82.31009384681438,26.82493170376482],[-82.58388992835735,27.310618959624193],[-82.75272842933391,27.527621828276537],[-82.61962601234173,27.527621828276537],[-82.45075699378704,27.72438200588884],[-82.4292878775761,27.826148592192553],[-82.42941475616357,27.826319514252848]]]]}},{"type":"Feature","properties":{"NAME":"Pomeranian culture ","ABBREVN":"Pomeranian culture ","SUBJECTO":"Pomeranian culture ","BORDERPRECISION":1,"PARTOF":"Baltic archeological cultures","polity_id":"roman_peak:pomeranian_culture","name":"Pomeranian culture ","ISO_A3":"POMERANIANCU","ADM0_A3":"POMERANIANCU","ADMIN":"Pomeranian culture ","fill_colour":"#cb6134","border_precision":1},"geometry":{"type":"MultiPolygon","coordinates":[[[[19.566438242717922,53.79933441598993],[19.111626677127315,53.49495751620811],[18.730171815664225,53.29812505354991],[18.649479441123958,53.02985240203387],[19.04560564341255,52.76433957844214],[18.97383065981087,52.73651720819371],[18.598129748234694,52.59088304236021],[17.563800220036708,52.59088304236021],[16.57348471431523,52.866311783498915],[16.24337954574141,53.113592579372295],[16.228708204915904,53.63437386140107],[15.641854571895767,53.82532170331641],[15.470547657955025,53.796035298635765],[15.085587000343935,54.004260266794844],[15.310833,54.149437],[15.833332,54.239998],[16.047775,54.261665],[16.408222,54.461525],[16.54361,54.544716],[16.884163,54.589722],[17.247219,54.729164],[17.530552,54.762215],[18.033607,54.833611],[18.349998,54.833611],[18.774719,54.666382],[18.836388,54.611938],[18.815552,54.594994],[18.750832,54.662773],[18.480276,54.757996],[18.466944,54.736832],[18.405277,54.74305],[18.46833,54.665833],[18.511387,54.631104],[18.572498,54.486107],[18.576664,54.441666],[18.708332,54.382774],[18.836388,54.353333],[18.973053,54.344719],[19.138885,54.346664],[19.4175,54.380554],[19.627258,54.463272],[19.870161,54.638554],[19.898203,54.625957],[19.812452,54.55117800000011],[19.651108,54.455826],[19.439675348877444,54.368977190121704],[19.227493,54.33194],[19.256107,54.277496],[19.371109,54.2686],[19.40025287435172,54.28091894222511],[19.388211162524872,54.187188874070735],[19.566438242717922,53.79933441598993]]]]}},{"type":"Feature","properties":{"NAME":"Sambian-Nothangian culture","ABBREVN":"Sambian-Nothangian culture","SUBJECTO":"Sambian-Nothangian culture","BORDERPRECISION":1,"PARTOF":"Baltic archeological cultures","polity_id":"roman_peak:sambian_nothangian_culture","name":"Sambian-Nothangian culture","ISO_A3":"SAMBIANNOTHA","ADM0_A3":"SAMBIANNOTHA","ADMIN":"Sambian-Nothangian culture","fill_colour":"#376fbe","border_precision":1},"geometry":{"type":"MultiPolygon","coordinates":[[[[21.163130710521042,54.899357283106404],[21.32699914177832,54.800944702562916],[21.48165452666879,54.43566231453169],[21.52506224292262,54.333137114627334],[21.121600370221273,54.011092777592026],[20.219312909452817,54.14450845924961],[19.913670163055254,54.394238522394225],[19.914581807227407,54.394662508857884],[19.817505400323594,54.4619724075029],[19.83265380560191,54.46945429810502],[19.935186,54.493874],[19.961820747549393,54.529463792377925],[20.04175289695268,54.55966389058645],[20.404999,54.6827770000001],[20.084277343750017,54.673144531249996],[19.981386,54.705494],[19.9008290000001,54.628326],[19.872772,54.64222000000012],[19.959438,54.76416],[19.942570719225653,54.84985693569841],[19.969440000000134,54.9574970000001],[20.785275,54.941658],[20.870274,54.900826],[20.98444,54.892494],[21.090275,54.894997],[21.163130710521042,54.899357283106404]]]]}},{"type":"Feature","properties":{"NAME":"Bell-shaped burials culture","ABBREVN":"Bell-shaped burials culture","SUBJECTO":"Bell-shaped burials culture","BORDERPRECISION":1,"PARTOF":"Baltic archeological cultures","polity_id":"roman_peak:bell_shaped_burials_culture","name":"Bell-shaped burials culture","ISO_A3":"BELLSHAPEDBU","ADM0_A3":"BELLSHAPEDBU","ADMIN":"Bell-shaped burials culture","fill_colour":"#46ddb2","border_precision":1},"geometry":{"type":"MultiPolygon","coordinates":[[[[24.488673089674318,51.384801403199006],[24.60604381627834,51.164524908446836],[25.721065719016593,49.61191586701183],[25.104869404345454,48.82614347004016],[24.077875546560225,49.38322651715821],[22.434685374103847,50.53466230405623],[21.14360738145955,49.76378203628978],[18.98291344313779,49.869834353378906],[17.85234539795543,50.436743589494085],[16.44877831729847,51.27479516892307],[16.33140759069445,52.039307237218715],[15.099014961352164,53.09157147740414],[15.48046982281525,53.79066840614625],[15.470547657955025,53.796035298635765],[15.641854571895767,53.82532170331641],[16.228708204915904,53.63437386140107],[16.24337954574141,53.113592579372295],[16.57348471431523,52.866311783498915],[17.563800220036708,52.59088304236021],[18.598129748234694,52.59088304236021],[18.97383065981087,52.73651720819371],[19.493081538590403,52.53291106843914],[20.263326931929324,52.47933045944128],[20.985529588134696,52.61572329987666],[22.009216490164217,51.84485601229426],[23.314965823634015,51.20590721100519],[24.488673089674318,51.384801403199006]]]]}},{"type":"Feature","properties":{"NAME":"Western Masurian culture","ABBREVN":"Western Masurian culture","SUBJECTO":"Western Masurian culture","BORDERPRECISION":1,"PARTOF":"Baltic archeological cultures","polity_id":"roman_peak:western_masurian_culture","name":"Western Masurian culture","ISO_A3":"WESTERNMASUR","ADM0_A3":"WESTERNMASUR","ADMIN":"Western Masurian culture","fill_colour":"#d8b422","border_precision":1},"geometry":{"type":"MultiPolygon","coordinates":[[[[21.62776162870114,54.43566231453169],[22.126587216768257,54.328859672235716],[21.979873808513215,54.09291454527669],[21.723125344066908,53.71693500753162],[21.774475036956172,53.48186366654177],[21.862503081909193,53.069539100653806],[21.34900615301658,52.68436829957303],[20.985529588134696,52.61572329987666],[20.263326931929324,52.47933045944128],[19.493081538590403,52.53291106843914],[18.97383065981087,52.73651720819371],[19.04560564341255,52.76433957844214],[18.649479441123958,53.02985240203387],[18.730171815664225,53.29812505354991],[19.111626677127315,53.49495751620811],[19.566438242717922,53.79933441598993],[19.388211162524872,54.187188874070735],[19.40025287435172,54.28091894222511],[19.480859375000023,54.300439453125],[19.58136884064331,54.346397312880114],[19.623608,54.348877],[19.713608,54.383331],[19.797007,54.43755],[19.817505400323594,54.4619724075029],[19.913670163055254,54.394238522394225],[20.219312909452817,54.14450845924961],[21.121600370221273,54.011092777592026],[21.52506224292262,54.333137114627334],[21.48165452666879,54.43566231453169],[21.62776162870114,54.43566231453169]]]]}},{"type":"Feature","properties":{"NAME":"Eastern Masurian culture","ABBREVN":"Eastern Masurian culture","SUBJECTO":"Eastern Masurian culture","BORDERPRECISION":1,"PARTOF":"Baltic archeological cultures","polity_id":"roman_peak:eastern_masurian_culture","name":"Eastern Masurian culture","ISO_A3":"EASTERNMASUR","ADM0_A3":"EASTERNMASUR","ADMIN":"Eastern Masurian culture","fill_colour":"#863272","border_precision":1},"geometry":{"type":"MultiPolygon","coordinates":[[[[23.314965823634015,51.20590721100519],[22.009216490164217,51.84485601229426],[20.985529588134696,52.61572329987666],[21.34900615301658,52.68436829957303],[21.862503081909193,53.069539100653806],[21.774475036956172,53.48186366654177],[21.723125344066908,53.71693500753162],[21.979873808513215,54.09291454527669],[22.126587216768257,54.328859672235716],[21.62776162870114,54.43566231453169],[21.48165452666879,54.43566231453169],[21.32699914177832,54.800944702562916],[21.163130710521042,54.899357283106404],[21.17252720186542,54.91899715141203],[21.979591270487724,54.99148323100261],[23.09489571125147,55.09165377458651],[23.916490797479657,54.881204833264334],[23.96050481995616,54.23464333525524],[24.1365609098622,53.66480995213237],[24.76742856535885,53.32442199508908],[24.63538649792932,52.69770703113777],[25.11954074517093,52.07989969791781],[25.05574229362601,51.9761341436252],[24.78209990618438,51.53106606872307],[24.488673089674318,51.384801403199006],[23.314965823634015,51.20590721100519]]]]}},{"type":"Feature","properties":{"NAME":"Curonians","ABBREVN":"Curonians","SUBJECTO":"Curonians","BORDERPRECISION":1,"PARTOF":"Baltic archeological cultures","polity_id":"roman_peak:curonians","name":"Curonians","ISO_A3":"CURONIANS","ADM0_A3":"CURONIANS","ADMIN":"Curonians","fill_colour":"#3ed087","border_precision":1},"geometry":{"type":"MultiPolygon","coordinates":[[[[21.863052,57.596657],[21.92523220250292,57.49707591129883],[22.317314647499792,56.80818846623281],[22.816140235566905,56.143780961050076],[22.449356714929316,55.45105005997746],[21.979591270487724,54.99148323100261],[21.17252720186542,54.91899715141203],[21.242218,54.94360400000011],[21.227772,54.984436],[21.174783980713737,55.06750827550117],[21.19083,55.1491620000001],[21.224163,55.199997],[21.266109,55.205551],[21.276735,55.32284900000013],[21.216296228869208,55.3436656820363],[21.018450769884833,55.63400992031755],[21.014815363390692,55.69705542202654],[21.067219000000136,55.991379],[21.046387,56.109161],[20.975273,56.229988],[20.995548,56.508331],[21.026665,56.614159],[21.049442,56.671936],[21.069996,56.845825],[21.261387,56.922768],[21.41555,57.069443],[21.420551,57.289436],[21.482494,57.333878],[21.596107,57.443321],[21.724716,57.572495],[21.863052,57.596657]]]]}},{"type":"Feature","properties":{"NAME":"Brushed Pottery culture","ABBREVN":"Brushed Pottery culture","SUBJECTO":"Brushed Pottery culture","BORDERPRECISION":1,"PARTOF":"Baltic archeological cultures","polity_id":"roman_peak:brushed_pottery_culture","name":"Brushed Pottery culture","ISO_A3":"BRUSHEDPOTTE","ADM0_A3":"BRUSHEDPOTTE","ADMIN":"Brushed Pottery culture","fill_colour":"#429a53","border_precision":1},"geometry":{"type":"MultiPolygon","coordinates":[[[[29.699468343418623,55.657418463082564],[29.88772651345952,55.175524651991765],[28.978103382278313,54.618713409582675],[29.707330483904446,53.29722057045511],[29.71167042355348,53.28935580630187],[27.775053434587036,52.313712174001026],[25.662380355714546,52.007709816384896],[25.05574229362601,51.9761341436252],[25.11954074517093,52.07989969791781],[24.63538649792932,52.69770703113777],[24.76742856535885,53.32442199508908],[24.1365609098622,53.66480995213237],[23.96050481995616,54.23464333525524],[23.916490797479657,54.881204833264334],[23.09489571125147,55.09165377458651],[21.979591270487724,54.99148323100261],[22.449356714929316,55.45105005997746],[22.816140235566905,56.143780961050076],[22.317314647499792,56.80818846623281],[21.92523220250292,57.49707591129883],[21.863052,57.596657],[21.930828,57.590546],[21.981937,57.59388],[22.049164,57.616661],[22.098331,57.633881],[22.474438,57.738045],[22.603607,57.7575],[22.637218,57.588882],[22.942772,57.429436],[23.134163,57.365829],[23.259163,57.098045],[23.351387,57.052216],[23.586109,56.976654],[23.668606,56.964714],[23.785831,56.970268],[23.955273,57.011383],[24.309745156734483,57.100335371114525],[25.721065719016593,57.004449882959555],[28.127165614399146,56.09880008067002],[29.699468343418623,55.657418463082564]]]]}},{"type":"Feature","properties":{"NAME":"Milograd culture","ABBREVN":"Milograd culture","SUBJECTO":"Milograd culture","BORDERPRECISION":1,"PARTOF":"Baltic archeological cultures","polity_id":"roman_peak:milograd_culture","name":"Milograd culture","ISO_A3":"MILOGRADCULT","ADM0_A3":"MILOGRADCULT","ADMIN":"Milograd culture","fill_colour":"#c7973d","border_precision":1},"geometry":{"type":"MultiPolygon","coordinates":[[[[29.707330483904446,53.29722057045511],[30.66530757721119,53.122397863784485],[31.795000820774952,52.875167628167254],[32.05908495563401,52.11595092228516],[31.69230143499642,51.11389607292905],[31.555996317925665,50.90291518585386],[30.591950873083714,50.16017551466333],[27.804396116238067,50.92469919035528],[26.219891307083707,50.943191415214166],[24.78209990618438,51.53106606872307],[25.05574229362601,51.9761341436252],[25.662380355714546,52.007709816384896],[27.775053434587036,52.313712174001026],[29.71167042355348,53.28935580630187],[29.707330483904446,53.29722057045511]]]]}},{"type":"Feature","properties":{"NAME":"Plain-Pottery culture","ABBREVN":"Plain-Pottery culture","SUBJECTO":"Plain-Pottery culture","BORDERPRECISION":1,"PARTOF":"Baltic archeological cultures","polity_id":"roman_peak:plain_pottery_culture","name":"Plain-Pottery culture","ISO_A3":"PLAINPOTTERY","ADM0_A3":"PLAINPOTTERY","ADMIN":"Plain-Pottery culture","fill_colour":"#c7336e","border_precision":1},"geometry":{"type":"MultiPolygon","coordinates":[[[[31.555996317925665,50.90291518585386],[31.69230143499642,51.11389607292905],[32.05908495563401,52.11595092228516],[31.795000820774952,52.875167628167254],[30.66530757721119,53.122397863784485],[29.707330483904446,53.29722057045511],[28.978103382278313,54.618713409582675],[29.88772651345952,55.175524651991765],[29.699468343418623,55.657418463082564],[29.946411876761566,55.588095721228875],[31.648287412519956,56.31097404718781],[33.73161780974143,56.73180931763887],[36.724571338144116,56.68348974373227],[38.455789555553515,55.93478950269306],[38.01564933078841,55.455209973504374],[36.959312791352176,54.29034266662991],[38.30907614729848,53.6517686033654],[38.27973346564747,53.19716998531016],[36.92997010970116,52.71992919570989],[34.9053250757817,51.476271742537214],[31.56025936756693,50.906199612024594],[31.555996317925665,50.90291518585386]]]]}},{"type":"Feature","properties":{"NAME":"Silla","ABBREVN":"Silla","SUBJECTO":"Silla","BORDERPRECISION":1,"PARTOF":"Silla","polity_id":"roman_peak:silla","name":"Silla","ISO_A3":"SILLA","ADM0_A3":"SILLA","ADMIN":"Silla","fill_colour":"#6d3231","border_precision":1},"geometry":{"type":"MultiPolygon","coordinates":[[[[128.61728997506816,38.16139748562062],[128.625793,38.14444],[128.63443,38.125549],[128.637756,38.121376],[128.641083,38.11721],[128.858002,37.859436],[128.863281,37.856102],[128.878296,37.85193600000014],[128.88272100000017,37.848045],[128.998566,37.736107],[129.010529,37.724434],[129.049988,37.685822],[129.063019,37.668884000000105],[129.063019,37.657494],[129.059967,37.638603],[129.066376,37.62443500000012],[129.136108,37.525551],[129.18969700000014,37.46471400000013],[129.258881,37.371376],[129.342468,37.257217],[129.3530270000001,37.23360400000013],[129.354126,37.228325],[129.362488,37.150024],[129.365784,37.14694200000014],[129.37634300000013,37.134995],[129.429413,37.068329],[129.433594,37.058884],[129.43191500000012,37.053322],[129.428589,37.048332],[129.423859,37.044998000000135],[129.417206,37.034721],[129.414978,37.02804600000013],[129.413879,37.02166],[129.413879,37.016106],[129.416077,36.942215],[129.423584,36.899994000000106],[129.427765,36.878876],[129.43081700000016,36.8688810000001],[129.453857,36.816101],[129.459137,36.807213000000104],[129.46856700000012,36.7888870000001],[129.474976,36.774437],[129.474976,36.768883],[129.47302200000013,36.710274],[129.471619,36.69249],[129.4696960000001,36.685822],[129.466919,36.679718],[129.462189,36.676384],[129.451904,36.671379],[129.44247400000017,36.664711],[129.438568,36.66027100000014],[129.422211,36.634163],[129.41775500000017,36.622765],[129.416931,36.616661000000136],[129.41885400000012,36.583054],[129.41998300000012,36.577774],[129.423035,36.567772],[129.427185,36.55832700000013],[129.43692,36.54583000000014],[129.441071,36.53611],[129.450531,36.506386],[129.450531,36.500549],[129.439148,36.40638000000013],[129.438019,36.400269],[129.435242,36.394157],[129.41803,36.369713],[129.405823,36.357216],[129.390533,36.33940100000012],[129.385254,36.327461],[129.38192700000013,36.3144],[129.38192700000013,36.308563],[129.386902,36.036018],[129.38885500000015,36.025742],[129.394104,36.016579],[129.398285,36.01296200000013],[129.419037,36.000481],[129.425537,35.997215],[129.449982,35.99305],[129.457184,35.99305],[129.463013,35.994713000000104],[129.471832,36],[129.481628,36.008003],[129.490265,36.015747],[129.528137,36.05104100000011],[129.551147,36.077103000000136],[129.557251,36.078773000000126],[129.5644840000001,36.076553000000104],[129.573914,36.064041],[129.585297,36.034866],[129.588348,36.01931000000013],[129.588348,36.007645],[129.586914,35.999596],[129.583862,35.988884],[129.486633,35.683327],[129.464752,35.644608],[129.47329700000012,35.60277600000012],[129.47525,35.592216],[129.474396,35.580276],[129.469421,35.55027],[129.46637,35.537216000000114],[129.43942300000015,35.475822],[129.347473,35.344994],[129.342194,35.342491],[129.281097,35.30082700000014],[129.277771,35.29583],[129.241638,35.208885],[129.237488,35.18990300000013],[129.174683,35.146942],[129.136932,35.11221300000011],[128.978577,35.084991],[128.973907,35.134827],[128.929413,35.094154],[128.924988,35.090828],[128.919128,35.089157000000114],[128.810516,35.08416],[128.73495500000013,35.092766],[128.7105100000001,35.10110500000013],[128.619965,35.148605],[128.611359,35.173325],[128.57275400000015,35.169991],[128.386108,35.042221],[128.14288939363678,35.248266272541656],[127.6830913699133,37.616170190240766],[128.53968799129595,38.13415351400176],[128.61728997506816,38.16139748562062]]]]}},{"type":"Feature","properties":{"NAME":"Alans","ABBREVN":"Alans","SUBJECTO":"Alans","BORDERPRECISION":1,"PARTOF":"Alans","polity_id":"roman_peak:alans","name":"Alans","ISO_A3":"ALANS","ADM0_A3":"ALANS","ADMIN":"Alans","fill_colour":"#30884c","border_precision":1},"geometry":{"type":"MultiPolygon","coordinates":[[[[38.94827925038206,44.19445959146832],[39.120601735057974,45.501567167379804],[39.599853602945245,46.02321514399175],[46.89072963313592,44.69276967910348],[46.87292006930465,44.68019827456836],[46.809977564421835,44.53633078189258],[46.845946344939414,44.44641073794727],[46.99880507907027,44.356490694001955],[47.14267638644332,44.3385082110918],[47.22360137423629,44.20362814517383],[47.33150771578902,44.185645662263674],[47.439406427947226,44.03278311343555],[47.56529525241012,43.84395559878711],[47.53831771334762,43.67311056704883],[47.493361506072226,43.58319052310352],[47.52033523043746,43.51125677676563],[47.56529525241012,43.601173006013674],[47.61025527438277,43.7540355548418],[47.66420653781051,43.85294684024219],[47.7361402841484,43.86193808169727],[47.673197779265585,43.66411551089649],[47.574286493865195,43.502261720613284],[47.601264032927695,43.322425447419924],[47.655211481658164,43.27746542544727],[47.58327773532027,43.18754919619922],[47.56529525241012,43.007709108308596],[47.7361402841484,42.89980658145313],[47.79009154757613,42.85484655948047],[47.84404281100387,42.62105902285938],[47.96992782076949,42.59408529849414],[48.131781611052695,42.40525396914844],[48.22170165499801,42.279368959382815],[48.254100394260014,42.24844277649476],[48.41952422579879,42.09053763003711],[48.50044921359176,41.92868383975391],[48.66230300387496,41.901710115388674],[48.68323806246871,41.83590658755664],[48.892497095671835,41.68698462100391],[48.99886992892379,41.516788087800784],[49.086901744737794,41.452765992632926],[49.11588195284957,41.43168982119922],[49.243529352751914,41.29340323062305],[49.286078486052695,41.05938299746875],[49.34990218600387,40.9530101642168],[49.47754958590621,40.836001954988284],[49.605196985808554,40.761539064363284],[49.605196985808554,40.687076173738284],[49.80730346163863,40.58070334048633],[50.020052942839804,40.60197790713672],[50.19024947604293,40.57006796450977],[50.31789687594527,40.49560507388477],[50.424269709197226,40.410506807283205],[50.46681884249801,40.32540854068164],[50.46681884249801,40.26158484073047],[50.307257685271445,40.32540854068164],[50.12642577609176,40.346683107332034],[50.03068831881637,40.346683107332034],[49.91368010958785,40.32540854068164],[49.84985640963668,40.2722240314043],[49.669020685759726,40.24031027408008],[48.955043527986284,40.321826514463815],[48.558288613541215,40.55987946313086],[47.01094444720541,41.39306478346552],[44.789116926312964,41.75014420646609],[43.76708478152684,41.81026374439468],[42.76566686264308,41.86917068079961],[41.96331871664975,41.81310359426277],[41.68046859225387,41.793338380769534],[41.651835474578085,42.120643220857424],[41.50272277316207,42.608478151277346],[41.409743342009726,42.78824194522266],[41.12255385836715,43.019088350251955],[40.96933654269332,43.07665976138477],[40.55709365328902,43.14658697696094],[40.25161651095504,43.268184267],[40.098063501921835,43.37755163760547],[39.45868972262496,43.832931123689455],[38.94827925038206,44.19445959146832]]]]}},{"type":"Feature","properties":{"NAME":"Kushan Empire","ABBREVN":"Kushan Empire","SUBJECTO":"Kushan Empire","BORDERPRECISION":1,"PARTOF":"Kushan Empire","polity_id":"roman_peak:kushan_empire","name":"Kushan Empire","ISO_A3":"KUSHANEMPIRE","ADM0_A3":"KUSHANEMPIRE","ADMIN":"Kushan Empire","fill_colour":"#a97437","border_precision":1},"geometry":{"type":"MultiPolygon","coordinates":[[[[61.86050364242966,35.9972204521832],[63.08978514276868,40.06429637198831],[73.1721829870945,41.16847583445081],[75.9310480688752,39.0588734758055],[77.19792914174486,33.28401813126077],[76.04634723722334,33.50955812943602],[75.50695665825674,33.61519903063308],[74.75078206482645,33.655333539300386],[74.2272476934264,34.178867910700426],[73.09292322205964,34.615146553533805],[70.56250709362611,34.87691373923382],[62.79674725119215,34.615146553533805],[61.86050364242966,35.9972204521832]]]]}},{"type":"Feature","properties":{"NAME":"Scythians","ABBREVN":"Scythians","SUBJECTO":"Scythians","BORDERPRECISION":1,"PARTOF":"Scythians","polity_id":"roman_peak:scythians","name":"Scythians","ISO_A3":"SCYTHIANS","ADM0_A3":"SCYTHIANS","ADMIN":"Scythians","fill_colour":"#8b2ad5","border_precision":1},"geometry":{"type":"MultiPolygon","coordinates":[[[[34.79888085714738,47.517739073862714],[41.24483742081063,47.81371933948235],[39.599853602945245,46.02321514399175],[39.120601735057974,45.501567167379804],[38.94827925038206,44.19445959146832],[38.923712763396445,44.21186026187305],[38.556090387908164,44.38509710879688],[38.27700332125777,44.42320593448047],[38.10918334445113,44.49377401919727],[37.88037398776168,44.71894796939258],[37.77405074557418,44.74454077334766],[37.621745142546835,44.67330893130664],[37.473891291228476,44.692359529451174],[37.317938837615195,44.92420919986133],[36.95986846408004,45.22735556216602],[37.22774795016402,45.3120189532793],[37.460970911589804,45.312476716951174],[37.66126540621871,45.345233522371096],[37.706095728484335,45.57840307803516],[37.86787703951949,45.79251440616016],[37.989943537322226,46.00666006656055],[38.227152857390585,46.020091615632815],[38.45897963961715,46.07891424746875],[38.31408064819098,46.257844122655655],[38.26491454562301,46.31855734439258],[37.97017196139449,46.44128378482227],[37.75709823092574,46.60319098086719],[37.86659911593551,46.65535696597461],[38.03186324557418,46.66868170352344],[38.40109160861129,46.721351228669924],[38.72273925265426,46.87792166324024],[39.28235915621871,47.07403143496875],[39.19409469088668,47.24295004458789],[39.15985396823043,47.26889380069141],[38.800246271697226,47.22916754336719],[38.20972732028121,47.15045889468555],[37.859252009001914,47.103744111970705],[37.42214492282027,47.076881013826174],[37.192633661833945,46.894420228914065],[36.8645582528984,46.80929144473438],[36.35396865328902,46.77579840274219],[35.850558313933554,46.66439016909961],[35.62433150729293,46.521060548738284],[35.41610244235152,46.49468954654102],[35.212374720183554,46.63714178653125],[35.046366724578085,46.357650361970705],[34.90680983981246,46.273021303132815],[34.69234755953902,46.25312765689258],[34.49565413912887,46.27870138736133],[34.064215693083945,46.26487310977344],[33.839083704558554,46.19305380435352],[34.127257380095664,46.06389959903125],[35.00805190524215,45.6119457110918],[35.03189757784957,45.53427466006641],[34.99001220187301,45.450015626863284],[35.04198961095895,45.372185919156465],[34.82993279689501,45.2199644342949],[34.78335749368626,45.2407449084288],[33.53285909695944,45.052492179619755],[33.51667312106246,45.12350805850391],[33.3978720041191,45.2526813373125],[33.01349166354293,45.38137014956836],[32.92628768405074,45.387672029451174],[32.643446955290976,45.380633912996096],[32.57530120333785,45.36108358950977],[32.503241571990195,45.44510229678516],[32.90225890597457,45.67258032412891],[33.191649469939414,45.78977545352344],[33.53945830783004,45.874713502839846],[33.6388388009941,45.92677267642383],[33.52794555148238,46.13406332583789],[33.332533869353476,46.16611059756641],[32.972933802214804,46.14594992251758],[32.51644423922652,46.12558325381641],[32.20216659030074,46.170360170320315],[32.11410430392379,46.215621553376955],[31.92594054659957,46.409930787996096],[32.18879226168746,46.59223898501758],[32.15960978412389,46.62570521500918],[34.79888085714738,47.517739073862714]]]]}},{"type":"Feature","properties":{"NAME":"Paekche","ABBREVN":"Paekche","SUBJECTO":"Paekche","BORDERPRECISION":1,"PARTOF":"Paekche","polity_id":"roman_peak:paekche","name":"Paekche","ISO_A3":"PAEKCHE","ADM0_A3":"PAEKCHE","ADMIN":"Paekche","fill_colour":"#86693c","border_precision":1},"geometry":{"type":"MultiPolygon","coordinates":[[[[126.344994,36.95665700000012],[126.33499100000017,36.9855500000001],[126.339706,36.989159],[126.34999100000016,36.994438],[126.35582,36.996384],[126.392761,37.004715],[126.422493,37.004715],[126.429428,37.004715],[126.43718700000011,37.002777],[126.442467,36.99971800000014],[126.44914200000017,36.99137900000011],[126.478043,36.933601],[126.479156,36.92832900000013],[126.476646,36.922218],[126.4684830000001,36.90638],[126.461983,36.898216000000104],[126.46215800000016,36.894718],[126.463318,36.863884],[126.468323,36.843048],[126.472488,36.8394320000001],[126.478867,36.839157000000114],[126.483322,36.84249100000011],[126.49054000000012,36.852219000000105],[126.495529,36.864159],[126.497482,36.870827],[126.50699608683317,36.91107219198904],[126.51416,36.941376],[126.49054000000012,36.99554400000011],[126.499153,37.049721],[126.502487,37.052773],[126.517761,37.0522160000001],[126.525269,37.05027],[126.56749000000013,37.024994],[126.571663,37.02137800000014],[126.61998000000017,36.9727630000001],[126.682213,36.971657],[126.76138300000014,36.969986],[126.76915,36.969154],[126.776657,36.967209],[126.781097,36.963608],[126.79735306486326,36.94446118089139],[126.823318,36.913879],[126.825546,36.90915700000011],[126.830551,36.894157],[126.83415200000013,36.878326],[126.83415200000013,36.87276500000013],[126.83167300000014,36.8597180000001],[126.82887300000016,36.853607],[126.82720900000015,36.841103],[126.828598,36.765831],[126.830833,36.761108],[126.83415200000013,36.756943],[126.83859300000017,36.75332600000013],[126.846367,36.752495000000124],[126.906097,36.81694],[126.99220300000013,36.91082],[127.000229,36.929718],[126.921654,36.916939],[126.914429,36.916939],[126.908043,36.919441],[126.870247,36.9469380000001],[126.865807,36.950546],[126.79267884232608,37.01313652500654],[126.78633407076948,37.07390173526172],[127.6830913699133,37.616170190240766],[128.14288939363678,35.248266272541656],[128.03058734663153,35.33289035528921],[127.816197014689,34.94979909484234],[127.830833,34.946655],[127.767403,34.96028100000012],[127.660812,34.905266],[127.643051,34.900826],[127.6383983528005,34.901322832411125],[127.63526900000011,34.901657000000114],[127.628036,34.903603],[127.61859100000015,34.910545],[127.6091540000001,34.92305],[127.605553,34.938599000000124],[127.60054,34.94193300000012],[127.593323,34.941658],[127.588882,34.938324],[127.569153,34.91777000000013],[127.568604,34.911934],[127.576393,34.88694],[127.60498,34.8491590000001],[127.611366,34.840828],[127.638603,34.81415600000014],[127.654709,34.811935],[127.66748,34.813881],[127.673027,34.815544],[127.686371,34.825829],[127.690262,34.830276],[127.704987,34.838882000000126],[127.71082300000012,34.84054600000013],[127.71720900000014,34.841660000000104],[127.773613,34.84388000000013],[127.77388,34.82638500000013],[127.76944,34.794998],[127.747757,34.727486],[127.743874,34.72332],[127.640823,34.616936],[127.634987,34.614998],[127.576393,34.638329],[127.556374,34.651382000000126],[127.554153,34.656097],[127.556374,34.692215],[127.558319,34.704712],[127.562759,34.717491],[127.567757,34.766663],[127.52249100000017,34.856941],[127.49387400000012,34.851662],[127.41832000000011,34.81860400000011],[127.39888,34.802216],[127.363876,34.75138900000013],[127.387497,34.701935000000105],[127.391937,34.69832600000012],[127.4086,34.68943],[127.429428,34.67694100000011],[127.48580900000013,34.641937],[127.48887600000012,34.637772],[127.51332100000013,34.59665700000011],[127.514427,34.591377],[127.50998700000014,34.578606],[127.389427,34.4711],[127.315262,34.443604],[127.24359100000015,34.511383],[127.16832000000011,34.51194],[127.13970900000015,34.515831],[127.135536,34.519440000000145],[127.12915,34.527771],[127.124687,34.537216000000114],[127.123306,34.54805],[127.125259,34.554993],[127.13165300000014,34.565269],[127.20166000000017,34.633049],[127.206383,34.635551000000135],[127.211929,34.632492],[127.213043,34.627213],[127.213043,34.620827],[127.211113,34.614159],[127.202766,34.596939000000134],[127.19165,34.574715],[127.192749,34.569443],[127.20720700000015,34.568886],[127.242203,34.569443],[127.328598,34.652214],[127.332489,34.65638000000013],[127.352768,34.692764],[127.351646,34.698044],[127.338318,34.73777],[127.33527400000014,34.74193600000012],[127.328598,34.74305],[127.27388,34.727486],[127.22625581590643,34.71084916295265],[127.35909560641402,34.80417975039844],[127.22625581590641,34.71084916295264],[127.21666000000016,34.707497],[127.112488,34.660271],[127.09166,34.650543],[127.036926,34.619987],[127.00972000000013,34.602219],[126.99213664315191,34.54636170146233],[126.989433,34.537773],[126.98858600000017,34.531662],[126.98552700000016,34.526382],[126.966377,34.504166],[126.93830900000012,34.487213],[126.896942,34.449158],[126.887772,34.43499],[126.889427,34.412491],[126.81694,34.44249],[126.811653,34.445541000000105],[126.800812,34.46305100000012],[126.799988,34.491936],[126.804977,34.529716],[126.804153,34.558327],[126.802757,34.569443],[126.799149,34.579437],[126.794983,34.583054],[126.78970300000015,34.586105],[126.783333,34.587212],[126.777481,34.585548],[126.772491,34.582771],[126.765549,34.573326],[126.756104,34.55777],[126.683868,34.434433000000126],[126.60027300000013,34.30027],[126.594147,34.29943800000012],[126.556374,34.300545],[126.524986,34.316101],[126.50121526637655,34.330957135498835],[126.478317,34.345268],[126.461929,34.473320000000115],[126.461929,34.479156],[126.463318,34.484718],[126.39137300000016,34.543884000000105],[126.31832900000018,34.564995000000124],[126.31275900000014,34.56805400000013],[126.288307,34.590271],[126.273041,34.633881],[126.265266,34.67083],[126.266937,34.683327],[126.28942900000015,34.742218],[126.29276300000015,34.74749],[126.296944,34.751106],[126.303864,34.751106],[126.311371,34.749161],[126.31667300000015,34.746101000000124],[126.328323,34.7347180000001],[126.343323,34.712769],[126.351089,34.699158],[126.41748,34.595825],[126.45166000000017,34.578049],[126.43248000000017,34.619438000000116],[126.451393,34.648331],[126.461929,34.64222],[126.4727630000001,34.637215],[126.521652,34.616386],[126.52887,34.614159],[126.536652,34.61360900000011],[126.606087,34.616661],[126.612488,34.617767],[126.618317,34.619438000000116],[126.620247,34.624161],[126.50305200000014,34.715271],[126.49247700000012,34.721657],[126.47692900000015,34.724991],[126.494141,34.750549],[126.608032,34.779434],[126.62915,34.780548],[126.634987,34.782211],[126.660812,34.807495],[126.65971400000012,34.81276700000012],[126.59082000000012,34.877487],[126.539978,34.873047],[126.5336,34.8169400000001],[126.531097,34.803879],[126.5186000000001,34.783333],[126.514999,34.778877],[126.51053600000012,34.775551],[126.499153,34.7761],[126.381363,34.783607],[126.37580900000012,34.785553],[126.371368,34.789162],[126.36914100000013,34.793884],[126.371094,34.800545],[126.378593,34.80915800000014],[126.413307,34.894440000000145],[126.433594,34.963608],[126.376923,34.946655],[126.376083,34.9405440000001],[126.369431,34.930824],[126.34387200000015,34.917496],[126.338043,34.919441],[126.33276400000011,34.922493],[126.32248700000014,34.928604],[126.318047,34.932213],[126.30415300000016,34.961937],[126.24832200000014,35.110275],[126.249153,35.116661],[126.251099,35.123322],[126.25417300000015,35.128601],[126.263611,35.13472],[126.26944,35.136658],[126.344994,35.151657],[126.34942600000011,35.148048],[126.353043,35.132492],[126.3541560000001,35.127213],[126.353317,35.120827],[126.349716,35.116661],[126.343323,35.106384000000105],[126.34082,35.100273],[126.343048,35.095543],[126.359711,35.06916],[126.41638200000011,35.020271],[126.42109700000015,35.018051],[126.431374,35.023323],[126.457207,35.068886],[126.45887800000014,35.090546],[126.455551,35.094711],[126.443863,35.100548],[126.431374,35.1055530000001],[126.42082200000016,35.111664],[126.41137700000013,35.119156],[126.387497,35.147774],[126.360527,35.180275],[126.36360200000013,35.227768],[126.37831100000017,35.31221000000011],[126.387497,35.336937],[126.42192100000011,35.406654],[126.424988,35.411659],[126.428864,35.4161],[126.44135300000016,35.430191],[126.44693,35.447769],[126.45694,35.462494],[126.484154,35.501106],[126.49165300000016,35.50972],[126.496933,35.512497],[126.523041,35.524994000000106],[126.52887,35.526939],[126.619431,35.54694400000011],[126.6785890000001,35.532211],[126.683868,35.528877],[126.68775900000014,35.533333],[126.687477,35.539162],[126.674988,35.573608],[126.669144,35.588043],[126.664993,35.59166],[126.6586,35.59415400000012],[126.65109300000017,35.594994],[126.643883,35.594711],[126.54694400000017,35.58998900000012],[126.535812,35.585548],[126.52137800000014,35.57666],[126.514999,35.575829],[126.507217,35.576385],[126.498596,35.578049],[126.488037,35.58416],[126.477203,35.5961],[126.470833,35.604439],[126.46859700000016,35.609161],[126.474701,35.63582600000012],[126.479431,35.639992],[126.632202,35.736938],[126.642487,35.742218],[126.695824,35.766388],[126.70665,35.770828],[126.738312,35.776382],[126.75193800000011,35.778328],[126.80108600000017,35.861664],[126.78830700000015,35.894714],[126.78249400000016,35.89305100000013],[126.733047,35.88249200000013],[126.72580700000015,35.88249200000013],[126.61998000000017,35.888603],[126.615257,35.890831],[126.614151,35.896103],[126.614151,35.90496600220933],[126.614151,35.919441],[126.615257,35.925827],[126.628311,35.961937],[126.631653,35.96720900000014],[126.642487,35.97165700000011],[126.705261,35.984718],[126.76193200000012,35.99527],[126.85355400000014,36.035271],[126.86882,36.04306],[126.872993,36.054718],[126.871048,36.057777],[126.869217,36.0606],[126.8591,36.05555],[126.739471,36.00580600000012],[126.70726,36.000809],[126.688873,35.999985],[126.68533300000013,35.999962],[126.67363000000012,36.00470700000011],[126.544418,36.136406],[126.536636,36.219162],[126.495819,36.394157],[126.480553,36.481102],[126.464432,36.574715],[126.46582,36.579994],[126.474152,36.588043],[126.500267,36.591934],[126.506943,36.590828],[126.51249700000017,36.587494],[126.518883,36.584991],[126.52469600000018,36.586937],[126.527206,36.592766],[126.5269320000001,36.598602],[126.516098,36.659714],[126.49720800000011,36.72387700000013],[126.475273,36.741936],[126.469437,36.74360700000011],[126.354713,36.740273000000116],[126.347488,36.73999],[126.343048,36.736656],[126.30748,36.697212],[126.303589,36.692764000000125],[126.304703,36.687492],[126.309418,36.678329],[126.322769,36.661659],[126.334717,36.650269],[126.336929,36.645546],[126.315536,36.599434],[126.293053,36.58194],[126.299149,36.627769],[126.298866,36.639435000000105],[126.29298233688893,36.65750336476505],[126.274986,36.712769],[126.272774,36.717491],[126.256104,36.711105],[126.251389,36.707497],[126.24832200000014,36.702492],[126.24387400000012,36.689713],[126.239967,36.68526500000013],[126.23545005699876,36.6827495331497],[126.234993,36.682495],[126.2291560000001,36.680824],[126.192749,36.671379],[126.18609600000013,36.67027300000012],[126.17276000000015,36.67276800000013],[126.16609200000016,36.67527],[126.128036,36.705269],[126.12359600000013,36.70916000000011],[126.12886000000015,36.751663],[126.164261,36.809654],[126.19166600000017,36.819885],[126.184418,36.878326],[126.188309,36.882492],[126.286102,36.959991],[126.291092,36.962494],[126.29776,36.963608],[126.304428,36.962212],[126.308868,36.942215],[126.32166300000017,36.884438],[126.32083100000011,36.8780440000001],[126.31442300000015,36.86776700000013],[126.297211,36.843605],[126.280548,36.815269],[126.27916,36.809715],[126.280273,36.804436],[126.283867,36.79471600000011],[126.28942900000015,36.785828],[126.294434,36.787216],[126.324707,36.80387900000011],[126.401093,36.85193600000014],[126.415092,36.896713],[126.415092,36.912048],[126.4137730000001,36.914883000000145],[126.413597,36.93332700000013],[126.407211,36.935822000000144],[126.38970900000015,36.93055],[126.38304100000016,36.929436],[126.352768,36.948875],[126.348328,36.95249200000012],[126.344994,36.95665700000012]]],[[[126.695534,34.287216],[126.65138200000013,34.316101],[126.648041,34.320274],[126.64582800000017,34.324997],[126.649147,34.349998],[126.654709,34.370544],[126.65776100000016,34.375549],[126.663879,34.382492],[126.668869,34.384995],[126.687187,34.388885],[126.694138,34.38916],[126.701393,34.38694],[126.713882,34.37832600000013],[126.73082,34.363884],[126.77082800000017,34.296387],[126.77498600000013,34.286942],[126.771927,34.281937],[126.765549,34.280823],[126.7391510000001,34.278603],[126.731369,34.279160000000104],[126.70082100000013,34.284164],[126.695534,34.287216]]],[[[127.11580700000013,34.434433000000126],[127.111366,34.460274],[127.1141510000001,34.463882000000126],[127.12580900000012,34.471657],[127.13165300000014,34.473602],[127.199142,34.485268],[127.213043,34.48555],[127.222717,34.483627000000126],[127.239433,34.4741590000001],[127.24359100000015,34.470543],[127.245819,34.465828],[127.244141,34.453323],[127.241653,34.447212],[127.232758,34.43110700000011],[127.22886700000015,34.426659],[127.219437,34.420547],[127.213608,34.418884],[127.160538,34.414436],[127.145828,34.414993],[127.133614,34.420273],[127.11580700000013,34.434433000000126]]],[[[127.711929,34.526657],[127.71582,34.530823],[127.741364,34.538887],[127.751099,34.54193900000013],[127.764427,34.540833],[127.77082800000017,34.53833],[127.776321,34.533669],[127.78637700000013,34.519440000000145],[127.798317,34.490829],[127.798317,34.484993000000145],[127.795258,34.47971300000012],[127.790817,34.47637900000012],[127.785538,34.473877],[127.780823,34.47470900000013],[127.758331,34.487495],[127.716087,34.517212],[127.713043,34.521378],[127.711929,34.526657]]],[[[126.383614,34.478325],[126.382751,34.471931],[126.36775200000011,34.441658],[126.346939,34.40470900000014],[126.342484,34.401382],[126.261932,34.37137600000011],[126.25637800000015,34.369713],[126.199142,34.353325],[126.186653,34.351387],[126.17970300000013,34.35110500000013],[126.171921,34.35193600000014],[126.150269,34.354439],[126.1436000000001,34.3555530000001],[126.112488,34.378876],[126.10608700000012,34.387215],[126.101646,34.39666000000011],[126.099152,34.406937],[126.098877,34.412766],[126.09971600000017,34.419159],[126.10192900000015,34.424995],[126.23887600000012,34.569992],[126.243317,34.573326],[126.253326,34.573051],[126.27332300000012,34.56582600000013],[126.29831700000011,34.555824],[126.33499100000017,34.539993],[126.376923,34.498878],[126.380257,34.494713],[126.38111900000013,34.491653],[126.383331,34.483879],[126.383614,34.478325]]],[[[127.758614,34.5908280000001],[127.74832200000014,34.596939000000134],[127.739967,34.604439],[127.73664900000017,34.608604],[127.734421,34.613327],[127.733322,34.61859900000013],[127.73304700000017,34.635826],[127.736923,34.639992],[127.76805100000013,34.66415400000011],[127.794144,34.661377],[127.81218700000011,34.64138800000012],[127.81275900000014,34.621933000000126],[127.806641,34.5816650000001],[127.803864,34.575554],[127.799713,34.57222],[127.793053,34.573326],[127.78665200000012,34.576103],[127.758614,34.5908280000001]]],[[[125.96360800000014,34.648605],[125.92637600000012,34.668884],[125.91776300000015,34.676102],[125.915543,34.680824],[125.91442900000015,34.685822],[125.914993,34.692215],[125.9180530000001,34.69748700000014],[125.92330900000013,34.699997],[125.9561000000001,34.712769],[125.981369,34.716934],[125.99379,34.707802],[126.003052,34.700272],[126.006378,34.696098],[126.008614,34.691376],[126.006104,34.685547],[126.002487,34.681107],[125.991364,34.668053],[125.971916,34.647217000000126],[125.96360800000014,34.648605]]],[[[125.939148,34.728043],[125.93609600000013,34.722763],[125.932213,34.718323],[125.911926,34.716934],[125.90442700000017,34.717766],[125.890549,34.728043],[125.88832100000013,34.732491],[125.888893,34.738884],[125.892212,34.751106],[125.893883,34.763885],[125.898041,34.767212],[125.908333,34.772766],[125.915268,34.772766],[125.921654,34.77388000000013],[125.944427,34.771935],[125.95082100000013,34.773048],[125.955833,34.775826],[125.97360200000014,34.789719],[125.9791560000001,34.791664],[125.985527,34.79249600000014],[125.993042,34.791939],[126.000549,34.789993],[126.0008160000001,34.791939],[126.003883,34.789993],[126.006378,34.785271],[126.003052,34.773048],[126.005257,34.768326000000116],[126.008614,34.76416],[126.009163,34.759995],[126.00332600000013,34.75804900000014],[125.995819,34.758606],[125.988312,34.760551],[125.983597,34.75804900000014],[125.98027000000013,34.752777],[125.97387700000013,34.751938],[125.966927,34.75444],[125.951103,34.756660000000124],[125.945251,34.754715],[125.94081100000017,34.751106],[125.93830900000012,34.74527],[125.939148,34.728043]]],[[[126.04248,34.85388200000011],[125.993042,34.85833],[125.986923,34.860825],[125.983597,34.864998],[125.98526000000015,34.868324],[126.002213,34.890274],[126.057747,34.925552],[126.06275900000014,34.928329],[126.069992,34.92610200000013],[126.075272,34.92305],[126.076637,34.921349000000134],[126.094437,34.909714],[126.09108700000013,34.890274],[126.089706,34.88499500000012],[126.082207,34.866936],[126.078598,34.862495],[126.074158,34.859161],[126.063599,34.854439],[126.04248,34.85388200000011]]],[[[126.10608700000012,35.046944],[126.09971600000017,35.04583],[126.093048,35.047218],[126.059418,35.055267],[126.05609100000015,35.059433],[126.058319,35.08387800000014],[126.0599820000001,35.090828],[126.063873,35.094994],[126.068047,35.09860200000014],[126.11747700000012,35.130547],[126.1372070000001,35.14222000000012],[126.14888,35.145828],[126.155823,35.146103],[126.162201,35.143326000000116],[126.14971900000012,35.133331],[126.146942,35.132523],[126.14444000000015,35.08027600000014],[126.11554000000012,35.053047],[126.10608700000012,35.046944]]],[[[126.433868,36.41082],[126.431931,36.403877000000136],[126.428307,36.399719],[126.42109700000015,36.399437],[126.382202,36.40277100000014],[126.375259,36.403877000000136],[126.36554,36.41054500000013],[126.338318,36.434158],[126.33582300000012,36.438599],[126.32527200000015,36.559715],[126.32499700000017,36.565544],[126.32747700000016,36.571663],[126.334427,36.581108],[126.341927,36.588326],[126.346939,36.591103],[126.352768,36.592766],[126.359993,36.593048],[126.376373,36.590828],[126.378593,36.586105],[126.433868,36.41082]]],[[[126.16943400000014,36.82582900000011],[126.163597,36.82416500000011],[126.159149,36.827774],[126.15804300000013,36.833054],[126.16110200000014,36.838043],[126.166931,36.839989],[126.172447,36.836838],[126.173866,36.829437],[126.16943400000014,36.82582900000011]]]]}},{"type":"Feature","properties":{"NAME":"Gaya","ABBREVN":"Gaya","SUBJECTO":"Gaya","BORDERPRECISION":1,"PARTOF":"Gaya","polity_id":"roman_peak:gaya","name":"Gaya","ISO_A3":"GAYA","ADM0_A3":"GAYA","ADMIN":"Gaya","fill_colour":"#dc32c0","border_precision":1},"geometry":{"type":"MultiPolygon","coordinates":[[[[128.67996200000016,34.722214],[128.641937,34.70916],[128.636108,34.707214],[128.612457,34.701103],[128.594116,34.697769],[128.58828700000015,34.699432000000115],[128.58523600000012,34.70388],[128.60107400000015,34.760277],[128.604126,34.80915800000014],[128.60080000000016,34.830551],[128.597748,34.834991],[128.591919,34.836655],[128.55218500000012,34.823608],[128.53970300000015,34.81610100000012],[128.53579700000012,34.811935],[128.526093,34.80582400000014],[128.521088,34.80915800000014],[128.49801600000012,34.832214000000135],[128.494965,34.83638],[128.490509,34.845825000000104],[128.488556,34.856384],[128.490509,34.868881],[128.494415,34.880272000000105],[128.501923,34.887497],[128.507202,34.889992],[128.641083,34.95249200000012],[128.663605,34.960274],[128.71109000000013,34.976654],[128.72821,34.943047],[128.72995,34.942215],[128.735229,34.933327],[128.754425,34.882767],[128.754425,34.87693800000011],[128.743011,34.788048],[128.741913,34.781662],[128.68551600000012,34.724159],[128.67996200000016,34.722214]]],[[[127.989967,34.837212000000136],[127.97971300000017,34.84360500000014],[127.973312,34.851936],[127.97415200000012,34.85833],[127.976929,34.864159],[128.007751,34.907768],[128.017212,34.913879],[128.024139,34.913879],[128.03137200000015,34.911659],[128.035797,34.908043],[128.065765,34.878525],[128.075806,34.873878],[128.078857,34.869713],[128.085785,34.830276],[128.08081100000015,34.827774],[128.013306,34.832771],[127.99720800000011,34.835266000000104],[127.989967,34.837212000000136]]],[[[128.372467,35.004715],[128.379395,35.004715],[128.37973462348836,35.004820071743154],[128.37973462348836,35.00482007174315],[128.391083,35.008331],[128.396088,35.010826],[128.405243,35.017769],[128.407196,35.024437],[128.410522,35.02971600000012],[128.415527,35.03221100000013],[128.465515,35.05027],[128.477173,35.05387900000011],[128.483307,35.051102],[128.487457,35.047493],[128.501373,35.008331],[128.4699710000001,34.88582600000012],[128.463013,34.868599],[128.451904,34.845543],[128.445801,34.838882000000126],[128.434967,34.834717000000126],[128.408875,34.83194],[128.40304600000013,34.833603],[128.3355100000001,34.871376],[128.346344,34.899994],[128.356628,34.905266],[128.356079,34.909714],[128.35107400000015,34.9313810000001],[128.34079,34.943604],[128.329132,34.949432],[128.22775300000012,34.934158],[128.216064,34.93055],[128.21109,34.928047000000106],[128.207733,34.92276800000013],[128.208862,34.911934],[128.208008,34.899719],[128.206635,34.894440000000145],[128.203857,34.88832900000011],[128.17636100000016,34.889435000000105],[128.154144,34.894440000000145],[128.072754,34.921661],[128.06665,34.92443800000012],[128.05609100000015,34.930824],[128.050262,34.937492],[128.048035,34.942215],[128.046936,34.947487],[128.0205380000001,34.986382],[127.909416,34.955269],[127.893883,34.947487],[127.883041,34.943047],[127.86387600000012,34.940269],[127.830833,34.946655],[127.816197014689,34.94979909484234],[128.03058734663153,35.33289035528921],[128.14288939363678,35.248266272541656],[128.386108,35.042221],[128.3780210000001,35.03611],[128.371063,35.0094380000001],[128.372467,35.004715]]],[[[127.990257,34.817215],[128.00192300000015,34.820831],[128.032471,34.817772],[128.055542,34.813324],[128.0691220000001,34.80832700000013],[128.07330300000012,34.80471],[128.075531,34.79999500000014],[128.062469,34.706383],[128.060791,34.701103],[128.056641,34.69748700000014],[128.044434,34.69499200000013],[127.984993,34.696938],[127.97720300000015,34.697769],[127.888603,34.710548],[127.88025700000014,34.712212],[127.860527,34.719711],[127.85720800000013,34.723877],[127.852768,34.738884],[127.82222000000013,34.843048],[127.826927,34.855827],[127.836929,34.879715],[127.867752,34.917496],[127.87552600000015,34.92610200000013],[127.879967,34.92943600000012],[127.885818,34.931107],[127.898613,34.933052],[127.915268,34.929993],[127.92137100000014,34.9272160000001],[127.926651,34.924164],[127.93081700000016,34.920547],[127.933868,34.91610000000014],[127.93609600000013,34.911377],[127.937714,34.901924],[127.909714,34.874161],[127.90664700000013,34.869156],[127.909149,34.84721400000012],[127.910263,34.841934],[127.916382,34.832771],[127.9561,34.800827],[127.962196,34.798332],[127.968048,34.79999500000014],[127.990257,34.817215]]]]}},{"type":"Feature","properties":{"NAME":"Koguryo","ABBREVN":"Koguryo","SUBJECTO":"Koguryo","BORDERPRECISION":1,"PARTOF":"Koguryo","polity_id":"roman_peak:koguryo","name":"Koguryo","ISO_A3":"KOGURYO","ADM0_A3":"KOGURYO","ADMIN":"Koguryo","fill_colour":"#4db832","border_precision":1},"geometry":{"type":"MultiPolygon","coordinates":[[[[127.6830913699133,37.616170190240766],[128.53968799129595,38.13415351400176],[128.61728997506816,38.16139748562062],[127.6830913699133,37.616170190240766]]]]}},{"type":"Feature","properties":{"NAME":"Koguryo","ABBREVN":"Koguryo","SUBJECTO":"Koguryo","BORDERPRECISION":1,"PARTOF":"Koguryo","polity_id":"roman_peak:koguryo","name":"Koguryo","ISO_A3":"KOGURYO2","ADM0_A3":"KOGURYO2","ADMIN":"Koguryo","fill_colour":"#4db832","border_precision":1},"geometry":{"type":"MultiPolygon","coordinates":[[[[126.418869,37.59249100000011],[126.4102630000001,37.59388000000013],[126.397491,37.598877],[126.38638300000014,37.60527],[126.381927,37.608887],[126.375259,37.61721],[126.373032,37.621658],[126.371918,37.62693800000011],[126.37168006408618,37.62979709087644],[126.33043197116011,37.66143377871875],[126.20971969088667,37.75405081363086],[126.1684653613602,37.713865529184574],[125.65358373442439,42.65357755341016],[126.66794056199733,42.99169649593447],[129.64126113375778,41.65584906192188],[129.59070876559372,41.46990545840625],[129.63106826266403,41.277789674714846],[129.56141189059372,41.07268866153125],[129.47782424410934,40.682025514558596],[129.17704299410934,40.63022192569141],[129.01484206637497,40.52752264590625],[128.79102614840622,40.35433920474414],[128.4465895028984,40.065867982820315],[128.23623183688278,39.96959265323047],[127.93131545504684,39.95622595401172],[127.67152694186323,39.86643560977344],[127.55238631686323,39.76415976138477],[127.44079879244917,39.62365683169727],[127.2768888803398,39.2216869220293],[127.63137668090546,39.13479235902723],[127.99857397262753,38.861694085525116],[128.28680410483943,38.72629011199934],[128.36355600000013,38.625244],[128.38916000000017,38.579437],[128.532471,38.330551],[128.61728997506816,38.16139748562062],[128.53968799129595,38.13415351400176],[127.6830913699133,37.616170190240766],[126.78633407076948,37.07390173526172],[126.79267884232608,37.01313652500654],[126.756104,37.044441],[126.752777,37.04860700000012],[126.754173,37.054161000000136],[126.77304100000015,37.118599],[126.776382,37.123604],[126.782211,37.125549],[126.819443,37.133881],[126.853043,37.138046],[126.85942100000011,37.138885],[126.86525700000016,37.140831],[126.86859100000015,37.145828],[126.869713,37.172218],[126.869141,37.176384],[126.769989,37.174164],[126.763893,37.172218],[126.75943,37.168884],[126.738586,37.14888],[126.723038,37.131660000000124],[126.718597,37.128044],[126.70748900000012,37.123604],[126.69442700000013,37.12165800000014],[126.68775900000014,37.124435],[126.661102,37.156097],[126.660812,37.161934],[126.658867,37.248604000000114],[126.661926,37.253883],[126.668053,37.25555400000013],[126.69941700000015,37.262215],[126.752777,37.24499500000013],[126.766098,37.231934],[126.85608700000012,37.260826],[126.86192300000016,37.262772],[126.865807,37.266937],[126.863602,37.27166],[126.847488,37.304436],[126.843323,37.30832700000013],[126.836113,37.308044],[126.814987,37.297493],[126.809143,37.295547],[126.801933,37.295547],[126.770538,37.30471],[126.722214,37.328049],[126.74192800000014,37.386787],[126.7327580000001,37.38499500000012],[126.72554000000014,37.38472000000013],[126.71692700000017,37.386108],[126.67276,37.401932],[126.666092,37.404434],[126.660812,37.407494],[126.65637200000015,37.411102],[126.625526,37.471375],[126.621918,37.481377],[126.625809,37.485825],[126.63192700000013,37.487495],[126.664146,37.483879000000115],[126.670822,37.484993],[126.67442300000016,37.488045],[126.66277300000013,37.54055],[126.658867,37.554993],[126.65213000000017,37.56675],[126.62915,37.591377000000136],[126.572487,37.619987],[126.55330700000013,37.638329],[126.549988,37.642494],[126.54749300000015,37.647217],[126.546371,37.652214],[126.532211,37.715546],[126.531937,37.7211],[126.5325434433968,37.751567156914994],[126.51717915963005,37.75598462326124],[126.517212,37.755829],[126.539429,37.627769000000114],[126.513893,37.59721400000012],[126.501389,37.594437],[126.448593,37.59221600000012],[126.418869,37.59249100000011]]]]}},{"type":"Feature","properties":{"NAME":"1","ABBREVN":null,"SUBJECTO":"1","BORDERPRECISION":1,"PARTOF":"true","polity_id":"roman_peak:1","name":"1","ISO_A3":"1","ADM0_A3":"1","ADMIN":"1","fill_colour":"#37a05b","border_precision":1},"geometry":{"type":"MultiPolygon","coordinates":[[[[75.9310480688752,39.0588734758055],[73.1721829870945,41.16847583445081],[63.08978514276868,40.06429637198831],[61.86050364242966,35.9972204521832],[60.964376951292,37.32007413910069],[57.30169303902503,38.08466052320486],[54.0674391122734,36.94152411075],[54.00870421847457,37.34868963809375],[54.01511290988082,37.34832724185352],[53.98521712741012,37.51772650332813],[53.92775252780074,37.82421835513477],[53.879862818328085,38.02535589785938],[53.93732741793746,38.15944632144336],[53.93732741793746,38.33184774966602],[53.93732741793746,38.5712962970293],[53.98521712741012,38.65749701114063],[54.03310683688277,38.79158743472461],[54.071417841521445,38.89694555850391],[54.03310683688277,38.992721162751955],[53.91817382296676,39.050189577058596],[53.77450469454879,39.136390291169924],[53.678725275603476,39.251327119783205],[53.65957168063277,39.318370424226565],[53.582945856658164,39.318370424226565],[53.496745142546835,39.337527833894534],[53.333922419158164,39.38541754336719],[53.247721705046835,39.29921682925586],[53.209410700408164,39.40457113833789],[53.247721705046835,39.45246084781055],[53.314765009490195,39.56739767642383],[53.372233423796835,39.519507966951174],[53.54463485201949,39.53866156192188],[53.73619368991012,39.500350557283205],[53.79366210421676,39.49077185244922],[53.81281569918746,39.54824026675586],[53.66914657076949,39.644019685701174],[53.554213556853476,39.65359839053516],[53.515902552214804,39.77811010928516],[53.59252456149215,39.89304693789844],[53.68830398043746,39.97924765200977],[53.50632384738082,39.99840124698047],[53.36265471896285,39.9600902423418],[53.190253290740195,39.9600902423418],[53.046584162322226,39.99840124698047],[52.989115748015585,39.93135794253711],[52.91249373873824,40.04629095645313],[52.84545043429488,40.18038138003711],[52.84545043429488,40.333629213289065],[52.826293024626914,40.46771963687305],[52.90291503390426,40.56349905581836],[52.950804743376914,40.707164369539065],[52.96996215304488,40.822101198152346],[53.01785186251754,40.946612916902346],[53.05616286715621,41.05197104068164],[53.15194228610152,40.89872320742969],[53.18067458590621,40.84125479312305],[53.25730040988082,40.764632783845705],[53.439276728240195,40.80294378848438],[53.61168197116012,40.745479188875],[53.65957168063277,40.81252249331836],[53.64999297579879,40.87956961245899],[53.697882685271445,40.87956961245899],[53.764925989714804,40.869990907625],[53.79366210421676,40.726321779207034],[53.841551813689414,40.640121065095705],[53.9756422372734,40.64969976992969],[54.10973266085738,40.67843206973438],[54.2246656747734,40.726321779207034],[54.330023798552695,40.68801077456836],[54.41622451266402,40.659278474763674],[54.454535517302695,40.71674307437305],[54.38748839816207,40.80294378848438],[54.36833480319137,40.89872320742969],[54.454535517302695,40.91788061709766],[54.50242522677535,40.850833497957034],[54.60778335055465,40.81252249331836],[54.722716364470664,40.850833497957034],[54.818495783415976,40.87956961245899],[54.82807448824996,40.98492392154102],[54.75144866427535,41.13817175479297],[54.598204645720664,41.24352987857227],[54.35875609835738,41.38719519229297],[54.16719726046676,41.482974611238284],[54.13846496066207,41.62664373965625],[54.1193075509941,41.779891572908205],[54.02352813204879,41.85651358218555],[54.02352813204879,41.95229300113086],[54.02352813204879,42.048072420076174],[53.98521712741012,42.10553701968555],[53.73619368991012,42.1342731341875],[53.458434137908164,42.09596212954883],[53.26687530001754,42.086383424714846],[53.065741571990195,42.028915010408205],[52.97954085787887,41.904403291658205],[52.941229853240195,41.77031286807422],[52.99869445284957,41.68411215396289],[52.96996215304488,41.55960043521289],[52.93165114840621,41.37762030215625],[52.9603834482109,41.272262178376955],[52.96996215304488,41.13817175479297],[52.8550253244316,41.38719519229297],[52.69220260104293,41.53086432071094],[52.7113600107109,41.60749014468555],[52.682623896208945,41.69369085879688],[52.559271845427695,41.75783880801563],[52.60074523409957,41.93767889590625],[52.57376769503707,42.01860388369922],[52.519816431609335,42.072555147126955],[52.58275893649215,42.1894489154375],[52.67267898043746,42.279368959382815],[52.73562148532027,42.42324026675586],[52.753607782927695,42.558116517976565],[52.834532770720664,42.64803656192188],[52.76259902438277,42.755939088777346],[52.58275893649215,42.82787283511524],[52.375948938933554,42.80089529605274],[52.29502013644332,42.87283285708789],[52.16014388522262,42.84585531802539],[52.070223841277304,42.82787283511524],[51.98030379733199,42.90880163760547],[51.88139632662887,43.05266913028125],[51.73752501925582,43.17855414004688],[51.584662470427695,43.17855414004688],[51.42280868014449,43.1695628985918],[51.42280868014449,43.25948294253711],[51.45877746066207,43.38536795230274],[51.36885741671676,43.55621298404102],[51.26095488986129,43.61016424746875],[51.171034845915976,43.71806677432422],[50.99119857272262,44.077743135408205],[50.95522979220504,44.20362814517383],[50.70345977267379,44.257579408601565],[50.38874343356246,44.29354818911914],[50.32580092867965,44.365481935457034],[50.334792170134726,44.563304506257815],[50.40672591647262,44.61725576968555],[50.541605982390585,44.64423330874805],[50.721442255583945,44.635238252595705],[50.87430480441207,44.62624701114063],[51.09010985812301,44.563304506257815],[51.33288863619918,44.482379518464846],[51.413817438689414,44.51834448428516],[51.57567122897262,44.55431326480274],[51.485751185027304,44.62624701114063],[51.36885741671676,44.68019827456836],[51.1890211435234,44.770118318513674],[51.099101099578085,44.87802084536914],[51.21599486788863,45.039874635652346],[51.34188369235152,45.0578571185625],[51.377848658171835,45.17475088687305],[51.45877746066207,45.30963095279102],[51.512728724089804,45.37257345767383],[51.62962249240035,45.354590974763674],[51.7734937997734,45.39055594058399],[51.84542754611129,45.43551596255664],[51.998290094939414,45.38156469912891],[52.10619262179488,45.38156469912891],[52.60973647555465,45.39955099673633],[53.05932906588668,45.33660467715625],[53.28412917574996,45.327613435701174],[53.212191614714804,45.36358221621875],[53.05932906588668,45.4534984454668],[52.84352401217574,45.5074535235918],[52.834532770720664,45.6423297748125],[52.924452814665976,45.732249818757815],[53.0503378244316,45.831161104158205],[53.14924910983199,45.95704611392383],[53.203200373259726,46.190833650544924],[53.25715163668746,46.316722475007815],[53.18521789034957,46.42462118716602],[53.12227538546676,46.496558748201174],[53.16723159274215,46.58647497744922],[53.28412917574996,46.676395021394534],[53.230177912322226,46.73034628482227],[53.18521789034957,46.86522635074024],[53.02336410006637,46.91917761416797],[52.861510309783164,46.93716009707813],[52.555785212126914,46.982120119050784],[52.4658651681816,46.91018255801563],[52.375948938933554,46.874217592195315],[52.142157587615195,46.83824881167774],[51.9353475900566,46.89220007510547],[51.791476282683554,47.00909384341602],[51.67458251437301,47.03607138247852],[51.36885741671676,47.09002264590625],[51.11708358248824,47.06304510684375],[50.820353540984335,46.91917761416797],[50.63152221163863,46.91018255801563],[50.271849665251914,46.68538626284961],[49.94814208468551,46.55950125308399],[49.72334578951949,46.53252371402149],[49.53451446017379,46.54151877017383],[49.408629450408164,46.43361624331836],[49.313204798308554,46.35268744082813],[49.23778441866988,46.262767396882815],[49.05794433077926,46.13688238711719],[48.887099299040976,46.082931123689455],[48.83314803561324,46.082931123689455],[48.83314803561324,46.01998861880664],[48.83314803561324,45.92107733340625],[48.77020553073043,45.885108552888674],[48.635329279509726,45.97502859683399],[48.4824667306816,45.885108552888674],[48.302626642790976,45.76821478457813],[48.01488784274215,45.71426352115039],[47.8710165353691,45.67829855533008],[47.754122767058554,45.71426352115039],[47.673197779265585,45.75023230166797],[47.62823775729293,45.732249818757815],[47.601264032927695,45.66031225772266],[47.655211481658164,45.54341848941211],[47.55630401095504,45.4534984454668],[47.475375208464804,45.318622194246096],[47.394450220671835,45.17475088687305],[47.25057891329879,44.98592337222461],[47.16965392550582,44.86003836245899],[47.02578261813277,44.78810080142383],[46.89072963313592,44.69276967910348],[39.599853602945245,46.02321514399175],[41.24483742081063,47.81371933948235],[34.79888085714738,47.517739073862714],[32.15960978412389,46.62570521500918],[31.95127013644332,46.864627443269534],[31.78104690035934,46.701861940339846],[31.53773406466598,46.70138128848438],[31.087231669036097,46.635535798982424],[30.832856211272425,46.57659109683399],[30.52046111544723,46.251407228425784],[30.432847403456183,46.17574956961106],[30.06882194003219,45.861400209382815],[29.729748758879847,45.76999243350391],[29.62951186617965,45.75035818667774],[29.500430140105433,45.52336844058399],[29.53609374484176,45.45219763369922],[29.615916285124964,45.41020544619922],[28.2213570322216,45.48408289710034],[27.944158596387194,44.92968602543153],[28.036558074998663,44.375289153762715],[26.835364853049565,44.19049019653978],[25.264573716654585,43.8208922820939],[25.709180953652826,43.9255057496229],[25.56970118463505,45.64321634463933],[27.093510289011277,46.054085290193676],[27.339285951007444,46.90031916628867],[25.127304993041957,47.70033314695177],[22.86616890267723,47.26849501763038],[21.734298206156726,44.84516472831467],[22.954586751367856,44.65248758959712],[21.19899665774994,44.92968602543153],[20.921798221915534,44.65248758959712],[20.385843565250656,44.797594038362774],[20.16704915229867,45.28091623073139],[19.065554967771348,45.53510719639154],[18.86428526627964,45.581554050581936],[18.905605154940865,47.44094904033701],[19.425309634730894,47.60099324948818],[18.98291344313779,49.869834353378906],[21.14360738145955,49.76378203628978],[22.434685374103847,50.53466230405623],[24.077875546560225,49.38322651715821],[25.104869404345454,48.82614347004016],[25.721065719016593,49.61191586701183],[24.60604381627834,51.164524908446836],[24.488673089674318,51.384801403199006],[24.78209990618438,51.53106606872307],[26.219891307083707,50.943191415214166],[27.804396116238067,50.92469919035528],[30.591950873083714,50.16017551466333],[31.555996317925665,50.90291518585386],[31.56025936756693,50.906199612024594],[34.9053250757817,51.476271742537214],[36.92997010970116,52.71992919570989],[38.27973346564747,53.19716998531016],[38.30907614729848,53.6517686033654],[36.959312791352176,54.29034266662991],[38.01564933078841,55.455209973504374],[38.455789555553515,55.93478950269306],[36.724571338144116,56.68348974373227],[33.73161780974143,56.73180931763887],[31.648287412519956,56.31097404718781],[29.946411876761566,55.588095721228875],[29.699468343418623,55.657418463082564],[28.127165614399146,56.09880008067002],[25.721065719016593,57.004449882959555],[24.309745156977083,57.10033537109804],[24.346499476042933,57.15972097964649],[24.322939905730433,57.336890779451174],[24.23618606051559,57.728160463289065],[24.325442347136683,57.83747061343555],[24.3456487985527,57.86221655459766],[24.41564467867965,57.94793280215625],[24.414401087371058,58.10588797183399],[24.496785196868128,58.213153444246096],[24.331091913787073,58.307933412507815],[24.05835059603805,58.111529909089846],[23.90806868991012,58.22444876284961],[23.67085936984176,58.24138983340625],[23.69046500643844,58.665484987214846],[23.511870417205042,58.580875001863284],[23.36081984957809,58.76742132754688],[23.431979212371058,58.85808142276172],[23.33788588961715,58.97239264102344],[23.45697883090133,59.00549276919727],[23.415757212248987,59.11896475406055],[23.57018378695602,59.138072572664065],[24.032107386199183,59.17574270816211],[24.029559168425745,59.235416017488284],[24.281945261565394,59.28414114566211],[24.34156707247848,59.368880830720705],[24.537568125334925,59.323409639314455],[24.57092383822555,59.37432821841602],[24.7138128610527,59.35183294864063],[24.75122168978805,59.448463045076174],[25.248290094939417,59.36179693789844],[25.448794397917933,59.493960939363284],[25.489993128386683,59.42004355044727],[25.721121821013636,59.459842287019534],[26.343258890715784,59.44664724917774],[26.861901316252894,59.371749483064455],[26.99901679476852,59.31772955508594],[27.265091929045862,59.33804281802539],[27.702038797942347,59.297504030183596],[27.893597635832972,59.34611090274219],[28.015851053801722,59.45415457339649],[28.013093027678675,59.45822104068164],[27.973393473235316,59.51671179385547],[27.896657023040003,59.53378256411914],[27.941687616912073,59.64759787173633],[28.094189676848597,59.664676271394534],[28.163104090300745,59.590682588533205],[28.26633742770309,59.56222876162891],[28.350983652678675,59.602061830476565],[28.309100184050745,59.66440161319141],[28.44436362704391,59.733741365388674],[28.662732157317347,59.64434012027149],[28.79593375643844,59.67222174258594],[28.936268839446253,59.82455023379688],[29.076066050139612,59.907794557527346],[29.41362861117477,59.860030733064455],[29.765452417937464,59.736243806794924],[29.96315673312301,59.736617647126955],[30.126639399138636,59.80604513736133],[29.95287421664352,59.98558386416797],[29.68729690035934,60.131000123933596],[29.51074317416305,60.14456518741016],[28.968979868498987,60.10878714175586],[28.691634211150355,60.14997824283008],[28.5693979593193,60.19842108340625],[28.435231241790003,60.33733709903125],[28.551247629729456,60.53264196963672],[28.521508249846644,60.62326391787891],[28.431775126067347,60.60346945376758],[28.011437449065394,60.51073034854297],[27.473618540373987,60.42607840152149],[27.406220469084925,60.34481772036914],[27.17848113497848,60.442393861726565],[26.94557097872848,60.37631186099414],[26.9223089548027,60.31612356753711],[26.613076243010706,60.34783133120899],[26.525876078215784,60.396468721345705],[26.551638636199183,60.570697389558596],[26.442835840789026,60.33334311099414],[26.322712931243128,60.270240388826174],[26.037745508757776,60.24929770083789],[25.890101465789026,60.2358356341875],[25.845532450286097,60.115481935457034],[25.580544504729456,60.2623363360918],[25.449894938079066,60.13839682193164],[25.145791086760706,60.1097484454668],[24.992980036345667,60.02957113833789],[24.96947005709762,60.08683355899219],[24.742980036345667,60.03823050113086],[24.51595786532516,59.9894977435625],[24.421050104705042,59.86975058169727],[24.281357798186487,59.938148103669924],[23.978947672454066,59.881148897126955],[23.96111396273727,59.932452760652346],[23.664656672087855,59.83555182071094],[23.418854746428675,59.82984884829883],[23.201441797820276,59.818458162263674],[22.98212531527633,59.932452760652346],[22.882000956145472,60.05556448550586],[23.005200419036097,60.208758912996096],[22.624615702239222,60.20110281558399],[22.392066034880823,60.121200166658205],[22.421467814055628,60.29318579287891],[22.220654520598597,60.25876959414844],[21.930953058806605,60.38077124209766],[21.746808085051722,60.40827139468555],[21.560151133147425,60.51248510928516],[21.4431772561943,60.693648897126955],[21.427256617156214,61.01509817691211],[21.498307261077112,61.183272920564455],[21.520789179412073,61.37956961245899],[21.561005625334925,61.48492010684375],[21.405217203704066,61.70243414492969],[21.211199793425745,61.870914064363284],[21.346440348235316,62.167132936433596],[21.337555918303675,62.343604646638674],[21.200139078704066,62.435184083894534],[21.033728632537073,62.477298341707034],[21.033728632579763,62.477298341911435],[21.200139078600653,62.43518408413591],[21.225993499342607,62.4179537846397],[29.018890834539626,61.77074313018303],[32.51698734132826,60.9322458642223],[46.105746848468755,57.7086220534561],[53.97646398874319,57.7086220534561],[53.92448387264525,57.601384527021416],[59.09429166962169,56.4318399506882],[59.189973205591734,56.41019430623805],[65.31164209247186,55.04663307077481],[78.36223290626025,56.41019430623805],[93.70004066679506,56.48455609390737],[99.53745541241915,55.2811223478262],[99.48535412032993,55.65854236961009],[107.9615110406255,59.8183896994711],[114.0159088408366,59.54672904426065],[116.70675230759709,54.659373183217475],[119.93576446770969,51.257643821866914],[127.33558400130104,49.977254198409234],[134.8699457082304,52.00920268938546],[141.0472980268994,52.68965608140495],[141.0319776864898,52.72607382388592],[141.03197768649216,52.72607382388477],[141.09054091891403,52.586864076570315],[140.93949416598434,52.26177176089649],[141.1606245370781,52.209205232576174],[141.2570600839531,52.10346182437305],[141.1263227792656,51.871619783357424],[140.96988967379684,51.69279821963672],[140.7302809091484,51.441302858308596],[140.40453628024216,50.82738455386524],[140.32349685153122,50.51783712954883],[140.34884170016403,50.41921957583789],[140.45699599703903,50.103988252595705],[140.37220290621872,49.691279970125],[140.3282270761406,49.35787924380664],[140.1465864511406,48.72439535708789],[140.08100417574997,48.50260504336719],[139.21370986422653,47.81061514468555],[139.0466871591484,47.615150056794924],[138.94929030856247,47.322425447419924],[138.6849928232109,47.13351400943164],[138.35157302340622,46.87316092105274],[138.24288466891403,46.710704408601565],[137.98462966403122,46.269290529207034],[137.7205152841484,45.996680818513674],[137.29691604098434,45.64631613345508],[136.49410537203903,44.96602972598438],[136.28505996188278,44.75304373355274],[136.17924025973434,44.54676779361133],[136.03397658785934,44.39840658755664],[135.6928053232109,44.22396811099414],[135.41475966891403,44.03683050723438],[135.1560621591484,43.72116430850391],[134.96242812594528,43.51504477115039],[134.5685835214531,43.21221502871875],[134.13894179782028,42.99295385928516],[133.31200698336716,42.77939184756641],[132.95279983004684,42.669540010408205],[132.82735732516403,42.86189993472461],[132.59443191012497,42.899974428132815],[132.48473647555466,42.88049276919727],[132.33309462985153,42.96368368716602],[132.18178847750778,43.19463690371875],[131.88309768160934,43.071979127839846],[131.67460158785934,43.02660330386524],[131.86515334567184,43.290381990388674],[131.5842085214531,43.21272238345508],[131.3567915292656,42.99385031314258],[131.06461623629684,42.74924048037891],[130.46761611422653,42.298785768464846],[130.43509963473434,42.27675970645313],[129.82471755465622,41.861365877107424],[129.64126113375778,41.65584906192188],[126.66794056199733,42.99169649593447],[125.65358373442439,42.65357755341016],[123.26496714789705,41.85737202456772],[122.30515413366365,42.72992931023445],[121.34534111943024,42.555417853101105],[120.4727838337635,41.68286056743437],[118.54617157614459,41.425023135815586],[113.31781409119284,41.59560483910908],[109.0829788596452,42.11770781286152],[106.94814590592908,42.380906395967756],[106.35784350871387,42.04359074041621],[104.04245455391884,42.634682886847976],[98.7059504231329,42.823599936779374],[98.292021315825,41.49677439920713],[98.2225730492617,41.50834911030102],[97.52452722072832,41.15932619603432],[96.39020274936155,40.897559010334305],[95.08136682086145,40.81030328176763],[94.64508817802808,40.46128036750093],[94.73234390659475,40.02500172466757],[96.33252638079846,39.466798535991856],[98.83336314922842,38.36714288190077],[100.84024490626192,37.14556268196733],[100.2294548062952,35.5749595677672],[101.10201209196194,35.5749595677672],[101.887313649062,35.40044811063385],[102.93438239186209,35.22593665350051],[103.5451724918288,34.78965801066714],[103.71968394896214,33.044543439333665],[103.89419540609549,31.648451782266886],[102.67261520616206,31.73570751083356],[99.75235985073353,27.47081464268358],[100.4148339916291,25.0859077354596],[101.61952299239024,24.780086200740953],[102.01116318481407,24.68066468645064],[102.38374905915764,24.010010112632223],[103.23424489274952,20.122862736904715],[103.56705112291327,19.601992926903005],[104.381091260999,18.327951476868094],[105.49111525118296,17.78037429360783],[106.39383986910933,17.66453894229297],[106.43306258639448,17.55027922244434],[106.62225631198042,17.32835539431934],[107.00507535881815,17.03797048146629],[107.11497024020308,16.95461042971973],[107.37534490549952,16.691467981903315],[107.69201949557417,16.37142714114551],[107.80916884860152,16.28274305911426],[108.0953474374687,16.2515884265459],[108.23614791354292,16.080380998567385],[108.36306289157027,15.623269639924807],[108.49894240817183,15.363107286409182],[108.78612044772261,15.090558610872073],[108.91776565035933,14.792262636140627],[109.07114699801558,14.170025430635256],[109.30712417086714,12.906332574800295],[109.17454055270308,12.709093652681155],[109.06843093356245,12.48651274295215],[109.09094527682417,12.118089281038088],[109.04842666110152,11.933768831208987],[109.07335189303511,11.635222040132327],[109.06130507907027,11.590727411226077],[108.94330729760999,11.412200599401231],[108.89730361422652,11.342598520234866],[108.69589522799605,11.145221315339846],[108.58152297457808,11.087793909028811],[108.3528166147148,11.042831026033205],[108.16427901705855,10.966188989595217],[107.93872359713667,10.806869111970705],[107.67287734469527,10.526755891755862],[107.41204360446089,10.367358766511721],[107.26571944674605,10.347982011750979],[107.10048444372272,10.411494267401778],[107.03562453707808,10.436424814180178],[106.85380080660933,10.575815759614748],[106.77315810641402,10.639172159150881],[106.70439437350386,10.448421083406252],[106.72699264010542,10.226109109834475],[106.74860671481245,10.067325197175784],[106.65627578219527,9.743097864106936],[106.48202804049605,9.552120767549319],[106.33506301364058,9.520029626802248],[106.22927382907027,9.55157621951465],[106.11839583834761,9.335317216829104],[105.92659285983198,9.188765130952639],[105.69075301608198,9.124719224885744],[105.50307754000777,9.029017053560061],[105.29658797701948,8.774433694795412],[105.20842269381636,8.653525911287112],[105.02568343600386,8.51970537753467],[104.90707686862105,8.474970422700686],[104.74248031100386,8.493669115022463],[104.7776213022148,8.881320558503909],[104.82237533053511,9.4722972735918],[104.89044478854292,9.694809518770022],[104.98728469332808,9.822088800386233],[104.9785261484062,9.980911813691897],[104.76486495455855,10.177400194124026],[104.42780593356245,10.284679017976565],[104.38717940768355,10.314412675813479],[104.27201369723433,10.39871271701221],[104.16030410250777,10.519180856660647],[104.0030622812187,10.537899576143069],[103.83095076998823,10.473997674897952],[103.73876479586714,10.492859445527834],[103.60692122897261,10.473509393647952],[103.52486709078902,10.524168573335452],[103.58845809420698,10.66408022494678],[103.67030623873823,10.765905939058108],[103.65232375582808,10.880223833040041],[103.52488997897261,11.05784185977344],[103.40011886080855,11.038512788728518],[103.19204238375777,10.904642663911623],[103.03959182223433,10.897970758394045],[102.96258834323042,11.367944322541994],[102.67077926119917,12.03772410006885],[102.65849593600386,12.066133104280276],[102.52975753268355,12.148449502900881],[102.32390883883589,12.186125360444827],[102.18049148253901,12.327434054810153],[101.91858199557417,12.585492692903323],[101.72353652438277,12.65496214480762],[101.58664229830855,12.661016069368166],[101.3291120859062,12.558820329622073],[101.15365889987105,12.609263025239748],[101.02302840670698,12.67251642794971],[100.87163070162886,12.67854269595508],[100.87124160250777,12.805599771455569],[100.95698073824995,13.364850603059573],[100.90870955905073,13.447337709382815],[100.58545211276167,13.472054086641116],[100.47393325289839,13.509931169465823],[100.23968032321089,13.490372262910647],[100.04000380953902,13.394650064424319],[99.9303312631523,13.26100119204883],[100.02316573580855,12.994373880342287],[99.97711471041792,12.841794572786135],[99.83370498141402,12.523833833650393],[99.87109664401167,12.263434015229983],[99.89526656588667,12.079245172456545],[99.76342299899214,11.780366502717776],[99.50129989108198,11.246126733735842],[99.18617537936323,10.489401422456545],[99.07134536227339,9.898278795198244],[99.11865523776167,9.371041856721682],[99.19562056979292,9.23778685183887],[99.29845717867964,9.161765657380862],[99.5461759897148,9.194064699128909],[99.72404769381636,9.257984720186037],[99.83726027926558,9.22645815463428],[99.89802077731245,9.067752443269534],[99.90211776217573,8.9216323718584],[99.86589339694136,8.711874566987795],[99.92937758883589,8.584942422822756],[100.00934890231245,8.49006613345508],[100.13154128512495,8.53205069156055],[100.20770553073042,8.325048051790041],[100.30192092379683,7.886848531678957],[100.2874861093437,7.772442899659914],[100.34463027438277,7.440459810212893],[100.53962233981245,7.048657499269289],[100.61492446383589,6.97892864795093],[100.97531417330855,6.852635942415041],[101.21749404391402,6.802323423341555],[101.42795852145308,6.828196607545657],[101.55989364108198,6.739531599000735],[101.67956069430464,6.464325033143801],[101.97837356051558,6.219416700319094],[102.07380202731245,6.154240690187258],[102.08966353854292,6.143415533021731],[102.32511428317183,6.099444948152346],[102.80228713473433,5.560391508058352],[103.05715718231488,5.223461512593335],[103.11419204196089,5.148063264802737],[103.34182265719527,4.805444799379153],[103.3785505624687,4.545016847566409],[103.36812118014448,4.182816110566897],[103.30778029879683,3.795101724580569],[103.33394155595978,3.393729771446281],[103.33925155123823,3.312262617067141],[103.30775741061323,3.026256643251223],[103.35107711276167,2.803951345399661],[103.43956283053511,2.632579170182986],[103.67808822116011,2.410706363633913],[103.83044722994917,2.169566951707644],[104.14766982516402,1.445869527772707],[104.17563918551558,1.388738475755495],[104.01071456393355,1.420148454622073],[103.60840133151167,1.444692216829104],[103.42773726901167,1.380763731912417],[103.34908584078902,1.41236587615375],[103.11473372897261,1.608834467843813],[102.71689895114058,1.881211601213259],[102.44667342623823,2.033130012468142],[101.89264205416792,2.336937271074099],[101.43380263766402,2.666369996980471],[101.33639815768355,2.780523143724245],[101.26427749117964,3.225161157563967],[101.06691268405073,3.53608401866321],[100.75484378692451,3.821068283526171],[100.66430953463667,3.903745017961306],[100.57663253268355,4.202192865327639],[100.59420302828902,4.424622140840334],[100.60761550387495,4.551729284242434],[100.55932906588667,4.735889039949221],[100.37971785983198,5.021427236512942],[100.22372725924605,5.853456102327151],[100.13910964449995,6.177317224458498],[100.15874007662886,6.340098463014407],[100.1644392343437,6.387054525331301],[100.22198775729292,6.520606599763674],[100.15439895114058,6.603053174928469],[99.96908095797652,6.507349573091311],[99.83384231051558,6.538828454927248],[99.6629972787773,6.710008703187746],[99.61080459078902,6.938635431245608],[99.63965133151167,7.065781198457522],[99.57172683199995,7.262594781831545],[99.46808150729292,7.338616453126711],[99.29392531832808,7.319180093721194],[99.11860183199995,7.642843805269045],[99.02450850924605,7.871374689058108],[98.88945296725386,8.0172191485918],[98.74962142428511,8.086814485505862],[98.54462722262495,8.264267526582522],[98.39026168307417,8.219458185151858],[98.29240706881636,8.15570791812305],[98.19523147067183,8.327052675203127],[98.17717269381636,8.600222192720217],[98.25056746920698,8.937120996431155],[98.50175765475386,9.719152055696291],[98.63262465914839,10.100653253511233],[98.59324172457808,10.120483003572268],[98.4316511484062,10.201866708711428],[98.3978605600273,10.563940607026858],[98.60528090914839,10.862991891816897],[98.68356612643355,11.085537515596194],[98.73837569674605,11.435081087068362],[98.86735061129683,11.645017229036135],[98.63706496676558,11.6572337970293],[98.59017470797652,11.695243440583987],[98.58831313571089,11.822311960176272],[98.67653945407027,12.0512128696001],[98.65403555513178,12.244724124710231],[98.59676650485152,12.737181268647952],[98.48591903170698,13.111775957063479],[98.40265344005397,13.266404191028473],[98.1988859506523,13.644810281709475],[98.19403629253945,13.657839338980793],[97.98979092784457,14.20656349480563],[97.97914412936323,14.235167108491702],[97.82298568209761,14.61600836367969],[97.74229720553511,15.009702287629885],[97.6738685663563,15.693107709909334],[97.6640730234062,15.790937028840823],[97.61144545992964,16.095754228547854],[97.59611037692183,16.34982069583301],[97.57322219332808,16.4450698718584],[97.41847518405073,16.482848726228518],[97.35199264010542,16.527171693757815],[97.21499160250777,16.93980749698047],[96.98308089694136,17.244233690217776],[96.88161757907027,17.345660768464846],[96.77038100680464,17.332707963899416],[96.73407271823042,16.88796003909473],[96.66289809664839,16.69722708316211],[96.4692488046562,16.512576662019534],[96.20389846285933,16.384957872346682],[95.71379378756636,16.15521391482715],[95.55232528170698,15.875349603608889],[95.41820052584761,15.741652093843264],[95.32981399020308,15.677930437043948],[95.22297194918745,15.804764352754397],[95.22019484957808,16.00168951602344],[95.12479690035933,15.995128236726565],[94.97264388522261,15.835991464570803],[94.82800582369917,15.842039667085452],[94.75341323336714,15.937169633821291],[94.81964400729292,16.15965422244434],[94.81927779635542,16.21047171206836],[94.53972152194136,16.133636079744143],[94.41559890231245,16.076203905061526],[94.3040876718437,15.94890459628467],[94.14435866793745,16.0057388171709],[94.14335921725386,16.21537932010059],[94.3920011850273,16.90835913272266],[94.4648542734062,17.26426275821094],[94.46530891062852,17.64281138984915],[94.46533492526167,17.664472185090823],[94.42045882662886,18.140813432649416],[94.24740889987105,18.578780733064455],[94.2441450108515,18.58690895833866],[94.05371383151167,19.061149202302737],[93.9655866952812,19.19435652346973],[93.83903792819136,18.95269163699512],[93.69466689547652,19.009553514436526],[93.45794204196089,19.174213014558596],[93.67500594576948,19.250913225129885],[93.81499770602339,19.257560335115237],[93.7478361459648,19.473397813752932],[93.72381881198042,19.594037614778323],[93.41599563082808,19.942758165315432],[93.33432296237105,20.025172792390627],[93.24848464449995,20.03769262881641],[93.06563094576948,19.99283369632129],[92.89442733248823,20.1131664142168],[92.93328383883589,20.31016882510547],[92.92608284336802,20.34891315980279],[93.11448952568811,20.59172347679869],[92.90178541664709,21.60872524621757],[92.04127738200583,23.11504751253914],[92.085238076814,23.168500221462665],[93.42350797809463,25.017016411199688],[93.68527516379466,25.715062239733076],[93.77253089236133,26.50036379683314],[93.07448506382794,26.849386711099836],[91.59113767819447,26.587619525399813],[89.75876737829434,25.976829425433095],[87.92639707839419,26.064085153999773],[86.18128250706071,26.41310806826647],[82.86556482152712,27.89645545389992],[79.11356849316014,31.037661682300175],[77.19792914174486,33.28401813126077],[75.9310480688752,39.0588734758055]],[[74.11967334478086,46.2160567100311],[75.33675176884468,46.84403538956531],[75.2987180680927,47.41330815648718],[73.66326893575693,47.772402203209076],[71.49534799289326,46.687721348214765],[71.41928059138927,44.61431829612317],[73.43506673124497,44.505920074089424],[73.92950484102087,45.36745068653795],[74.11967334478086,46.2160567100311]],[[61.24960821771218,46.61146341148169],[61.123260762496,46.56533479526449],[60.938085937500006,46.48984375],[60.84619140625,46.524365234375],[60.799414062500006,46.568994140624994],[60.78310546875002,46.632666015625],[60.858720778137084,46.69751026967617],[60.84292734623507,46.77328051105081],[60.657354521386296,46.82193373637954],[60.50336856034156,46.805720882530835],[60.52311035021909,46.72728984709923],[60.637792968750006,46.72080078125],[60.72802734375,46.676025390625],[60.725683593750006,46.625830078125],[60.65117187500002,46.5890625],[60.6044921875,46.578076171875],[60.55458984375002,46.58564453125],[60.50117187500001,46.611767578125],[60.459570312500006,46.592822265624996],[60.4296875,46.52890625],[60.39628906250002,46.54306640625],[60.359375,46.63525390625],[60.3173828125,46.687451171875],[60.2705078125,46.69970703125],[60.1890625,46.676806640624996],[60.07304687500002,46.618798828124994],[60.00917968750002,46.56064453125],[59.99765625,46.502392578125],[60.02070312500001,46.4494140625],[60.078710937500006,46.401757812499994],[60.211190070154124,46.28705644180795],[60.45598826463549,46.27341226361115],[60.56654228794965,46.2652241257784],[60.82255859375002,46.2431640625],[60.82412109375002,46.213427734374996],[60.785676155590224,46.15182938169456],[60.72348951747596,46.167896476527744],[60.60503877821078,46.126864803693984],[60.55272303503533,46.15490642262496],[60.47869132299459,46.204798832250326],[60.300028124602946,46.16379468557784],[60.018707618848154,46.212995991577614],[59.8154296875,46.181396484375],[59.80078125,46.254541015624994],[59.77890625,46.30146484375],[59.74941406250002,46.322119140625],[59.698828125,46.331298828125],[59.57695312500002,46.33349609375],[59.548828125,46.344775390624996],[59.53076171875,46.342675781249994],[59.48074384468552,46.317061674124076],[59.54589175128136,46.239286952813195],[59.54984010925688,45.99432927168688],[59.431389369991685,45.80335953140493],[59.28727430388571,45.835004190392546],[59.3010935568,45.88037598402809],[59.36031892643258,45.93257643269082],[59.366241463395845,45.99021455721743],[59.328732062628525,46.02586525287821],[59.263584156032685,46.027235974618826],[59.19843624943684,46.02312370742909],[59.14315923777975,46.00667157960924],[59.0701146152329,46.001186449324834],[58.98164062500001,45.974609375],[58.95742187500002,45.968212890625],[58.88059343240862,45.95591337306103],[58.81544552581277,45.931203365557586],[58.771582031250006,45.89501953125],[58.720703125,45.84765625],[58.68125,45.783642578125],[58.6552734375,45.715722656249994],[58.6279296875,45.600244140624994],[58.611328125,45.584716796875],[58.58867187500002,45.537060546875],[58.56005859375,45.4572265625],[58.51357421875002,45.385693359375],[58.44921875,45.322412109374994],[58.40410156250002,45.25302734375],[58.37832031250002,45.177539062499996],[58.27216796875001,44.981689453125],[58.23808593750002,44.903125],[58.23212890625001,44.851318359375],[58.2509765625,44.786425781249996],[58.29462890625001,44.708349609375],[58.29667968750002,44.638427734375],[58.25712890625002,44.5765625],[58.19851459213994,44.519655010233876],[58.230101455943974,44.45205058963847],[58.241946529870496,44.35896658585433],[58.39988084889073,44.16669007761383],[58.3761907010377,44.03910251772735],[58.344603837233656,43.86571091710029],[58.367306895592854,43.73711826857644],[58.596311658172205,43.757084295777624],[58.77991030403322,43.74710211465171],[58.8272905997393,43.84400139886814],[58.91020611722492,43.85254379171691],[59.01878596155133,43.86108496114885],[59.00792797711865,43.9794674283752],[59.126378716383826,44.00219262770618],[59.24779072413068,43.85396740491545],[59.50542108203239,43.91408401214207],[59.715671144228125,43.66932676263591],[60.07694589898692,43.608606228433],[60.94361047461047,44.44112794636124],[61.109441509581735,44.71673774845503],[61.72735953274841,44.933769350611186],[61.86160370391561,45.048255586483364],[61.67997923704234,45.10680631329251],[61.174589416177575,45.18756344758733],[61.02060345513286,45.48730774453474],[61.040345245010386,45.73863843187627],[60.99888748626755,45.92159094381482],[61.0344227080471,46.01489825533447],[60.99888748626755,46.077928785099836],[61.11931240452051,46.103942147040485],[61.158795984275535,46.18327546866901],[61.21802135390813,46.221533398390704],[61.26935000758971,46.251574511149656],[61.28909179746724,46.29524131783685],[61.36805895697736,46.35522636912424],[61.56152849777715,46.59722199905923],[61.654314910201485,46.76888604094127],[61.46578081687108,46.76685770303427],[61.31278194532028,46.681937132565],[61.24960821771218,46.61146341148169]]],[[[92.82709792574995,20.424287401155276],[92.66279128512495,20.404885850862307],[92.4033537240898,20.613961778596682],[92.17629531344527,20.886634431794924],[92.1236677499687,20.996430955842776],[92.06685927828902,21.115090928987307],[91.94604781588667,21.362578950837893],[91.94604781587799,21.362578950885244],[92.06685927818562,21.115090929228685],[92.1236677498653,20.996430956084154],[92.17629531334187,20.886634432036303],[92.4033537239864,20.61396177883806],[92.66279128502156,20.404885851103685],[92.82709792564656,20.424287401396654],[92.92148116539265,20.37367209072771],[92.92148116543103,20.373672090521197],[92.82709792574995,20.424287401155276]]],[[[91.6517870270378,22.356924150439216],[91.57107070407027,22.543313585237307],[91.571070704071,22.54331358523821],[91.6517870269344,22.356924150680594],[91.84590438316609,21.908670030791185],[91.84590438316691,21.908670030786656],[91.6517870270378,22.356924150439216]]]]}},{"type":"Feature","properties":{"NAME":"Arakan","ABBREVN":null,"SUBJECTO":"Arakan","BORDERPRECISION":1,"PARTOF":"Arakan","polity_id":"roman_peak:arakan","name":"Arakan","ISO_A3":"ARAKAN","ADM0_A3":"ARAKAN","ADMIN":"Arakan","fill_colour":"#ba2c86","border_precision":1},"geometry":{"type":"MultiPolygon","coordinates":[[[[92.04127738188208,23.115047512755766],[92.90178541664709,21.60872524621757],[93.11448952568811,20.59172347679869],[92.9260828433208,20.348913159741922],[92.92148116539265,20.37367209072771],[92.82709792564656,20.424287401396654],[92.66279128502156,20.404885851103685],[92.4033537239864,20.61396177883806],[92.17629531334187,20.886634432036303],[92.1236677498653,20.996430956084154],[92.06685927818562,21.115090929228685],[91.94604781578327,21.36257895107927],[91.84590438316609,21.908670030791185],[91.6517870269344,22.356924150680594],[91.57107070396687,22.543313585478685],[92.04127738188208,23.115047512755766]]]]}},{"type":"Feature","properties":{"NAME":"Nabatean Kingdom","ABBREVN":"Nabeteans","SUBJECTO":"Nabatean Kingdom","BORDERPRECISION":1,"PARTOF":"Nabatean Kingdom","polity_id":"roman_peak:nabatean_kingdom","name":"Nabatean Kingdom","ISO_A3":"NABATEANKING","ADM0_A3":"NABATEANKING","ADMIN":"Nabatean Kingdom","fill_colour":"#aedf43","border_precision":1},"geometry":{"type":"MultiPolygon","coordinates":[[[[32.36984576191369,31.05878722655157],[32.597243342009726,30.96390112491016],[32.7687330575859,30.95155294986133],[33.02139190158004,31.132072053865237],[33.12956527194137,31.051686845735354],[33.25459960421676,31.026528917268557],[33.55760100802535,30.967715822175784],[33.709609064665976,30.995709978059573],[33.91696837863082,31.070052705720705],[34.14630416354293,31.20857962222461],[34.19527724703902,31.238141618684573],[34.29039380051872,31.35742049049394],[36.817830287410466,30.34329388339949],[37.5739543118168,32.03256565690869],[38.51450130890495,30.8829944421374],[36.14351368076589,26.658486554846743],[35.83107284030074,27.095153413728518],[35.59481337985152,27.513986192659182],[35.436495813933554,27.72965582461719],[35.11159041842574,28.072061143831057],[34.875617060271445,28.09697302432422],[34.76388076266402,28.09674795718555],[34.79889968356246,28.230243287996096],[34.885592493621054,28.357480607942385],[35.0256796213066,28.948632799104494],[35.07210448702926,29.211360536531252],[35.095473322478476,29.342677675203127],[35.073397669402304,29.418868623689455],[34.984679255095664,29.467219911531252],[34.954257044402304,29.43680914492969],[34.93554213961715,29.418094240144534],[34.76433471163863,29.246686540559573],[34.548949274626914,28.731626115754885],[34.39884093722457,28.095985017732424],[34.32201293429488,27.828979097322268],[34.24119857272262,27.758920274690432],[34.05800536593551,27.790313325837893],[33.85604384860152,28.024955354646487],[33.50405791720504,28.32918318362598],[33.33074096163863,28.551192842439455],[33.178473505583945,28.995608888582034],[32.9437818857109,29.198421083406252],[32.813605341521445,29.477700792268557],[32.737277063933554,29.693547807649416],[32.64795974215621,29.85220106692676],[32.49112434922471,29.794817982634576],[32.36984576191369,31.05878722655157]]]]}}]}